{
"type": "FeatureCollection",
"name": "geo_09_小学校",
"crs": { "type": "name", "properties": { "name": "urn:ogc:def:crs:EPSG::6668" } },
"features": [
{ "type": "Feature", "properties": { "P29_001": "09201", "P29_002": "B109110000012", "P29_003": "16001", "P29_004": "宇都宮大学共同教育学部附属小学校", "P29_005": "栃木県宇都宮市松原1-7-38", "P29_006": "1", "P29_007": "1", "P29_008": "00", "P29_009": null }, "geometry": { "type": "Point", "coordinates": [ 139.871422148908835, 36.567870814838948 ] } },
{ "type": "Feature", "properties": { "P29_001": "09201", "P29_002": "B109210000010", "P29_003": "16001", "P29_004": "宇都宮市立中央小学校", "P29_005": "栃木県宇都宮市中央本町1-29", "P29_006": "3", "P29_007": "1", "P29_008": "00", "P29_009": null }, "geometry": { "type": "Point", "coordinates": [ 139.884966442546755, 36.559210442948931 ] } },
{ "type": "Feature", "properties": { "P29_001": "09201", "P29_002": "B109210000029", "P29_003": "16001", "P29_004": "宇都宮市立東小学校", "P29_005": "栃木県宇都宮市東塙田1-6-14", "P29_006": "3", "P29_007": "1", "P29_008": "00", "P29_009": null }, "geometry": { "type": "Point", "coordinates": [ 139.891123318150164, 36.565193418740428 ] } },
{ "type": "Feature", "properties": { "P29_001": "09201", "P29_002": "B109210000038", "P29_003": "16001", "P29_004": "宇都宮市立西小学校", "P29_005": "栃木県宇都宮市西1-2-13", "P29_006": "3", "P29_007": "1", "P29_008": "00", "P29_009": null }, "geometry": { "type": "Point", "coordinates": [ 139.8783138318189, 36.559912249161755 ] } },
{ "type": "Feature", "properties": { "P29_001": "09201", "P29_002": "B109210000047", "P29_003": "16001", "P29_004": "宇都宮市立簗瀬小学校", "P29_005": "栃木県宇都宮市南大通り2-6-6", "P29_006": "3", "P29_007": "1", "P29_008": "00", "P29_009": null }, "geometry": { "type": "Point", "coordinates": [ 139.893449710273728, 36.554597025074855 ] } },
{ "type": "Feature", "properties": { "P29_001": "09201", "P29_002": "B109210000056", "P29_003": "16001", "P29_004": "宇都宮市立西原小学校", "P29_005": "栃木県宇都宮市西原2-5-42", "P29_006": "3", "P29_007": "1", "P29_008": "00", "P29_009": null }, "geometry": { "type": "Point", "coordinates": [ 139.872682494377557, 36.554493215824422 ] } },
{ "type": "Feature", "properties": { "P29_001": "09201", "P29_002": "B109210000065", "P29_003": "16001", "P29_004": "宇都宮市立戸祭小学校", "P29_005": "栃木県宇都宮市戸祭1-10-25", "P29_006": "3", "P29_007": "1", "P29_008": "00", "P29_009": null }, "geometry": { "type": "Point", "coordinates": [ 139.867323868174424, 36.57331218223689 ] } },
{ "type": "Feature", "properties": { "P29_001": "09201", "P29_002": "B109210000074", "P29_003": "16001", "P29_004": "宇都宮市立今泉小学校", "P29_005": "栃木県宇都宮市元今泉1-7-29", "P29_006": "3", "P29_007": "1", "P29_008": "00", "P29_009": null }, "geometry": { "type": "Point", "coordinates": [ 139.903070792512523, 36.561552515369371 ] } },
{ "type": "Feature", "properties": { "P29_001": "09201", "P29_002": "B109210000083", "P29_003": "16001", "P29_004": "宇都宮市立昭和小学校", "P29_005": "栃木県宇都宮市戸祭元町1-15", "P29_006": "3", "P29_007": "1", "P29_008": "00", "P29_009": null }, "geometry": { "type": "Point", "coordinates": [ 139.882346085515223, 36.568837089786896 ] } },
{ "type": "Feature", "properties": { "P29_001": "09201", "P29_002": "B109210000092", "P29_003": "16001", "P29_004": "宇都宮市立陽南小学校", "P29_005": "栃木県宇都宮市大和1-10-15", "P29_006": "3", "P29_007": "1", "P29_008": "00", "P29_009": null }, "geometry": { "type": "Point", "coordinates": [ 139.863915447034515, 36.534357009684143 ] } },
{ "type": "Feature", "properties": { "P29_001": "09201", "P29_002": "B109210000109", "P29_003": "16001", "P29_004": "宇都宮市立桜小学校", "P29_005": "栃木県宇都宮市桜3-2-22", "P29_006": "3", "P29_007": "1", "P29_008": "00", "P29_009": null }, "geometry": { "type": "Point", "coordinates": [ 139.868356122977701, 36.562857626164622 ] } },
{ "type": "Feature", "properties": { "P29_001": "09201", "P29_002": "B109210000118", "P29_003": "16001", "P29_004": "宇都宮市立錦小学校", "P29_005": "栃木県宇都宮市錦2-7-15", "P29_006": "3", "P29_007": "1", "P29_008": "00", "P29_009": null }, "geometry": { "type": "Point", "coordinates": [ 139.895256234961266, 36.5724021451827 ] } },
{ "type": "Feature", "properties": { "P29_001": "09201", "P29_002": "B109210000127", "P29_003": "16001", "P29_004": "宇都宮市立細谷小学校", "P29_005": "栃木県宇都宮市細谷1-4-38", "P29_006": "3", "P29_007": "1", "P29_008": "00", "P29_009": null }, "geometry": { "type": "Point", "coordinates": [ 139.856070965225996, 36.590860328525423 ] } },
{ "type": "Feature", "properties": { "P29_001": "09201", "P29_002": "B109210000136", "P29_003": "16001", "P29_004": "宇都宮市立峰小学校", "P29_005": "栃木県宇都宮市峰3-20-17", "P29_006": "3", "P29_007": "1", "P29_008": "00", "P29_009": null }, "geometry": { "type": "Point", "coordinates": [ 139.920002270127952, 36.552611154438225 ] } },
{ "type": "Feature", "properties": { "P29_001": "09201", "P29_002": "B109210000145", "P29_003": "16001", "P29_004": "宇都宮市立富士見小学校", "P29_005": "栃木県宇都宮市鶴田町2708-3", "P29_006": "3", "P29_007": "1", "P29_008": "00", "P29_009": null }, "geometry": { "type": "Point", "coordinates": [ 139.863117670607096, 36.553858233723261 ] } },
{ "type": "Feature", "properties": { "P29_001": "09201", "P29_002": "B109210000154", "P29_003": "16001", "P29_004": "宇都宮市立泉が丘小学校", "P29_005": "栃木県宇都宮市泉が丘7-12-14", "P29_006": "3", "P29_007": "1", "P29_008": "00", "P29_009": null }, "geometry": { "type": "Point", "coordinates": [ 139.920204635171046, 36.567458989626992 ] } },
{ "type": "Feature", "properties": { "P29_001": "09201", "P29_002": "B109210000163", "P29_003": "16001", "P29_004": "宇都宮市立平石中央小学校", "P29_005": "栃木県宇都宮市下平出町479", "P29_006": "3", "P29_007": "1", "P29_008": "00", "P29_009": null }, "geometry": { "type": "Point", "coordinates": [ 139.945708890982274, 36.554492958151272 ] } },
{ "type": "Feature", "properties": { "P29_001": "09201", "P29_002": "B109210000172", "P29_003": "16001", "P29_004": "宇都宮市立平石北小学校", "P29_005": "栃木県宇都宮市平出町1804", "P29_006": "3", "P29_007": "1", "P29_008": "00", "P29_009": null }, "geometry": { "type": "Point", "coordinates": [ 139.951567330087755, 36.575929966758622 ] } },
{ "type": "Feature", "properties": { "P29_001": "09201", "P29_002": "B109210000181", "P29_003": "16001", "P29_004": "宇都宮市立清原中央小学校", "P29_005": "栃木県宇都宮市道場宿町848", "P29_006": "3", "P29_007": "1", "P29_008": "00", "P29_009": null }, "geometry": { "type": "Point", "coordinates": [ 139.976797996384903, 36.562664995887708 ] } },
{ "type": "Feature", "properties": { "P29_001": "09201", "P29_002": "B109210000190", "P29_003": "16001", "P29_004": "宇都宮市立清原南小学校", "P29_005": "栃木県宇都宮市上籠谷町1401", "P29_006": "3", "P29_007": "1", "P29_008": "00", "P29_009": null }, "geometry": { "type": "Point", "coordinates": [ 139.966945759663048, 36.524311651236431 ] } },
{ "type": "Feature", "properties": { "P29_001": "09201", "P29_002": "B109210000207", "P29_003": "16001", "P29_004": "宇都宮市立清原北小学校", "P29_005": "栃木県宇都宮市板戸町1765", "P29_006": "3", "P29_007": "1", "P29_008": "00", "P29_009": null }, "geometry": { "type": "Point", "coordinates": [ 139.980688542262953, 36.595650295005498 ] } },
{ "type": "Feature", "properties": { "P29_001": "09201", "P29_002": "B109210000216", "P29_003": "16001", "P29_004": "宇都宮市立清原東小学校", "P29_005": "栃木県宇都宮市氷室町1713-1", "P29_006": "3", "P29_007": "1", "P29_008": "00", "P29_009": null }, "geometry": { "type": "Point", "coordinates": [ 139.996520135795578, 36.532196708499427 ] } },
{ "type": "Feature", "properties": { "P29_001": "09201", "P29_002": "B109210000225", "P29_003": "16001", "P29_004": "宇都宮市立横川中央小学校", "P29_005": "栃木県宇都宮市屋板町1072", "P29_006": "3", "P29_007": "1", "P29_008": "00", "P29_009": null }, "geometry": { "type": "Point", "coordinates": [ 139.894510638451635, 36.517509107546189 ] } },
{ "type": "Feature", "properties": { "P29_001": "09201", "P29_002": "B109210000234", "P29_003": "16001", "P29_004": "宇都宮市立横川東小学校", "P29_005": "栃木県宇都宮市下栗町963", "P29_006": "3", "P29_007": "1", "P29_008": "00", "P29_009": null }, "geometry": { "type": "Point", "coordinates": [ 139.906202442113198, 36.533420621625403 ] } },
{ "type": "Feature", "properties": { "P29_001": "09201", "P29_002": "B109210000243", "P29_003": "16001", "P29_004": "宇都宮市立横川西小学校", "P29_005": "栃木県宇都宮市上横田町850", "P29_006": "3", "P29_007": "1", "P29_008": "00", "P29_009": null }, "geometry": { "type": "Point", "coordinates": [ 139.878090648213032, 36.523317746042345 ] } },
{ "type": "Feature", "properties": { "P29_001": "09201", "P29_002": "B109210000252", "P29_003": "16001", "P29_004": "宇都宮市立瑞穂野北小学校", "P29_005": "栃木県宇都宮市下桑島町465", "P29_006": "3", "P29_007": "1", "P29_008": "00", "P29_009": null }, "geometry": { "type": "Point", "coordinates": [ 139.942834202428713, 36.508129966785923 ] } },
{ "type": "Feature", "properties": { "P29_001": "09201", "P29_002": "B109210000261", "P29_003": "16001", "P29_004": "宇都宮市立瑞穂野南小学校", "P29_005": "栃木県宇都宮市西刑部町444", "P29_006": "3", "P29_007": "1", "P29_008": "00", "P29_009": null }, "geometry": { "type": "Point", "coordinates": [ 139.940422718636881, 36.492254299798425 ] } },
{ "type": "Feature", "properties": { "P29_001": "09201", "P29_002": "B109210000270", "P29_003": "16001", "P29_004": "宇都宮市立豊郷中央小学校", "P29_005": "栃木県宇都宮市関堀町337", "P29_006": "3", "P29_007": "1", "P29_008": "00", "P29_009": null }, "geometry": { "type": "Point", "coordinates": [ 139.898495414913441, 36.597873713313504 ] } },
{ "type": "Feature", "properties": { "P29_001": "09201", "P29_002": "B109210000289", "P29_003": "16001", "P29_004": "宇都宮市立豊郷南小学校", "P29_005": "栃木県宇都宮市竹林町532", "P29_006": "3", "P29_007": "1", "P29_008": "00", "P29_009": null }, "geometry": { "type": "Point", "coordinates": [ 139.907890449753779, 36.58005160789164 ] } },
{ "type": "Feature", "properties": { "P29_001": "09201", "P29_002": "B109210000298", "P29_003": "16001", "P29_004": "宇都宮市立豊郷北小学校", "P29_005": "栃木県宇都宮市横山町411-3", "P29_006": "3", "P29_007": "1", "P29_008": "00", "P29_009": null }, "geometry": { "type": "Point", "coordinates": [ 139.879598112053344, 36.618043996299541 ] } },
{ "type": "Feature", "properties": { "P29_001": "09201", "P29_002": "B109210000305", "P29_003": "16001", "P29_004": "宇都宮市立国本中央小学校", "P29_005": "栃木県宇都宮市宝木本町1864-1", "P29_006": "3", "P29_007": "1", "P29_008": "00", "P29_009": null }, "geometry": { "type": "Point", "coordinates": [ 139.839585436374875, 36.614536987356935 ] } },
{ "type": "Feature", "properties": { "P29_001": "09201", "P29_002": "B109210000314", "P29_003": "16001", "P29_004": "宇都宮市立国本西小学校", "P29_005": "栃木県宇都宮市新里町丁292", "P29_006": "3", "P29_007": "1", "P29_008": "00", "P29_009": null }, "geometry": { "type": "Point", "coordinates": [ 139.822125344415724, 36.625574785812688 ] } },
{ "type": "Feature", "properties": { "P29_001": "09201", "P29_002": "B109210000323", "P29_003": "16001", "P29_004": "宇都宮市立城山中央小学校", "P29_005": "栃木県宇都宮市大谷町1402", "P29_006": "3", "P29_007": "1", "P29_008": "00", "P29_009": null }, "geometry": { "type": "Point", "coordinates": [ 139.813139682158351, 36.594068507190734 ] } },
{ "type": "Feature", "properties": { "P29_001": "09201", "P29_002": "B109210000332", "P29_003": "16001", "P29_004": "宇都宮市立明保小学校", "P29_005": "栃木県宇都宮市下荒針町3456-2", "P29_006": "3", "P29_007": "1", "P29_008": "00", "P29_009": null }, "geometry": { "type": "Point", "coordinates": [ 139.838815216832046, 36.569037301532589 ] } },
{ "type": "Feature", "properties": { "P29_001": "09201", "P29_002": "B109210000341", "P29_003": "16001", "P29_004": "宇都宮市立城山西小学校", "P29_005": "栃木県宇都宮市古賀志町583", "P29_006": "3", "P29_007": "1", "P29_008": "00", "P29_009": null }, "geometry": { "type": "Point", "coordinates": [ 139.764249362417104, 36.609512524169247 ] } },
{ "type": "Feature", "properties": { "P29_001": "09201", "P29_002": "B109210000350", "P29_003": "16001", "P29_004": "宇都宮市立城山東小学校", "P29_005": "栃木県宇都宮市駒生町2360", "P29_006": "3", "P29_007": "1", "P29_008": "00", "P29_009": null }, "geometry": { "type": "Point", "coordinates": [ 139.832698288000643, 36.590102586209824 ] } },
{ "type": "Feature", "properties": { "P29_001": "09201", "P29_002": "B109210000369", "P29_003": "16001", "P29_004": "宇都宮市立富屋小学校", "P29_005": "栃木県宇都宮市徳次郎町66-1", "P29_006": "3", "P29_007": "1", "P29_008": "00", "P29_009": null }, "geometry": { "type": "Point", "coordinates": [ 139.848664109980007, 36.645283026838079 ] } },
{ "type": "Feature", "properties": { "P29_001": "09201", "P29_002": "B109210000378", "P29_003": "16001", "P29_004": "宇都宮市立篠井小学校", "P29_005": "栃木県宇都宮市下小池町569-37", "P29_006": "3", "P29_007": "1", "P29_008": "00", "P29_009": null }, "geometry": { "type": "Point", "coordinates": [ 139.813289854091323, 36.682025993382439 ] } },
{ "type": "Feature", "properties": { "P29_001": "09201", "P29_002": "B109210000387", "P29_003": "16001", "P29_004": "宇都宮市立姿川中央小学校", "P29_005": "栃木県宇都宮市下砥上町121", "P29_006": "3", "P29_007": "1", "P29_008": "00", "P29_009": null }, "geometry": { "type": "Point", "coordinates": [ 139.841393435390614, 36.527726956667038 ] } },
{ "type": "Feature", "properties": { "P29_001": "09201", "P29_002": "B109210000396", "P29_003": "16001", "P29_004": "宇都宮市立姿川第一小学校", "P29_005": "栃木県宇都宮市西川田本町3-11-15", "P29_006": "3", "P29_007": "1", "P29_008": "00", "P29_009": null }, "geometry": { "type": "Point", "coordinates": [ 139.843384085204093, 36.511162037862455 ] } },
{ "type": "Feature", "properties": { "P29_001": "09201", "P29_002": "B109210000403", "P29_003": "16001", "P29_004": "宇都宮市立姿川第二小学校", "P29_005": "栃木県宇都宮市砥上町52", "P29_006": "3", "P29_007": "1", "P29_008": "00", "P29_009": null }, "geometry": { "type": "Point", "coordinates": [ 139.847350538549421, 36.544711526085713 ] } },
{ "type": "Feature", "properties": { "P29_001": "09201", "P29_002": "B109210000412", "P29_003": "16001", "P29_004": "宇都宮市立雀宮中央小学校", "P29_005": "栃木県宇都宮市雀の宮3-10-13", "P29_006": "3", "P29_007": "1", "P29_008": "00", "P29_009": null }, "geometry": { "type": "Point", "coordinates": [ 139.874559997390008, 36.491891002361974 ] } },
{ "type": "Feature", "properties": { "P29_001": "09201", "P29_002": "B109210000421", "P29_003": "16001", "P29_004": "宇都宮市立雀宮東小学校", "P29_005": "栃木県宇都宮市下反町町256-1", "P29_006": "3", "P29_007": "1", "P29_008": "00", "P29_009": null }, "geometry": { "type": "Point", "coordinates": [ 139.8879658667679, 36.485657189449931 ] } },
{ "type": "Feature", "properties": { "P29_001": "09201", "P29_002": "B109210000430", "P29_003": "16001", "P29_004": "宇都宮市立雀宮南小学校", "P29_005": "栃木県宇都宮市南町3-3", "P29_006": "3", "P29_007": "1", "P29_008": "00", "P29_009": null }, "geometry": { "type": "Point", "coordinates": [ 139.865813717723881, 36.482281582973506 ] } },
{ "type": "Feature", "properties": { "P29_001": "09201", "P29_002": "B109210000449", "P29_003": "16001", "P29_004": "宇都宮市立緑が丘小学校", "P29_005": "栃木県宇都宮市緑3-3-12", "P29_006": "3", "P29_007": "1", "P29_008": "00", "P29_009": null }, "geometry": { "type": "Point", "coordinates": [ 139.859631111251844, 36.522312162733741 ] } },
{ "type": "Feature", "properties": { "P29_001": "09201", "P29_002": "B109210000458", "P29_003": "16001", "P29_004": "宇都宮市立宮の原小学校", "P29_005": "栃木県宇都宮市宮原4-1-14", "P29_006": "3", "P29_007": "1", "P29_008": "00", "P29_009": null }, "geometry": { "type": "Point", "coordinates": [ 139.873348423279651, 36.542427151457119 ] } },
{ "type": "Feature", "properties": { "P29_001": "09201", "P29_002": "B109210000467", "P29_003": "16001", "P29_004": "宇都宮市立御幸小学校", "P29_005": "栃木県宇都宮市御幸本町4638-1", "P29_006": "3", "P29_007": "1", "P29_008": "00", "P29_009": null }, "geometry": { "type": "Point", "coordinates": [ 139.925768296955681, 36.576091326140642 ] } },
{ "type": "Feature", "properties": { "P29_001": "09201", "P29_002": "B109210000476", "P29_003": "16001", "P29_004": "宇都宮市立宝木小学校", "P29_005": "栃木県宇都宮市駒生3364-29", "P29_006": "3", "P29_007": "1", "P29_008": "00", "P29_009": null }, "geometry": { "type": "Point", "coordinates": [ 139.848768590889392, 36.583196309570916 ] } },
{ "type": "Feature", "properties": { "P29_001": "09201", "P29_002": "B109210000485", "P29_003": "16001", "P29_004": "宇都宮市立城東小学校", "P29_005": "栃木県宇都宮市城東2-5-17", "P29_006": "3", "P29_007": "1", "P29_008": "00", "P29_009": null }, "geometry": { "type": "Point", "coordinates": [ 139.903063502132113, 36.550744852911016 ] } },
{ "type": "Feature", "properties": { "P29_001": "09201", "P29_002": "B109210000494", "P29_003": "16001", "P29_004": "宇都宮市立陽東小学校", "P29_005": "栃木県宇都宮市陽東2-16-36", "P29_006": "3", "P29_007": "1", "P29_008": "00", "P29_009": null }, "geometry": { "type": "Point", "coordinates": [ 139.926810581218405, 36.552265948986587 ] } },
{ "type": "Feature", "properties": { "P29_001": "09201", "P29_002": "B109210000500", "P29_003": "16001", "P29_004": "宇都宮市立海道小学校", "P29_005": "栃木県宇都宮市海道町35-1", "P29_006": "3", "P29_007": "1", "P29_008": "00", "P29_009": null }, "geometry": { "type": "Point", "coordinates": [ 139.924352400046928, 36.599630112777028 ] } },
{ "type": "Feature", "properties": { "P29_001": "09201", "P29_002": "B109210000519", "P29_003": "16001", "P29_004": "宇都宮市立石井小学校", "P29_005": "栃木県宇都宮市石井町1213", "P29_006": "3", "P29_007": "1", "P29_008": "00", "P29_009": null }, "geometry": { "type": "Point", "coordinates": [ 139.929808006832701, 36.540615943200095 ] } },
{ "type": "Feature", "properties": { "P29_001": "09201", "P29_002": "B109210000528", "P29_003": "16001", "P29_004": "宇都宮市立御幸が原小学校", "P29_005": "栃木県宇都宮市御幸ヶ原町53-2", "P29_006": "3", "P29_007": "1", "P29_008": "00", "P29_009": null }, "geometry": { "type": "Point", "coordinates": [ 139.928690598163854, 36.594487611501016 ] } },
{ "type": "Feature", "properties": { "P29_001": "09201", "P29_002": "B109210000537", "P29_003": "16001", "P29_004": "宇都宮市立五代小学校", "P29_005": "栃木県宇都宮市五代2-22-33", "P29_006": "3", "P29_007": "1", "P29_008": "00", "P29_009": null }, "geometry": { "type": "Point", "coordinates": [ 139.864754363867945, 36.495761411782915 ] } },
{ "type": "Feature", "properties": { "P29_001": "09201", "P29_002": "B109210000546", "P29_003": "16001", "P29_004": "宇都宮市立陽光小学校", "P29_005": "栃木県宇都宮市緑5-3-16", "P29_006": "3", "P29_007": "1", "P29_008": "00", "P29_009": null }, "geometry": { "type": "Point", "coordinates": [ 139.86199946443341, 36.517709835283647 ] } },
{ "type": "Feature", "properties": { "P29_001": "09201", "P29_002": "B109210000555", "P29_003": "16001", "P29_004": "宇都宮市立瑞穂台小学校", "P29_005": "栃木県宇都宮市瑞穂1-22", "P29_006": "3", "P29_007": "1", "P29_008": "00", "P29_009": null }, "geometry": { "type": "Point", "coordinates": [ 139.922069770693923, 36.511361999250802 ] } },
{ "type": "Feature", "properties": { "P29_001": "09201", "P29_002": "B109210000564", "P29_003": "16001", "P29_004": "宇都宮市立晃宝小学校", "P29_005": "栃木県宇都宮市宝木本町1263-1", "P29_006": "3", "P29_007": "1", "P29_008": "00", "P29_009": null }, "geometry": { "type": "Point", "coordinates": [ 139.854434934186827, 36.606300959770117 ] } },
{ "type": "Feature", "properties": { "P29_001": "09201", "P29_002": "B109210000573", "P29_003": "16001", "P29_004": "宇都宮市立新田小学校", "P29_005": "栃木県宇都宮市針ヶ谷1-18-21", "P29_006": "3", "P29_007": "1", "P29_008": "00", "P29_009": null }, "geometry": { "type": "Point", "coordinates": [ 139.85283936495648, 36.49436055877274 ] } },
{ "type": "Feature", "properties": { "P29_001": "09201", "P29_002": "B109210000582", "P29_003": "16001", "P29_004": "宇都宮市立西が岡小学校", "P29_005": "栃木県宇都宮市宝木2-1075-12", "P29_006": "3", "P29_007": "1", "P29_008": "00", "P29_009": null }, "geometry": { "type": "Point", "coordinates": [ 139.844369621572241, 36.596046873873675 ] } },
{ "type": "Feature", "properties": { "P29_001": "09201", "P29_002": "B109210000591", "P29_003": "16001", "P29_004": "宇都宮市立上戸祭小学校", "P29_005": "栃木県宇都宮市上戸祭町271-1", "P29_006": "3", "P29_007": "1", "P29_008": "00", "P29_009": null }, "geometry": { "type": "Point", "coordinates": [ 139.867465770147703, 36.590753877312906 ] } },
{ "type": "Feature", "properties": { "P29_001": "09202", "P29_002": "B109210000608", "P29_003": "16001", "P29_004": "足利市立毛野小学校", "P29_005": "栃木県足利市大久保町1500", "P29_006": "3", "P29_007": "1", "P29_008": "00", "P29_009": null }, "geometry": { "type": "Point", "coordinates": [ 139.500318288676624, 36.318823808292599 ] } },
{ "type": "Feature", "properties": { "P29_001": "09202", "P29_002": "B109210000617", "P29_003": "16001", "P29_004": "足利市立山辺小学校", "P29_005": "栃木県足利市八幡町386", "P29_006": "3", "P29_007": "1", "P29_008": "00", "P29_009": null }, "geometry": { "type": "Point", "coordinates": [ 139.437158700082335, 36.324071509257259 ] } },
{ "type": "Feature", "properties": { "P29_001": "09202", "P29_002": "B109210000626", "P29_003": "16001", "P29_004": "足利市立三重小学校", "P29_005": "栃木県足利市五十部1060", "P29_006": "3", "P29_007": "1", "P29_008": "00", "P29_009": null }, "geometry": { "type": "Point", "coordinates": [ 139.427180307078117, 36.348589268554676 ] } },
{ "type": "Feature", "properties": { "P29_001": "09202", "P29_002": "B109210000635", "P29_003": "16001", "P29_004": "足利市立山前小学校", "P29_005": "栃木県足利市山下町1297", "P29_006": "3", "P29_007": "1", "P29_008": "00", "P29_009": null }, "geometry": { "type": "Point", "coordinates": [ 139.409964994600841, 36.352775896808524 ] } },
{ "type": "Feature", "properties": { "P29_001": "09202", "P29_002": "B109210000644", "P29_003": "16001", "P29_004": "足利市立北郷小学校", "P29_005": "栃木県足利市田島町1", "P29_006": "3", "P29_007": "1", "P29_008": "00", "P29_009": null }, "geometry": { "type": "Point", "coordinates": [ 139.473124122778927, 36.360213021550045 ] } },
{ "type": "Feature", "properties": { "P29_001": "09202", "P29_002": "B109210000653", "P29_003": "16001", "P29_004": "足利市立大月小学校", "P29_005": "栃木県足利市大月町1089", "P29_006": "3", "P29_007": "1", "P29_008": "00", "P29_009": null }, "geometry": { "type": "Point", "coordinates": [ 139.483078340445331, 36.353991823933164 ] } },
{ "type": "Feature", "properties": { "P29_001": "09202", "P29_002": "B109210000662", "P29_003": "16001", "P29_004": "足利市立名草小学校", "P29_005": "栃木県足利市名草中町1151-1", "P29_006": "3", "P29_007": "1", "P29_008": "00", "P29_009": null }, "geometry": { "type": "Point", "coordinates": [ 139.481289266769608, 36.387207857270646 ] } },
{ "type": "Feature", "properties": { "P29_001": "09202", "P29_002": "B109210000671", "P29_003": "16001", "P29_004": "足利市立富田小学校", "P29_005": "栃木県足利市駒場町625", "P29_006": "3", "P29_007": "1", "P29_008": "00", "P29_009": null }, "geometry": { "type": "Point", "coordinates": [ 139.529941660109415, 36.318454866161055 ] } },
{ "type": "Feature", "properties": { "P29_001": "09202", "P29_002": "B109210000680", "P29_003": "16001", "P29_004": "足利市立矢場川小学校", "P29_005": "栃木県足利市里矢場町1998", "P29_006": "3", "P29_007": "1", "P29_008": "00", "P29_009": null }, "geometry": { "type": "Point", "coordinates": [ 139.425285134391999, 36.309176456898832 ] } },
{ "type": "Feature", "properties": { "P29_001": "09202", "P29_002": "B109210000699", "P29_003": "16001", "P29_004": "足利市立梁田小学校", "P29_005": "栃木県足利市福富町392-2", "P29_006": "3", "P29_007": "1", "P29_008": "00", "P29_009": null }, "geometry": { "type": "Point", "coordinates": [ 139.479515687490874, 36.306431647824283 ] } },
{ "type": "Feature", "properties": { "P29_001": "09202", "P29_002": "B109210000706", "P29_003": "16001", "P29_004": "足利市立久野小学校", "P29_005": "栃木県足利市久保田町216", "P29_006": "3", "P29_007": "1", "P29_008": "00", "P29_009": null }, "geometry": { "type": "Point", "coordinates": [ 139.505139291230734, 36.290214462493765 ] } },
{ "type": "Feature", "properties": { "P29_001": "09202", "P29_002": "B109210000715", "P29_003": "16001", "P29_004": "足利市立筑波小学校", "P29_005": "栃木県足利市小曽根町517", "P29_006": "3", "P29_007": "1", "P29_008": "00", "P29_009": null }, "geometry": { "type": "Point", "coordinates": [ 139.474982045390874, 36.27732254854574 ] } },
{ "type": "Feature", "properties": { "P29_001": "09202", "P29_002": "B109210000724", "P29_003": "16001", "P29_004": "足利市立御厨小学校", "P29_005": "栃木県足利市福居町19", "P29_006": "3", "P29_007": "1", "P29_008": "00", "P29_009": null }, "geometry": { "type": "Point", "coordinates": [ 139.457619326398373, 36.303460496202213 ] } },
{ "type": "Feature", "properties": { "P29_001": "09202", "P29_002": "B109210000733", "P29_003": "16001", "P29_004": "足利市立葉鹿小学校", "P29_005": "栃木県足利市葉鹿町1-14-2", "P29_006": "3", "P29_007": "1", "P29_008": "00", "P29_009": null }, "geometry": { "type": "Point", "coordinates": [ 139.389082029630174, 36.365154728783807 ] } },
{ "type": "Feature", "properties": { "P29_001": "09202", "P29_002": "B109210000742", "P29_003": "16001", "P29_004": "足利市立小俣小学校", "P29_005": "栃木県足利市小俣町670-1", "P29_006": "3", "P29_007": "1", "P29_008": "00", "P29_009": null }, "geometry": { "type": "Point", "coordinates": [ 139.37693635897881, 36.375605911358718 ] } },
{ "type": "Feature", "properties": { "P29_001": "09202", "P29_002": "B109210000751", "P29_003": "16001", "P29_004": "足利市立南小学校", "P29_005": "栃木県足利市堀込町2719", "P29_006": "3", "P29_007": "1", "P29_008": "00", "P29_009": null }, "geometry": { "type": "Point", "coordinates": [ 139.438297128211815, 36.318804404674587 ] } },
{ "type": "Feature", "properties": { "P29_001": "09202", "P29_002": "B109210000760", "P29_003": "16001", "P29_004": "足利市立毛野南小学校", "P29_005": "栃木県足利市常見町1-4", "P29_006": "3", "P29_007": "1", "P29_008": "00", "P29_009": null }, "geometry": { "type": "Point", "coordinates": [ 139.48379960214362, 36.318229814550378 ] } },
{ "type": "Feature", "properties": { "P29_001": "09202", "P29_002": "B109210000779", "P29_003": "16001", "P29_004": "足利市立けやき小学校", "P29_005": "栃木県足利市柳原町861", "P29_006": "3", "P29_007": "1", "P29_008": "00", "P29_009": null }, "geometry": { "type": "Point", "coordinates": [ 139.451441347791558, 36.340744958179329 ] } },
{ "type": "Feature", "properties": { "P29_001": "09202", "P29_002": "B109210000788", "P29_003": "16001", "P29_004": "足利市立青葉小学校", "P29_005": "栃木県足利市大橋町1-2007-1", "P29_006": "3", "P29_007": "1", "P29_008": "00", "P29_009": null }, "geometry": { "type": "Point", "coordinates": [ 139.4640991296815, 36.344041393478165 ] } },
{ "type": "Feature", "properties": { "P29_001": "09202", "P29_002": "B109210000797", "P29_003": "16001", "P29_004": "足利市立東山小学校", "P29_005": "栃木県足利市助戸仲町806", "P29_006": "3", "P29_007": "1", "P29_008": "00", "P29_009": null }, "geometry": { "type": "Point", "coordinates": [ 139.466657740921818, 36.334421293327296 ] } },
{ "type": "Feature", "properties": { "P29_001": "09202", "P29_002": "B109210000804", "P29_003": "16001", "P29_004": "足利市立桜小学校", "P29_005": "栃木県足利市千歳町89", "P29_006": "3", "P29_007": "1", "P29_008": "00", "P29_009": null }, "geometry": { "type": "Point", "coordinates": [ 139.465578937802633, 36.326530463580887 ] } },
{ "type": "Feature", "properties": { "P29_001": "09202", "P29_002": "B109210000813", "P29_003": "16001", "P29_004": "足利市立坂西北小学校", "P29_005": "栃木県足利市板倉町669", "P29_006": "3", "P29_007": "1", "P29_008": "00", "P29_009": null }, "geometry": { "type": "Point", "coordinates": [ 139.412833450699395, 36.381180784404798 ] } },
{ "type": "Feature", "properties": { "P29_001": "09203", "P29_002": "B109210000822", "P29_003": "16001", "P29_004": "栃木市立栃木第三小学校", "P29_005": "栃木県栃木市小平町13-39", "P29_006": "3", "P29_007": "1", "P29_008": "00", "P29_009": null }, "geometry": { "type": "Point", "coordinates": [ 139.73083661659129, 36.390232311311379 ] } },
{ "type": "Feature", "properties": { "P29_001": "09203", "P29_002": "B109210000831", "P29_003": "16001", "P29_004": "栃木市立栃木第四小学校", "P29_005": "栃木県栃木市城内町1-3-15", "P29_006": "3", "P29_007": "1", "P29_008": "00", "P29_009": null }, "geometry": { "type": "Point", "coordinates": [ 139.741431769974241, 36.376147184368826 ] } },
{ "type": "Feature", "properties": { "P29_001": "09203", "P29_002": "B109210000840", "P29_003": "16001", "P29_004": "栃木市立栃木第五小学校", "P29_005": "栃木県栃木市薗部町2-7-25", "P29_006": "3", "P29_007": "1", "P29_008": "00", "P29_009": null }, "geometry": { "type": "Point", "coordinates": [ 139.712981872117609, 36.374273779132949 ] } },
{ "type": "Feature", "properties": { "P29_001": "09203", "P29_002": "B109210000859", "P29_003": "16001", "P29_004": "栃木市立大宮南小学校", "P29_005": "栃木県栃木市藤田町135-2", "P29_006": "3", "P29_007": "1", "P29_008": "00", "P29_009": null }, "geometry": { "type": "Point", "coordinates": [ 139.760913564809499, 36.371134403044842 ] } },
{ "type": "Feature", "properties": { "P29_001": "09203", "P29_002": "B109210000868", "P29_003": "16001", "P29_004": "栃木市立大宮北小学校", "P29_005": "栃木県栃木市大宮町1777-1", "P29_006": "3", "P29_007": "1", "P29_008": "00", "P29_009": null }, "geometry": { "type": "Point", "coordinates": [ 139.754566536521537, 36.389828185598851 ] } },
{ "type": "Feature", "properties": { "P29_001": "09203", "P29_002": "B109210000877", "P29_003": "16001", "P29_004": "栃木県栃木市立吹上小学校", "P29_005": "栃木県栃木市吹上町115", "P29_006": "3", "P29_007": "1", "P29_008": "00", "P29_009": null }, "geometry": { "type": "Point", "coordinates": [ 139.7202953439905, 36.411300023316564 ] } },
{ "type": "Feature", "properties": { "P29_001": "09203", "P29_002": "B109210000886", "P29_003": "16001", "P29_004": "栃木市立千塚小学校", "P29_005": "栃木県栃木市大森町196", "P29_006": "3", "P29_007": "1", "P29_008": "00", "P29_009": null }, "geometry": { "type": "Point", "coordinates": [ 139.696460167641902, 36.413808457347571 ] } },
{ "type": "Feature", "properties": { "P29_001": "09203", "P29_002": "B109210000895", "P29_003": "16001", "P29_004": "栃木市立国府南小学校", "P29_005": "栃木県栃木市寄居町949-3", "P29_006": "3", "P29_007": "1", "P29_008": "00", "P29_009": null }, "geometry": { "type": "Point", "coordinates": [ 139.77963987523276, 36.388273309710321 ] } },
{ "type": "Feature", "properties": { "P29_001": "09203", "P29_002": "B109210000902", "P29_003": "16001", "P29_004": "栃木市立国府北小学校", "P29_005": "栃木県栃木市大塚町1278", "P29_006": "3", "P29_007": "1", "P29_008": "00", "P29_009": null }, "geometry": { "type": "Point", "coordinates": [ 139.773736365608357, 36.408419512922791 ] } },
{ "type": "Feature", "properties": { "P29_001": "09203", "P29_002": "B109210000911", "P29_003": "16001", "P29_004": "栃木市立南小学校", "P29_005": "栃木県栃木市沼和田町38-10", "P29_006": "3", "P29_007": "1", "P29_008": "00", "P29_009": null }, "geometry": { "type": "Point", "coordinates": [ 139.738882107489218, 36.364024006901509 ] } },
{ "type": "Feature", "properties": { "P29_001": "09203", "P29_002": "B109210000920", "P29_003": "16001", "P29_004": "栃木市立皆川城東小学校", "P29_005": "栃木県栃木市皆川城内町486", "P29_006": "3", "P29_007": "1", "P29_008": "00", "P29_009": null }, "geometry": { "type": "Point", "coordinates": [ 139.691600964414988, 36.39832306137059 ] } },
{ "type": "Feature", "properties": { "P29_001": "09203", "P29_002": "B109210000939", "P29_003": "16001", "P29_004": "栃木市立栃木中央小学校", "P29_005": "栃木県栃木市入舟町13-3", "P29_006": "3", "P29_007": "1", "P29_008": "00", "P29_009": null }, "geometry": { "type": "Point", "coordinates": [ 139.729930384196507, 36.382383420425846 ] } },
{ "type": "Feature", "properties": { "P29_001": "09204", "P29_002": "B109210000948", "P29_003": "16001", "P29_004": "佐野市立佐野小学校", "P29_005": "栃木県佐野市金屋下町10", "P29_006": "3", "P29_007": "1", "P29_008": "00", "P29_009": null }, "geometry": { "type": "Point", "coordinates": [ 139.581180259997154, 36.310933710697753 ] } },
{ "type": "Feature", "properties": { "P29_001": "09204", "P29_002": "B109210000957", "P29_003": "16001", "P29_004": "佐野市立天明小学校", "P29_005": "栃木県佐野市大祝町2311", "P29_006": "3", "P29_007": "1", "P29_008": "00", "P29_009": null }, "geometry": { "type": "Point", "coordinates": [ 139.576698163126849, 36.309419432497371 ] } },
{ "type": "Feature", "properties": { "P29_001": "09204", "P29_002": "B109210000966", "P29_003": "16001", "P29_004": "佐野市立植野小学校", "P29_005": "栃木県佐野市植上町1272", "P29_006": "3", "P29_007": "1", "P29_008": "00", "P29_009": null }, "geometry": { "type": "Point", "coordinates": [ 139.57692217270386, 36.300527357602654 ] } },
{ "type": "Feature", "properties": { "P29_001": "09204", "P29_002": "B109210000975", "P29_003": "16001", "P29_004": "佐野市立界小学校", "P29_005": "栃木県佐野市馬門町1539", "P29_006": "3", "P29_007": "1", "P29_008": "00", "P29_009": null }, "geometry": { "type": "Point", "coordinates": [ 139.599180570166254, 36.285479532783974 ] } },
{ "type": "Feature", "properties": { "P29_001": "09204", "P29_002": "B109210000984", "P29_003": "16001", "P29_004": "佐野市立犬伏小学校", "P29_005": "栃木県佐野市犬伏下町1983", "P29_006": "3", "P29_007": "1", "P29_008": "00", "P29_009": null }, "geometry": { "type": "Point", "coordinates": [ 139.599320100049056, 36.324023460574807 ] } },
{ "type": "Feature", "properties": { "P29_001": "09204", "P29_002": "B109210000993", "P29_003": "16001", "P29_004": "佐野市立城北小学校", "P29_005": "栃木県佐野市堀米町1156", "P29_006": "3", "P29_007": "1", "P29_008": "00", "P29_009": null }, "geometry": { "type": "Point", "coordinates": [ 139.580055691405846, 36.324076950084951 ] } },
{ "type": "Feature", "properties": { "P29_001": "09204", "P29_002": "B109210001000", "P29_003": "16001", "P29_004": "佐野市立旗川小学校", "P29_005": "栃木県佐野市並木町964", "P29_006": "3", "P29_007": "1", "P29_008": "00", "P29_009": null }, "geometry": { "type": "Point", "coordinates": [ 139.549984004648479, 36.324430997424557 ] } },
{ "type": "Feature", "properties": { "P29_001": "09204", "P29_002": "B109210001019", "P29_003": "16001", "P29_004": "佐野市立吾妻小学校", "P29_005": "栃木県佐野市上羽田町1369-1", "P29_006": "3", "P29_007": "1", "P29_008": "00", "P29_009": null }, "geometry": { "type": "Point", "coordinates": [ 139.541327176581973, 36.29673268085638 ] } },
{ "type": "Feature", "properties": { "P29_001": "09204", "P29_002": "B109210001028", "P29_003": "16001", "P29_004": "佐野市立赤見小学校", "P29_005": "栃木県佐野市赤見町3229", "P29_006": "3", "P29_007": "1", "P29_008": "00", "P29_009": null }, "geometry": { "type": "Point", "coordinates": [ 139.53998079481741, 36.35275628036694 ] } },
{ "type": "Feature", "properties": { "P29_001": "09204", "P29_002": "B109210001037", "P29_003": "16001", "P29_004": "佐野市立石塚小学校", "P29_005": "栃木県佐野市石塚町1408-2", "P29_006": "3", "P29_007": "1", "P29_008": "00", "P29_009": null }, "geometry": { "type": "Point", "coordinates": [ 139.560889718327132, 36.355225560860539 ] } },
{ "type": "Feature", "properties": { "P29_001": "09204", "P29_002": "B109210001046", "P29_003": "16001", "P29_004": "佐野市立出流原小学校", "P29_005": "栃木県佐野市出流原町1038-1", "P29_006": "3", "P29_007": "1", "P29_008": "00", "P29_009": null }, "geometry": { "type": "Point", "coordinates": [ 139.540693720365653, 36.364289362505048 ] } },
{ "type": "Feature", "properties": { "P29_001": "09204", "P29_002": "B109210001055", "P29_003": "16001", "P29_004": "佐野市立犬伏東小学校", "P29_005": "栃木県佐野市伊勢山町1534", "P29_006": "3", "P29_007": "1", "P29_008": "00", "P29_009": null }, "geometry": { "type": "Point", "coordinates": [ 139.610862775760665, 36.317870740892161 ] } },
{ "type": "Feature", "properties": { "P29_001": "09205", "P29_002": "B109210001064", "P29_003": "16001", "P29_004": "鹿沼市立中央小学校", "P29_005": "栃木県鹿沼市今宮町1624", "P29_006": "3", "P29_007": "1", "P29_008": "00", "P29_009": null }, "geometry": { "type": "Point", "coordinates": [ 139.744232844956883, 36.564992657881298 ] } },
{ "type": "Feature", "properties": { "P29_001": "09205", "P29_002": "B109210001073", "P29_003": "16001", "P29_004": "鹿沼市立東小学校", "P29_005": "栃木県鹿沼市東末広町1082", "P29_006": "3", "P29_007": "1", "P29_008": "00", "P29_009": null }, "geometry": { "type": "Point", "coordinates": [ 139.753160924325698, 36.564277487359973 ] } },
{ "type": "Feature", "properties": { "P29_001": "09205", "P29_002": "B109210001082", "P29_003": "16001", "P29_004": "鹿沼市立北小学校", "P29_005": "栃木県鹿沼市泉町2457", "P29_006": "3", "P29_007": "1", "P29_008": "00", "P29_009": null }, "geometry": { "type": "Point", "coordinates": [ 139.746047970555992, 36.573989973911381 ] } },
{ "type": "Feature", "properties": { "P29_001": "09205", "P29_002": "B109210001091", "P29_003": "16001", "P29_004": "鹿沼市立菊沢東小学校", "P29_005": "栃木県鹿沼市仁神堂町530", "P29_006": "3", "P29_007": "1", "P29_008": "00", "P29_009": null }, "geometry": { "type": "Point", "coordinates": [ 139.767588866355595, 36.581805972314058 ] } },
{ "type": "Feature", "properties": { "P29_001": "09205", "P29_002": "B109210001108", "P29_003": "16001", "P29_004": "鹿沼市立菊沢西小学校", "P29_005": "栃木県鹿沼市見野75", "P29_006": "3", "P29_007": "1", "P29_008": "00", "P29_009": null }, "geometry": { "type": "Point", "coordinates": [ 139.731900418131175, 36.591737672015803 ] } },
{ "type": "Feature", "properties": { "P29_001": "09205", "P29_002": "B109210001117", "P29_003": "16001", "P29_004": "鹿沼市立石川小学校", "P29_005": "栃木県鹿沼市上石川1344", "P29_006": "3", "P29_007": "1", "P29_008": "00", "P29_009": null }, "geometry": { "type": "Point", "coordinates": [ 139.802843647706794, 36.524904865894705 ] } },
{ "type": "Feature", "properties": { "P29_001": "09205", "P29_002": "B109210001126", "P29_003": "16001", "P29_004": "鹿沼市立津田小学校", "P29_005": "栃木県鹿沼市深津1390", "P29_006": "3", "P29_007": "1", "P29_008": "00", "P29_009": null }, "geometry": { "type": "Point", "coordinates": [ 139.815470491966551, 36.544052391303126 ] } },
{ "type": "Feature", "properties": { "P29_001": "09205", "P29_002": "B109210001135", "P29_003": "16001", "P29_004": "鹿沼市立池ノ森小学校", "P29_005": "栃木県鹿沼市池ノ森757-1", "P29_006": "3", "P29_007": "1", "P29_008": "00", "P29_009": null }, "geometry": { "type": "Point", "coordinates": [ 139.788098944221275, 36.49957467637698 ] } },
{ "type": "Feature", "properties": { "P29_001": "09205", "P29_002": "B109210001144", "P29_003": "16001", "P29_004": "鹿沼市立北押原小学校", "P29_005": "栃木県鹿沼市樅山町82", "P29_006": "3", "P29_007": "1", "P29_008": "00", "P29_009": null }, "geometry": { "type": "Point", "coordinates": [ 139.749064551826166, 36.534668593513636 ] } },
{ "type": "Feature", "properties": { "P29_001": "09205", "P29_002": "B109210001153", "P29_003": "16001", "P29_004": "鹿沼市立加園小学校", "P29_005": "栃木県鹿沼市加園2800", "P29_006": "3", "P29_007": "1", "P29_008": "00", "P29_009": null }, "geometry": { "type": "Point", "coordinates": [ 139.688594702553814, 36.558432040797548 ] } },
{ "type": "Feature", "properties": { "P29_001": "09205", "P29_002": "B109210001162", "P29_003": "16001", "P29_004": "鹿沼市立板荷小学校", "P29_005": "栃木県鹿沼市板荷2775", "P29_006": "3", "P29_007": "1", "P29_008": "00", "P29_009": null }, "geometry": { "type": "Point", "coordinates": [ 139.703813323895673, 36.641406913213459 ] } },
{ "type": "Feature", "properties": { "P29_001": "09205", "P29_002": "B109210001171", "P29_003": "16001", "P29_004": "鹿沼市立南摩小学校", "P29_005": "栃木県鹿沼市油田町1000", "P29_006": "3", "P29_007": "1", "P29_008": "00", "P29_009": null }, "geometry": { "type": "Point", "coordinates": [ 139.710644570535635, 36.52080429735306 ] } },
{ "type": "Feature", "properties": { "P29_001": "09205", "P29_002": "B109210001180", "P29_003": "16001", "P29_004": "鹿沼市立上南摩小学校", "P29_005": "栃木県鹿沼市上南摩町732", "P29_006": "3", "P29_007": "1", "P29_008": "00", "P29_009": null }, "geometry": { "type": "Point", "coordinates": [ 139.678857302512853, 36.543545017781696 ] } },
{ "type": "Feature", "properties": { "P29_001": "09205", "P29_002": "B109210001199", "P29_003": "16001", "P29_004": "鹿沼市立南押原小学校", "P29_005": "栃木県鹿沼市磯町117", "P29_006": "3", "P29_007": "1", "P29_008": "00", "P29_009": null }, "geometry": { "type": "Point", "coordinates": [ 139.75516656718878, 36.492169760465465 ] } },
{ "type": "Feature", "properties": { "P29_001": "09205", "P29_002": "B109210001206", "P29_003": "16001", "P29_004": "鹿沼市立楡木小学校", "P29_005": "栃木県鹿沼市楡木町70-2", "P29_006": "3", "P29_007": "1", "P29_008": "00", "P29_009": null }, "geometry": { "type": "Point", "coordinates": [ 139.753966512289026, 36.507215098104474 ] } },
{ "type": "Feature", "properties": { "P29_001": "09205", "P29_002": "B109210001215", "P29_003": "16001", "P29_004": "鹿沼市立西小学校", "P29_005": "栃木県鹿沼市上日向606", "P29_006": "3", "P29_007": "1", "P29_008": "00", "P29_009": null }, "geometry": { "type": "Point", "coordinates": [ 139.710631680416043, 36.56964805247992 ] } },
{ "type": "Feature", "properties": { "P29_001": "09205", "P29_002": "B109210001224", "P29_003": "16001", "P29_004": "鹿沼市立さつきが丘小学校", "P29_005": "栃木県鹿沼市茂呂1086-5", "P29_006": "3", "P29_007": "1", "P29_008": "00", "P29_009": null }, "geometry": { "type": "Point", "coordinates": [ 139.778270342316631, 36.550480820950298 ] } },
{ "type": "Feature", "properties": { "P29_001": "09205", "P29_002": "B109210001233", "P29_003": "16001", "P29_004": "鹿沼市立みなみ小学校", "P29_005": "栃木県鹿沼市南上野町503", "P29_006": "3", "P29_007": "1", "P29_008": "00", "P29_009": null }, "geometry": { "type": "Point", "coordinates": [ 139.772596229929093, 36.518461199097004 ] } },
{ "type": "Feature", "properties": { "P29_001": "09205", "P29_002": "B109210001242", "P29_003": "16001", "P29_004": "鹿沼市立みどりが丘小学校", "P29_005": "栃木県鹿沼市西茂呂3-7-19", "P29_006": "3", "P29_007": "1", "P29_008": "00", "P29_009": null }, "geometry": { "type": "Point", "coordinates": [ 139.769690208794458, 36.55087446966192 ] } },
{ "type": "Feature", "properties": { "P29_001": "09206", "P29_002": "B109210001251", "P29_003": "16001", "P29_004": "日光市立日光小学校", "P29_005": "栃木県日光市萩垣面2390-2", "P29_006": "3", "P29_007": "1", "P29_008": "00", "P29_009": null }, "geometry": { "type": "Point", "coordinates": [ 139.610174765756994, 36.754241418072198 ] } },
{ "type": "Feature", "properties": { "P29_001": "09206", "P29_002": "B109210001260", "P29_003": "16001", "P29_004": "日光市立清滝小学校", "P29_005": "栃木県日光市清滝2-10-1", "P29_006": "3", "P29_007": "1", "P29_008": "00", "P29_009": null }, "geometry": { "type": "Point", "coordinates": [ 139.555560243208845, 36.734530687823103 ] } },
{ "type": "Feature", "properties": { "P29_001": "09206", "P29_002": "B109210001279", "P29_003": "16001", "P29_004": "日光市立中宮祠小学校", "P29_005": "栃木県日光市中宮祠2478", "P29_006": "3", "P29_007": "1", "P29_008": "00", "P29_009": null }, "geometry": { "type": "Point", "coordinates": [ 139.49987478622208, 36.741918547841529 ] } },
{ "type": "Feature", "properties": { "P29_001": "09206", "P29_002": "B109210001288", "P29_003": "16001", "P29_004": "日光市立小来川小学校", "P29_005": "栃木県日光市中小来川2817", "P29_006": "3", "P29_007": "1", "P29_008": "00", "P29_009": null }, "geometry": { "type": "Point", "coordinates": [ 139.61824624649779, 36.66626627421951 ] } },
{ "type": "Feature", "properties": { "P29_001": "09206", "P29_002": "B109210001297", "P29_003": "16001", "P29_004": "日光市立安良沢小学校", "P29_005": "栃木県日光市久次良町1777", "P29_006": "3", "P29_007": "1", "P29_008": "00", "P29_009": null }, "geometry": { "type": "Point", "coordinates": [ 139.577770009668171, 36.748526255930159 ] } },
{ "type": "Feature", "properties": { "P29_001": "09206", "P29_002": "B109210001304", "P29_003": "16001", "P29_004": "日光市立今市小学校", "P29_005": "栃木県日光市今市531", "P29_006": "3", "P29_007": "1", "P29_008": "00", "P29_009": null }, "geometry": { "type": "Point", "coordinates": [ 139.680166648815373, 36.725934555424828 ] } },
{ "type": "Feature", "properties": { "P29_001": "09206", "P29_002": "B109210001313", "P29_003": "16001", "P29_004": "日光市立今市第二小学校", "P29_005": "栃木県日光市瀬川227", "P29_006": "3", "P29_007": "1", "P29_008": "00", "P29_009": null }, "geometry": { "type": "Point", "coordinates": [ 139.688698078334227, 36.734680279104381 ] } },
{ "type": "Feature", "properties": { "P29_001": "09206", "P29_002": "B109210001322", "P29_003": "16001", "P29_004": "日光市立落合東小学校", "P29_005": "栃木県日光市文挾町106", "P29_006": "3", "P29_007": "1", "P29_008": "00", "P29_009": null }, "geometry": { "type": "Point", "coordinates": [ 139.727826878609363, 36.640117407143677 ] } },
{ "type": "Feature", "properties": { "P29_001": "09206", "P29_002": "B109210001331", "P29_003": "16001", "P29_004": "日光市立落合西小学校", "P29_005": "栃木県日光市長畑522-2", "P29_006": "3", "P29_007": "1", "P29_008": "00", "P29_009": null }, "geometry": { "type": "Point", "coordinates": [ 139.70111186017985, 36.672880739255923 ] } },
{ "type": "Feature", "properties": { "P29_001": "09206", "P29_002": "B109210001340", "P29_003": "16001", "P29_004": "日光市立大桑小学校", "P29_005": "栃木県日光市大桑町179", "P29_006": "3", "P29_007": "1", "P29_008": "00", "P29_009": null }, "geometry": { "type": "Point", "coordinates": [ 139.711926020329145, 36.761718356263266 ] } },
{ "type": "Feature", "properties": { "P29_001": "09206", "P29_002": "B109210001359", "P29_003": "16001", "P29_004": "日光市立轟小学校", "P29_005": "栃木県日光市轟53", "P29_006": "3", "P29_007": "1", "P29_008": "00", "P29_009": null }, "geometry": { "type": "Point", "coordinates": [ 139.736355602021803, 36.749404976974724 ] } },
{ "type": "Feature", "properties": { "P29_001": "09206", "P29_002": "B109210001377", "P29_003": "16001", "P29_004": "日光市立大沢小学校", "P29_005": "栃木県日光市大沢町97", "P29_006": "3", "P29_007": "1", "P29_008": "00", "P29_009": null }, "geometry": { "type": "Point", "coordinates": [ 139.754890427397811, 36.695832836773171 ] } },
{ "type": "Feature", "properties": { "P29_001": "09206", "P29_002": "B109210001386", "P29_003": "16001", "P29_004": "日光市立大室小学校", "P29_005": "栃木県日光市大室356", "P29_006": "3", "P29_007": "1", "P29_008": "00", "P29_009": null }, "geometry": { "type": "Point", "coordinates": [ 139.746592430098985, 36.719020347467293 ] } },
{ "type": "Feature", "properties": { "P29_001": "09206", "P29_002": "B109210001395", "P29_003": "16001", "P29_004": "日光市立猪倉小学校", "P29_005": "栃木県日光市猪倉3314", "P29_006": "3", "P29_007": "1", "P29_008": "00", "P29_009": null }, "geometry": { "type": "Point", "coordinates": [ 139.770969216597422, 36.672595612549358 ] } },
{ "type": "Feature", "properties": { "P29_001": "09206", "P29_002": "B109210001402", "P29_003": "16001", "P29_004": "日光市立小林小学校", "P29_005": "栃木県日光市小林2708", "P29_006": "3", "P29_007": "1", "P29_008": "00", "P29_009": null }, "geometry": { "type": "Point", "coordinates": [ 139.814929913363102, 36.731240118194911 ] } },
{ "type": "Feature", "properties": { "P29_001": "09206", "P29_002": "B109210001411", "P29_003": "16001", "P29_004": "日光市立今市第三小学校", "P29_005": "栃木県日光市今市本町18-1", "P29_006": "3", "P29_007": "1", "P29_008": "00", "P29_009": null }, "geometry": { "type": "Point", "coordinates": [ 139.697129211977398, 36.719101719150565 ] } },
{ "type": "Feature", "properties": { "P29_001": "09206", "P29_002": "B109210001420", "P29_003": "16001", "P29_004": "日光市立南原小学校", "P29_005": "栃木県日光市土沢460", "P29_006": "3", "P29_007": "1", "P29_008": "00", "P29_009": null }, "geometry": { "type": "Point", "coordinates": [ 139.724669949763978, 36.691068432173736 ] } },
{ "type": "Feature", "properties": { "P29_001": "09208", "P29_002": "B109210001439", "P29_003": "16001", "P29_004": "小山市立小山第一小学校", "P29_005": "栃木県小山市宮本町1-3-1", "P29_006": "3", "P29_007": "1", "P29_008": "00", "P29_009": null }, "geometry": { "type": "Point", "coordinates": [ 139.798316820869502, 36.313790199399101 ] } },
{ "type": "Feature", "properties": { "P29_001": "09208", "P29_002": "B109210001448", "P29_003": "16001", "P29_004": "小山市立小山第二小学校", "P29_005": "栃木県小山市宮本町2-9-20", "P29_006": "3", "P29_007": "1", "P29_008": "00", "P29_009": null }, "geometry": { "type": "Point", "coordinates": [ 139.799327919100904, 36.310185197877502 ] } },
{ "type": "Feature", "properties": { "P29_001": "09208", "P29_002": "B109210001457", "P29_003": "16001", "P29_004": "小山市立大谷東小学校", "P29_005": "栃木県小山市大字横倉新田271", "P29_006": "3", "P29_007": "1", "P29_008": "00", "P29_009": null }, "geometry": { "type": "Point", "coordinates": [ 139.822062837554853, 36.279353222908561 ] } },
{ "type": "Feature", "properties": { "P29_001": "09208", "P29_002": "B109210001466", "P29_003": "16001", "P29_004": "小山市立大谷南小学校", "P29_005": "栃木県小山市大字東野田2147", "P29_006": "3", "P29_007": "1", "P29_008": "00", "P29_009": null }, "geometry": { "type": "Point", "coordinates": [ 139.805586086603739, 36.253206981271475 ] } },
{ "type": "Feature", "properties": { "P29_001": "09208", "P29_002": "B109210001475", "P29_003": "16001", "P29_004": "小山市立大谷北小学校", "P29_005": "栃木県小山市犬塚5-6-10", "P29_006": "3", "P29_007": "1", "P29_008": "00", "P29_009": null }, "geometry": { "type": "Point", "coordinates": [ 139.833386310363892, 36.306391273916041 ] } },
{ "type": "Feature", "properties": { "P29_001": "09208", "P29_002": "B109210001484", "P29_003": "16001", "P29_004": "小山市立間々田小学校", "P29_005": "栃木県小山市間々田1512", "P29_006": "3", "P29_007": "1", "P29_008": "00", "P29_009": null }, "geometry": { "type": "Point", "coordinates": [ 139.763645200420683, 36.269366473176682 ] } },
{ "type": "Feature", "properties": { "P29_001": "09208", "P29_002": "B109210001493", "P29_003": "16001", "P29_004": "小山市立下生井小学校", "P29_005": "栃木県小山市下生井1546", "P29_006": "3", "P29_007": "1", "P29_008": "00", "P29_009": null }, "geometry": { "type": "Point", "coordinates": [ 139.708770842915186, 36.247453162693027 ] } },
{ "type": "Feature", "properties": { "P29_001": "09208", "P29_002": "B109210001509", "P29_003": "16001", "P29_004": "小山市立網戸小学校", "P29_005": "栃木県小山市網戸1514", "P29_006": "3", "P29_007": "1", "P29_008": "00", "P29_009": null }, "geometry": { "type": "Point", "coordinates": [ 139.742708758279804, 36.270864611335149 ] } },
{ "type": "Feature", "properties": { "P29_001": "09208", "P29_002": "B109210001518", "P29_003": "16001", "P29_004": "小山市立寒川小学校", "P29_005": "栃木県小山市中里861", "P29_006": "3", "P29_007": "1", "P29_008": "00", "P29_009": null }, "geometry": { "type": "Point", "coordinates": [ 139.736062703048873, 36.293053052098863 ] } },
{ "type": "Feature", "properties": { "P29_001": "09208", "P29_002": "B109210001545", "P29_003": "16001", "P29_004": "小山市立穂積小学校", "P29_005": "栃木県小山市萩島27", "P29_006": "3", "P29_007": "1", "P29_008": "00", "P29_009": null }, "geometry": { "type": "Point", "coordinates": [ 139.771498805383459, 36.312272402819318 ] } },
{ "type": "Feature", "properties": { "P29_001": "09208", "P29_002": "B109210001554", "P29_003": "16001", "P29_004": "小山市立中小学校", "P29_005": "栃木県小山市南小林109", "P29_006": "3", "P29_007": "1", "P29_008": "00", "P29_009": null }, "geometry": { "type": "Point", "coordinates": [ 139.738189979414102, 36.318135476957131 ] } },
{ "type": "Feature", "properties": { "P29_001": "09208", "P29_002": "B109210001563", "P29_003": "16001", "P29_004": "小山市立羽川小学校", "P29_005": "栃木県小山市羽川125", "P29_006": "3", "P29_007": "1", "P29_008": "00", "P29_009": null }, "geometry": { "type": "Point", "coordinates": [ 139.827669269867698, 36.354452946257005 ] } },
{ "type": "Feature", "properties": { "P29_001": "09208", "P29_002": "B109210001572", "P29_003": "16001", "P29_004": "小山市立萱橋小学校", "P29_005": "栃木県小山市大字萱橋1169-1", "P29_006": "3", "P29_007": "1", "P29_008": "00", "P29_009": null }, "geometry": { "type": "Point", "coordinates": [ 139.868038258653087, 36.329452442447533 ] } },
{ "type": "Feature", "properties": { "P29_001": "09208", "P29_002": "B109210001581", "P29_003": "16001", "P29_004": "小山市立旭小学校", "P29_005": "栃木県小山市駅南町5-6-69", "P29_006": "3", "P29_007": "1", "P29_008": "00", "P29_009": null }, "geometry": { "type": "Point", "coordinates": [ 139.814348997983615, 36.304855999717951 ] } },
{ "type": "Feature", "properties": { "P29_001": "09208", "P29_002": "B109210001590", "P29_003": "16001", "P29_004": "小山市立乙女小学校", "P29_005": "栃木県小山市乙女1954", "P29_006": "3", "P29_007": "1", "P29_008": "00", "P29_009": null }, "geometry": { "type": "Point", "coordinates": [ 139.749145573582553, 36.26272526346829 ] } },
{ "type": "Feature", "properties": { "P29_001": "09208", "P29_002": "B109210001607", "P29_003": "16001", "P29_004": "小山市立小山城東小学校", "P29_005": "栃木県小山市城東1-16-1", "P29_006": "3", "P29_007": "1", "P29_008": "00", "P29_009": null }, "geometry": { "type": "Point", "coordinates": [ 139.816065517060622, 36.307823517612128 ] } },
{ "type": "Feature", "properties": { "P29_001": "09208", "P29_002": "B109210001616", "P29_003": "16001", "P29_004": "小山市立羽川西小学校", "P29_005": "栃木県小山市黒本771-2", "P29_006": "3", "P29_007": "1", "P29_008": "00", "P29_009": null }, "geometry": { "type": "Point", "coordinates": [ 139.809417129635108, 36.357396513519753 ] } },
{ "type": "Feature", "properties": { "P29_001": "09208", "P29_002": "B109210001625", "P29_003": "16001", "P29_004": "小山市立小山第三小学校", "P29_005": "栃木県小山市神鳥谷4-7-51", "P29_006": "3", "P29_007": "1", "P29_008": "00", "P29_009": null }, "geometry": { "type": "Point", "coordinates": [ 139.788158235494052, 36.296461370427224 ] } },
{ "type": "Feature", "properties": { "P29_001": "09208", "P29_002": "B109210001634", "P29_003": "16001", "P29_004": "小山市立小山城南小学校", "P29_005": "栃木県小山市西城南5-29-1", "P29_006": "3", "P29_007": "1", "P29_008": "00", "P29_009": null }, "geometry": { "type": "Point", "coordinates": [ 139.79800407074481, 36.294205403015567 ] } },
{ "type": "Feature", "properties": { "P29_001": "09208", "P29_002": "B109210001643", "P29_003": "16001", "P29_004": "小山市立小山城北小学校", "P29_005": "栃木県小山市城北5-18-1", "P29_006": "3", "P29_007": "1", "P29_008": "00", "P29_009": null }, "geometry": { "type": "Point", "coordinates": [ 139.820067518465834, 36.324289345169589 ] } },
{ "type": "Feature", "properties": { "P29_001": "09208", "P29_002": "B109210001652", "P29_003": "16001", "P29_004": "小山市立若木小学校", "P29_005": "栃木県小山市若木町2-6-44", "P29_006": "3", "P29_007": "1", "P29_008": "00", "P29_009": null }, "geometry": { "type": "Point", "coordinates": [ 139.805548174700562, 36.326369486842395 ] } },
{ "type": "Feature", "properties": { "P29_001": "09208", "P29_002": "B109210001661", "P29_003": "16001", "P29_004": "小山市立間々田東小学校", "P29_005": "栃木県小山市間々田57-2", "P29_006": "3", "P29_007": "1", "P29_008": "00", "P29_009": null }, "geometry": { "type": "Point", "coordinates": [ 139.77749915777386, 36.257126876995109 ] } },
{ "type": "Feature", "properties": { "P29_001": "09209", "P29_002": "B109210001670", "P29_003": "16001", "P29_004": "真岡市立真岡小学校", "P29_005": "栃木県真岡市台町4184", "P29_006": "3", "P29_007": "1", "P29_008": "00", "P29_009": null }, "geometry": { "type": "Point", "coordinates": [ 140.007105752719582, 36.443673977011407 ] } },
{ "type": "Feature", "properties": { "P29_001": "09209", "P29_002": "B109210001689", "P29_003": "16001", "P29_004": "真岡市立大内中央小学校", "P29_005": "栃木県真岡市飯貝457-1", "P29_006": "3", "P29_007": "1", "P29_008": "00", "P29_009": null }, "geometry": { "type": "Point", "coordinates": [ 140.020756931386046, 36.476749698173506 ] } },
{ "type": "Feature", "properties": { "P29_001": "09209", "P29_002": "B109210001698", "P29_003": "16001", "P29_004": "真岡市立大内東小学校", "P29_005": "栃木県真岡市赤羽30-1", "P29_006": "3", "P29_007": "1", "P29_008": "00", "P29_009": null }, "geometry": { "type": "Point", "coordinates": [ 140.04948999313072, 36.484343318019945 ] } },
{ "type": "Feature", "properties": { "P29_001": "09209", "P29_002": "B109210001705", "P29_003": "16001", "P29_004": "真岡市立大内西小学校", "P29_005": "栃木県真岡市下籠谷2472-1", "P29_006": "3", "P29_007": "1", "P29_008": "00", "P29_009": null }, "geometry": { "type": "Point", "coordinates": [ 139.975784722374641, 36.48802004797561 ] } },
{ "type": "Feature", "properties": { "P29_001": "09209", "P29_002": "B109210001714", "P29_003": "16001", "P29_004": "真岡市立山前小学校", "P29_005": "栃木県真岡市小林672-2", "P29_006": "3", "P29_007": "1", "P29_008": "00", "P29_009": null }, "geometry": { "type": "Point", "coordinates": [ 140.040927978529965, 36.430180144347119 ] } },
{ "type": "Feature", "properties": { "P29_001": "09209", "P29_002": "B109210001723", "P29_003": "16001", "P29_004": "真岡市立西田井小学校", "P29_005": "栃木県真岡市西田井1505-2", "P29_006": "3", "P29_007": "1", "P29_008": "00", "P29_009": null }, "geometry": { "type": "Point", "coordinates": [ 140.055851367515686, 36.451589891238385 ] } },
{ "type": "Feature", "properties": { "P29_001": "09209", "P29_002": "B109210001732", "P29_003": "16001", "P29_004": "真岡市立中村小学校", "P29_005": "栃木県真岡市中302", "P29_006": "3", "P29_007": "1", "P29_008": "00", "P29_009": null }, "geometry": { "type": "Point", "coordinates": [ 139.955002465679911, 36.420634516871239 ] } },
{ "type": "Feature", "properties": { "P29_001": "09209", "P29_002": "B109210001741", "P29_003": "16001", "P29_004": "真岡市立真岡西小学校", "P29_005": "栃木県真岡市熊倉3-33-6", "P29_006": "3", "P29_007": "1", "P29_008": "00", "P29_009": null }, "geometry": { "type": "Point", "coordinates": [ 139.990240443910068, 36.438685055139494 ] } },
{ "type": "Feature", "properties": { "P29_001": "09209", "P29_002": "B109210001750", "P29_003": "16001", "P29_004": "真岡市立長田小学校", "P29_005": "栃木県真岡市長田1302-1", "P29_006": "3", "P29_007": "1", "P29_008": "00", "P29_009": null }, "geometry": { "type": "Point", "coordinates": [ 139.964812510123636, 36.445371016605407 ] } },
{ "type": "Feature", "properties": { "P29_001": "09209", "P29_002": "B109210001769", "P29_003": "16001", "P29_004": "真岡市立真岡東小学校", "P29_005": "栃木県真岡市東光寺1-4-1", "P29_006": "3", "P29_007": "1", "P29_008": "00", "P29_009": null }, "geometry": { "type": "Point", "coordinates": [ 140.019833147757311, 36.442913051946455 ] } },
{ "type": "Feature", "properties": { "P29_001": "09209", "P29_002": "B109210001778", "P29_003": "16001", "P29_004": "真岡市立亀山小学校", "P29_005": "栃木県真岡市亀山1037-3", "P29_006": "3", "P29_007": "1", "P29_008": "00", "P29_009": null }, "geometry": { "type": "Point", "coordinates": [ 139.982189256498231, 36.459036973586358 ] } },
{ "type": "Feature", "properties": { "P29_001": "09210", "P29_002": "B109210001787", "P29_003": "16001", "P29_004": "大田原市立大田原小学校", "P29_005": "栃木県大田原市城山1-4-36", "P29_006": "3", "P29_007": "1", "P29_008": "00", "P29_009": null }, "geometry": { "type": "Point", "coordinates": [ 140.030551074982498, 36.865536613120241 ] } },
{ "type": "Feature", "properties": { "P29_001": "09210", "P29_002": "B109210001796", "P29_003": "16001", "P29_004": "大田原市立西原小学校", "P29_005": "栃木県大田原市美原3-2-8", "P29_006": "3", "P29_007": "1", "P29_008": "00", "P29_009": null }, "geometry": { "type": "Point", "coordinates": [ 140.001776980808529, 36.858799061841751 ] } },
{ "type": "Feature", "properties": { "P29_001": "09210", "P29_002": "B109210001803", "P29_003": "16001", "P29_004": "大田原市立紫塚小学校", "P29_005": "栃木県大田原市紫塚1-7-1", "P29_006": "3", "P29_007": "1", "P29_008": "00", "P29_009": null }, "geometry": { "type": "Point", "coordinates": [ 140.014540937314507, 36.876171222499309 ] } },
{ "type": "Feature", "properties": { "P29_001": "09210", "P29_002": "B109210001812", "P29_003": "16001", "P29_004": "大田原市立親園小学校", "P29_005": "栃木県大田原市親園618", "P29_006": "3", "P29_007": "1", "P29_008": "00", "P29_009": null }, "geometry": { "type": "Point", "coordinates": [ 140.016737097534701, 36.827283575285684 ] } },
{ "type": "Feature", "properties": { "P29_001": "09210", "P29_002": "B109210001821", "P29_003": "16001", "P29_004": "大田原市立宇田川小学校", "P29_005": "栃木県大田原市宇田川829", "P29_006": "3", "P29_007": "1", "P29_008": "00", "P29_009": null }, "geometry": { "type": "Point", "coordinates": [ 140.047722894189661, 36.833992983133761 ] } },
{ "type": "Feature", "properties": { "P29_001": "09210", "P29_002": "B109210001830", "P29_003": "16001", "P29_004": "大田原市立市野沢小学校", "P29_005": "栃木県大田原市市野沢2077", "P29_006": "3", "P29_007": "1", "P29_008": "00", "P29_009": null }, "geometry": { "type": "Point", "coordinates": [ 140.047766651061664, 36.894568494063336 ] } },
{ "type": "Feature", "properties": { "P29_001": "09210", "P29_002": "B109210001849", "P29_003": "16001", "P29_004": "大田原市立奥沢小学校", "P29_005": "栃木県大田原市奥沢175", "P29_006": "3", "P29_007": "1", "P29_008": "00", "P29_009": null }, "geometry": { "type": "Point", "coordinates": [ 140.067993330761823, 36.856994453231586 ] } },
{ "type": "Feature", "properties": { "P29_001": "09210", "P29_002": "B109210001858", "P29_003": "16001", "P29_004": "大田原市立金丸小学校", "P29_005": "栃木県大田原市南金丸1640", "P29_006": "3", "P29_007": "1", "P29_008": "00", "P29_009": null }, "geometry": { "type": "Point", "coordinates": [ 140.084315093991506, 36.865148720601674 ] } },
{ "type": "Feature", "properties": { "P29_001": "09210", "P29_002": "B109210001867", "P29_003": "16001", "P29_004": "大田原市立羽田小学校", "P29_005": "栃木県大田原市羽田644", "P29_006": "3", "P29_007": "1", "P29_008": "00", "P29_009": null }, "geometry": { "type": "Point", "coordinates": [ 140.084933080416221, 36.911830227284405 ] } },
{ "type": "Feature", "properties": { "P29_001": "09210", "P29_002": "B109210001876", "P29_003": "16001", "P29_004": "大田原市立薄葉小学校", "P29_005": "栃木県大田原市薄葉2014", "P29_006": "3", "P29_007": "1", "P29_008": "00", "P29_009": null }, "geometry": { "type": "Point", "coordinates": [ 139.969590273481032, 36.833025479511974 ] } },
{ "type": "Feature", "properties": { "P29_001": "09210", "P29_002": "B109210001885", "P29_003": "16001", "P29_004": "大田原市立石上小学校", "P29_005": "栃木県大田原市上石上1528", "P29_006": "3", "P29_007": "1", "P29_008": "00", "P29_009": null }, "geometry": { "type": "Point", "coordinates": [ 139.945129396063095, 36.859340588577794 ] } },
{ "type": "Feature", "properties": { "P29_001": "09210", "P29_002": "B109210001894", "P29_003": "16001", "P29_004": "大田原市立佐久山小学校", "P29_005": "栃木県大田原市佐久山2271", "P29_006": "3", "P29_007": "1", "P29_008": "00", "P29_009": null }, "geometry": { "type": "Point", "coordinates": [ 140.007582699895067, 36.807477641639551 ] } },
{ "type": "Feature", "properties": { "P29_001": "09210", "P29_002": "B109210001901", "P29_003": "16001", "P29_004": "大田原市立金丸小学校北金丸分校", "P29_005": "栃木県大田原市北金丸2600-11", "P29_006": "3", "P29_007": "1", "P29_008": "00", "P29_009": null }, "geometry": { "type": "Point", "coordinates": [ 140.07061824134496, 36.872512505412658 ] } },
{ "type": "Feature", "properties": { "P29_001": "09211", "P29_002": "B109210001910", "P29_003": "16001", "P29_004": "矢板市立矢板小学校", "P29_005": "栃木県矢板市本町4-23", "P29_006": "3", "P29_007": "1", "P29_008": "00", "P29_009": null }, "geometry": { "type": "Point", "coordinates": [ 139.927032844198806, 36.807154104506843 ] } },
{ "type": "Feature", "properties": { "P29_001": "09211", "P29_002": "B109210001947", "P29_003": "16001", "P29_004": "矢板市立泉小学校", "P29_005": "栃木県矢板市泉378", "P29_006": "3", "P29_007": "1", "P29_008": "00", "P29_009": null }, "geometry": { "type": "Point", "coordinates": [ 139.911927558548314, 36.840910337654165 ] } },
{ "type": "Feature", "properties": { "P29_001": "09211", "P29_002": "B109210001956", "P29_003": "16001", "P29_004": "矢板市立片岡小学校", "P29_005": "栃木県矢板市片岡2095-79", "P29_006": "3", "P29_007": "1", "P29_008": "00", "P29_009": null }, "geometry": { "type": "Point", "coordinates": [ 139.943330004221963, 36.755627536680599 ] } },
{ "type": "Feature", "properties": { "P29_001": "09211", "P29_002": "B109210001965", "P29_003": "16001", "P29_004": "矢板市立乙畑小学校", "P29_005": "栃木県矢板市乙畑1902", "P29_006": "3", "P29_007": "1", "P29_008": "00", "P29_009": null }, "geometry": { "type": "Point", "coordinates": [ 139.954468159481991, 36.737379177686591 ] } },
{ "type": "Feature", "properties": { "P29_001": "09211", "P29_002": "B109210001974", "P29_003": "16001", "P29_004": "矢板市立安沢小学校", "P29_005": "栃木県矢板市安沢1482", "P29_006": "3", "P29_007": "1", "P29_008": "00", "P29_009": null }, "geometry": { "type": "Point", "coordinates": [ 139.951111469369181, 36.784767933722613 ] } },
{ "type": "Feature", "properties": { "P29_001": "09211", "P29_002": "B109210001983", "P29_003": "16001", "P29_004": "矢板市立東小学校", "P29_005": "栃木県矢板市東町616", "P29_006": "3", "P29_007": "1", "P29_008": "00", "P29_009": null }, "geometry": { "type": "Point", "coordinates": [ 139.936534344932454, 36.801066039409818 ] } },
{ "type": "Feature", "properties": { "P29_001": "09301", "P29_002": "B109210001992", "P29_003": "16001", "P29_004": "上三川町立本郷小学校", "P29_005": "栃木県河内郡上三川町東蓼沼251", "P29_006": "3", "P29_007": "1", "P29_008": "00", "P29_009": null }, "geometry": { "type": "Point", "coordinates": [ 139.938177771763691, 36.45982761377428 ] } },
{ "type": "Feature", "properties": { "P29_001": "09301", "P29_002": "B109210002009", "P29_003": "16001", "P29_004": "上三川町立上三川小学校", "P29_005": "栃木県河内郡上三川町上三川4594", "P29_006": "3", "P29_007": "1", "P29_008": "00", "P29_009": null }, "geometry": { "type": "Point", "coordinates": [ 139.909518674553624, 36.434227361012226 ] } },
{ "type": "Feature", "properties": { "P29_001": "09301", "P29_002": "B109210002018", "P29_003": "16001", "P29_004": "上三川町立坂上小学校", "P29_005": "栃木県河内郡上三川町坂上628", "P29_006": "3", "P29_007": "1", "P29_008": "00", "P29_009": null }, "geometry": { "type": "Point", "coordinates": [ 139.914104148721634, 36.411244166444099 ] } },
{ "type": "Feature", "properties": { "P29_001": "09301", "P29_002": "B109210002027", "P29_003": "16001", "P29_004": "上三川町立明治小学校", "P29_005": "栃木県河内郡上三川町大山524", "P29_006": "3", "P29_007": "1", "P29_008": "00", "P29_009": null }, "geometry": { "type": "Point", "coordinates": [ 139.881022033303196, 36.442802123286015 ] } },
{ "type": "Feature", "properties": { "P29_001": "09301", "P29_002": "B109210002036", "P29_003": "16001", "P29_004": "上三川町立明治南小学校", "P29_005": "栃木県河内郡上三川町多功1412", "P29_006": "3", "P29_007": "1", "P29_008": "00", "P29_009": null }, "geometry": { "type": "Point", "coordinates": [ 139.880315055671758, 36.427723602414716 ] } },
{ "type": "Feature", "properties": { "P29_001": "09301", "P29_002": "B109210002045", "P29_003": "16001", "P29_004": "上三川町立北小学校", "P29_005": "栃木県河内郡上三川町上蒲生1725", "P29_006": "3", "P29_007": "1", "P29_008": "00", "P29_009": null }, "geometry": { "type": "Point", "coordinates": [ 139.901933136894684, 36.457176721869239 ] } },
{ "type": "Feature", "properties": { "P29_001": "09301", "P29_002": "B109210002054", "P29_003": "16001", "P29_004": "上三川町立本郷北小学校", "P29_005": "栃木県河内郡上三川町西汗1585", "P29_006": "3", "P29_007": "1", "P29_008": "00", "P29_009": null }, "geometry": { "type": "Point", "coordinates": [ 139.922604106260053, 36.476586058405623 ] } },
{ "type": "Feature", "properties": { "P29_001": "09216", "P29_002": "B109210002090", "P29_003": "16001", "P29_004": "下野市立祇園小学校", "P29_005": "栃木県下野市祇園2-21-3", "P29_006": "3", "P29_007": "1", "P29_008": "00", "P29_009": null }, "geometry": { "type": "Point", "coordinates": [ 139.862368904895931, 36.393811558439225 ] } },
{ "type": "Feature", "properties": { "P29_001": "09216", "P29_002": "B109210002107", "P29_003": "16001", "P29_004": "下野市立緑小学校", "P29_005": "栃木県下野市緑3-16-1", "P29_006": "3", "P29_007": "1", "P29_008": "00", "P29_009": null }, "geometry": { "type": "Point", "coordinates": [ 139.856054040737632, 36.387314383157708 ] } },
{ "type": "Feature", "properties": { "P29_001": "09201", "P29_002": "B109210002116", "P29_003": "16001", "P29_004": "宇都宮市立上河内東小学校", "P29_005": "栃木県宇都宮市下小倉町1302", "P29_006": "3", "P29_007": "1", "P29_008": "00", "P29_009": null }, "geometry": { "type": "Point", "coordinates": [ 139.914423810437796, 36.688986767704726 ] } },
{ "type": "Feature", "properties": { "P29_001": "09201", "P29_002": "B109210002125", "P29_003": "16001", "P29_004": "宇都宮市立上河内西小学校", "P29_005": "栃木県宇都宮市関白町471", "P29_006": "3", "P29_007": "1", "P29_008": "00", "P29_009": null }, "geometry": { "type": "Point", "coordinates": [ 139.88847518040086, 36.684175376805484 ] } },
{ "type": "Feature", "properties": { "P29_001": "09201", "P29_002": "B109210002134", "P29_003": "16001", "P29_004": "宇都宮市立上河内中央小学校", "P29_005": "栃木県宇都宮市中里町201-1", "P29_006": "3", "P29_007": "1", "P29_008": "00", "P29_009": null }, "geometry": { "type": "Point", "coordinates": [ 139.902668162655914, 36.681806734536451 ] } },
{ "type": "Feature", "properties": { "P29_001": "09201", "P29_002": "B109210002143", "P29_003": "16001", "P29_004": "宇都宮市立岡本小学校", "P29_005": "栃木県宇都宮市中岡本町2623", "P29_006": "3", "P29_007": "1", "P29_008": "00", "P29_009": null }, "geometry": { "type": "Point", "coordinates": [ 139.95331981344205, 36.602061466717579 ] } },
{ "type": "Feature", "properties": { "P29_001": "09201", "P29_002": "B109210002152", "P29_003": "16001", "P29_004": "宇都宮市立白沢小学校", "P29_005": "栃木県宇都宮市白沢町1643", "P29_006": "3", "P29_007": "1", "P29_008": "00", "P29_009": null }, "geometry": { "type": "Point", "coordinates": [ 139.939712082847961, 36.63720437566117 ] } },
{ "type": "Feature", "properties": { "P29_001": "09201", "P29_002": "B109210002161", "P29_003": "16001", "P29_004": "宇都宮市立田原小学校", "P29_005": "栃木県宇都宮市上田原町355", "P29_006": "3", "P29_007": "1", "P29_008": "00", "P29_009": null }, "geometry": { "type": "Point", "coordinates": [ 139.903737468973702, 36.640530585623864 ] } },
{ "type": "Feature", "properties": { "P29_001": "09201", "P29_002": "B109210002170", "P29_003": "16001", "P29_004": "宇都宮市立岡本西小学校", "P29_005": "栃木県宇都宮市中岡本町3709-2", "P29_006": "3", "P29_007": "1", "P29_008": "00", "P29_009": null }, "geometry": { "type": "Point", "coordinates": [ 139.931805327239061, 36.60686899928897 ] } },
{ "type": "Feature", "properties": { "P29_001": "09201", "P29_002": "B109210002189", "P29_003": "16001", "P29_004": "宇都宮市立岡本北小学校", "P29_005": "栃木県宇都宮市中岡本町2481-1", "P29_006": "3", "P29_007": "1", "P29_008": "00", "P29_009": null }, "geometry": { "type": "Point", "coordinates": [ 139.951717236326857, 36.612726731887236 ] } },
{ "type": "Feature", "properties": { "P29_001": "09201", "P29_002": "B109210002198", "P29_003": "16001", "P29_004": "宇都宮市立田原西小学校", "P29_005": "栃木県宇都宮市立伏町8-1", "P29_006": "3", "P29_007": "1", "P29_008": "00", "P29_009": null }, "geometry": { "type": "Point", "coordinates": [ 139.886328705318675, 36.643777997518782 ] } },
{ "type": "Feature", "properties": { "P29_001": "09203", "P29_002": "B109210002205", "P29_003": "16001", "P29_004": "栃木市立西方小学校", "P29_005": "栃木県栃木市西方町元770", "P29_006": "3", "P29_007": "1", "P29_008": "00", "P29_009": null }, "geometry": { "type": "Point", "coordinates": [ 139.735206004579368, 36.465359290480208 ] } },
{ "type": "Feature", "properties": { "P29_001": "09203", "P29_002": "B109210002214", "P29_003": "16001", "P29_004": "栃木市立真名子小学校", "P29_005": "栃木県栃木市西方町真名子1089-1", "P29_006": "3", "P29_007": "1", "P29_008": "00", "P29_009": null }, "geometry": { "type": "Point", "coordinates": [ 139.699975698582961, 36.472486606547342 ] } },
{ "type": "Feature", "properties": { "P29_001": "09205", "P29_002": "B109210002223", "P29_003": "16001", "P29_004": "鹿沼市立粟野小学校", "P29_005": "栃木県鹿沼市口粟野802", "P29_006": "3", "P29_007": "1", "P29_008": "00", "P29_009": null }, "geometry": { "type": "Point", "coordinates": [ 139.672641850213722, 36.517622840434392 ] } },
{ "type": "Feature", "properties": { "P29_001": "09205", "P29_002": "B109210002232", "P29_003": "16001", "P29_004": "鹿沼市立清洲第一小学校", "P29_005": "栃木県鹿沼市久野620-1", "P29_006": "3", "P29_007": "1", "P29_008": "00", "P29_009": null }, "geometry": { "type": "Point", "coordinates": [ 139.703449767962297, 36.509769683547674 ] } },
{ "type": "Feature", "properties": { "P29_001": "09205", "P29_002": "B109210002241", "P29_003": "16001", "P29_004": "鹿沼市立清洲第二小学校", "P29_005": "栃木県鹿沼市北半田1515", "P29_006": "3", "P29_007": "1", "P29_008": "00", "P29_009": null }, "geometry": { "type": "Point", "coordinates": [ 139.726773360726668, 36.495399855984893 ] } },
{ "type": "Feature", "properties": { "P29_001": "09205", "P29_002": "B109210002250", "P29_003": "16001", "P29_004": "鹿沼市立粕尾小学校", "P29_005": "栃木県鹿沼市下粕尾1444-1", "P29_006": "3", "P29_007": "1", "P29_008": "00", "P29_009": null }, "geometry": { "type": "Point", "coordinates": [ 139.619086547250731, 36.510138955719313 ] } },
{ "type": "Feature", "properties": { "P29_001": "09205", "P29_002": "B109210002269", "P29_003": "16001", "P29_004": "鹿沼市立永野小学校", "P29_005": "栃木県鹿沼市上永野310", "P29_006": "3", "P29_007": "1", "P29_008": "00", "P29_009": null }, "geometry": { "type": "Point", "coordinates": [ 139.600018267131247, 36.497895738300684 ] } },
{ "type": "Feature", "properties": { "P29_001": "09206", "P29_002": "B109210002278", "P29_003": "16001", "P29_004": "日光市立足尾小学校", "P29_005": "栃木県日光市足尾町赤沢6-2", "P29_006": "3", "P29_007": "1", "P29_008": "00", "P29_009": null }, "geometry": { "type": "Point", "coordinates": [ 139.442935877986628, 36.636227603533911 ] } },
{ "type": "Feature", "properties": { "P29_001": "09209", "P29_002": "B109210002287", "P29_003": "16001", "P29_004": "真岡市立久下田小学校", "P29_005": "栃木県真岡市久下田491", "P29_006": "3", "P29_007": "1", "P29_008": "00", "P29_009": null }, "geometry": { "type": "Point", "coordinates": [ 139.966528043624692, 36.370343786275285 ] } },
{ "type": "Feature", "properties": { "P29_001": "09209", "P29_002": "B109210002296", "P29_003": "16001", "P29_004": "真岡市立物部小学校", "P29_005": "栃木県真岡市物井1180", "P29_006": "3", "P29_007": "1", "P29_008": "00", "P29_009": null }, "geometry": { "type": "Point", "coordinates": [ 140.005832263277512, 36.397118004936843 ] } },
{ "type": "Feature", "properties": { "P29_001": "09209", "P29_002": "B109210002303", "P29_003": "16001", "P29_004": "真岡市立長沼小学校", "P29_005": "栃木県真岡市長沼716", "P29_006": "3", "P29_007": "1", "P29_008": "00", "P29_009": null }, "geometry": { "type": "Point", "coordinates": [ 139.929983070133858, 36.360250141163618 ] } },
{ "type": "Feature", "properties": { "P29_001": "09342", "P29_002": "B109210002312", "P29_003": "16001", "P29_004": "益子町立田野小学校", "P29_005": "栃木県芳賀郡益子町大字長堤400", "P29_006": "3", "P29_007": "1", "P29_008": "00", "P29_009": null }, "geometry": { "type": "Point", "coordinates": [ 140.085204105903671, 36.429455802509196 ] } },
{ "type": "Feature", "properties": { "P29_001": "09342", "P29_002": "B109210002321", "P29_003": "16001", "P29_004": "益子町立益子小学校", "P29_005": "栃木県芳賀郡益子町益子4665", "P29_006": "3", "P29_007": "1", "P29_008": "00", "P29_009": null }, "geometry": { "type": "Point", "coordinates": [ 140.097738808297265, 36.460506104013874 ] } },
{ "type": "Feature", "properties": { "P29_001": "09342", "P29_002": "B109210002330", "P29_003": "16001", "P29_004": "益子町立七井小学校", "P29_005": "栃木県芳賀郡益子町大沢202", "P29_006": "3", "P29_007": "1", "P29_008": "00", "P29_009": null }, "geometry": { "type": "Point", "coordinates": [ 140.102310367981659, 36.494052936129052 ] } },
{ "type": "Feature", "properties": { "P29_001": "09342", "P29_002": "B109210002349", "P29_003": "16001", "P29_004": "益子町立益子西小学校", "P29_005": "栃木県芳賀郡益子町塙1344", "P29_006": "3", "P29_007": "1", "P29_008": "00", "P29_009": null }, "geometry": { "type": "Point", "coordinates": [ 140.082041299015202, 36.466535174480072 ] } },
{ "type": "Feature", "properties": { "P29_001": "09343", "P29_002": "B109210002358", "P29_003": "16001", "P29_004": "茂木町立逆川小学校", "P29_005": "栃木県芳賀郡茂木町飯2210", "P29_006": "3", "P29_007": "1", "P29_008": "00", "P29_009": null }, "geometry": { "type": "Point", "coordinates": [ 140.174204915354181, 36.469319508229077 ] } },
{ "type": "Feature", "properties": { "P29_001": "09343", "P29_002": "B109210002367", "P29_003": "16001", "P29_004": "茂木町立茂木小学校", "P29_005": "栃木県芳賀郡茂木町茂木1621", "P29_006": "3", "P29_007": "1", "P29_008": "00", "P29_009": null }, "geometry": { "type": "Point", "coordinates": [ 140.184227570269968, 36.531446418508907 ] } },
{ "type": "Feature", "properties": { "P29_001": "09343", "P29_002": "B109210002376", "P29_003": "16001", "P29_004": "茂木町立中川小学校", "P29_005": "栃木県芳賀郡茂木町大字河井856", "P29_006": "3", "P29_007": "1", "P29_008": "00", "P29_009": null }, "geometry": { "type": "Point", "coordinates": [ 140.217682530809213, 36.569831464043702 ] } },
{ "type": "Feature", "properties": { "P29_001": "09343", "P29_002": "B109210002385", "P29_003": "16001", "P29_004": "茂木町立須藤小学校", "P29_005": "栃木県芳賀郡茂木町千本457", "P29_006": "3", "P29_007": "1", "P29_008": "00", "P29_009": null }, "geometry": { "type": "Point", "coordinates": [ 140.148386757293792, 36.568987376950098 ] } },
{ "type": "Feature", "properties": { "P29_001": "09344", "P29_002": "B109210002394", "P29_003": "16001", "P29_004": "市貝町立赤羽小学校", "P29_005": "栃木県芳賀郡市貝町赤羽2711", "P29_006": "3", "P29_007": "1", "P29_008": "00", "P29_009": null }, "geometry": { "type": "Point", "coordinates": [ 140.068069224340576, 36.515220973174259 ] } },
{ "type": "Feature", "properties": { "P29_001": "09344", "P29_002": "B109210002401", "P29_003": "16001", "P29_004": "市貝町立市貝小学校", "P29_005": "栃木県芳賀郡市貝町市塙2184", "P29_006": "3", "P29_007": "1", "P29_008": "00", "P29_009": null }, "geometry": { "type": "Point", "coordinates": [ 140.105566308873222, 36.534304096364089 ] } },
{ "type": "Feature", "properties": { "P29_001": "09345", "P29_002": "B109210002410", "P29_003": "16001", "P29_004": "芳賀町立芳賀東小学校", "P29_005": "栃木県芳賀郡芳賀町祖母井388", "P29_006": "3", "P29_007": "1", "P29_008": "00", "P29_009": null }, "geometry": { "type": "Point", "coordinates": [ 140.063091790592495, 36.547769739236344 ] } },
{ "type": "Feature", "properties": { "P29_001": "09345", "P29_002": "B109210002429", "P29_003": "16001", "P29_004": "芳賀町立芳賀北小学校", "P29_005": "栃木県芳賀郡芳賀町芳志戸1030", "P29_006": "3", "P29_007": "1", "P29_008": "00", "P29_009": null }, "geometry": { "type": "Point", "coordinates": [ 140.049596010824672, 36.576428512838945 ] } },
{ "type": "Feature", "properties": { "P29_001": "09345", "P29_002": "B109210002438", "P29_003": "16001", "P29_004": "芳賀町立芳賀南小学校", "P29_005": "栃木県芳賀郡芳賀町西水沼41", "P29_006": "3", "P29_007": "1", "P29_008": "00", "P29_009": null }, "geometry": { "type": "Point", "coordinates": [ 140.027575094554692, 36.521472766180189 ] } },
{ "type": "Feature", "properties": { "P29_001": "09361", "P29_002": "B109210002447", "P29_003": "16001", "P29_004": "壬生町立壬生小学校", "P29_005": "栃木県下都賀郡壬生町本丸2-3-7", "P29_006": "3", "P29_007": "1", "P29_008": "00", "P29_009": null }, "geometry": { "type": "Point", "coordinates": [ 139.798743939825357, 36.425301437661481 ] } },
{ "type": "Feature", "properties": { "P29_001": "09361", "P29_002": "B109210002456", "P29_003": "16001", "P29_004": "壬生町立藤井小学校", "P29_005": "栃木県下都賀郡壬生町藤井1267", "P29_006": "3", "P29_007": "1", "P29_008": "00", "P29_009": null }, "geometry": { "type": "Point", "coordinates": [ 139.815619429776262, 36.416240072363529 ] } },
{ "type": "Feature", "properties": { "P29_001": "09361", "P29_002": "B109210002465", "P29_003": "16001", "P29_004": "壬生町立壬生東小学校", "P29_005": "栃木県下都賀郡壬生町落合3-5-21", "P29_006": "3", "P29_007": "1", "P29_008": "00", "P29_009": null }, "geometry": { "type": "Point", "coordinates": [ 139.821517101577939, 36.455226995073531 ] } },
{ "type": "Feature", "properties": { "P29_001": "09361", "P29_002": "B109210002474", "P29_003": "16001", "P29_004": "壬生町立稲葉小学校", "P29_005": "栃木県下都賀郡壬生町上稲葉881", "P29_006": "3", "P29_007": "1", "P29_008": "00", "P29_009": null }, "geometry": { "type": "Point", "coordinates": [ 139.777840845038838, 36.450694098951594 ] } },
{ "type": "Feature", "properties": { "P29_001": "09361", "P29_002": "B109210002483", "P29_003": "16001", "P29_004": "壬生町立羽生田小学校", "P29_005": "栃木県下都賀郡壬生町羽生田2139-1", "P29_006": "3", "P29_007": "1", "P29_008": "00", "P29_009": null }, "geometry": { "type": "Point", "coordinates": [ 139.777218157410545, 36.474643795064679 ] } },
{ "type": "Feature", "properties": { "P29_001": "09361", "P29_002": "B109210002492", "P29_003": "16001", "P29_004": "壬生町立壬生北小学校", "P29_005": "栃木県下都賀郡壬生町北小林190", "P29_006": "3", "P29_007": "1", "P29_008": "00", "P29_009": null }, "geometry": { "type": "Point", "coordinates": [ 139.810195989831243, 36.48560908275757 ] } },
{ "type": "Feature", "properties": { "P29_001": "09361", "P29_002": "B109210002508", "P29_003": "16001", "P29_004": "壬生町立安塚小学校", "P29_005": "栃木県下都賀郡壬生町大字安塚2078", "P29_006": "3", "P29_007": "1", "P29_008": "00", "P29_009": null }, "geometry": { "type": "Point", "coordinates": [ 139.830878611335066, 36.489788049255836 ] } },
{ "type": "Feature", "properties": { "P29_001": "09361", "P29_002": "B109210002517", "P29_003": "16001", "P29_004": "壬生町立睦小学校", "P29_005": "栃木県下都賀郡壬生町壬生丁230-1", "P29_006": "3", "P29_007": "1", "P29_008": "00", "P29_009": null }, "geometry": { "type": "Point", "coordinates": [ 139.837206367058371, 36.460810383541052 ] } },
{ "type": "Feature", "properties": { "P29_001": "09216", "P29_002": "B109210002526", "P29_003": "16001", "P29_004": "下野市立石橋小学校", "P29_005": "栃木県下野市花の木1-4", "P29_006": "3", "P29_007": "1", "P29_008": "00", "P29_009": null }, "geometry": { "type": "Point", "coordinates": [ 139.862247686713005, 36.431951578886775 ] } },
{ "type": "Feature", "properties": { "P29_001": "09361", "P29_002": "B109210002535", "P29_003": "16001", "P29_004": "下野市立細谷小学校", "P29_005": "栃木県下野市細谷693", "P29_006": "3", "P29_007": "1", "P29_008": "00", "P29_009": null }, "geometry": { "type": "Point", "coordinates": [ 139.831132354987716, 36.425995045553634 ] } },
{ "type": "Feature", "properties": { "P29_001": "09216", "P29_002": "B109210002544", "P29_003": "16001", "P29_004": "下野市立古山小学校", "P29_005": "栃木県下野市下古山3-1-9", "P29_006": "3", "P29_007": "1", "P29_008": "00", "P29_009": null }, "geometry": { "type": "Point", "coordinates": [ 139.859121200669364, 36.445256137754676 ] } },
{ "type": "Feature", "properties": { "P29_001": "09216", "P29_002": "B109210002553", "P29_003": "16001", "P29_004": "下野市立石橋北小学校", "P29_005": "栃木県下野市上古山1932", "P29_006": "3", "P29_007": "1", "P29_008": "00", "P29_009": null }, "geometry": { "type": "Point", "coordinates": [ 139.86007158229873, 36.465618640010909 ] } },
{ "type": "Feature", "properties": { "P29_001": "09216", "P29_002": "B109210002562", "P29_003": "16001", "P29_004": "下野市立国分寺小学校", "P29_005": "栃木県下野市小金井4-2-3", "P29_006": "3", "P29_007": "1", "P29_008": "00", "P29_009": null }, "geometry": { "type": "Point", "coordinates": [ 139.840561435017094, 36.380614151076912 ] } },
{ "type": "Feature", "properties": { "P29_001": "09216", "P29_002": "B109210002571", "P29_003": "16001", "P29_004": "下野市立国分寺東小学校", "P29_005": "栃木県下野市柴897-1", "P29_006": "3", "P29_007": "1", "P29_008": "00", "P29_009": null }, "geometry": { "type": "Point", "coordinates": [ 139.849195546928968, 36.372612429313776 ] } },
{ "type": "Feature", "properties": { "P29_001": "09364", "P29_002": "B109210002580", "P29_003": "16001", "P29_004": "野木町立友沼小学校", "P29_005": "栃木県下都賀郡野木町大字友沼916", "P29_006": "3", "P29_007": "1", "P29_008": "00", "P29_009": null }, "geometry": { "type": "Point", "coordinates": [ 139.737986760432136, 36.243407710623416 ] } },
{ "type": "Feature", "properties": { "P29_001": "09364", "P29_002": "B109210002599", "P29_003": "16001", "P29_004": "野木町立野木小学校", "P29_005": "栃木県下都賀郡野木町野木2450-1", "P29_006": "3", "P29_007": "1", "P29_008": "00", "P29_009": null }, "geometry": { "type": "Point", "coordinates": [ 139.710145307913507, 36.213939898442803 ] } },
{ "type": "Feature", "properties": { "P29_001": "09364", "P29_002": "B109210002606", "P29_003": "16001", "P29_004": "野木町立佐川野小学校", "P29_005": "栃木県下都賀郡野木町佐川野1808", "P29_006": "3", "P29_007": "1", "P29_008": "00", "P29_009": null }, "geometry": { "type": "Point", "coordinates": [ 139.768976557270378, 36.232075328140517 ] } },
{ "type": "Feature", "properties": { "P29_001": "09364", "P29_002": "B109210002615", "P29_003": "16001", "P29_004": "野木町立南赤塚小学校", "P29_005": "栃木県下都賀郡野木町大字中谷508", "P29_006": "3", "P29_007": "1", "P29_008": "00", "P29_009": null }, "geometry": { "type": "Point", "coordinates": [ 139.744729220493383, 36.22267308480783 ] } },
{ "type": "Feature", "properties": { "P29_001": "09364", "P29_002": "B109210002624", "P29_003": "16001", "P29_004": "野木町立新橋小学校", "P29_005": "栃木県下都賀郡野木町友沼5110-2", "P29_006": "3", "P29_007": "1", "P29_008": "00", "P29_009": null }, "geometry": { "type": "Point", "coordinates": [ 139.728274303419056, 36.230801319321699 ] } },
{ "type": "Feature", "properties": { "P29_001": "09203", "P29_002": "B109210002633", "P29_003": "16001", "P29_004": "栃木市立大平東小学校", "P29_005": "栃木県栃木市大平町上高島809", "P29_006": "3", "P29_007": "1", "P29_008": "00", "P29_009": null }, "geometry": { "type": "Point", "coordinates": [ 139.733897549092205, 36.347435866391592 ] } },
{ "type": "Feature", "properties": { "P29_001": "09203", "P29_002": "B109210002642", "P29_003": "16001", "P29_004": "栃木市立大平南小学校", "P29_005": "栃木県栃木市大平町西水代1732", "P29_006": "3", "P29_007": "1", "P29_008": "00", "P29_009": null }, "geometry": { "type": "Point", "coordinates": [ 139.714347360544366, 36.31668095423332 ] } },
{ "type": "Feature", "properties": { "P29_001": "09203", "P29_002": "B109210002651", "P29_003": "16001", "P29_004": "栃木市立大平西小学校", "P29_005": "栃木県栃木市大平町富田1869", "P29_006": "3", "P29_007": "1", "P29_008": "00", "P29_009": null }, "geometry": { "type": "Point", "coordinates": [ 139.694444995969093, 36.342519355286548 ] } },
{ "type": "Feature", "properties": { "P29_001": "09203", "P29_002": "B109210002660", "P29_003": "16001", "P29_004": "栃木市立大平中央小学校", "P29_005": "栃木県栃木市大平町新1354-2", "P29_006": "3", "P29_007": "1", "P29_008": "00", "P29_009": null }, "geometry": { "type": "Point", "coordinates": [ 139.704404001532083, 36.331249385717648 ] } },
{ "type": "Feature", "properties": { "P29_001": "09203", "P29_002": "B109210002679", "P29_003": "16001", "P29_004": "栃木市立藤岡小学校", "P29_005": "栃木県栃木市藤岡町藤岡1500", "P29_006": "3", "P29_007": "1", "P29_008": "00", "P29_009": null }, "geometry": { "type": "Point", "coordinates": [ 139.651107788302198, 36.255704793524465 ] } },
{ "type": "Feature", "properties": { "P29_001": "09203", "P29_002": "B109210002688", "P29_003": "16001", "P29_004": "栃木市立部屋小学校", "P29_005": "栃木県栃木市藤岡町部屋158", "P29_006": "3", "P29_007": "1", "P29_008": "00", "P29_009": null }, "geometry": { "type": "Point", "coordinates": [ 139.712377149301432, 36.273459685826552 ] } },
{ "type": "Feature", "properties": { "P29_001": "09203", "P29_002": "B109210002697", "P29_003": "16001", "P29_004": "栃木市立赤麻小学校", "P29_005": "栃木県栃木市藤岡町大字赤麻1703", "P29_006": "3", "P29_007": "1", "P29_008": "00", "P29_009": null }, "geometry": { "type": "Point", "coordinates": [ 139.66692499776704, 36.270410000248191 ] } },
{ "type": "Feature", "properties": { "P29_001": "09203", "P29_002": "B109210002704", "P29_003": "16001", "P29_004": "栃木市立三鴨小学校", "P29_005": "栃木県栃木市藤岡町大字甲275-1", "P29_006": "3", "P29_007": "1", "P29_008": "00", "P29_009": null }, "geometry": { "type": "Point", "coordinates": [ 139.63352721620484, 36.286947717717588 ] } },
{ "type": "Feature", "properties": { "P29_001": "09203", "P29_002": "B109210002713", "P29_003": "16001", "P29_004": "栃木市立岩舟小学校", "P29_005": "栃木県栃木市岩舟町静1400-1", "P29_006": "3", "P29_007": "1", "P29_008": "00", "P29_009": null }, "geometry": { "type": "Point", "coordinates": [ 139.655546959498963, 36.314632430222076 ] } },
{ "type": "Feature", "properties": { "P29_001": "09203", "P29_002": "B109210002722", "P29_003": "16001", "P29_004": "栃木市立静和小学校", "P29_005": "栃木県栃木市岩舟町静和2432", "P29_006": "3", "P29_007": "1", "P29_008": "00", "P29_009": null }, "geometry": { "type": "Point", "coordinates": [ 139.680583429406028, 36.316272306147113 ] } },
{ "type": "Feature", "properties": { "P29_001": "09203", "P29_002": "B109210002731", "P29_003": "16001", "P29_004": "栃木市立合戦場小学校", "P29_005": "栃木県栃木市都賀町合戦場301", "P29_006": "3", "P29_007": "1", "P29_008": "00", "P29_009": null }, "geometry": { "type": "Point", "coordinates": [ 139.746115479487514, 36.408507673296697 ] } },
{ "type": "Feature", "properties": { "P29_001": "09203", "P29_002": "B109210002740", "P29_003": "16001", "P29_004": "栃木市立家中小学校", "P29_005": "栃木県栃木市都賀町大字家中2740", "P29_006": "3", "P29_007": "1", "P29_008": "00", "P29_009": null }, "geometry": { "type": "Point", "coordinates": [ 139.759219172064803, 36.429835365516944 ] } },
{ "type": "Feature", "properties": { "P29_001": "09203", "P29_002": "B109210002759", "P29_003": "16001", "P29_004": "栃木市立赤津小学校", "P29_005": "栃木県栃木市都賀町富張147", "P29_006": "3", "P29_007": "1", "P29_008": "00", "P29_009": null }, "geometry": { "type": "Point", "coordinates": [ 139.72159993695368, 36.441570031384956 ] } },
{ "type": "Feature", "properties": { "P29_001": "09206", "P29_002": "B109210002795", "P29_003": "16001", "P29_004": "日光市立湯西川小学校", "P29_005": "栃木県日光市湯西川643", "P29_006": "3", "P29_007": "1", "P29_008": "00", "P29_009": null }, "geometry": { "type": "Point", "coordinates": [ 139.595362084792868, 36.965896103912954 ] } },
{ "type": "Feature", "properties": { "P29_001": "09206", "P29_002": "B109210002811", "P29_003": "16001", "P29_004": "日光市立鬼怒川小学校", "P29_005": "栃木県日光市藤原19", "P29_006": "3", "P29_007": "1", "P29_008": "00", "P29_009": null }, "geometry": { "type": "Point", "coordinates": [ 139.724941684735967, 36.842033545225462 ] } },
{ "type": "Feature", "properties": { "P29_001": "09206", "P29_002": "B109210002820", "P29_003": "16001", "P29_004": "日光市立下原小学校", "P29_005": "栃木県日光市鬼怒川温泉大原2", "P29_006": "3", "P29_007": "1", "P29_008": "00", "P29_009": null }, "geometry": { "type": "Point", "coordinates": [ 139.703471424073712, 36.799776622104552 ] } },
{ "type": "Feature", "properties": { "P29_001": "09206", "P29_002": "B109210002839", "P29_003": "16001", "P29_004": "日光市立三依小学校", "P29_005": "栃木県日光市中三依835-1", "P29_006": "3", "P29_007": "1", "P29_008": "00", "P29_009": null }, "geometry": { "type": "Point", "coordinates": [ 139.698474177990732, 36.991020529726185 ] } },
{ "type": "Feature", "properties": { "P29_001": "09384", "P29_002": "B109210002848", "P29_003": "16001", "P29_004": "塩谷町立船生小学校", "P29_005": "栃木県塩谷郡塩谷町船生3660", "P29_006": "3", "P29_007": "1", "P29_008": "00", "P29_009": null }, "geometry": { "type": "Point", "coordinates": [ 139.78585902442299, 36.768932936965122 ] } },
{ "type": "Feature", "properties": { "P29_001": "09384", "P29_002": "B109210002857", "P29_003": "16001", "P29_004": "塩谷町立玉生小学校", "P29_005": "栃木県塩谷郡塩谷町玉生395", "P29_006": "3", "P29_007": "1", "P29_008": "00", "P29_009": null }, "geometry": { "type": "Point", "coordinates": [ 139.853777200618339, 36.777345284365467 ] } },
{ "type": "Feature", "properties": { "P29_001": "09384", "P29_002": "B109210002866", "P29_003": "16001", "P29_004": "塩谷町立大宮小学校", "P29_005": "栃木県塩谷郡塩谷町大字大宮2166", "P29_006": "3", "P29_007": "1", "P29_008": "00", "P29_009": null }, "geometry": { "type": "Point", "coordinates": [ 139.872571679344276, 36.742763723221614 ] } },
{ "type": "Feature", "properties": { "P29_001": "09214", "P29_002": "B109210002875", "P29_003": "16001", "P29_004": "さくら市立氏家小学校", "P29_005": "栃木県さくら市氏家2491", "P29_006": "3", "P29_007": "1", "P29_008": "00", "P29_009": null }, "geometry": { "type": "Point", "coordinates": [ 139.962212909598207, 36.686588689156338 ] } },
{ "type": "Feature", "properties": { "P29_001": "09214", "P29_002": "B109210002884", "P29_003": "16001", "P29_004": "さくら市立押上小学校", "P29_005": "栃木県さくら市長久保814", "P29_006": "3", "P29_007": "1", "P29_008": "00", "P29_009": null }, "geometry": { "type": "Point", "coordinates": [ 139.946517798281974, 36.714857522974391 ] } },
{ "type": "Feature", "properties": { "P29_001": "09214", "P29_002": "B109210002893", "P29_003": "16001", "P29_004": "さくら市立熟田小学校", "P29_005": "栃木県さくら市狭間田1702", "P29_006": "3", "P29_007": "1", "P29_008": "00", "P29_009": null }, "geometry": { "type": "Point", "coordinates": [ 140.00414905535078, 36.684982012954812 ] } },
{ "type": "Feature", "properties": { "P29_001": "09214", "P29_002": "B109210002900", "P29_003": "16001", "P29_004": "さくら市立上松山小学校", "P29_005": "栃木県さくら市氏家3496", "P29_006": "3", "P29_007": "1", "P29_008": "00", "P29_009": null }, "geometry": { "type": "Point", "coordinates": [ 139.969403147927409, 36.70726415862854 ] } },
{ "type": "Feature", "properties": { "P29_001": "09214", "P29_002": "B109210002919", "P29_003": "16001", "P29_004": "さくら市立南小学校", "P29_005": "栃木県さくら市氏家1061-3", "P29_006": "3", "P29_007": "1", "P29_008": "00", "P29_009": null }, "geometry": { "type": "Point", "coordinates": [ 139.962618179558575, 36.663613905481931 ] } },
{ "type": "Feature", "properties": { "P29_001": "09214", "P29_002": "B109210002928", "P29_003": "16001", "P29_004": "さくら市立喜連川小学校", "P29_005": "栃木県さくら市喜連川3911", "P29_006": "3", "P29_007": "1", "P29_008": "00", "P29_009": null }, "geometry": { "type": "Point", "coordinates": [ 140.025758575421406, 36.721096978542015 ] } },
{ "type": "Feature", "properties": { "P29_001": "09386", "P29_002": "B109210002937", "P29_003": "16001", "P29_004": "高根沢町立阿久津小学校", "P29_005": "栃木県塩谷郡高根沢町宝積寺1178", "P29_006": "3", "P29_007": "1", "P29_008": "00", "P29_009": null }, "geometry": { "type": "Point", "coordinates": [ 139.974088701912507, 36.628240211402648 ] } },
{ "type": "Feature", "properties": { "P29_001": "09386", "P29_002": "B109210002946", "P29_003": "16001", "P29_004": "高根沢町立上高根沢小学校", "P29_005": "栃木県塩谷郡高根沢町上高根沢2080", "P29_006": "3", "P29_007": "1", "P29_008": "00", "P29_009": null }, "geometry": { "type": "Point", "coordinates": [ 140.028086629442925, 36.596520678879308 ] } },
{ "type": "Feature", "properties": { "P29_001": "09386", "P29_002": "B109210002955", "P29_003": "16001", "P29_004": "高根沢町立北小学校", "P29_005": "栃木県塩谷郡高根沢町飯室876", "P29_006": "3", "P29_007": "1", "P29_008": "00", "P29_009": null }, "geometry": { "type": "Point", "coordinates": [ 140.035844015923431, 36.656304545540664 ] } },
{ "type": "Feature", "properties": { "P29_001": "09386", "P29_002": "B109210002964", "P29_003": "16001", "P29_004": "高根沢町立東小学校", "P29_005": "栃木県塩谷郡高根沢町太田752", "P29_006": "3", "P29_007": "1", "P29_008": "00", "P29_009": null }, "geometry": { "type": "Point", "coordinates": [ 140.03476388112162, 36.627738894386916 ] } },
{ "type": "Feature", "properties": { "P29_001": "09386", "P29_002": "B109210002973", "P29_003": "16001", "P29_004": "高根沢町立中央小学校", "P29_005": "栃木県塩谷郡高根沢町石末2247-1", "P29_006": "3", "P29_007": "1", "P29_008": "00", "P29_009": null }, "geometry": { "type": "Point", "coordinates": [ 139.998298822709501, 36.640375712600587 ] } },
{ "type": "Feature", "properties": { "P29_001": "09386", "P29_002": "B109210002982", "P29_003": "16001", "P29_004": "高根沢町立西小学校", "P29_005": "栃木県塩谷郡高根沢町光陽台3-2-3", "P29_006": "3", "P29_007": "1", "P29_008": "00", "P29_009": null }, "geometry": { "type": "Point", "coordinates": [ 139.987452339224859, 36.620606563892345 ] } },
{ "type": "Feature", "properties": { "P29_001": "09215", "P29_002": "B109210002991", "P29_003": "16001", "P29_004": "那須烏山市立荒川小学校", "P29_005": "栃木県那須烏山市大金135-1", "P29_006": "3", "P29_007": "1", "P29_008": "00", "P29_009": null }, "geometry": { "type": "Point", "coordinates": [ 140.093896470642505, 36.655603714923345 ] } },
{ "type": "Feature", "properties": { "P29_001": "09215", "P29_002": "B109210003008", "P29_003": "16001", "P29_004": "那須烏山市立江川小学校", "P29_005": "栃木県那須烏山市下川井1001", "P29_006": "3", "P29_007": "1", "P29_008": "00", "P29_009": null }, "geometry": { "type": "Point", "coordinates": [ 140.090378935881603, 36.70016538954166 ] } },
{ "type": "Feature", "properties": { "P29_001": "09215", "P29_002": "B109210003017", "P29_003": "16001", "P29_004": "那須烏山市立境小学校", "P29_005": "栃木県那須烏山市上境1404", "P29_006": "3", "P29_007": "1", "P29_008": "00", "P29_009": null }, "geometry": { "type": "Point", "coordinates": [ 140.174395002226021, 36.637630999572572 ] } },
{ "type": "Feature", "properties": { "P29_001": "09215", "P29_002": "B109210003026", "P29_003": "16001", "P29_004": "那須烏山市立烏山小学校", "P29_005": "栃木県那須烏山市愛宕台2800", "P29_006": "3", "P29_007": "1", "P29_008": "00", "P29_009": null }, "geometry": { "type": "Point", "coordinates": [ 140.146285418529885, 36.649702146039949 ] } },
{ "type": "Feature", "properties": { "P29_001": "09215", "P29_002": "B109210003035", "P29_003": "16001", "P29_004": "那須烏山市立七合小学校", "P29_005": "栃木県那須烏山市谷浅見910", "P29_006": "3", "P29_007": "1", "P29_008": "00", "P29_009": null }, "geometry": { "type": "Point", "coordinates": [ 140.157022336056741, 36.692734843468742 ] } },
{ "type": "Feature", "properties": { "P29_001": "09411", "P29_002": "B109210003044", "P29_003": "16001", "P29_004": "那珂川町立馬頭小学校", "P29_005": "栃木県那須郡那珂川町馬頭169", "P29_006": "3", "P29_007": "1", "P29_008": "00", "P29_009": null }, "geometry": { "type": "Point", "coordinates": [ 140.168609923316296, 36.739359372979209 ] } },
{ "type": "Feature", "properties": { "P29_001": "09411", "P29_002": "B109210003053", "P29_003": "16001", "P29_004": "那珂川町立馬頭東小学校", "P29_005": "栃木県那須郡那珂川町大内1640", "P29_006": "3", "P29_007": "1", "P29_008": "00", "P29_009": null }, "geometry": { "type": "Point", "coordinates": [ 140.235242221253117, 36.746982667177484 ] } },
{ "type": "Feature", "properties": { "P29_001": "09411", "P29_002": "B109210003062", "P29_003": "16001", "P29_004": "那珂川町立小川小学校", "P29_005": "栃木県那須郡那珂川町小川2846", "P29_006": "3", "P29_007": "1", "P29_008": "00", "P29_009": null }, "geometry": { "type": "Point", "coordinates": [ 140.129293098340241, 36.760696850372796 ] } },
{ "type": "Feature", "properties": { "P29_001": "09210", "P29_002": "B109210003071", "P29_003": "16001", "P29_004": "大田原市立佐良土小学校", "P29_005": "栃木県大田原市佐良土901-3", "P29_006": "3", "P29_007": "1", "P29_008": "00", "P29_009": null }, "geometry": { "type": "Point", "coordinates": [ 140.119827333234667, 36.793016804109392 ] } },
{ "type": "Feature", "properties": { "P29_001": "09210", "P29_002": "B109210003080", "P29_003": "16001", "P29_004": "大田原市立湯津上小学校", "P29_005": "栃木県大田原市湯津上1156", "P29_006": "3", "P29_007": "1", "P29_008": "00", "P29_009": null }, "geometry": { "type": "Point", "coordinates": [ 140.121446759940966, 36.827133845266239 ] } },
{ "type": "Feature", "properties": { "P29_001": "09210", "P29_002": "B109210003099", "P29_003": "16001", "P29_004": "大田原市立蛭田小学校", "P29_005": "栃木県大田原市蛭田1720", "P29_006": "3", "P29_007": "1", "P29_008": "00", "P29_009": null }, "geometry": { "type": "Point", "coordinates": [ 140.079637698847677, 36.812221591202672 ] } },
{ "type": "Feature", "properties": { "P29_001": "09210", "P29_002": "B109210003106", "P29_003": "16001", "P29_004": "大田原市立両郷中央小学校", "P29_005": "栃木県大田原市中野内809", "P29_006": "3", "P29_007": "1", "P29_008": "00", "P29_009": null }, "geometry": { "type": "Point", "coordinates": [ 140.155123211204739, 36.918342972676719 ] } },
{ "type": "Feature", "properties": { "P29_001": "09210", "P29_002": "B109210003115", "P29_003": "16001", "P29_004": "大田原市立須賀川小学校", "P29_005": "栃木県大田原市須佐木28", "P29_006": "3", "P29_007": "1", "P29_008": "00", "P29_009": null }, "geometry": { "type": "Point", "coordinates": [ 140.2050278226545, 36.845685444722825 ] } },
{ "type": "Feature", "properties": { "P29_001": "09407", "P29_002": "B109210003124", "P29_003": "16001", "P29_004": "那須町立高久小学校", "P29_005": "栃木県那須郡那須町大字高久甲3358-3", "P29_006": "3", "P29_007": "1", "P29_008": "00", "P29_009": null }, "geometry": { "type": "Point", "coordinates": [ 140.05525841066364, 36.996733895409882 ] } },
{ "type": "Feature", "properties": { "P29_001": "09213", "P29_002": "B109210003133", "P29_003": "16001", "P29_004": "那須塩原市立黒磯小学校", "P29_005": "栃木県那須塩原市豊町2-1", "P29_006": "3", "P29_007": "1", "P29_008": "00", "P29_009": null }, "geometry": { "type": "Point", "coordinates": [ 140.053554102370867, 36.969676213891958 ] } },
{ "type": "Feature", "properties": { "P29_001": "09213", "P29_002": "B109210003142", "P29_003": "16001", "P29_004": "那須塩原市立埼玉小学校", "P29_005": "栃木県那須塩原市埼玉99", "P29_006": "3", "P29_007": "1", "P29_008": "00", "P29_009": null }, "geometry": { "type": "Point", "coordinates": [ 140.023029573757725, 36.962868836977542 ] } },
{ "type": "Feature", "properties": { "P29_001": "09213", "P29_002": "B109210003151", "P29_003": "16001", "P29_004": "那須塩原市立鍋掛小学校", "P29_005": "栃木県那須塩原市鍋掛1019", "P29_006": "3", "P29_007": "1", "P29_008": "00", "P29_009": null }, "geometry": { "type": "Point", "coordinates": [ 140.092954756920165, 36.945976351768003 ] } },
{ "type": "Feature", "properties": { "P29_001": "09213", "P29_002": "B109210003160", "P29_003": "16001", "P29_004": "那須塩原市立大原間小学校", "P29_005": "栃木県那須塩原市方京3-14-6", "P29_006": "3", "P29_007": "1", "P29_008": "00", "P29_009": null }, "geometry": { "type": "Point", "coordinates": [ 140.011432615572545, 36.930720159085226 ] } },
{ "type": "Feature", "properties": { "P29_001": "09213", "P29_002": "B109210003179", "P29_003": "16001", "P29_004": "那須塩原市立波立小学校", "P29_005": "栃木県那須塩原市波立228", "P29_006": "3", "P29_007": "1", "P29_008": "00", "P29_009": null }, "geometry": { "type": "Point", "coordinates": [ 139.992778645288269, 36.95328462422146 ] } },
{ "type": "Feature", "properties": { "P29_001": "09213", "P29_002": "B109210003188", "P29_003": "16001", "P29_004": "那須塩原市立高林小学校", "P29_005": "栃木県那須塩原市高林483", "P29_006": "3", "P29_007": "1", "P29_008": "00", "P29_009": null }, "geometry": { "type": "Point", "coordinates": [ 139.943114115587264, 36.986502573966717 ] } },
{ "type": "Feature", "properties": { "P29_001": "09213", "P29_002": "B109210003197", "P29_003": "16001", "P29_004": "那須塩原市立青木小学校", "P29_005": "栃木県那須塩原市青木12", "P29_006": "3", "P29_007": "1", "P29_008": "00", "P29_009": null }, "geometry": { "type": "Point", "coordinates": [ 139.993559064325666, 36.992289249360553 ] } },
{ "type": "Feature", "properties": { "P29_001": "09213", "P29_002": "B109210003204", "P29_003": "16001", "P29_004": "那須塩原市立稲村小学校", "P29_005": "栃木県那須塩原市埼玉8", "P29_006": "3", "P29_007": "1", "P29_008": "00", "P29_009": null }, "geometry": { "type": "Point", "coordinates": [ 140.029524430853428, 36.979217716395681 ] } },
{ "type": "Feature", "properties": { "P29_001": "09213", "P29_002": "B109210003213", "P29_003": "16001", "P29_004": "那須塩原市立豊浦小学校", "P29_005": "栃木県那須塩原市豊浦17", "P29_006": "3", "P29_007": "1", "P29_008": "00", "P29_009": null }, "geometry": { "type": "Point", "coordinates": [ 140.060291535271887, 36.961604960551526 ] } },
{ "type": "Feature", "properties": { "P29_001": "09213", "P29_002": "B109210003222", "P29_003": "16001", "P29_004": "那須塩原市立共英小学校", "P29_005": "栃木県那須塩原市共墾社99-1", "P29_006": "3", "P29_007": "1", "P29_008": "00", "P29_009": null }, "geometry": { "type": "Point", "coordinates": [ 140.045926330196323, 36.963390538513472 ] } },
{ "type": "Feature", "properties": { "P29_001": "09213", "P29_002": "B109210003231", "P29_003": "16001", "P29_004": "那須塩原市立東原小学校", "P29_005": "栃木県那須塩原市東原4", "P29_006": "3", "P29_007": "1", "P29_008": "00", "P29_009": null }, "geometry": { "type": "Point", "coordinates": [ 140.032865437717817, 36.983962750892282 ] } },
{ "type": "Feature", "properties": { "P29_001": "09213", "P29_002": "B109210003240", "P29_003": "16001", "P29_004": "那須塩原市立三島小学校", "P29_005": "栃木県那須塩原市三島1-21", "P29_006": "3", "P29_007": "1", "P29_008": "00", "P29_009": null }, "geometry": { "type": "Point", "coordinates": [ 139.975911864569611, 36.895544585432845 ] } },
{ "type": "Feature", "properties": { "P29_001": "09213", "P29_002": "B109210003259", "P29_003": "16001", "P29_004": "那須塩原市立槻沢小学校", "P29_005": "栃木県那須塩原市槻沢1", "P29_006": "3", "P29_007": "1", "P29_008": "00", "P29_009": null }, "geometry": { "type": "Point", "coordinates": [ 139.997853553400688, 36.910898252573574 ] } },
{ "type": "Feature", "properties": { "P29_001": "09213", "P29_002": "B109210003268", "P29_003": "16001", "P29_004": "那須塩原市立東小学校", "P29_005": "栃木県那須塩原市太夫塚1-193", "P29_006": "3", "P29_007": "1", "P29_008": "00", "P29_009": null }, "geometry": { "type": "Point", "coordinates": [ 139.980089745554949, 36.885048951491314 ] } },
{ "type": "Feature", "properties": { "P29_001": "09213", "P29_002": "B109210003277", "P29_003": "16001", "P29_004": "那須塩原市立南小学校", "P29_005": "栃木県那須塩原市二区町399", "P29_006": "3", "P29_007": "1", "P29_008": "00", "P29_009": null }, "geometry": { "type": "Point", "coordinates": [ 139.971578070837069, 36.855778630031907 ] } },
{ "type": "Feature", "properties": { "P29_001": "09213", "P29_002": "B109210003286", "P29_003": "16001", "P29_004": "那須塩原市立西小学校", "P29_005": "栃木県那須塩原市四区町662", "P29_006": "3", "P29_007": "1", "P29_008": "00", "P29_009": null }, "geometry": { "type": "Point", "coordinates": [ 139.951491178764826, 36.895474768824712 ] } },
{ "type": "Feature", "properties": { "P29_001": "09213", "P29_002": "B109210003295", "P29_003": "16001", "P29_004": "那須塩原市立大山小学校", "P29_005": "栃木県那須塩原市下永田8-7", "P29_006": "3", "P29_007": "1", "P29_008": "00", "P29_009": null }, "geometry": { "type": "Point", "coordinates": [ 140.001127663968049, 36.874737010384848 ] } },
{ "type": "Feature", "properties": { "P29_001": "09204", "P29_002": "B109210003302", "P29_003": "16001", "P29_004": "佐野市立田沼小学校", "P29_005": "栃木県佐野市田沼町603", "P29_006": "3", "P29_007": "1", "P29_008": "00", "P29_009": null }, "geometry": { "type": "Point", "coordinates": [ 139.576316807074903, 36.366325555947547 ] } },
{ "type": "Feature", "properties": { "P29_001": "09204", "P29_002": "B109210003311", "P29_003": "16001", "P29_004": "佐野市立吉水小学校", "P29_005": "栃木県佐野市吉水町832", "P29_006": "3", "P29_007": "1", "P29_008": "00", "P29_009": null }, "geometry": { "type": "Point", "coordinates": [ 139.573407916092975, 36.350964580801822 ] } },
{ "type": "Feature", "properties": { "P29_001": "09204", "P29_002": "B109210003320", "P29_003": "16001", "P29_004": "佐野市立栃本小学校", "P29_005": "栃木県佐野市栃本町1037", "P29_006": "3", "P29_007": "1", "P29_008": "00", "P29_009": null }, "geometry": { "type": "Point", "coordinates": [ 139.590104015957621, 36.360647204299475 ] } },
{ "type": "Feature", "properties": { "P29_001": "09204", "P29_002": "B109210003339", "P29_003": "16001", "P29_004": "佐野市立多田小学校", "P29_005": "栃木県佐野市多田町998", "P29_006": "3", "P29_007": "1", "P29_008": "00", "P29_009": null }, "geometry": { "type": "Point", "coordinates": [ 139.597331933513857, 36.381233583573582 ] } },
{ "type": "Feature", "properties": { "P29_001": "09344", "P29_002": "B109210003384", "P29_003": "16001", "P29_004": "市貝町立小貝小学校", "P29_005": "栃木県芳賀郡市貝町文谷1188", "P29_006": "3", "P29_007": "1", "P29_008": "00", "P29_009": null }, "geometry": { "type": "Point", "coordinates": [ 140.108314833471326, 36.568905102206543 ] } },
{ "type": "Feature", "properties": { "P29_001": "09210", "P29_002": "B109210003393", "P29_003": "16001", "P29_004": "大田原市立川西小学校", "P29_005": "栃木県大田原市黒羽向町618", "P29_006": "3", "P29_007": "1", "P29_008": "00", "P29_009": null }, "geometry": { "type": "Point", "coordinates": [ 140.110760733894125, 36.86737769940374 ] } },
{ "type": "Feature", "properties": { "P29_001": "09210", "P29_002": "B109210003400", "P29_003": "16001", "P29_004": "大田原市立黒羽小学校", "P29_005": "栃木県大田原市黒羽田町525", "P29_006": "3", "P29_007": "1", "P29_008": "00", "P29_009": null }, "geometry": { "type": "Point", "coordinates": [ 140.124175515695242, 36.862346915680149 ] } },
{ "type": "Feature", "properties": { "P29_001": "09203", "P29_002": "B109210003419", "P29_003": "16001", "P29_004": "栃木市立寺尾小学校", "P29_005": "栃木県栃木市梅沢町1131-1", "P29_006": "3", "P29_007": "1", "P29_008": "00", "P29_009": null }, "geometry": { "type": "Point", "coordinates": [ 139.645845141408699, 36.444167698618713 ] } },
{ "type": "Feature", "properties": { "P29_001": "09407", "P29_002": "B109210003428", "P29_003": "16001", "P29_004": "那須町立田代友愛小学校", "P29_005": "栃木県那須郡那須町大字高久乙196-3", "P29_006": "3", "P29_007": "1", "P29_008": "00", "P29_009": null }, "geometry": { "type": "Point", "coordinates": [ 140.02569274230504, 37.02073007169588 ] } },
{ "type": "Feature", "properties": { "P29_001": "09407", "P29_002": "B109210003437", "P29_003": "16001", "P29_004": "那須町立那須高原小学校", "P29_005": "栃木県那須郡那須町大字高久丙1482", "P29_006": "3", "P29_007": "1", "P29_008": "00", "P29_009": null }, "geometry": { "type": "Point", "coordinates": [ 140.039063459674338, 37.057835463334065 ] } },
{ "type": "Feature", "properties": { "P29_001": "09407", "P29_002": "B109210003446", "P29_003": "16001", "P29_004": "那須町立黒田原小学校", "P29_005": "栃木県那須郡那須町大字寺子乙3968-1", "P29_006": "3", "P29_007": "1", "P29_008": "00", "P29_009": null }, "geometry": { "type": "Point", "coordinates": [ 140.122570044388198, 37.020328062643273 ] } },
{ "type": "Feature", "properties": { "P29_001": "09407", "P29_002": "B109210003455", "P29_003": "16001", "P29_004": "那須町立学びの森小学校", "P29_005": "栃木県那須郡那須町大字大島18-1", "P29_006": "3", "P29_007": "1", "P29_008": "00", "P29_009": null }, "geometry": { "type": "Point", "coordinates": [ 140.087310237627634, 37.045001314138688 ] } },
{ "type": "Feature", "properties": { "P29_001": "09407", "P29_002": "B109210003464", "P29_003": "16001", "P29_004": "那須町立東陽小学校", "P29_005": "栃木県那須郡那須町大字芦野100", "P29_006": "3", "P29_007": "1", "P29_008": "00", "P29_009": null }, "geometry": { "type": "Point", "coordinates": [ 140.159962889755093, 36.971152327074968 ] } },
{ "type": "Feature", "properties": { "P29_001": "09208", "P29_002": "B109210003473", "P29_003": "16001", "P29_004": "小山市立東城南小学校", "P29_005": "栃木県小山市東城南3-9-5", "P29_006": "3", "P29_007": "1", "P29_008": "00", "P29_009": null }, "geometry": { "type": "Point", "coordinates": [ 139.814887418789084, 36.292462926711607 ] } },
{ "type": "Feature", "properties": { "P29_001": "09203", "P29_002": "B109210003482", "P29_003": "16001", "P29_004": "栃木市立小野寺小学校", "P29_005": "栃木県栃木市岩舟町下岡646-5", "P29_006": "3", "P29_007": "1", "P29_008": "00", "P29_009": null }, "geometry": { "type": "Point", "coordinates": [ 139.633808061062723, 36.340108477011263 ] } },
{ "type": "Feature", "properties": { "P29_001": "09201", "P29_002": "B109210003491", "P29_003": "16001", "P29_004": "宇都宮市立ゆいの杜小学校", "P29_005": "栃木県宇都宮市ゆいの杜3-15-30", "P29_006": "3", "P29_007": "1", "P29_008": "00", "P29_009": null }, "geometry": { "type": "Point", "coordinates": [ 139.991572201424475, 36.571774481086955 ] } },
{ "type": "Feature", "properties": { "P29_001": "09208", "P29_002": "B109210003507", "P29_003": "16001", "P29_004": "小山市立豊田小学校", "P29_005": "栃木県小山市松沼416-1", "P29_006": "3", "P29_007": "1", "P29_008": "00", "P29_009": null }, "geometry": { "type": "Point", "coordinates": [ 139.783791991555574, 36.347943584599165 ] } },
{ "type": "Feature", "properties": { "P29_001": "09201", "P29_002": "B109310000018", "P29_003": "16001", "P29_004": "作新学院小学部", "P29_005": "栃木県宇都宮市一の沢1-1-41", "P29_006": "4", "P29_007": "1", "P29_008": "00", "P29_009": null }, "geometry": { "type": "Point", "coordinates": [ 139.858466170417444, 36.568772015239418 ] } }
]
}
