{
"type": "FeatureCollection",
"name": "geo_9_5",
"crs": { "type": "name", "properties": { "name": "urn:ogc:def:crs:OGC:1.3:CRS84" } },
"features": [
{ "type": "Feature", "properties": { "ID": 956092000012.0, "正式名称": "有限会社　渡辺キヨ薬局", "機関区分": 5, "都道府県コード": 9, "市区町村コード": 201, "所在地": "栃木県宇都宮市双葉３‐８‐４", "緯度": 36.529362, "経度": 139.858835, "url": "https://www.iryou.teikyouseido.mhlw.go.jp/znk-web/juminkanja/S2430/initialize?prefCd=09&kikanCd=6092000012&kikanKbn=5", "url2": null, "内容": "有限会社　渡辺キヨ薬局【5:薬局】栃木県宇都宮市双葉３‐８‐４" }, "geometry": { "type": "Point", "coordinates": [ 139.858835, 36.529362 ] } },
{ "type": "Feature", "properties": { "ID": 956092000014.0, "正式名称": "有限会社　スズメ薬局", "機関区分": 5, "都道府県コード": 9, "市区町村コード": 201, "所在地": "栃木県宇都宮市末広", "緯度": 36.483673, "経度": 139.872135, "url": "https://www.iryou.teikyouseido.mhlw.go.jp/znk-web/juminkanja/S2430/initialize?prefCd=09&kikanCd=6092000014&kikanKbn=5", "url2": "https://suzume-pharmacy.co.jp/", "内容": "有限会社　スズメ薬局【5:薬局】栃木県宇都宮市末広" }, "geometry": { "type": "Point", "coordinates": [ 139.872135, 36.483673 ] } },
{ "type": "Feature", "properties": { "ID": 956092000019.0, "正式名称": "有限会社　西海薬局", "機関区分": 5, "都道府県コード": 9, "市区町村コード": 201, "所在地": "栃木県宇都宮市宮本町１８番１０号", "緯度": 36.528862, "経度": 139.861407, "url": "https://www.iryou.teikyouseido.mhlw.go.jp/znk-web/juminkanja/S2430/initialize?prefCd=09&kikanCd=6092000019&kikanKbn=5", "url2": "http://www.ne.jp/asahi/nishiumi/p/", "内容": "有限会社　西海薬局【5:薬局】栃木県宇都宮市宮本町１８番１０号" }, "geometry": { "type": "Point", "coordinates": [ 139.861407, 36.528862 ] } },
{ "type": "Feature", "properties": { "ID": 956092000024.0, "正式名称": "本郷堂薬局", "機関区分": 5, "都道府県コード": 9, "市区町村コード": 201, "所在地": "栃木県宇都宮市南大通り１－４－２２", "緯度": 36.555796, "経度": 139.893489, "url": "https://www.iryou.teikyouseido.mhlw.go.jp/znk-web/juminkanja/S2430/initialize?prefCd=09&kikanCd=6092000024&kikanKbn=5", "url2": null, "内容": "本郷堂薬局【5:薬局】栃木県宇都宮市南大通り１－４－２２" }, "geometry": { "type": "Point", "coordinates": [ 139.893489, 36.555796 ] } },
{ "type": "Feature", "properties": { "ID": 956092000037.0, "正式名称": "有限会社　ケー・アンド・エス　さくら薬局", "機関区分": 5, "都道府県コード": 9, "市区町村コード": 201, "所在地": "栃木県宇都宮市松原２－４－６", "緯度": 36.572274, "経度": 139.871296, "url": "https://www.iryou.teikyouseido.mhlw.go.jp/znk-web/juminkanja/S2430/initialize?prefCd=09&kikanCd=6092000037&kikanKbn=5", "url2": null, "内容": "有限会社　ケー・アンド・エス　さくら薬局【5:薬局】栃木県宇都宮市松原２－４－６" }, "geometry": { "type": "Point", "coordinates": [ 139.871296, 36.572274 ] } },
{ "type": "Feature", "properties": { "ID": 956092000044.0, "正式名称": "くすの木薬局", "機関区分": 5, "都道府県コード": 9, "市区町村コード": 201, "所在地": "栃木県宇都宮市南大通り１－２－５", "緯度": 36.557155, "経度": 139.894917, "url": "https://www.iryou.teikyouseido.mhlw.go.jp/znk-web/juminkanja/S2430/initialize?prefCd=09&kikanCd=6092000044&kikanKbn=5", "url2": null, "内容": "くすの木薬局【5:薬局】栃木県宇都宮市南大通り１－２－５" }, "geometry": { "type": "Point", "coordinates": [ 139.894917, 36.557155 ] } },
{ "type": "Feature", "properties": { "ID": 956092000046.0, "正式名称": "フレンド薬局", "機関区分": 5, "都道府県コード": 9, "市区町村コード": 201, "所在地": "栃木県宇都宮市末広２丁目１－２２", "緯度": 36.482382, "経度": 139.872191, "url": "https://www.iryou.teikyouseido.mhlw.go.jp/znk-web/juminkanja/S2430/initialize?prefCd=09&kikanCd=6092000046&kikanKbn=5", "url2": "https://friend-pharmacy.co.jp", "内容": "フレンド薬局【5:薬局】栃木県宇都宮市末広２丁目１－２２" }, "geometry": { "type": "Point", "coordinates": [ 139.872191, 36.482382 ] } },
{ "type": "Feature", "properties": { "ID": 956092000053.0, "正式名称": "十字堂調剤薬局", "機関区分": 5, "都道府県コード": 9, "市区町村コード": 201, "所在地": "栃木県宇都宮市大塚町１２－３１", "緯度": 36.534439, "経度": 139.857993, "url": "https://www.iryou.teikyouseido.mhlw.go.jp/znk-web/juminkanja/S2430/initialize?prefCd=09&kikanCd=6092000053&kikanKbn=5", "url2": null, "内容": "十字堂調剤薬局【5:薬局】栃木県宇都宮市大塚町１２－３１" }, "geometry": { "type": "Point", "coordinates": [ 139.857993, 36.534439 ] } },
{ "type": "Feature", "properties": { "ID": 956092000055.0, "正式名称": "有限会社　富士ファーマシー　芙蓉薬局", "機関区分": 5, "都道府県コード": 9, "市区町村コード": 201, "所在地": "栃木県宇都宮市東宿郷", "緯度": 36.55883, "経度": 139.912826, "url": "https://www.iryou.teikyouseido.mhlw.go.jp/znk-web/juminkanja/S2430/initialize?prefCd=09&kikanCd=6092000055&kikanKbn=5", "url2": "http://www.fuji-pharm.com/", "内容": "有限会社　富士ファーマシー　芙蓉薬局【5:薬局】栃木県宇都宮市東宿郷" }, "geometry": { "type": "Point", "coordinates": [ 139.912826, 36.55883 ] } },
{ "type": "Feature", "properties": { "ID": 956092000057.0, "正式名称": "あい薬局", "機関区分": 5, "都道府県コード": 9, "市区町村コード": 201, "所在地": "栃木県宇都宮市中央１ー３－８", "緯度": 36.559093, "経度": 139.883668, "url": "https://www.iryou.teikyouseido.mhlw.go.jp/znk-web/juminkanja/S2430/initialize?prefCd=09&kikanCd=6092000057&kikanKbn=5", "url2": "http://www.p-nakayama.com", "内容": "あい薬局【5:薬局】栃木県宇都宮市中央１ー３－８" }, "geometry": { "type": "Point", "coordinates": [ 139.883668, 36.559093 ] } },
{ "type": "Feature", "properties": { "ID": 956092000062.0, "正式名称": "たんぽぽ薬局　今泉店", "機関区分": 5, "都道府県コード": 9, "市区町村コード": 201, "所在地": "栃木県宇都宮市今泉４－１６－２１", "緯度": 36.565037, "経度": 139.898832, "url": "https://www.iryou.teikyouseido.mhlw.go.jp/znk-web/juminkanja/S2430/initialize?prefCd=09&kikanCd=6092000062&kikanKbn=5", "url2": null, "内容": "たんぽぽ薬局　今泉店【5:薬局】栃木県宇都宮市今泉４－１６－２１" }, "geometry": { "type": "Point", "coordinates": [ 139.898832, 36.565037 ] } },
{ "type": "Feature", "properties": { "ID": 956092000065.0, "正式名称": "大垣薬局", "機関区分": 5, "都道府県コード": 9, "市区町村コード": 201, "所在地": "栃木県宇都宮市砥上町３４４－４", "緯度": 36.556659, "経度": 139.838846, "url": "https://www.iryou.teikyouseido.mhlw.go.jp/znk-web/juminkanja/S2430/initialize?prefCd=09&kikanCd=6092000065&kikanKbn=5", "url2": null, "内容": "大垣薬局【5:薬局】栃木県宇都宮市砥上町３４４－４" }, "geometry": { "type": "Point", "coordinates": [ 139.838846, 36.556659 ] } },
{ "type": "Feature", "properties": { "ID": 956092000067.0, "正式名称": "ミズイ薬局　清住店", "機関区分": 5, "都道府県コード": 9, "市区町村コード": 201, "所在地": "栃木県宇都宮市清住１－３－４１", "緯度": 36.565245, "経度": 139.877206, "url": "https://www.iryou.teikyouseido.mhlw.go.jp/znk-web/juminkanja/S2430/initialize?prefCd=09&kikanCd=6092000067&kikanKbn=5", "url2": null, "内容": "ミズイ薬局　清住店【5:薬局】栃木県宇都宮市清住１－３－４１" }, "geometry": { "type": "Point", "coordinates": [ 139.877206, 36.565245 ] } },
{ "type": "Feature", "properties": { "ID": 956092000068.0, "正式名称": "とちぎ薬局本店", "機関区分": 5, "都道府県コード": 9, "市区町村コード": 201, "所在地": "栃木県宇都宮市中戸祭１－７－２", "緯度": 36.579523, "経度": 139.869001, "url": "https://www.iryou.teikyouseido.mhlw.go.jp/znk-web/juminkanja/S2430/initialize?prefCd=09&kikanCd=6092000068&kikanKbn=5", "url2": "http://www.jp-group.co.jp", "内容": "とちぎ薬局本店【5:薬局】栃木県宇都宮市中戸祭１－７－２" }, "geometry": { "type": "Point", "coordinates": [ 139.869001, 36.579523 ] } },
{ "type": "Feature", "properties": { "ID": 956092000070.0, "正式名称": "有限会社　富士ファーマシー泉が丘薬局", "機関区分": 5, "都道府県コード": 9, "市区町村コード": 201, "所在地": "栃木県宇都宮市泉が丘７－３－２３", "緯度": 36.565763, "経度": 139.9194, "url": "https://www.iryou.teikyouseido.mhlw.go.jp/znk-web/juminkanja/S2430/initialize?prefCd=09&kikanCd=6092000070&kikanKbn=5", "url2": "http://www.fuji-pharm.com/", "内容": "有限会社　富士ファーマシー泉が丘薬局【5:薬局】栃木県宇都宮市泉が丘７－３－２３" }, "geometry": { "type": "Point", "coordinates": [ 139.9194, 36.565763 ] } },
{ "type": "Feature", "properties": { "ID": 956092000072.0, "正式名称": "プライム薬局　たかさご店", "機関区分": 5, "都道府県コード": 9, "市区町村コード": 201, "所在地": "栃木県宇都宮市南高砂町１１－２７", "緯度": 36.481517, "経度": 139.871275, "url": "https://www.iryou.teikyouseido.mhlw.go.jp/znk-web/juminkanja/S2430/initialize?prefCd=09&kikanCd=6092000072&kikanKbn=5", "url2": "http://www.prime-ph.co.jp", "内容": "プライム薬局　たかさご店【5:薬局】栃木県宇都宮市南高砂町１１－２７" }, "geometry": { "type": "Point", "coordinates": [ 139.871275, 36.481517 ] } },
{ "type": "Feature", "properties": { "ID": 956092000077.0, "正式名称": "セイムス下栗薬局", "機関区分": 5, "都道府県コード": 9, "市区町村コード": 201, "所在地": "栃木県宇都宮市下栗１－２１－１３", "緯度": 36.537115, "経度": 139.902062, "url": "https://www.iryou.teikyouseido.mhlw.go.jp/znk-web/juminkanja/S2430/initialize?prefCd=09&kikanCd=6092000077&kikanKbn=5", "url2": "http://www.fujiyakuhin.co.jp/", "内容": "セイムス下栗薬局【5:薬局】栃木県宇都宮市下栗１－２１－１３" }, "geometry": { "type": "Point", "coordinates": [ 139.902062, 36.537115 ] } },
{ "type": "Feature", "properties": { "ID": 956092000078.0, "正式名称": "竹林薬局", "機関区分": 5, "都道府県コード": 9, "市区町村コード": 201, "所在地": "栃木県宇都宮市竹林町５０３番地１", "緯度": 36.581269, "経度": 139.909589, "url": "https://www.iryou.teikyouseido.mhlw.go.jp/znk-web/juminkanja/S2430/initialize?prefCd=09&kikanCd=6092000078&kikanKbn=5", "url2": "https://www.ichiyama-ph.com/", "内容": "竹林薬局【5:薬局】栃木県宇都宮市竹林町５０３番地１" }, "geometry": { "type": "Point", "coordinates": [ 139.909589, 36.581269 ] } },
{ "type": "Feature", "properties": { "ID": 956092000079.0, "正式名称": "中央薬局", "機関区分": 5, "都道府県コード": 9, "市区町村コード": 201, "所在地": "栃木県宇都宮市南高砂町１１－２１", "緯度": 36.481868, "経度": 139.871585, "url": "https://www.iryou.teikyouseido.mhlw.go.jp/znk-web/juminkanja/S2430/initialize?prefCd=09&kikanCd=6092000079&kikanKbn=5", "url2": "http://www.power-p.co.jp", "内容": "中央薬局【5:薬局】栃木県宇都宮市南高砂町１１－２１" }, "geometry": { "type": "Point", "coordinates": [ 139.871585, 36.481868 ] } },
{ "type": "Feature", "properties": { "ID": 956092000080.0, "正式名称": "カワチ薬局　戸祭店", "機関区分": 5, "都道府県コード": 9, "市区町村コード": 201, "所在地": "栃木県宇都宮市上戸祭２－１－１２", "緯度": 36.587522, "経度": 139.864168, "url": "https://www.iryou.teikyouseido.mhlw.go.jp/znk-web/juminkanja/S2430/initialize?prefCd=09&kikanCd=6092000080&kikanKbn=5", "url2": "https://www.cawachi.co.jp", "内容": "カワチ薬局　戸祭店【5:薬局】栃木県宇都宮市上戸祭２－１－１２" }, "geometry": { "type": "Point", "coordinates": [ 139.864168, 36.587522 ] } },
{ "type": "Feature", "properties": { "ID": 956092000081.0, "正式名称": "ユニスマイル薬局国立宇都宮病院前店", "機関区分": 5, "都道府県コード": 9, "市区町村コード": 201, "所在地": "栃木県宇都宮市上野町７００２－４", "緯度": 36.59511, "経度": 139.937236, "url": "https://www.iryou.teikyouseido.mhlw.go.jp/znk-web/juminkanja/S2430/initialize?prefCd=09&kikanCd=6092000081&kikanKbn=5", "url2": "http://www.unismile.co.jp", "内容": "ユニスマイル薬局国立宇都宮病院前店【5:薬局】栃木県宇都宮市上野町７００２－４" }, "geometry": { "type": "Point", "coordinates": [ 139.937236, 36.59511 ] } },
{ "type": "Feature", "properties": { "ID": 956092000082.0, "正式名称": "ハーモニー薬局　柳田店", "機関区分": 5, "都道府県コード": 9, "市区町村コード": 201, "所在地": "栃木県宇都宮市柳田町１２８６－４", "緯度": 36.570136, "経度": 139.96304, "url": "https://www.iryou.teikyouseido.mhlw.go.jp/znk-web/juminkanja/S2430/initialize?prefCd=09&kikanCd=6092000082&kikanKbn=5", "url2": "http://www.i-harmony.jp/", "内容": "ハーモニー薬局　柳田店【5:薬局】栃木県宇都宮市柳田町１２８６－４" }, "geometry": { "type": "Point", "coordinates": [ 139.96304, 36.570136 ] } },
{ "type": "Feature", "properties": { "ID": 956092000085.0, "正式名称": "とちぎ薬局　駅東店", "機関区分": 5, "都道府県コード": 9, "市区町村コード": 201, "所在地": "栃木県宇都宮市元今泉４－２－２１", "緯度": 36.562304, "経度": 139.908018, "url": "https://www.iryou.teikyouseido.mhlw.go.jp/znk-web/juminkanja/S2430/initialize?prefCd=09&kikanCd=6092000085&kikanKbn=5", "url2": null, "内容": "とちぎ薬局　駅東店【5:薬局】栃木県宇都宮市元今泉４－２－２１" }, "geometry": { "type": "Point", "coordinates": [ 139.908018, 36.562304 ] } },
{ "type": "Feature", "properties": { "ID": 956092000088.0, "正式名称": "サン薬局", "機関区分": 5, "都道府県コード": 9, "市区町村コード": 201, "所在地": "栃木県宇都宮市石井町３００６", "緯度": 36.548313, "経度": 139.924692, "url": "https://www.iryou.teikyouseido.mhlw.go.jp/znk-web/juminkanja/S2430/initialize?prefCd=09&kikanCd=6092000088&kikanKbn=5", "url2": null, "内容": "サン薬局【5:薬局】栃木県宇都宮市石井町３００６" }, "geometry": { "type": "Point", "coordinates": [ 139.924692, 36.548313 ] } },
{ "type": "Feature", "properties": { "ID": 956092000090.0, "正式名称": "カルム薬局", "機関区分": 5, "都道府県コード": 9, "市区町村コード": 201, "所在地": "栃木県宇都宮市鶴田町１３６０－１", "緯度": 36.549874, "経度": 139.852154, "url": "https://www.iryou.teikyouseido.mhlw.go.jp/znk-web/juminkanja/S2430/initialize?prefCd=09&kikanCd=6092000090&kikanKbn=5", "url2": null, "内容": "カルム薬局【5:薬局】栃木県宇都宮市鶴田町１３６０－１" }, "geometry": { "type": "Point", "coordinates": [ 139.852154, 36.549874 ] } },
{ "type": "Feature", "properties": { "ID": 956092000093.0, "正式名称": "とちぎ薬局　関堀店", "機関区分": 5, "都道府県コード": 9, "市区町村コード": 201, "所在地": "栃木県宇都宮市関堀町９７０－９", "緯度": 36.602887, "経度": 139.897716, "url": "https://www.iryou.teikyouseido.mhlw.go.jp/znk-web/juminkanja/S2430/initialize?prefCd=09&kikanCd=6092000093&kikanKbn=5", "url2": "http://www.jp-group.co.jp", "内容": "とちぎ薬局　関堀店【5:薬局】栃木県宇都宮市関堀町９７０－９" }, "geometry": { "type": "Point", "coordinates": [ 139.897716, 36.602887 ] } },
{ "type": "Feature", "properties": { "ID": 956092000097.0, "正式名称": "ハーモニー薬局　西小学校前店", "機関区分": 5, "都道府県コード": 9, "市区町村コード": 201, "所在地": "栃木県宇都宮市西１ー１ー２５スカールフジ１０１", "緯度": 36.558818, "経度": 139.878637, "url": "https://www.iryou.teikyouseido.mhlw.go.jp/znk-web/juminkanja/S2430/initialize?prefCd=09&kikanCd=6092000097&kikanKbn=5", "url2": "http://www.i-harmony.jp", "内容": "ハーモニー薬局　西小学校前店【5:薬局】栃木県宇都宮市西１ー１ー２５スカールフジ１０１" }, "geometry": { "type": "Point", "coordinates": [ 139.878637, 36.558818 ] } },
{ "type": "Feature", "properties": { "ID": 956092000098.0, "正式名称": "ハーモニー薬局　北一の沢店", "機関区分": 5, "都道府県コード": 9, "市区町村コード": 201, "所在地": "栃木県宇都宮市北一の沢町４－１０　ジュネス・ガーデン１０５", "緯度": 36.569695, "経度": 139.865799, "url": "https://www.iryou.teikyouseido.mhlw.go.jp/znk-web/juminkanja/S2430/initialize?prefCd=09&kikanCd=6092000098&kikanKbn=5", "url2": "http://www.i-harmony.jp", "内容": "ハーモニー薬局　北一の沢店【5:薬局】栃木県宇都宮市北一の沢町４－１０　ジュネス・ガーデン１０５" }, "geometry": { "type": "Point", "coordinates": [ 139.865799, 36.569695 ] } },
{ "type": "Feature", "properties": { "ID": 956092000102.0, "正式名称": "中央薬局　はりがや店", "機関区分": 5, "都道府県コード": 9, "市区町村コード": 201, "所在地": "栃木県宇都宮市針ケ谷町５１７－８", "緯度": 36.490839, "経度": 139.85191, "url": "https://www.iryou.teikyouseido.mhlw.go.jp/znk-web/juminkanja/S2430/initialize?prefCd=09&kikanCd=6092000102&kikanKbn=5", "url2": "http://www.power-p.co.jp", "内容": "中央薬局　はりがや店【5:薬局】栃木県宇都宮市針ケ谷町５１７－８" }, "geometry": { "type": "Point", "coordinates": [ 139.85191, 36.490839 ] } },
{ "type": "Feature", "properties": { "ID": 956092000105.0, "正式名称": "サン薬局　駅東店", "機関区分": 5, "都道府県コード": 9, "市区町村コード": 201, "所在地": "栃木県宇都宮市東宿郷６－８－３", "緯度": 36.556169, "経度": 139.907794, "url": "https://www.iryou.teikyouseido.mhlw.go.jp/znk-web/juminkanja/S2430/initialize?prefCd=09&kikanCd=6092000105&kikanKbn=5", "url2": null, "内容": "サン薬局　駅東店【5:薬局】栃木県宇都宮市東宿郷６－８－３" }, "geometry": { "type": "Point", "coordinates": [ 139.907794, 36.556169 ] } },
{ "type": "Feature", "properties": { "ID": 956092000107.0, "正式名称": "やなぜ調剤薬局", "機関区分": 5, "都道府県コード": 9, "市区町村コード": 201, "所在地": "栃木県宇都宮市城東２丁目１３番２号", "緯度": 36.552564, "経度": 139.904502, "url": "https://www.iryou.teikyouseido.mhlw.go.jp/znk-web/juminkanja/S2430/initialize?prefCd=09&kikanCd=6092000107&kikanKbn=5", "url2": "http://www.pinokio-pharmacy.com/", "内容": "やなぜ調剤薬局【5:薬局】栃木県宇都宮市城東２丁目１３番２号" }, "geometry": { "type": "Point", "coordinates": [ 139.904502, 36.552564 ] } },
{ "type": "Feature", "properties": { "ID": 956092000108.0, "正式名称": "アルファーム薬局　一の沢店", "機関区分": 5, "都道府県コード": 9, "市区町村コード": 201, "所在地": "栃木県宇都宮市西一の沢町２－１０", "緯度": 36.568175, "経度": 139.862049, "url": "https://www.iryou.teikyouseido.mhlw.go.jp/znk-web/juminkanja/S2430/initialize?prefCd=09&kikanCd=6092000108&kikanKbn=5", "url2": "https://www.alpharm.co.jp/", "内容": "アルファーム薬局　一の沢店【5:薬局】栃木県宇都宮市西一の沢町２－１０" }, "geometry": { "type": "Point", "coordinates": [ 139.862049, 36.568175 ] } },
{ "type": "Feature", "properties": { "ID": 956092000111.0, "正式名称": "中央薬局　江曽島店", "機関区分": 5, "都道府県コード": 9, "市区町村コード": 201, "所在地": "栃木県宇都宮市江曽島３丁目７８５番５", "緯度": 36.528423, "経度": 139.86892, "url": "https://www.iryou.teikyouseido.mhlw.go.jp/znk-web/juminkanja/S2430/initialize?prefCd=09&kikanCd=6092000111&kikanKbn=5", "url2": "http://www.power-p.co.jp", "内容": "中央薬局　江曽島店【5:薬局】栃木県宇都宮市江曽島３丁目７８５番５" }, "geometry": { "type": "Point", "coordinates": [ 139.86892, 36.528423 ] } },
{ "type": "Feature", "properties": { "ID": 956092000113.0, "正式名称": "そうごう薬局　宇都宮店", "機関区分": 5, "都道府県コード": 9, "市区町村コード": 201, "所在地": "栃木県宇都宮市中戸祭１丁目８番２１号", "緯度": 36.579579, "経度": 139.868387, "url": "https://www.iryou.teikyouseido.mhlw.go.jp/znk-web/juminkanja/S2430/initialize?prefCd=09&kikanCd=6092000113&kikanKbn=5", "url2": "http://www.sogo-medical.co.jp", "内容": "そうごう薬局　宇都宮店【5:薬局】栃木県宇都宮市中戸祭１丁目８番２１号" }, "geometry": { "type": "Point", "coordinates": [ 139.868387, 36.579579 ] } },
{ "type": "Feature", "properties": { "ID": 956092000117.0, "正式名称": "有限会社　石崎薬局", "機関区分": 5, "都道府県コード": 9, "市区町村コード": 201, "所在地": "栃木県宇都宮市南大通り", "緯度": 36.557349, "経度": 139.894178, "url": "https://www.iryou.teikyouseido.mhlw.go.jp/znk-web/juminkanja/S2430/initialize?prefCd=09&kikanCd=6092000117&kikanKbn=5", "url2": "https://www.ph-ishizaki.com", "内容": "有限会社　石崎薬局【5:薬局】栃木県宇都宮市南大通り" }, "geometry": { "type": "Point", "coordinates": [ 139.894178, 36.557349 ] } },
{ "type": "Feature", "properties": { "ID": 956092000119.0, "正式名称": "アルファーム薬局　飯田店", "機関区分": 5, "都道府県コード": 9, "市区町村コード": 201, "所在地": "栃木県宇都宮市飯田町２５９－６３", "緯度": 36.563879, "経度": 139.814595, "url": "https://www.iryou.teikyouseido.mhlw.go.jp/znk-web/juminkanja/S2430/initialize?prefCd=09&kikanCd=6092000119&kikanKbn=5", "url2": "https://www.alpharm.co.jp/", "内容": "アルファーム薬局　飯田店【5:薬局】栃木県宇都宮市飯田町２５９－６３" }, "geometry": { "type": "Point", "coordinates": [ 139.814595, 36.563879 ] } },
{ "type": "Feature", "properties": { "ID": 956092000120.0, "正式名称": "ミント薬局　宇都宮駅前店", "機関区分": 5, "都道府県コード": 9, "市区町村コード": 201, "所在地": "栃木県宇都宮市東宿郷２－４－３宇都宮大塚ビル５Ｆ", "緯度": 36.55813, "経度": 139.901472, "url": "https://www.iryou.teikyouseido.mhlw.go.jp/znk-web/juminkanja/S2430/initialize?prefCd=09&kikanCd=6092000120&kikanKbn=5", "url2": "https://www.kurata-web.co.jp/shop_info/minto_f_utsunomiya.html", "内容": "ミント薬局　宇都宮駅前店【5:薬局】栃木県宇都宮市東宿郷２－４－３宇都宮大塚ビル５Ｆ" }, "geometry": { "type": "Point", "coordinates": [ 139.901472, 36.55813 ] } },
{ "type": "Feature", "properties": { "ID": 956092000121.0, "正式名称": "ＵＫ駒生薬局", "機関区分": 5, "都道府県コード": 9, "市区町村コード": 201, "所在地": "栃木県宇都宮市駒生町１３５９－９３", "緯度": 36.581595, "経度": 139.839834, "url": "https://www.iryou.teikyouseido.mhlw.go.jp/znk-web/juminkanja/S2430/initialize?prefCd=09&kikanCd=6092000121&kikanKbn=5", "url2": "https://www.kukmedical.com/uk%E9%A7%92%E7%94%9F%E8%96%AC%E5%B1%80", "内容": "ＵＫ駒生薬局【5:薬局】栃木県宇都宮市駒生町１３５９－９３" }, "geometry": { "type": "Point", "coordinates": [ 139.839834, 36.581595 ] } },
{ "type": "Feature", "properties": { "ID": 956092000124.0, "正式名称": "木の薬局　下荒針店", "機関区分": 5, "都道府県コード": 9, "市区町村コード": 201, "所在地": "栃木県宇都宮市下荒針町３３９６－８", "緯度": 36.570834, "経度": 139.835887, "url": "https://www.iryou.teikyouseido.mhlw.go.jp/znk-web/juminkanja/S2430/initialize?prefCd=09&kikanCd=6092000124&kikanKbn=5", "url2": "http://www.kinokusuri.com/", "内容": "木の薬局　下荒針店【5:薬局】栃木県宇都宮市下荒針町３３９６－８" }, "geometry": { "type": "Point", "coordinates": [ 139.835887, 36.570834 ] } },
{ "type": "Feature", "properties": { "ID": 956092000125.0, "正式名称": "ライム薬局", "機関区分": 5, "都道府県コード": 9, "市区町村コード": 201, "所在地": "栃木県宇都宮市簗瀬町２５６１－７", "緯度": 36.540679, "経度": 139.897336, "url": "https://www.iryou.teikyouseido.mhlw.go.jp/znk-web/juminkanja/S2430/initialize?prefCd=09&kikanCd=6092000125&kikanKbn=5", "url2": "http://www.mc-kanto.co.jp/", "内容": "ライム薬局【5:薬局】栃木県宇都宮市簗瀬町２５６１－７" }, "geometry": { "type": "Point", "coordinates": [ 139.897336, 36.540679 ] } },
{ "type": "Feature", "properties": { "ID": 956092000126.0, "正式名称": "フレンド薬局　星ノ宮", "機関区分": 5, "都道府県コード": 9, "市区町村コード": 201, "所在地": "栃木県宇都宮市屋板町１０８４－４", "緯度": 36.52038, "経度": 139.893449, "url": "https://www.iryou.teikyouseido.mhlw.go.jp/znk-web/juminkanja/S2430/initialize?prefCd=09&kikanCd=6092000126&kikanKbn=5", "url2": "https://friend-pharmacy.co.jp/", "内容": "フレンド薬局　星ノ宮【5:薬局】栃木県宇都宮市屋板町１０８４－４" }, "geometry": { "type": "Point", "coordinates": [ 139.893449, 36.52038 ] } },
{ "type": "Feature", "properties": { "ID": 956092000127.0, "正式名称": "とちぎ薬局　鶴田店", "機関区分": 5, "都道府県コード": 9, "市区町村コード": 201, "所在地": "栃木県宇都宮市鶴田町１５４４－２", "緯度": 36.549082, "経度": 139.846335, "url": "https://www.iryou.teikyouseido.mhlw.go.jp/znk-web/juminkanja/S2430/initialize?prefCd=09&kikanCd=6092000127&kikanKbn=5", "url2": "http://www.jp-group.co.jp", "内容": "とちぎ薬局　鶴田店【5:薬局】栃木県宇都宮市鶴田町１５４４－２" }, "geometry": { "type": "Point", "coordinates": [ 139.846335, 36.549082 ] } },
{ "type": "Feature", "properties": { "ID": 956092000129.0, "正式名称": "あおば薬局", "機関区分": 5, "都道府県コード": 9, "市区町村コード": 201, "所在地": "栃木県宇都宮市西川田本町１－８－２８", "緯度": 36.517066, "経度": 139.846525, "url": "https://www.iryou.teikyouseido.mhlw.go.jp/znk-web/juminkanja/S2430/initialize?prefCd=09&kikanCd=6092000129&kikanKbn=5", "url2": null, "内容": "あおば薬局【5:薬局】栃木県宇都宮市西川田本町１－８－２８" }, "geometry": { "type": "Point", "coordinates": [ 139.846525, 36.517066 ] } },
{ "type": "Feature", "properties": { "ID": 956092000130.0, "正式名称": "ミント薬局", "機関区分": 5, "都道府県コード": 9, "市区町村コード": 201, "所在地": "栃木県宇都宮市陽南３－１１－３９", "緯度": 36.535415, "経度": 139.869767, "url": "https://www.iryou.teikyouseido.mhlw.go.jp/znk-web/juminkanja/S2430/initialize?prefCd=09&kikanCd=6092000130&kikanKbn=5", "url2": "https://www.kurata-web.co.jp/shop_info/minto_f.html", "内容": "ミント薬局【5:薬局】栃木県宇都宮市陽南３－１１－３９" }, "geometry": { "type": "Point", "coordinates": [ 139.869767, 36.535415 ] } },
{ "type": "Feature", "properties": { "ID": 956092000132.0, "正式名称": "ピノキオ薬局　陽南店", "機関区分": 5, "都道府県コード": 9, "市区町村コード": 201, "所在地": "栃木県宇都宮市陽南　３－１１－４０", "緯度": 36.535556, "経度": 139.869717, "url": "https://www.iryou.teikyouseido.mhlw.go.jp/znk-web/juminkanja/S2430/initialize?prefCd=09&kikanCd=6092000132&kikanKbn=5", "url2": "http://www.pinokio-pharmacy.com/", "内容": "ピノキオ薬局　陽南店【5:薬局】栃木県宇都宮市陽南　３－１１－４０" }, "geometry": { "type": "Point", "coordinates": [ 139.869717, 36.535556 ] } },
{ "type": "Feature", "properties": { "ID": 956092000133.0, "正式名称": "ピノキオ薬局プラザ店", "機関区分": 5, "都道府県コード": 9, "市区町村コード": 201, "所在地": "栃木県宇都宮市竹林町９７３－３", "緯度": 36.576939, "経度": 139.895785, "url": "https://www.iryou.teikyouseido.mhlw.go.jp/znk-web/juminkanja/S2430/initialize?prefCd=09&kikanCd=6092000133&kikanKbn=5", "url2": "http://www.pinokio-pharmacy.com", "内容": "ピノキオ薬局プラザ店【5:薬局】栃木県宇都宮市竹林町９７３－３" }, "geometry": { "type": "Point", "coordinates": [ 139.895785, 36.576939 ] } },
{ "type": "Feature", "properties": { "ID": 956092000136.0, "正式名称": "中央薬局　兵庫塚店", "機関区分": 5, "都道府県コード": 9, "市区町村コード": 201, "所在地": "栃木県宇都宮市兵庫塚３－４１－３８　兵庫塚壱番館１０１号", "緯度": 36.494397, "経度": 139.855623, "url": "https://www.iryou.teikyouseido.mhlw.go.jp/znk-web/juminkanja/S2430/initialize?prefCd=09&kikanCd=6092000136&kikanKbn=5", "url2": "http://www.power-p.co.jp", "内容": "中央薬局　兵庫塚店【5:薬局】栃木県宇都宮市兵庫塚３－４１－３８　兵庫塚壱番館１０１号" }, "geometry": { "type": "Point", "coordinates": [ 139.855623, 36.494397 ] } },
{ "type": "Feature", "properties": { "ID": 956092000137.0, "正式名称": "中央薬局　鶴田店", "機関区分": 5, "都道府県コード": 9, "市区町村コード": 201, "所在地": "栃木県宇都宮市鶴田町１４８３－１", "緯度": 36.544469, "経度": 139.848195, "url": "https://www.iryou.teikyouseido.mhlw.go.jp/znk-web/juminkanja/S2430/initialize?prefCd=09&kikanCd=6092000137&kikanKbn=5", "url2": "http://www.power-p.co.jp/", "内容": "中央薬局　鶴田店【5:薬局】栃木県宇都宮市鶴田町１４８３－１" }, "geometry": { "type": "Point", "coordinates": [ 139.848195, 36.544469 ] } },
{ "type": "Feature", "properties": { "ID": 956092000138.0, "正式名称": "ハニュウ薬局西川田店", "機関区分": 5, "都道府県コード": 9, "市区町村コード": 201, "所在地": "栃木県宇都宮市西川田６－６－１６", "緯度": 36.508875, "経度": 139.856429, "url": "https://www.iryou.teikyouseido.mhlw.go.jp/znk-web/juminkanja/S2430/initialize?prefCd=09&kikanCd=6092000138&kikanKbn=5", "url2": "https://mydrug.co.jp/places/nishi-kawata/", "内容": "ハニュウ薬局西川田店【5:薬局】栃木県宇都宮市西川田６－６－１６" }, "geometry": { "type": "Point", "coordinates": [ 139.856429, 36.508875 ] } },
{ "type": "Feature", "properties": { "ID": 956092000139.0, "正式名称": "ミント薬局　東峰店", "機関区分": 5, "都道府県コード": 9, "市区町村コード": 201, "所在地": "栃木県宇都宮市東峰町２丁目６番７号", "緯度": 36.544576, "経度": 139.921279, "url": "https://www.iryou.teikyouseido.mhlw.go.jp/znk-web/juminkanja/S2430/initialize?prefCd=09&kikanCd=6092000139&kikanKbn=5", "url2": "https://www.kurata-web.co.jp/shop_info/minto_f_higashimine.html", "内容": "ミント薬局　東峰店【5:薬局】栃木県宇都宮市東峰町２丁目６番７号" }, "geometry": { "type": "Point", "coordinates": [ 139.921279, 36.544576 ] } },
{ "type": "Feature", "properties": { "ID": 956092000140.0, "正式名称": "雀宮アポス薬局", "機関区分": 5, "都道府県コード": 9, "市区町村コード": 201, "所在地": "栃木県宇都宮市雀の宮４－７－２７", "緯度": 36.492205, "経度": 139.868791, "url": "https://www.iryou.teikyouseido.mhlw.go.jp/znk-web/juminkanja/S2430/initialize?prefCd=09&kikanCd=6092000140&kikanKbn=5", "url2": null, "内容": "雀宮アポス薬局【5:薬局】栃木県宇都宮市雀の宮４－７－２７" }, "geometry": { "type": "Point", "coordinates": [ 139.868791, 36.492205 ] } },
{ "type": "Feature", "properties": { "ID": 956092000143.0, "正式名称": "カロン薬局", "機関区分": 5, "都道府県コード": 9, "市区町村コード": 201, "所在地": "栃木県宇都宮市御幸本町４７３２－３９", "緯度": 36.582745, "経度": 139.926531, "url": "https://www.iryou.teikyouseido.mhlw.go.jp/znk-web/juminkanja/S2430/initialize?prefCd=09&kikanCd=6092000143&kikanKbn=5", "url2": "https://pinokio-pharma.com/", "内容": "カロン薬局【5:薬局】栃木県宇都宮市御幸本町４７３２－３９" }, "geometry": { "type": "Point", "coordinates": [ 139.926531, 36.582745 ] } },
{ "type": "Feature", "properties": { "ID": 956092000144.0, "正式名称": "くるみ薬局", "機関区分": 5, "都道府県コード": 9, "市区町村コード": 201, "所在地": "栃木県宇都宮市南高砂町８－３８", "緯度": 36.48457, "経度": 139.869061, "url": "https://www.iryou.teikyouseido.mhlw.go.jp/znk-web/juminkanja/S2430/initialize?prefCd=09&kikanCd=6092000144&kikanKbn=5", "url2": null, "内容": "くるみ薬局【5:薬局】栃木県宇都宮市南高砂町８－３８" }, "geometry": { "type": "Point", "coordinates": [ 139.869061, 36.48457 ] } },
{ "type": "Feature", "properties": { "ID": 956092000145.0, "正式名称": "コスモ調剤薬局ＦＫＤ宇都宮店", "機関区分": 5, "都道府県コード": 9, "市区町村コード": 201, "所在地": "栃木県宇都宮市今泉町２３７　ＦＫＤショッピングプラザ２階", "緯度": 36.573639, "経度": 139.900237, "url": "https://www.iryou.teikyouseido.mhlw.go.jp/znk-web/juminkanja/S2430/initialize?prefCd=09&kikanCd=6092000145&kikanKbn=5", "url2": "http://www.cosmo-ph.co.jp/", "内容": "コスモ調剤薬局ＦＫＤ宇都宮店【5:薬局】栃木県宇都宮市今泉町２３７　ＦＫＤショッピングプラザ２階" }, "geometry": { "type": "Point", "coordinates": [ 139.900237, 36.573639 ] } },
{ "type": "Feature", "properties": { "ID": 956092000147.0, "正式名称": "どんぐり薬局", "機関区分": 5, "都道府県コード": 9, "市区町村コード": 201, "所在地": "栃木県宇都宮市竹林町８６５－１", "緯度": 36.576353, "経度": 139.897445, "url": "https://www.iryou.teikyouseido.mhlw.go.jp/znk-web/juminkanja/S2430/initialize?prefCd=09&kikanCd=6092000147&kikanKbn=5", "url2": null, "内容": "どんぐり薬局【5:薬局】栃木県宇都宮市竹林町８６５－１" }, "geometry": { "type": "Point", "coordinates": [ 139.897445, 36.576353 ] } },
{ "type": "Feature", "properties": { "ID": 956092000148.0, "正式名称": "とちぎ薬局瑞穂野店", "機関区分": 5, "都道府県コード": 9, "市区町村コード": 201, "所在地": "栃木県宇都宮市瑞穂２－１４－１６", "緯度": 36.508202, "経度": 139.918422, "url": "https://www.iryou.teikyouseido.mhlw.go.jp/znk-web/juminkanja/S2430/initialize?prefCd=09&kikanCd=6092000148&kikanKbn=5", "url2": "http://www.jp-group.co.jp", "内容": "とちぎ薬局瑞穂野店【5:薬局】栃木県宇都宮市瑞穂２－１４－１６" }, "geometry": { "type": "Point", "coordinates": [ 139.918422, 36.508202 ] } },
{ "type": "Feature", "properties": { "ID": 956092000152.0, "正式名称": "ウエルシア薬局　宇都宮平松本町店", "機関区分": 5, "都道府県コード": 9, "市区町村コード": 201, "所在地": "栃木県宇都宮市平松本町１２１７－５", "緯度": 36.539254, "経度": 139.906506, "url": "https://www.iryou.teikyouseido.mhlw.go.jp/znk-web/juminkanja/S2430/initialize?prefCd=09&kikanCd=6092000152&kikanKbn=5", "url2": "http://www.welcia-kanto.jp/", "内容": "ウエルシア薬局　宇都宮平松本町店【5:薬局】栃木県宇都宮市平松本町１２１７－５" }, "geometry": { "type": "Point", "coordinates": [ 139.906506, 36.539254 ] } },
{ "type": "Feature", "properties": { "ID": 956092000153.0, "正式名称": "ウエルシア薬局　宇都宮清原台店", "機関区分": 5, "都道府県コード": 9, "市区町村コード": 201, "所在地": "栃木県宇都宮市清原台１－１４ー１", "緯度": 36.564629, "経度": 139.986096, "url": "https://www.iryou.teikyouseido.mhlw.go.jp/znk-web/juminkanja/S2430/initialize?prefCd=09&kikanCd=6092000153&kikanKbn=5", "url2": "http://www.welcia-yakkyoku.co.jp/", "内容": "ウエルシア薬局　宇都宮清原台店【5:薬局】栃木県宇都宮市清原台１－１４ー１" }, "geometry": { "type": "Point", "coordinates": [ 139.986096, 36.564629 ] } },
{ "type": "Feature", "properties": { "ID": 956092000154.0, "正式名称": "ミント薬局平松本町店", "機関区分": 5, "都道府県コード": 9, "市区町村コード": 201, "所在地": "栃木県宇都宮市平松本町３６５番地１７", "緯度": 36.544825, "経度": 139.908963, "url": "https://www.iryou.teikyouseido.mhlw.go.jp/znk-web/juminkanja/S2430/initialize?prefCd=09&kikanCd=6092000154&kikanKbn=5", "url2": "https://www.kurata-web.co.jp/shop_info/minto_f_hiramatsuhoncho.html", "内容": "ミント薬局平松本町店【5:薬局】栃木県宇都宮市平松本町３６５番地１７" }, "geometry": { "type": "Point", "coordinates": [ 139.908963, 36.544825 ] } },
{ "type": "Feature", "properties": { "ID": 956092000155.0, "正式名称": "ウエルシア薬局宇都宮戸祭店", "機関区分": 5, "都道府県コード": 9, "市区町村コード": 201, "所在地": "栃木県宇都宮市戸祭町３０２２", "緯度": 36.575377, "経度": 139.87677, "url": "https://www.iryou.teikyouseido.mhlw.go.jp/znk-web/juminkanja/S2430/initialize?prefCd=09&kikanCd=6092000155&kikanKbn=5", "url2": "http://www.welcia-yakkyoku.co.jp/", "内容": "ウエルシア薬局宇都宮戸祭店【5:薬局】栃木県宇都宮市戸祭町３０２２" }, "geometry": { "type": "Point", "coordinates": [ 139.87677, 36.575377 ] } },
{ "type": "Feature", "properties": { "ID": 956092000156.0, "正式名称": "ウエルシア薬局宇都宮越戸店", "機関区分": 5, "都道府県コード": 9, "市区町村コード": 201, "所在地": "栃木県宇都宮市越戸３－１２－３", "緯度": 36.569694, "経度": 139.924257, "url": "https://www.iryou.teikyouseido.mhlw.go.jp/znk-web/juminkanja/S2430/initialize?prefCd=09&kikanCd=6092000156&kikanKbn=5", "url2": "http://www.welcia-kanto.jp", "内容": "ウエルシア薬局宇都宮越戸店【5:薬局】栃木県宇都宮市越戸３－１２－３" }, "geometry": { "type": "Point", "coordinates": [ 139.924257, 36.569694 ] } },
{ "type": "Feature", "properties": { "ID": 956092000158.0, "正式名称": "ホーム薬局", "機関区分": 5, "都道府県コード": 9, "市区町村コード": 201, "所在地": "栃木県宇都宮市宿郷１－１５－９細井ビル１Ｆ", "緯度": 36.555083, "経度": 139.901086, "url": "https://www.iryou.teikyouseido.mhlw.go.jp/znk-web/juminkanja/S2430/initialize?prefCd=09&kikanCd=6092000158&kikanKbn=5", "url2": "http://www.pinokio-pharmacy.com/", "内容": "ホーム薬局【5:薬局】栃木県宇都宮市宿郷１－１５－９細井ビル１Ｆ" }, "geometry": { "type": "Point", "coordinates": [ 139.901086, 36.555083 ] } },
{ "type": "Feature", "properties": { "ID": 956092000159.0, "正式名称": "レインボー薬局　宝木店", "機関区分": 5, "都道府県コード": 9, "市区町村コード": 201, "所在地": "栃木県宇都宮市宝木町二丁目１０１７－１０", "緯度": 36.59108, "経度": 139.844836, "url": "https://www.iryou.teikyouseido.mhlw.go.jp/znk-web/juminkanja/S2430/initialize?prefCd=09&kikanCd=6092000159&kikanKbn=5", "url2": null, "内容": "レインボー薬局　宝木店【5:薬局】栃木県宇都宮市宝木町二丁目１０１７－１０" }, "geometry": { "type": "Point", "coordinates": [ 139.844836, 36.59108 ] } },
{ "type": "Feature", "properties": { "ID": 956092000161.0, "正式名称": "つるた薬局", "機関区分": 5, "都道府県コード": 9, "市区町村コード": 201, "所在地": "栃木県宇都宮市西川田町１０６５－３０", "緯度": 36.538327, "経度": 139.856532, "url": "https://www.iryou.teikyouseido.mhlw.go.jp/znk-web/juminkanja/S2430/initialize?prefCd=09&kikanCd=6092000161&kikanKbn=5", "url2": null, "内容": "つるた薬局【5:薬局】栃木県宇都宮市西川田町１０６５－３０" }, "geometry": { "type": "Point", "coordinates": [ 139.856532, 36.538327 ] } },
{ "type": "Feature", "properties": { "ID": 956092000165.0, "正式名称": "アトム薬局", "機関区分": 5, "都道府県コード": 9, "市区町村コード": 201, "所在地": "栃木県宇都宮市岩曽町９０７－３", "緯度": 36.585519, "経度": 139.9045, "url": "https://www.iryou.teikyouseido.mhlw.go.jp/znk-web/juminkanja/S2430/initialize?prefCd=09&kikanCd=6092000165&kikanKbn=5", "url2": "http://m-medical.co.jp/", "内容": "アトム薬局【5:薬局】栃木県宇都宮市岩曽町９０７－３" }, "geometry": { "type": "Point", "coordinates": [ 139.9045, 36.585519 ] } },
{ "type": "Feature", "properties": { "ID": 956092000166.0, "正式名称": "株式会社　エフアンドエフ　栗の木薬局", "機関区分": 5, "都道府県コード": 9, "市区町村コード": 201, "所在地": "栃木県宇都宮市下栗町１５０３番地４", "緯度": 36.535391, "経度": 139.897722, "url": "https://www.iryou.teikyouseido.mhlw.go.jp/znk-web/juminkanja/S2430/initialize?prefCd=09&kikanCd=6092000166&kikanKbn=5", "url2": "http://www.e-ff.jp/tenpo/kurinoki.html", "内容": "株式会社　エフアンドエフ　栗の木薬局【5:薬局】栃木県宇都宮市下栗町１５０３番地４" }, "geometry": { "type": "Point", "coordinates": [ 139.897722, 36.535391 ] } },
{ "type": "Feature", "properties": { "ID": 956092000168.0, "正式名称": "花・花薬局岩曽店", "機関区分": 5, "都道府県コード": 9, "市区町村コード": 201, "所在地": "栃木県宇都宮市岩曽町１０８７－２", "緯度": 36.580808, "経度": 139.899256, "url": "https://www.iryou.teikyouseido.mhlw.go.jp/znk-web/juminkanja/S2430/initialize?prefCd=09&kikanCd=6092000168&kikanKbn=5", "url2": "http://www.e-ff.jp/tenpo/wakaba.html", "内容": "花・花薬局岩曽店【5:薬局】栃木県宇都宮市岩曽町１０８７－２" }, "geometry": { "type": "Point", "coordinates": [ 139.899256, 36.580808 ] } },
{ "type": "Feature", "properties": { "ID": 956092000170.0, "正式名称": "一條薬局", "機関区分": 5, "都道府県コード": 9, "市区町村コード": 201, "所在地": "栃木県宇都宮市中央本町３－１１", "緯度": 36.558324, "経度": 139.88485, "url": "https://www.iryou.teikyouseido.mhlw.go.jp/znk-web/juminkanja/S2430/initialize?prefCd=09&kikanCd=6092000170&kikanKbn=5", "url2": null, "内容": "一條薬局【5:薬局】栃木県宇都宮市中央本町３－１１" }, "geometry": { "type": "Point", "coordinates": [ 139.88485, 36.558324 ] } },
{ "type": "Feature", "properties": { "ID": 956092000171.0, "正式名称": "とちのき薬局", "機関区分": 5, "都道府県コード": 9, "市区町村コード": 201, "所在地": "栃木県宇都宮市竹林町８８８－５", "緯度": 36.577131, "経度": 139.896399, "url": "https://www.iryou.teikyouseido.mhlw.go.jp/znk-web/juminkanja/S2430/initialize?prefCd=09&kikanCd=6092000171&kikanKbn=5", "url2": "http://www.pharm.co.jp/", "内容": "とちのき薬局【5:薬局】栃木県宇都宮市竹林町８８８－５" }, "geometry": { "type": "Point", "coordinates": [ 139.896399, 36.577131 ] } },
{ "type": "Feature", "properties": { "ID": 956092000172.0, "正式名称": "有限会社富士ファーマシーやしお薬局", "機関区分": 5, "都道府県コード": 9, "市区町村コード": 201, "所在地": "栃木県宇都宮市元今泉６丁目１４番３号", "緯度": 36.560314, "経度": 139.914042, "url": "https://www.iryou.teikyouseido.mhlw.go.jp/znk-web/juminkanja/S2430/initialize?prefCd=09&kikanCd=6092000172&kikanKbn=5", "url2": "http://www.fuji-pharm.com/", "内容": "有限会社富士ファーマシーやしお薬局【5:薬局】栃木県宇都宮市元今泉６丁目１４番３号" }, "geometry": { "type": "Point", "coordinates": [ 139.914042, 36.560314 ] } },
{ "type": "Feature", "properties": { "ID": 956092000174.0, "正式名称": "とちぎ薬局　平松本町店", "機関区分": 5, "都道府県コード": 9, "市区町村コード": 201, "所在地": "栃木県宇都宮市平松本町３２６－５", "緯度": 36.54535, "経度": 139.907558, "url": "https://www.iryou.teikyouseido.mhlw.go.jp/znk-web/juminkanja/S2430/initialize?prefCd=09&kikanCd=6092000174&kikanKbn=5", "url2": "http://www.jp-group.co.jp", "内容": "とちぎ薬局　平松本町店【5:薬局】栃木県宇都宮市平松本町３２６－５" }, "geometry": { "type": "Point", "coordinates": [ 139.907558, 36.54535 ] } },
{ "type": "Feature", "properties": { "ID": 956092000175.0, "正式名称": "ふくろう薬局", "機関区分": 5, "都道府県コード": 9, "市区町村コード": 201, "所在地": "栃木県宇都宮市伝馬町４番３２号　大造ビル１階", "緯度": 36.561748, "経度": 139.875818, "url": "https://www.iryou.teikyouseido.mhlw.go.jp/znk-web/juminkanja/S2430/initialize?prefCd=09&kikanCd=6092000175&kikanKbn=5", "url2": "http://www.hukurou-pharmacy.co.jp/", "内容": "ふくろう薬局【5:薬局】栃木県宇都宮市伝馬町４番３２号　大造ビル１階" }, "geometry": { "type": "Point", "coordinates": [ 139.875818, 36.561748 ] } },
{ "type": "Feature", "properties": { "ID": 956092000176.0, "正式名称": "カワチ薬局　若松原店", "機関区分": 5, "都道府県コード": 9, "市区町村コード": 201, "所在地": "栃木県宇都宮市北若松原１－１７－１７", "緯度": 36.506006, "経度": 139.86773, "url": "https://www.iryou.teikyouseido.mhlw.go.jp/znk-web/juminkanja/S2430/initialize?prefCd=09&kikanCd=6092000176&kikanKbn=5", "url2": "https://www.cawachi.co.jp", "内容": "カワチ薬局　若松原店【5:薬局】栃木県宇都宮市北若松原１－１７－１７" }, "geometry": { "type": "Point", "coordinates": [ 139.86773, 36.506006 ] } },
{ "type": "Feature", "properties": { "ID": 956092000181.0, "正式名称": "有限会社山中薬局", "機関区分": 5, "都道府県コード": 9, "市区町村コード": 203, "所在地": "栃木県栃木市西方町金崎３１７番地１", "緯度": 36.467852, "経度": 139.748987, "url": "https://www.iryou.teikyouseido.mhlw.go.jp/znk-web/juminkanja/S2430/initialize?prefCd=09&kikanCd=6092000181&kikanKbn=5", "url2": null, "内容": "有限会社山中薬局【5:薬局】栃木県栃木市西方町金崎３１７番地１" }, "geometry": { "type": "Point", "coordinates": [ 139.748987, 36.467852 ] } },
{ "type": "Feature", "properties": { "ID": 956092000185.0, "正式名称": "有限会社長谷川薬局", "機関区分": 5, "都道府県コード": 9, "市区町村コード": 206, "所在地": "栃木県日光市今市７１３", "緯度": 36.724791, "経度": 139.687243, "url": "https://www.iryou.teikyouseido.mhlw.go.jp/znk-web/juminkanja/S2430/initialize?prefCd=09&kikanCd=6092000185&kikanKbn=5", "url2": "https://www.hasekusuri.com/", "内容": "有限会社長谷川薬局【5:薬局】栃木県日光市今市７１３" }, "geometry": { "type": "Point", "coordinates": [ 139.687243, 36.724791 ] } },
{ "type": "Feature", "properties": { "ID": 956092000188.0, "正式名称": "株式会社保健堂鳥居薬局", "機関区分": 5, "都道府県コード": 9, "市区町村コード": 205, "所在地": "栃木県鹿沼市上田町１９６８", "緯度": 36.567244, "経度": 139.752248, "url": "https://www.iryou.teikyouseido.mhlw.go.jp/znk-web/juminkanja/S2430/initialize?prefCd=09&kikanCd=6092000188&kikanKbn=5", "url2": "http://www.toriiyakkyoku.jp/", "内容": "株式会社保健堂鳥居薬局【5:薬局】栃木県鹿沼市上田町１９６８" }, "geometry": { "type": "Point", "coordinates": [ 139.752248, 36.567244 ] } },
{ "type": "Feature", "properties": { "ID": 956092000195.0, "正式名称": "邦證堂薬局", "機関区分": 5, "都道府県コード": 9, "市区町村コード": 205, "所在地": "栃木県鹿沼市上野町１２９－４", "緯度": 36.56991, "経度": 139.760105, "url": "https://www.iryou.teikyouseido.mhlw.go.jp/znk-web/juminkanja/S2430/initialize?prefCd=09&kikanCd=6092000195&kikanKbn=5", "url2": null, "内容": "邦證堂薬局【5:薬局】栃木県鹿沼市上野町１２９－４" }, "geometry": { "type": "Point", "coordinates": [ 139.760105, 36.56991 ] } },
{ "type": "Feature", "properties": { "ID": 956092000202.0, "正式名称": "有限会社飯沼薬局", "機関区分": 5, "都道府県コード": 9, "市区町村コード": 205, "所在地": "栃木県鹿沼市麻苧町１５９１", "緯度": 36.563579, "経度": 139.745387, "url": "https://www.iryou.teikyouseido.mhlw.go.jp/znk-web/juminkanja/S2430/initialize?prefCd=09&kikanCd=6092000202&kikanKbn=5", "url2": null, "内容": "有限会社飯沼薬局【5:薬局】栃木県鹿沼市麻苧町１５９１" }, "geometry": { "type": "Point", "coordinates": [ 139.745387, 36.563579 ] } },
{ "type": "Feature", "properties": { "ID": 956092000204.0, "正式名称": "きすげ薬局", "機関区分": 5, "都道府県コード": 9, "市区町村コード": 206, "所在地": "栃木県日光市石屋町２－６", "緯度": 36.74793, "経度": 139.615511, "url": "https://www.iryou.teikyouseido.mhlw.go.jp/znk-web/juminkanja/S2430/initialize?prefCd=09&kikanCd=6092000204&kikanKbn=5", "url2": "http://www.p-nakayama.com", "内容": "きすげ薬局【5:薬局】栃木県日光市石屋町２－６" }, "geometry": { "type": "Point", "coordinates": [ 139.615511, 36.74793 ] } },
{ "type": "Feature", "properties": { "ID": 956092000206.0, "正式名称": "マロニエ薬局", "機関区分": 5, "都道府県コード": 9, "市区町村コード": 206, "所在地": "栃木県日光市森友８０８－４", "緯度": 36.721108, "経度": 139.712491, "url": "https://www.iryou.teikyouseido.mhlw.go.jp/znk-web/juminkanja/S2430/initialize?prefCd=09&kikanCd=6092000206&kikanKbn=5", "url2": null, "内容": "マロニエ薬局【5:薬局】栃木県日光市森友８０８－４" }, "geometry": { "type": "Point", "coordinates": [ 139.712491, 36.721108 ] } },
{ "type": "Feature", "properties": { "ID": 956092000207.0, "正式名称": "株式会社アルファーム今市店薬局", "機関区分": 5, "都道府県コード": 9, "市区町村コード": 206, "所在地": "栃木県日光市今市６７１", "緯度": 36.726294, "経度": 139.686735, "url": "https://www.iryou.teikyouseido.mhlw.go.jp/znk-web/juminkanja/S2430/initialize?prefCd=09&kikanCd=6092000207&kikanKbn=5", "url2": "https://www.alpharm.co.jp/", "内容": "株式会社アルファーム今市店薬局【5:薬局】栃木県日光市今市６７１" }, "geometry": { "type": "Point", "coordinates": [ 139.686735, 36.726294 ] } },
{ "type": "Feature", "properties": { "ID": 956092000213.0, "正式名称": "けんこう薬局　みどり店", "機関区分": 5, "都道府県コード": 9, "市区町村コード": 205, "所在地": "栃木県鹿沼市緑町２－１ー３１", "緯度": 36.557762, "経度": 139.773583, "url": "https://www.iryou.teikyouseido.mhlw.go.jp/znk-web/juminkanja/S2430/initialize?prefCd=09&kikanCd=6092000213&kikanKbn=5", "url2": "http://kenkou.herokuapp.com/", "内容": "けんこう薬局　みどり店【5:薬局】栃木県鹿沼市緑町２－１ー３１" }, "geometry": { "type": "Point", "coordinates": [ 139.773583, 36.557762 ] } },
{ "type": "Feature", "properties": { "ID": 956092000214.0, "正式名称": "つくも薬局万町", "機関区分": 5, "都道府県コード": 9, "市区町村コード": 205, "所在地": "栃木県鹿沼市万町９３７番地３　ＴＫビル２　１階", "緯度": 36.557206, "経度": 139.748737, "url": "https://www.iryou.teikyouseido.mhlw.go.jp/znk-web/juminkanja/S2430/initialize?prefCd=09&kikanCd=6092000214&kikanKbn=5", "url2": "https://tsukumoyakkyoku.co.jp/", "内容": "つくも薬局万町【5:薬局】栃木県鹿沼市万町９３７番地３　ＴＫビル２　１階" }, "geometry": { "type": "Point", "coordinates": [ 139.748737, 36.557206 ] } },
{ "type": "Feature", "properties": { "ID": 956092000217.0, "正式名称": "すぎなみ薬局", "機関区分": 5, "都道府県コード": 9, "市区町村コード": 206, "所在地": "栃木県日光市荊沢６００ー３５", "緯度": 36.725692, "経度": 139.72379, "url": "https://www.iryou.teikyouseido.mhlw.go.jp/znk-web/juminkanja/S2430/initialize?prefCd=09&kikanCd=6092000217&kikanKbn=5", "url2": "http://www.p-nakayama.com/chozai/suginami.htm", "内容": "すぎなみ薬局【5:薬局】栃木県日光市荊沢６００ー３５" }, "geometry": { "type": "Point", "coordinates": [ 139.72379, 36.725692 ] } },
{ "type": "Feature", "properties": { "ID": 956092000222.0, "正式名称": "つくも薬局西茂呂", "機関区分": 5, "都道府県コード": 9, "市区町村コード": 205, "所在地": "栃木県鹿沼市西茂呂４－４６－２", "緯度": 36.543695, "経度": 139.767494, "url": "https://www.iryou.teikyouseido.mhlw.go.jp/znk-web/juminkanja/S2430/initialize?prefCd=09&kikanCd=6092000222&kikanKbn=5", "url2": "http://tsukumoyakkyoku.co.jp/", "内容": "つくも薬局西茂呂【5:薬局】栃木県鹿沼市西茂呂４－４６－２" }, "geometry": { "type": "Point", "coordinates": [ 139.767494, 36.543695 ] } },
{ "type": "Feature", "properties": { "ID": 956092000224.0, "正式名称": "ピノキオ薬局鹿沼店", "機関区分": 5, "都道府県コード": 9, "市区町村コード": 205, "所在地": "栃木県鹿沼市仲町１７００－４", "緯度": 36.564033, "経度": 139.74679, "url": "https://www.iryou.teikyouseido.mhlw.go.jp/znk-web/juminkanja/S2430/initialize?prefCd=09&kikanCd=6092000224&kikanKbn=5", "url2": "http://www.pinokio-pharmacy.com/", "内容": "ピノキオ薬局鹿沼店【5:薬局】栃木県鹿沼市仲町１７００－４" }, "geometry": { "type": "Point", "coordinates": [ 139.74679, 36.564033 ] } },
{ "type": "Feature", "properties": { "ID": 956092000225.0, "正式名称": "はせがわ調剤薬局　今市本町店", "機関区分": 5, "都道府県コード": 9, "市区町村コード": 206, "所在地": "栃木県日光市今市本町２８－３　ロードサイドツリービル１Ｆ", "緯度": 36.716389, "経度": 139.699129, "url": "https://www.iryou.teikyouseido.mhlw.go.jp/znk-web/juminkanja/S2430/initialize?prefCd=09&kikanCd=6092000225&kikanKbn=5", "url2": "https://www.hasekusuri.com", "内容": "はせがわ調剤薬局　今市本町店【5:薬局】栃木県日光市今市本町２８－３　ロードサイドツリービル１Ｆ" }, "geometry": { "type": "Point", "coordinates": [ 139.699129, 36.716389 ] } },
{ "type": "Feature", "properties": { "ID": 956092000226.0, "正式名称": "サン調剤薬局", "機関区分": 5, "都道府県コード": 9, "市区町村コード": 206, "所在地": "栃木県日光市木和田島２３５８－６", "緯度": 36.680769, "経度": 139.75303, "url": "https://www.iryou.teikyouseido.mhlw.go.jp/znk-web/juminkanja/S2430/initialize?prefCd=09&kikanCd=6092000226&kikanKbn=5", "url2": "https://sunpharmacies.co.jp/", "内容": "サン調剤薬局【5:薬局】栃木県日光市木和田島２３５８－６" }, "geometry": { "type": "Point", "coordinates": [ 139.75303, 36.680769 ] } },
{ "type": "Feature", "properties": { "ID": 956092000227.0, "正式名称": "もみのき薬局", "機関区分": 5, "都道府県コード": 9, "市区町村コード": 205, "所在地": "栃木県鹿沼市樅山町５０－１", "緯度": 36.532437, "経度": 139.749279, "url": "https://www.iryou.teikyouseido.mhlw.go.jp/znk-web/juminkanja/S2430/initialize?prefCd=09&kikanCd=6092000227&kikanKbn=5", "url2": "http://www.pharm.co.jp", "内容": "もみのき薬局【5:薬局】栃木県鹿沼市樅山町５０－１" }, "geometry": { "type": "Point", "coordinates": [ 139.749279, 36.532437 ] } },
{ "type": "Feature", "properties": { "ID": 956092000228.0, "正式名称": "とちぎ薬局日光店", "機関区分": 5, "都道府県コード": 9, "市区町村コード": 206, "所在地": "栃木県日光市久次良町１７７１番地", "緯度": 36.749695, "経度": 139.577381, "url": "https://www.iryou.teikyouseido.mhlw.go.jp/znk-web/juminkanja/S2430/initialize?prefCd=09&kikanCd=6092000228&kikanKbn=5", "url2": "http://www.jp-group.co.jp", "内容": "とちぎ薬局日光店【5:薬局】栃木県日光市久次良町１７７１番地" }, "geometry": { "type": "Point", "coordinates": [ 139.577381, 36.749695 ] } },
{ "type": "Feature", "properties": { "ID": 956092000229.0, "正式名称": "けやき薬局", "機関区分": 5, "都道府県コード": 9, "市区町村コード": 205, "所在地": "栃木県鹿沼市西茂呂３丁目５２－１５", "緯度": 36.546363, "経度": 139.770155, "url": "https://www.iryou.teikyouseido.mhlw.go.jp/znk-web/juminkanja/S2430/initialize?prefCd=09&kikanCd=6092000229&kikanKbn=5", "url2": null, "内容": "けやき薬局【5:薬局】栃木県鹿沼市西茂呂３丁目５２－１５" }, "geometry": { "type": "Point", "coordinates": [ 139.770155, 36.546363 ] } },
{ "type": "Feature", "properties": { "ID": 956092000235.0, "正式名称": "おおさわ薬局", "機関区分": 5, "都道府県コード": 9, "市区町村コード": 206, "所在地": "栃木県日光市山口８６５－６", "緯度": 36.693849, "経度": 139.769284, "url": "https://www.iryou.teikyouseido.mhlw.go.jp/znk-web/juminkanja/S2430/initialize?prefCd=09&kikanCd=6092000235&kikanKbn=5", "url2": null, "内容": "おおさわ薬局【5:薬局】栃木県日光市山口８６５－６" }, "geometry": { "type": "Point", "coordinates": [ 139.769284, 36.693849 ] } },
{ "type": "Feature", "properties": { "ID": 956092000239.0, "正式名称": "ぞうさん薬局", "機関区分": 5, "都道府県コード": 9, "市区町村コード": 206, "所在地": "栃木県日光市今市８２５―４", "緯度": 36.724319, "経度": 139.692965, "url": "https://www.iryou.teikyouseido.mhlw.go.jp/znk-web/juminkanja/S2430/initialize?prefCd=09&kikanCd=6092000239&kikanKbn=5", "url2": "https://e-ff.jp/", "内容": "ぞうさん薬局【5:薬局】栃木県日光市今市８２５―４" }, "geometry": { "type": "Point", "coordinates": [ 139.692965, 36.724319 ] } },
{ "type": "Feature", "properties": { "ID": 956092000241.0, "正式名称": "有限会社皇漢堂薬局", "機関区分": 5, "都道府県コード": 9, "市区町村コード": 206, "所在地": "栃木県日光市瀬川２１３", "緯度": 36.728913, "経度": 139.685992, "url": "https://www.iryou.teikyouseido.mhlw.go.jp/znk-web/juminkanja/S2430/initialize?prefCd=09&kikanCd=6092000241&kikanKbn=5", "url2": "http://nttbj.itp.ne.jp/0288210949/", "内容": "有限会社皇漢堂薬局【5:薬局】栃木県日光市瀬川２１３" }, "geometry": { "type": "Point", "coordinates": [ 139.685992, 36.728913 ] } },
{ "type": "Feature", "properties": { "ID": 956092000242.0, "正式名称": "りんご薬局", "機関区分": 5, "都道府県コード": 9, "市区町村コード": 206, "所在地": "栃木県日光市木和田島３０４１－１", "緯度": 36.692566, "経度": 139.741921, "url": "https://www.iryou.teikyouseido.mhlw.go.jp/znk-web/juminkanja/S2430/initialize?prefCd=09&kikanCd=6092000242&kikanKbn=5", "url2": "https://www.mt-pharma.info/", "内容": "りんご薬局【5:薬局】栃木県日光市木和田島３０４１－１" }, "geometry": { "type": "Point", "coordinates": [ 139.741921, 36.692566 ] } },
{ "type": "Feature", "properties": { "ID": 956092000243.0, "正式名称": "ピノキオ薬局　鹿沼南店", "機関区分": 5, "都道府県コード": 9, "市区町村コード": 205, "所在地": "栃木県鹿沼市茂呂２２６５－１", "緯度": 36.543642, "経度": 139.768433, "url": "https://www.iryou.teikyouseido.mhlw.go.jp/znk-web/juminkanja/S2430/initialize?prefCd=09&kikanCd=6092000243&kikanKbn=5", "url2": "http://www.pinokio-pharmacy.com", "内容": "ピノキオ薬局　鹿沼南店【5:薬局】栃木県鹿沼市茂呂２２６５－１" }, "geometry": { "type": "Point", "coordinates": [ 139.768433, 36.543642 ] } },
{ "type": "Feature", "properties": { "ID": 956092000255.0, "正式名称": "有限会社　オカベ薬局", "機関区分": 5, "都道府県コード": 9, "市区町村コード": 209, "所在地": "栃木県真岡市荒町１１０３", "緯度": 36.442724, "経度": 140.011488, "url": "https://www.iryou.teikyouseido.mhlw.go.jp/znk-web/juminkanja/S2430/initialize?prefCd=09&kikanCd=6092000255&kikanKbn=5", "url2": null, "内容": "有限会社　オカベ薬局【5:薬局】栃木県真岡市荒町１１０３" }, "geometry": { "type": "Point", "coordinates": [ 140.011488, 36.442724 ] } },
{ "type": "Feature", "properties": { "ID": 956092000259.0, "正式名称": "かとう薬局", "機関区分": 5, "都道府県コード": 9, "市区町村コード": 209, "所在地": "栃木県真岡市並木町２－９－１４", "緯度": 36.439274, "経度": 139.995871, "url": "https://www.iryou.teikyouseido.mhlw.go.jp/znk-web/juminkanja/S2430/initialize?prefCd=09&kikanCd=6092000259&kikanKbn=5", "url2": null, "内容": "かとう薬局【5:薬局】栃木県真岡市並木町２－９－１４" }, "geometry": { "type": "Point", "coordinates": [ 139.995871, 36.439274 ] } },
{ "type": "Feature", "properties": { "ID": 956092000268.0, "正式名称": "ましこ薬局", "機関区分": 5, "都道府県コード": 9, "市区町村コード": 342, "所在地": "栃木県芳賀郡益子町益子３４３５－３", "緯度": 36.46919, "経度": 140.10621, "url": "https://www.iryou.teikyouseido.mhlw.go.jp/znk-web/juminkanja/S2430/initialize?prefCd=09&kikanCd=6092000268&kikanKbn=5", "url2": null, "内容": "ましこ薬局【5:薬局】栃木県芳賀郡益子町益子３４３５－３" }, "geometry": { "type": "Point", "coordinates": [ 140.10621, 36.46919 ] } },
{ "type": "Feature", "properties": { "ID": 956092000269.0, "正式名称": "やまぐち薬局", "機関区分": 5, "都道府県コード": 9, "市区町村コード": 345, "所在地": "栃木県芳賀郡芳賀町西水沼３３６－５", "緯度": 36.521612, "経度": 140.023937, "url": "https://www.iryou.teikyouseido.mhlw.go.jp/znk-web/juminkanja/S2430/initialize?prefCd=09&kikanCd=6092000269&kikanKbn=5", "url2": null, "内容": "やまぐち薬局【5:薬局】栃木県芳賀郡芳賀町西水沼３３６－５" }, "geometry": { "type": "Point", "coordinates": [ 140.023937, 36.521612 ] } },
{ "type": "Feature", "properties": { "ID": 956092000271.0, "正式名称": "有限会社　やまだ薬局", "機関区分": 5, "都道府県コード": 9, "市区町村コード": 411, "所在地": "栃木県那須郡那珂川町馬頭４７４", "緯度": 36.738517, "経度": 140.173742, "url": "https://www.iryou.teikyouseido.mhlw.go.jp/znk-web/juminkanja/S2430/initialize?prefCd=09&kikanCd=6092000271&kikanKbn=5", "url2": null, "内容": "有限会社　やまだ薬局【5:薬局】栃木県那須郡那珂川町馬頭４７４" }, "geometry": { "type": "Point", "coordinates": [ 140.173742, 36.738517 ] } },
{ "type": "Feature", "properties": { "ID": 956092000272.0, "正式名称": "ポニー薬局", "機関区分": 5, "都道府県コード": 9, "市区町村コード": 411, "所在地": "栃木県那須郡那珂川町馬頭４６３‐１", "緯度": 36.737553, "経度": 140.173645, "url": "https://www.iryou.teikyouseido.mhlw.go.jp/znk-web/juminkanja/S2430/initialize?prefCd=09&kikanCd=6092000272&kikanKbn=5", "url2": "https://www.pony-kusuri.com/", "内容": "ポニー薬局【5:薬局】栃木県那須郡那珂川町馬頭４６３‐１" }, "geometry": { "type": "Point", "coordinates": [ 140.173645, 36.737553 ] } },
{ "type": "Feature", "properties": { "ID": 956092000274.0, "正式名称": "北真岡薬局", "機関区分": 5, "都道府県コード": 9, "市区町村コード": 209, "所在地": "栃木県真岡市荒町３－４５－１９", "緯度": 36.446395, "経度": 140.017727, "url": "https://www.iryou.teikyouseido.mhlw.go.jp/znk-web/juminkanja/S2430/initialize?prefCd=09&kikanCd=6092000274&kikanKbn=5", "url2": null, "内容": "北真岡薬局【5:薬局】栃木県真岡市荒町３－４５－１９" }, "geometry": { "type": "Point", "coordinates": [ 140.017727, 36.446395 ] } },
{ "type": "Feature", "properties": { "ID": 956092000278.0, "正式名称": "荒井薬局", "機関区分": 5, "都道府県コード": 9, "市区町村コード": 411, "所在地": "栃木県那須郡那珂川町馬頭２６８", "緯度": 36.736282, "経度": 140.165771, "url": "https://www.iryou.teikyouseido.mhlw.go.jp/znk-web/juminkanja/S2430/initialize?prefCd=09&kikanCd=6092000278&kikanKbn=5", "url2": null, "内容": "荒井薬局【5:薬局】栃木県那須郡那珂川町馬頭２６８" }, "geometry": { "type": "Point", "coordinates": [ 140.165771, 36.736282 ] } },
{ "type": "Feature", "properties": { "ID": 956092000280.0, "正式名称": "ひまわり薬局", "機関区分": 5, "都道府県コード": 9, "市区町村コード": 209, "所在地": "栃木県真岡市台町４１４３", "緯度": 36.442909, "経度": 140.002312, "url": "https://www.iryou.teikyouseido.mhlw.go.jp/znk-web/juminkanja/S2430/initialize?prefCd=09&kikanCd=6092000280&kikanKbn=5", "url2": null, "内容": "ひまわり薬局【5:薬局】栃木県真岡市台町４１４３" }, "geometry": { "type": "Point", "coordinates": [ 140.002312, 36.442909 ] } },
{ "type": "Feature", "properties": { "ID": 956092000281.0, "正式名称": "あさひ薬局", "機関区分": 5, "都道府県コード": 9, "市区町村コード": 209, "所在地": "栃木県真岡市上高間木２－２５－８", "緯度": 36.441418, "経度": 139.985802, "url": "https://www.iryou.teikyouseido.mhlw.go.jp/znk-web/juminkanja/S2430/initialize?prefCd=09&kikanCd=6092000281&kikanKbn=5", "url2": "http://www.pinokio-pharmacy.com/", "内容": "あさひ薬局【5:薬局】栃木県真岡市上高間木２－２５－８" }, "geometry": { "type": "Point", "coordinates": [ 139.985802, 36.441418 ] } },
{ "type": "Feature", "properties": { "ID": 956092000283.0, "正式名称": "いちご薬局", "機関区分": 5, "都道府県コード": 9, "市区町村コード": 209, "所在地": "栃木県真岡市荒町１１８０－１４", "緯度": 36.439566, "経度": 140.020668, "url": "https://www.iryou.teikyouseido.mhlw.go.jp/znk-web/juminkanja/S2430/initialize?prefCd=09&kikanCd=6092000283&kikanKbn=5", "url2": null, "内容": "いちご薬局【5:薬局】栃木県真岡市荒町１１８０－１４" }, "geometry": { "type": "Point", "coordinates": [ 140.020668, 36.439566 ] } },
{ "type": "Feature", "properties": { "ID": 956092000289.0, "正式名称": "ピノキオ薬局　烏山店", "機関区分": 5, "都道府県コード": 9, "市区町村コード": 215, "所在地": "栃木県那須烏山市中央３－２－１５", "緯度": 36.660349, "経度": 140.153158, "url": "https://www.iryou.teikyouseido.mhlw.go.jp/znk-web/juminkanja/S2430/initialize?prefCd=09&kikanCd=6092000289&kikanKbn=5", "url2": "http://www.pinokio-pharmacy.com/", "内容": "ピノキオ薬局　烏山店【5:薬局】栃木県那須烏山市中央３－２－１５" }, "geometry": { "type": "Point", "coordinates": [ 140.153158, 36.660349 ] } },
{ "type": "Feature", "properties": { "ID": 956092000293.0, "正式名称": "中央薬局　真岡店", "機関区分": 5, "都道府県コード": 9, "市区町村コード": 209, "所在地": "栃木県真岡市大谷新町１３－９", "緯度": 36.431725, "経度": 139.998757, "url": "https://www.iryou.teikyouseido.mhlw.go.jp/znk-web/juminkanja/S2430/initialize?prefCd=09&kikanCd=6092000293&kikanKbn=5", "url2": "http://www.power-p.co.jp", "内容": "中央薬局　真岡店【5:薬局】栃木県真岡市大谷新町１３－９" }, "geometry": { "type": "Point", "coordinates": [ 139.998757, 36.431725 ] } },
{ "type": "Feature", "properties": { "ID": 956092000295.0, "正式名称": "中央薬局　ましこ店", "機関区分": 5, "都道府県コード": 9, "市区町村コード": 342, "所在地": "栃木県芳賀郡益子町益子１７４８－２", "緯度": 36.464881, "経度": 140.093689, "url": "https://www.iryou.teikyouseido.mhlw.go.jp/znk-web/juminkanja/S2430/initialize?prefCd=09&kikanCd=6092000295&kikanKbn=5", "url2": "http://www.power-p.co.jp", "内容": "中央薬局　ましこ店【5:薬局】栃木県芳賀郡益子町益子１７４８－２" }, "geometry": { "type": "Point", "coordinates": [ 140.093689, 36.464881 ] } },
{ "type": "Feature", "properties": { "ID": 956092000296.0, "正式名称": "とちぎ薬局馬頭店", "機関区分": 5, "都道府県コード": 9, "市区町村コード": 411, "所在地": "栃木県那須郡那珂川町馬頭２０５５－２", "緯度": 36.734676, "経度": 140.162001, "url": "https://www.iryou.teikyouseido.mhlw.go.jp/znk-web/juminkanja/S2430/initialize?prefCd=09&kikanCd=6092000296&kikanKbn=5", "url2": "http://www.jp-group.co.jp", "内容": "とちぎ薬局馬頭店【5:薬局】栃木県那須郡那珂川町馬頭２０５５－２" }, "geometry": { "type": "Point", "coordinates": [ 140.162001, 36.734676 ] } },
{ "type": "Feature", "properties": { "ID": 956092000297.0, "正式名称": "花・花薬局長沼店薬局", "機関区分": 5, "都道府県コード": 9, "市区町村コード": 209, "所在地": "栃木県真岡市長沼７４３－５", "緯度": 36.361348, "経度": 139.929521, "url": "https://www.iryou.teikyouseido.mhlw.go.jp/znk-web/juminkanja/S2430/initialize?prefCd=09&kikanCd=6092000297&kikanKbn=5", "url2": "https://e-ff.jp/store/sumire/", "内容": "花・花薬局長沼店薬局【5:薬局】栃木県真岡市長沼７４３－５" }, "geometry": { "type": "Point", "coordinates": [ 139.929521, 36.361348 ] } },
{ "type": "Feature", "properties": { "ID": 956092000298.0, "正式名称": "花・花薬局上高間木店", "機関区分": 5, "都道府県コード": 9, "市区町村コード": 209, "所在地": "栃木県真岡市上高間木３－３－８", "緯度": 36.438918, "経度": 139.987113, "url": "https://www.iryou.teikyouseido.mhlw.go.jp/znk-web/juminkanja/S2430/initialize?prefCd=09&kikanCd=6092000298&kikanKbn=5", "url2": "http://e-ff.jp/", "内容": "花・花薬局上高間木店【5:薬局】栃木県真岡市上高間木３－３－８" }, "geometry": { "type": "Point", "coordinates": [ 139.987113, 36.438918 ] } },
{ "type": "Feature", "properties": { "ID": 956092000301.0, "正式名称": "にのみや薬局", "機関区分": 5, "都道府県コード": 9, "市区町村コード": 209, "所在地": "栃木県真岡市久下田７１２－１１", "緯度": 36.374538, "経度": 139.968637, "url": "https://www.iryou.teikyouseido.mhlw.go.jp/znk-web/juminkanja/S2430/initialize?prefCd=09&kikanCd=6092000301&kikanKbn=5", "url2": "https://www.ninomiyap.com", "内容": "にのみや薬局【5:薬局】栃木県真岡市久下田７１２－１１" }, "geometry": { "type": "Point", "coordinates": [ 139.968637, 36.374538 ] } },
{ "type": "Feature", "properties": { "ID": 956092000303.0, "正式名称": "町田薬局", "機関区分": 5, "都道府県コード": 9, "市区町村コード": 209, "所在地": "栃木県真岡市久下田８４５", "緯度": 36.376054, "経度": 139.969677, "url": "https://www.iryou.teikyouseido.mhlw.go.jp/znk-web/juminkanja/S2430/initialize?prefCd=09&kikanCd=6092000303&kikanKbn=5", "url2": null, "内容": "町田薬局【5:薬局】栃木県真岡市久下田８４５" }, "geometry": { "type": "Point", "coordinates": [ 139.969677, 36.376054 ] } },
{ "type": "Feature", "properties": { "ID": 956092000305.0, "正式名称": "ファミリー薬局", "機関区分": 5, "都道府県コード": 9, "市区町村コード": 345, "所在地": "栃木県芳賀郡芳賀町祖母井１７０８－２８", "緯度": 36.539436, "経度": 140.070315, "url": "https://www.iryou.teikyouseido.mhlw.go.jp/znk-web/juminkanja/S2430/initialize?prefCd=09&kikanCd=6092000305&kikanKbn=5", "url2": null, "内容": "ファミリー薬局【5:薬局】栃木県芳賀郡芳賀町祖母井１７０８－２８" }, "geometry": { "type": "Point", "coordinates": [ 140.070315, 36.539436 ] } },
{ "type": "Feature", "properties": { "ID": 956092000307.0, "正式名称": "中央薬局　寺内店", "機関区分": 5, "都道府県コード": 9, "市区町村コード": 209, "所在地": "栃木県真岡市寺内１３８３－１３", "緯度": 36.413179, "経度": 139.979468, "url": "https://www.iryou.teikyouseido.mhlw.go.jp/znk-web/juminkanja/S2430/initialize?prefCd=09&kikanCd=6092000307&kikanKbn=5", "url2": "http://www.power-p.co.jp", "内容": "中央薬局　寺内店【5:薬局】栃木県真岡市寺内１３８３－１３" }, "geometry": { "type": "Point", "coordinates": [ 139.979468, 36.413179 ] } },
{ "type": "Feature", "properties": { "ID": 956092000311.0, "正式名称": "あおぞら薬局", "機関区分": 5, "都道府県コード": 9, "市区町村コード": 209, "所在地": "栃木県真岡市下高間木１－２８－５", "緯度": 36.43588, "経度": 139.985607, "url": "https://www.iryou.teikyouseido.mhlw.go.jp/znk-web/juminkanja/S2430/initialize?prefCd=09&kikanCd=6092000311&kikanKbn=5", "url2": null, "内容": "あおぞら薬局【5:薬局】栃木県真岡市下高間木１－２８－５" }, "geometry": { "type": "Point", "coordinates": [ 139.985607, 36.43588 ] } },
{ "type": "Feature", "properties": { "ID": 956092000322.0, "正式名称": "新栃木薬局", "機関区分": 5, "都道府県コード": 9, "市区町村コード": 203, "所在地": "栃木県栃木市平柳町１―１０－１４", "緯度": 36.389613, "経度": 139.741393, "url": "https://www.iryou.teikyouseido.mhlw.go.jp/znk-web/juminkanja/S2430/initialize?prefCd=09&kikanCd=6092000322&kikanKbn=5", "url2": "https://shintotigi.p-kit.com/", "内容": "新栃木薬局【5:薬局】栃木県栃木市平柳町１―１０－１４" }, "geometry": { "type": "Point", "coordinates": [ 139.741393, 36.389613 ] } },
{ "type": "Feature", "properties": { "ID": 956092000327.0, "正式名称": "阿久津産業株式会社　ドラッグアクツ", "機関区分": 5, "都道府県コード": 9, "市区町村コード": 208, "所在地": "栃木県小山市中央町", "緯度": 36.313196, "経度": 139.804997, "url": "https://www.iryou.teikyouseido.mhlw.go.jp/znk-web/juminkanja/S2430/initialize?prefCd=09&kikanCd=6092000327&kikanKbn=5", "url2": null, "内容": "阿久津産業株式会社　ドラッグアクツ【5:薬局】栃木県小山市中央町" }, "geometry": { "type": "Point", "coordinates": [ 139.804997, 36.313196 ] } },
{ "type": "Feature", "properties": { "ID": 956092000330.0, "正式名称": "有限会社　ウシク薬局　箱森店", "機関区分": 5, "都道府県コード": 9, "市区町村コード": 203, "所在地": "栃木県栃木市箱森町６－２７", "緯度": 36.385689, "経度": 139.720021, "url": "https://www.iryou.teikyouseido.mhlw.go.jp/znk-web/juminkanja/S2430/initialize?prefCd=09&kikanCd=6092000330&kikanKbn=5", "url2": "http://www.e-kusuriya.co.jp/", "内容": "有限会社　ウシク薬局　箱森店【5:薬局】栃木県栃木市箱森町６－２７" }, "geometry": { "type": "Point", "coordinates": [ 139.720021, 36.385689 ] } },
{ "type": "Feature", "properties": { "ID": 956092000369.0, "正式名称": "花・花薬局栃木境店", "機関区分": 5, "都道府県コード": 9, "市区町村コード": 203, "所在地": "栃木県栃木市境町２１－８", "緯度": 36.372654, "経度": 139.729273, "url": "https://www.iryou.teikyouseido.mhlw.go.jp/znk-web/juminkanja/S2430/initialize?prefCd=09&kikanCd=6092000369&kikanKbn=5", "url2": "http://www.e-ff.jp", "内容": "花・花薬局栃木境店【5:薬局】栃木県栃木市境町２１－８" }, "geometry": { "type": "Point", "coordinates": [ 139.729273, 36.372654 ] } },
{ "type": "Feature", "properties": { "ID": 956092000396.0, "正式名称": "さかえ薬局", "機関区分": 5, "都道府県コード": 9, "市区町村コード": 216, "所在地": "栃木県下野市石橋５５０－１", "緯度": 36.437176, "経度": 139.861151, "url": "https://www.iryou.teikyouseido.mhlw.go.jp/znk-web/juminkanja/S2430/initialize?prefCd=09&kikanCd=6092000396&kikanKbn=5", "url2": "https://www.umedica.jp/home", "内容": "さかえ薬局【5:薬局】栃木県下野市石橋５５０－１" }, "geometry": { "type": "Point", "coordinates": [ 139.861151, 36.437176 ] } },
{ "type": "Feature", "properties": { "ID": 956092000412.0, "正式名称": "ふたば薬局", "機関区分": 5, "都道府県コード": 9, "市区町村コード": 216, "所在地": "栃木県下野市祇園２－１４－３", "緯度": 36.391515, "経度": 139.864751, "url": "https://www.iryou.teikyouseido.mhlw.go.jp/znk-web/juminkanja/S2430/initialize?prefCd=09&kikanCd=6092000412&kikanKbn=5", "url2": "http://www.sanshindrug.co.jp/", "内容": "ふたば薬局【5:薬局】栃木県下野市祇園２－１４－３" }, "geometry": { "type": "Point", "coordinates": [ 139.864751, 36.391515 ] } },
{ "type": "Feature", "properties": { "ID": 956092000498.0, "正式名称": "有限会社　大谷薬局", "機関区分": 5, "都道府県コード": 9, "市区町村コード": 211, "所在地": "栃木県矢板市本町", "緯度": 36.808903, "経度": 139.925686, "url": "https://www.iryou.teikyouseido.mhlw.go.jp/znk-web/juminkanja/S2430/initialize?prefCd=09&kikanCd=6092000498&kikanKbn=5", "url2": null, "内容": "有限会社　大谷薬局【5:薬局】栃木県矢板市本町" }, "geometry": { "type": "Point", "coordinates": [ 139.925686, 36.808903 ] } },
{ "type": "Feature", "properties": { "ID": 956092000499.0, "正式名称": "株式会社　大貫薬局", "機関区分": 5, "都道府県コード": 9, "市区町村コード": 211, "所在地": "栃木県矢板市扇町１－６－４", "緯度": 36.810007, "経度": 139.931423, "url": "https://www.iryou.teikyouseido.mhlw.go.jp/znk-web/juminkanja/S2430/initialize?prefCd=09&kikanCd=6092000499&kikanKbn=5", "url2": "http://oonukiyakkyoku.com/", "内容": "株式会社　大貫薬局【5:薬局】栃木県矢板市扇町１－６－４" }, "geometry": { "type": "Point", "coordinates": [ 139.931423, 36.810007 ] } },
{ "type": "Feature", "properties": { "ID": 956092000502.0, "正式名称": "斎藤薬局", "機関区分": 5, "都道府県コード": 9, "市区町村コード": 384, "所在地": "栃木県塩谷郡塩谷町船生３１８８", "緯度": 36.769044, "経度": 139.792333, "url": "https://www.iryou.teikyouseido.mhlw.go.jp/znk-web/juminkanja/S2430/initialize?prefCd=09&kikanCd=6092000502&kikanKbn=5", "url2": null, "内容": "斎藤薬局【5:薬局】栃木県塩谷郡塩谷町船生３１８８" }, "geometry": { "type": "Point", "coordinates": [ 139.792333, 36.769044 ] } },
{ "type": "Feature", "properties": { "ID": 956092000507.0, "正式名称": "有限会社　金華堂", "機関区分": 5, "都道府県コード": 9, "市区町村コード": 213, "所在地": "栃木県那須塩原市本町７－２", "緯度": 36.97088, "経度": 140.058104, "url": "https://www.iryou.teikyouseido.mhlw.go.jp/znk-web/juminkanja/S2430/initialize?prefCd=09&kikanCd=6092000507&kikanKbn=5", "url2": null, "内容": "有限会社　金華堂【5:薬局】栃木県那須塩原市本町７－２" }, "geometry": { "type": "Point", "coordinates": [ 140.058104, 36.97088 ] } },
{ "type": "Feature", "properties": { "ID": 956092000508.0, "正式名称": "合名会社　君島薬局", "機関区分": 5, "都道府県コード": 9, "市区町村コード": 213, "所在地": "栃木県那須塩原市中央町２－２５", "緯度": 36.9718624, "経度": 140.0564216, "url": "https://www.iryou.teikyouseido.mhlw.go.jp/znk-web/juminkanja/S2430/initialize?prefCd=09&kikanCd=6092000508&kikanKbn=5", "url2": "kimijima-pharmacy-com", "内容": "合名会社　君島薬局【5:薬局】栃木県那須塩原市中央町２－２５" }, "geometry": { "type": "Point", "coordinates": [ 140.0564216, 36.9718624 ] } },
{ "type": "Feature", "properties": { "ID": 956092000515.0, "正式名称": "株式会社　まつや薬局", "機関区分": 5, "都道府県コード": 9, "市区町村コード": 210, "所在地": "栃木県大田原市城山１－５－３１", "緯度": 36.865449, "経度": 140.029446, "url": "https://www.iryou.teikyouseido.mhlw.go.jp/znk-web/juminkanja/S2430/initialize?prefCd=09&kikanCd=6092000515&kikanKbn=5", "url2": "https://www.matsuya-ph.jp", "内容": "株式会社　まつや薬局【5:薬局】栃木県大田原市城山１－５－３１" }, "geometry": { "type": "Point", "coordinates": [ 140.029446, 36.865449 ] } },
{ "type": "Feature", "properties": { "ID": 956092000518.0, "正式名称": "須藤薬局", "機関区分": 5, "都道府県コード": 9, "市区町村コード": 201, "所在地": "栃木県宇都宮市中岡本町", "緯度": 36.613305, "経度": 139.933382, "url": "https://www.iryou.teikyouseido.mhlw.go.jp/znk-web/juminkanja/S2430/initialize?prefCd=09&kikanCd=6092000518&kikanKbn=5", "url2": null, "内容": "須藤薬局【5:薬局】栃木県宇都宮市中岡本町" }, "geometry": { "type": "Point", "coordinates": [ 139.933382, 36.613305 ] } },
{ "type": "Feature", "properties": { "ID": 956092000523.0, "正式名称": "和田健悠薬局", "機関区分": 5, "都道府県コード": 9, "市区町村コード": 210, "所在地": "栃木県大田原市山の手１－１－４", "緯度": 36.867283, "経度": 140.02779, "url": "https://www.iryou.teikyouseido.mhlw.go.jp/znk-web/juminkanja/S2430/initialize?prefCd=09&kikanCd=6092000523&kikanKbn=5", "url2": null, "内容": "和田健悠薬局【5:薬局】栃木県大田原市山の手１－１－４" }, "geometry": { "type": "Point", "coordinates": [ 140.02779, 36.867283 ] } },
{ "type": "Feature", "properties": { "ID": 956092000525.0, "正式名称": "薬局美原ファーマシー", "機関区分": 5, "都道府県コード": 9, "市区町村コード": 210, "所在地": "栃木県大田原市美原１－１３－４", "緯度": 36.858175, "経度": 140.008387, "url": "https://www.iryou.teikyouseido.mhlw.go.jp/znk-web/juminkanja/S2430/initialize?prefCd=09&kikanCd=6092000525&kikanKbn=5", "url2": null, "内容": "薬局美原ファーマシー【5:薬局】栃木県大田原市美原１－１３－４" }, "geometry": { "type": "Point", "coordinates": [ 140.008387, 36.858175 ] } },
{ "type": "Feature", "properties": { "ID": 956092000526.0, "正式名称": "有限会社　間庭薬局　クスリのマニワ", "機関区分": 5, "都道府県コード": 9, "市区町村コード": 210, "所在地": "栃木県大田原市紫塚３－２６６３－２３", "緯度": 36.87554, "経度": 140.017752, "url": "https://www.iryou.teikyouseido.mhlw.go.jp/znk-web/juminkanja/S2430/initialize?prefCd=09&kikanCd=6092000526&kikanKbn=5", "url2": null, "内容": "有限会社　間庭薬局　クスリのマニワ【5:薬局】栃木県大田原市紫塚３－２６６３－２３" }, "geometry": { "type": "Point", "coordinates": [ 140.017752, 36.87554 ] } },
{ "type": "Feature", "properties": { "ID": 956092000528.0, "正式名称": "合名会社　君島薬局　幸町支店", "機関区分": 5, "都道府県コード": 9, "市区町村コード": 213, "所在地": "栃木県那須塩原市黒磯幸町", "緯度": 36.96702, "経度": 140.055701, "url": "https://www.iryou.teikyouseido.mhlw.go.jp/znk-web/juminkanja/S2430/initialize?prefCd=09&kikanCd=6092000528&kikanKbn=5", "url2": "kimijima-pharmacy.com", "内容": "合名会社　君島薬局　幸町支店【5:薬局】栃木県那須塩原市黒磯幸町" }, "geometry": { "type": "Point", "coordinates": [ 140.055701, 36.96702 ] } },
{ "type": "Feature", "properties": { "ID": 956092000529.0, "正式名称": "株式会社　皇漢堂", "機関区分": 5, "都道府県コード": 9, "市区町村コード": 210, "所在地": "栃木県大田原市中央２－６－７", "緯度": 36.867058, "経度": 140.023226, "url": "https://www.iryou.teikyouseido.mhlw.go.jp/znk-web/juminkanja/S2430/initialize?prefCd=09&kikanCd=6092000529&kikanKbn=5", "url2": "http://nttbj.itp.ne.jp/0287222318/index.html", "内容": "株式会社　皇漢堂【5:薬局】栃木県大田原市中央２－６－７" }, "geometry": { "type": "Point", "coordinates": [ 140.023226, 36.867058 ] } },
{ "type": "Feature", "properties": { "ID": 956092000530.0, "正式名称": "薬局戸山のクスリ屋さん", "機関区分": 5, "都道府県コード": 9, "市区町村コード": 210, "所在地": "栃木県大田原市佐久山２０４５", "緯度": 36.807627, "経度": 140.011311, "url": "https://www.iryou.teikyouseido.mhlw.go.jp/znk-web/juminkanja/S2430/initialize?prefCd=09&kikanCd=6092000530&kikanKbn=5", "url2": null, "内容": "薬局戸山のクスリ屋さん【5:薬局】栃木県大田原市佐久山２０４５" }, "geometry": { "type": "Point", "coordinates": [ 140.011311, 36.807627 ] } },
{ "type": "Feature", "properties": { "ID": 956092000533.0, "正式名称": "賢方堂薬局", "機関区分": 5, "都道府県コード": 9, "市区町村コード": 201, "所在地": "栃木県宇都宮市東岡本町", "緯度": 36.608804, "経度": 139.949506, "url": "https://www.iryou.teikyouseido.mhlw.go.jp/znk-web/juminkanja/S2430/initialize?prefCd=09&kikanCd=6092000533&kikanKbn=5", "url2": null, "内容": "賢方堂薬局【5:薬局】栃木県宇都宮市東岡本町" }, "geometry": { "type": "Point", "coordinates": [ 139.949506, 36.608804 ] } },
{ "type": "Feature", "properties": { "ID": 956092000541.0, "正式名称": "有限会社　まつや薬局", "機関区分": 5, "都道府県コード": 9, "市区町村コード": 213, "所在地": "栃木県那須塩原市三島２－１２－２", "緯度": 36.893086, "経度": 139.976191, "url": "https://www.iryou.teikyouseido.mhlw.go.jp/znk-web/juminkanja/S2430/initialize?prefCd=09&kikanCd=6092000541&kikanKbn=5", "url2": null, "内容": "有限会社　まつや薬局【5:薬局】栃木県那須塩原市三島２－１２－２" }, "geometry": { "type": "Point", "coordinates": [ 139.976191, 36.893086 ] } },
{ "type": "Feature", "properties": { "ID": 956092000547.0, "正式名称": "有限会社　白井薬局", "機関区分": 5, "都道府県コード": 9, "市区町村コード": 213, "所在地": "栃木県那須塩原市大原間３９４―１", "緯度": 36.929123, "経度": 140.021746, "url": "https://www.iryou.teikyouseido.mhlw.go.jp/znk-web/juminkanja/S2430/initialize?prefCd=09&kikanCd=6092000547&kikanKbn=5", "url2": null, "内容": "有限会社　白井薬局【5:薬局】栃木県那須塩原市大原間３９４―１" }, "geometry": { "type": "Point", "coordinates": [ 140.021746, 36.929123 ] } },
{ "type": "Feature", "properties": { "ID": 956092000548.0, "正式名称": "シティ薬局", "機関区分": 5, "都道府県コード": 9, "市区町村コード": 211, "所在地": "栃木県矢板市末広町４５ー７", "緯度": 36.804276, "経度": 139.935975, "url": "https://www.iryou.teikyouseido.mhlw.go.jp/znk-web/juminkanja/S2430/initialize?prefCd=09&kikanCd=6092000548&kikanKbn=5", "url2": null, "内容": "シティ薬局【5:薬局】栃木県矢板市末広町４５ー７" }, "geometry": { "type": "Point", "coordinates": [ 139.935975, 36.804276 ] } },
{ "type": "Feature", "properties": { "ID": 956092000549.0, "正式名称": "りんどう薬局　弥生町店", "機関区分": 5, "都道府県コード": 9, "市区町村コード": 213, "所在地": "栃木県那須塩原市弥生町１－１３", "緯度": 36.973511, "経度": 140.055826, "url": "https://www.iryou.teikyouseido.mhlw.go.jp/znk-web/juminkanja/S2430/initialize?prefCd=09&kikanCd=6092000549&kikanKbn=5", "url2": "http://rindou-ph.com", "内容": "りんどう薬局　弥生町店【5:薬局】栃木県那須塩原市弥生町１－１３" }, "geometry": { "type": "Point", "coordinates": [ 140.055826, 36.973511 ] } },
{ "type": "Feature", "properties": { "ID": 956092000550.0, "正式名称": "ひまわり薬局", "機関区分": 5, "都道府県コード": 9, "市区町村コード": 213, "所在地": "栃木県那須塩原市大原間１４０－４", "緯度": 36.925709, "経度": 140.019911, "url": "https://www.iryou.teikyouseido.mhlw.go.jp/znk-web/juminkanja/S2430/initialize?prefCd=09&kikanCd=6092000550&kikanKbn=5", "url2": null, "内容": "ひまわり薬局【5:薬局】栃木県那須塩原市大原間１４０－４" }, "geometry": { "type": "Point", "coordinates": [ 140.019911, 36.925709 ] } },
{ "type": "Feature", "properties": { "ID": 956092000551.0, "正式名称": "たちばな薬局", "機関区分": 5, "都道府県コード": 9, "市区町村コード": 210, "所在地": "栃木県大田原市中央２－１３－５", "緯度": 36.86408, "経度": 140.021888, "url": "https://www.iryou.teikyouseido.mhlw.go.jp/znk-web/juminkanja/S2430/initialize?prefCd=09&kikanCd=6092000551&kikanKbn=5", "url2": "http://www.nasu-net.or.jp/~tatibana/", "内容": "たちばな薬局【5:薬局】栃木県大田原市中央２－１３－５" }, "geometry": { "type": "Point", "coordinates": [ 140.021888, 36.86408 ] } },
{ "type": "Feature", "properties": { "ID": 956092000553.0, "正式名称": "ピノキオ薬局　美原店", "機関区分": 5, "都道府県コード": 9, "市区町村コード": 210, "所在地": "栃木県大田原市美原２－２８３１－５４", "緯度": 36.865432, "経度": 140.011414, "url": "https://www.iryou.teikyouseido.mhlw.go.jp/znk-web/juminkanja/S2430/initialize?prefCd=09&kikanCd=6092000553&kikanKbn=5", "url2": "http://www.pinokio-pharmacy.com", "内容": "ピノキオ薬局　美原店【5:薬局】栃木県大田原市美原２－２８３１－５４" }, "geometry": { "type": "Point", "coordinates": [ 140.011414, 36.865432 ] } },
{ "type": "Feature", "properties": { "ID": 956092000554.0, "正式名称": "エクセル薬局", "機関区分": 5, "都道府県コード": 9, "市区町村コード": 384, "所在地": "栃木県塩谷郡塩谷町玉生５７０－７", "緯度": 36.770844, "経度": 139.849975, "url": "https://www.iryou.teikyouseido.mhlw.go.jp/znk-web/juminkanja/S2430/initialize?prefCd=09&kikanCd=6092000554&kikanKbn=5", "url2": "http://www.p-mdx.jp/", "内容": "エクセル薬局【5:薬局】栃木県塩谷郡塩谷町玉生５７０－７" }, "geometry": { "type": "Point", "coordinates": [ 139.849975, 36.770844 ] } },
{ "type": "Feature", "properties": { "ID": 956092000557.0, "正式名称": "ひまわり薬局　大田原店", "機関区分": 5, "都道府県コード": 9, "市区町村コード": 210, "所在地": "栃木県大田原市本町１－２７０３－１８３", "緯度": 36.873714, "経度": 140.008758, "url": "https://www.iryou.teikyouseido.mhlw.go.jp/znk-web/juminkanja/S2430/initialize?prefCd=09&kikanCd=6092000557&kikanKbn=5", "url2": null, "内容": "ひまわり薬局　大田原店【5:薬局】栃木県大田原市本町１－２７０３－１８３" }, "geometry": { "type": "Point", "coordinates": [ 140.008758, 36.873714 ] } },
{ "type": "Feature", "properties": { "ID": 956092000558.0, "正式名称": "セイムスおかもと薬局", "機関区分": 5, "都道府県コード": 9, "市区町村コード": 201, "所在地": "栃木県宇都宮市下岡本町４０７４－２", "緯度": 36.595254, "経度": 139.942263, "url": "https://www.iryou.teikyouseido.mhlw.go.jp/znk-web/juminkanja/S2430/initialize?prefCd=09&kikanCd=6092000558&kikanKbn=5", "url2": "http://www.fujiyakuhin.co.jp/", "内容": "セイムスおかもと薬局【5:薬局】栃木県宇都宮市下岡本町４０７４－２" }, "geometry": { "type": "Point", "coordinates": [ 139.942263, 36.595254 ] } },
{ "type": "Feature", "properties": { "ID": 956092000559.0, "正式名称": "カワチ薬局　矢板南店", "機関区分": 5, "都道府県コード": 9, "市区町村コード": 211, "所在地": "栃木県矢板市木幡１５６３－１", "緯度": 36.795779, "経度": 139.92569, "url": "https://www.iryou.teikyouseido.mhlw.go.jp/znk-web/juminkanja/S2430/initialize?prefCd=09&kikanCd=6092000559&kikanKbn=5", "url2": "http://www.cawachi.co.jp", "内容": "カワチ薬局　矢板南店【5:薬局】栃木県矢板市木幡１５６３－１" }, "geometry": { "type": "Point", "coordinates": [ 139.92569, 36.795779 ] } },
{ "type": "Feature", "properties": { "ID": 956092000560.0, "正式名称": "ポニー薬局　黒磯店", "機関区分": 5, "都道府県コード": 9, "市区町村コード": 213, "所在地": "栃木県那須塩原市上厚崎３２３－１３", "緯度": 36.953668, "経度": 140.032595, "url": "https://www.iryou.teikyouseido.mhlw.go.jp/znk-web/juminkanja/S2430/initialize?prefCd=09&kikanCd=6092000560&kikanKbn=5", "url2": "http://www.e-classa.net/pony-k", "内容": "ポニー薬局　黒磯店【5:薬局】栃木県那須塩原市上厚崎３２３－１３" }, "geometry": { "type": "Point", "coordinates": [ 140.032595, 36.953668 ] } },
{ "type": "Feature", "properties": { "ID": 956092000562.0, "正式名称": "有限会社　富士ファーマシー　つくし薬局", "機関区分": 5, "都道府県コード": 9, "市区町村コード": 201, "所在地": "栃木県宇都宮市中岡本町２６９２－１２", "緯度": 36.606637, "経度": 139.946318, "url": "https://www.iryou.teikyouseido.mhlw.go.jp/znk-web/juminkanja/S2430/initialize?prefCd=09&kikanCd=6092000562&kikanKbn=5", "url2": "http://www.fuji-pharm.com/", "内容": "有限会社　富士ファーマシー　つくし薬局【5:薬局】栃木県宇都宮市中岡本町２６９２－１２" }, "geometry": { "type": "Point", "coordinates": [ 139.946318, 36.606637 ] } },
{ "type": "Feature", "properties": { "ID": 956092000566.0, "正式名称": "薬局きみじま", "機関区分": 5, "都道府県コード": 9, "市区町村コード": 213, "所在地": "栃木県那須塩原市鍋掛１０８７－３２", "緯度": 36.958641, "経度": 140.069276, "url": "https://www.iryou.teikyouseido.mhlw.go.jp/znk-web/juminkanja/S2430/initialize?prefCd=09&kikanCd=6092000566&kikanKbn=5", "url2": null, "内容": "薬局きみじま【5:薬局】栃木県那須塩原市鍋掛１０８７－３２" }, "geometry": { "type": "Point", "coordinates": [ 140.069276, 36.958641 ] } },
{ "type": "Feature", "properties": { "ID": 956092000567.0, "正式名称": "いちい薬局", "機関区分": 5, "都道府県コード": 9, "市区町村コード": 211, "所在地": "栃木県矢板市片岡２１５０－３", "緯度": 36.760032, "経度": 139.946585, "url": "https://www.iryou.teikyouseido.mhlw.go.jp/znk-web/juminkanja/S2430/initialize?prefCd=09&kikanCd=6092000567&kikanKbn=5", "url2": null, "内容": "いちい薬局【5:薬局】栃木県矢板市片岡２１５０－３" }, "geometry": { "type": "Point", "coordinates": [ 139.946585, 36.760032 ] } },
{ "type": "Feature", "properties": { "ID": 956092000568.0, "正式名称": "株式会社フレンド　卯の里調剤薬局", "機関区分": 5, "都道府県コード": 9, "市区町村コード": 214, "所在地": "栃木県さくら市卯の里１－１７－４", "緯度": 36.681213, "経度": 139.958667, "url": "https://www.iryou.teikyouseido.mhlw.go.jp/znk-web/juminkanja/S2430/initialize?prefCd=09&kikanCd=6092000568&kikanKbn=5", "url2": "http://www.f-pw.jp/", "内容": "株式会社フレンド　卯の里調剤薬局【5:薬局】栃木県さくら市卯の里１－１７－４" }, "geometry": { "type": "Point", "coordinates": [ 139.958667, 36.681213 ] } },
{ "type": "Feature", "properties": { "ID": 956092000573.0, "正式名称": "たかばやし薬局", "機関区分": 5, "都道府県コード": 9, "市区町村コード": 213, "所在地": "栃木県那須塩原市高林１２０６－１０", "緯度": 36.986926, "経度": 139.952688, "url": "https://www.iryou.teikyouseido.mhlw.go.jp/znk-web/juminkanja/S2430/initialize?prefCd=09&kikanCd=6092000573&kikanKbn=5", "url2": "http://www.e-classa.net/takabayashi/", "内容": "たかばやし薬局【5:薬局】栃木県那須塩原市高林１２０６－１０" }, "geometry": { "type": "Point", "coordinates": [ 139.952688, 36.986926 ] } },
{ "type": "Feature", "properties": { "ID": 956092000575.0, "正式名称": "センター薬局", "機関区分": 5, "都道府県コード": 9, "市区町村コード": 213, "所在地": "栃木県那須塩原市高砂町", "緯度": 36.973152, "経度": 140.053532, "url": "https://www.iryou.teikyouseido.mhlw.go.jp/znk-web/juminkanja/S2430/initialize?prefCd=09&kikanCd=6092000575&kikanKbn=5", "url2": "http://www.nm-pharmacy.co.jp", "内容": "センター薬局【5:薬局】栃木県那須塩原市高砂町" }, "geometry": { "type": "Point", "coordinates": [ 140.053532, 36.973152 ] } },
{ "type": "Feature", "properties": { "ID": 956092000576.0, "正式名称": "有限会社　セイワ薬局", "機関区分": 5, "都道府県コード": 9, "市区町村コード": 210, "所在地": "栃木県大田原市末広２－８－２７", "緯度": 36.864338, "経度": 140.015411, "url": "https://www.iryou.teikyouseido.mhlw.go.jp/znk-web/juminkanja/S2430/initialize?prefCd=09&kikanCd=6092000576&kikanKbn=5", "url2": "https://seiwa-9.jimdosite.com", "内容": "有限会社　セイワ薬局【5:薬局】栃木県大田原市末広２－８－２７" }, "geometry": { "type": "Point", "coordinates": [ 140.015411, 36.864338 ] } },
{ "type": "Feature", "properties": { "ID": 956092000577.0, "正式名称": "まさき薬局", "機関区分": 5, "都道府県コード": 9, "市区町村コード": 407, "所在地": "栃木県那須郡那須町湯本２１２－５７４", "緯度": 37.095511, "経度": 139.999431, "url": "https://www.iryou.teikyouseido.mhlw.go.jp/znk-web/juminkanja/S2430/initialize?prefCd=09&kikanCd=6092000577&kikanKbn=5", "url2": null, "内容": "まさき薬局【5:薬局】栃木県那須郡那須町湯本２１２－５７４" }, "geometry": { "type": "Point", "coordinates": [ 139.999431, 37.095511 ] } },
{ "type": "Feature", "properties": { "ID": 956092000578.0, "正式名称": "有限会社　富士ファーマシー　あかし薬局", "機関区分": 5, "都道府県コード": 9, "市区町村コード": 201, "所在地": "栃木県宇都宮市中岡本町３７１０－８８", "緯度": 36.608473, "経度": 139.936549, "url": "https://www.iryou.teikyouseido.mhlw.go.jp/znk-web/juminkanja/S2430/initialize?prefCd=09&kikanCd=6092000578&kikanKbn=5", "url2": "http://www.fuji-pharm.com/", "内容": "有限会社　富士ファーマシー　あかし薬局【5:薬局】栃木県宇都宮市中岡本町３７１０－８８" }, "geometry": { "type": "Point", "coordinates": [ 139.936549, 36.608473 ] } },
{ "type": "Feature", "properties": { "ID": 956092000580.0, "正式名称": "ポニー薬局　矢板店", "機関区分": 5, "都道府県コード": 9, "市区町村コード": 211, "所在地": "栃木県矢板市末広町６４－５", "緯度": 36.806631, "経度": 139.936002, "url": "https://www.iryou.teikyouseido.mhlw.go.jp/znk-web/juminkanja/S2430/initialize?prefCd=09&kikanCd=6092000580&kikanKbn=5", "url2": "http://www.e-classa.net/pony-y", "内容": "ポニー薬局　矢板店【5:薬局】栃木県矢板市末広町６４－５" }, "geometry": { "type": "Point", "coordinates": [ 139.936002, 36.806631 ] } },
{ "type": "Feature", "properties": { "ID": 956092000583.0, "正式名称": "ひまわり薬局　阿波町店", "機関区分": 5, "都道府県コード": 9, "市区町村コード": 213, "所在地": "栃木県那須塩原市阿波町９９－１７", "緯度": 36.970705, "経度": 140.036717, "url": "https://www.iryou.teikyouseido.mhlw.go.jp/znk-web/juminkanja/S2430/initialize?prefCd=09&kikanCd=6092000583&kikanKbn=5", "url2": null, "内容": "ひまわり薬局　阿波町店【5:薬局】栃木県那須塩原市阿波町９９－１７" }, "geometry": { "type": "Point", "coordinates": [ 140.036717, 36.970705 ] } },
{ "type": "Feature", "properties": { "ID": 956092000588.0, "正式名称": "シティ薬局　町島店", "機関区分": 5, "都道府県コード": 9, "市区町村コード": 210, "所在地": "栃木県大田原市町島２００－４０", "緯度": 36.884092, "経度": 140.020721, "url": "https://www.iryou.teikyouseido.mhlw.go.jp/znk-web/juminkanja/S2430/initialize?prefCd=09&kikanCd=6092000588&kikanKbn=5", "url2": null, "内容": "シティ薬局　町島店【5:薬局】栃木県大田原市町島２００－４０" }, "geometry": { "type": "Point", "coordinates": [ 140.020721, 36.884092 ] } },
{ "type": "Feature", "properties": { "ID": 956092000589.0, "正式名称": "光陽台薬局", "機関区分": 5, "都道府県コード": 9, "市区町村コード": 386, "所在地": "栃木県塩谷郡高根沢町光陽台４－２－２", "緯度": 36.618639, "経度": 139.984772, "url": "https://www.iryou.teikyouseido.mhlw.go.jp/znk-web/juminkanja/S2430/initialize?prefCd=09&kikanCd=6092000589&kikanKbn=5", "url2": null, "内容": "光陽台薬局【5:薬局】栃木県塩谷郡高根沢町光陽台４－２－２" }, "geometry": { "type": "Point", "coordinates": [ 139.984772, 36.618639 ] } },
{ "type": "Feature", "properties": { "ID": 956092000592.0, "正式名称": "カワチ薬局　黒磯店", "機関区分": 5, "都道府県コード": 9, "市区町村コード": 213, "所在地": "栃木県那須塩原市末広町６５－２", "緯度": 36.971124, "経度": 140.044605, "url": "https://www.iryou.teikyouseido.mhlw.go.jp/znk-web/juminkanja/S2430/initialize?prefCd=09&kikanCd=6092000592&kikanKbn=5", "url2": "http://www.cawachi.co.jp", "内容": "カワチ薬局　黒磯店【5:薬局】栃木県那須塩原市末広町６５－２" }, "geometry": { "type": "Point", "coordinates": [ 140.044605, 36.971124 ] } },
{ "type": "Feature", "properties": { "ID": 956092000596.0, "正式名称": "ＵＫ本町薬局", "機関区分": 5, "都道府県コード": 9, "市区町村コード": 213, "所在地": "栃木県那須塩原市本町９－３０", "緯度": 36.971425, "経度": 140.056543, "url": "https://www.iryou.teikyouseido.mhlw.go.jp/znk-web/juminkanja/S2430/initialize?prefCd=09&kikanCd=6092000596&kikanKbn=5", "url2": null, "内容": "ＵＫ本町薬局【5:薬局】栃木県那須塩原市本町９－３０" }, "geometry": { "type": "Point", "coordinates": [ 140.056543, 36.971425 ] } },
{ "type": "Feature", "properties": { "ID": 956092000597.0, "正式名称": "ウイン調剤薬局　那須店", "機関区分": 5, "都道府県コード": 9, "市区町村コード": 407, "所在地": "栃木県那須郡那須町寺子丙１－３６４", "緯度": 37.020543, "経度": 140.116199, "url": "https://www.iryou.teikyouseido.mhlw.go.jp/znk-web/juminkanja/S2430/initialize?prefCd=09&kikanCd=6092000597&kikanKbn=5", "url2": "https://win-ohana.jp/drugstore/%E3%82%A6%E3%82%A4%E3%83%B3%E8%AA%BF%E5%89%A4%E8%96%AC%E5%B1%80-%E9%82%A3%E9%A0%88%E5%BA%97/", "内容": "ウイン調剤薬局　那須店【5:薬局】栃木県那須郡那須町寺子丙１－３６４" }, "geometry": { "type": "Point", "coordinates": [ 140.116199, 37.020543 ] } },
{ "type": "Feature", "properties": { "ID": 956092000598.0, "正式名称": "たんぽぽ薬局　田原店", "機関区分": 5, "都道府県コード": 9, "市区町村コード": 201, "所在地": "栃木県宇都宮市上田原町６６０－９", "緯度": 36.641765, "経度": 139.89679, "url": "https://www.iryou.teikyouseido.mhlw.go.jp/znk-web/juminkanja/S2430/initialize?prefCd=09&kikanCd=6092000598&kikanKbn=5", "url2": null, "内容": "たんぽぽ薬局　田原店【5:薬局】栃木県宇都宮市上田原町６６０－９" }, "geometry": { "type": "Point", "coordinates": [ 139.89679, 36.641765 ] } },
{ "type": "Feature", "properties": { "ID": 956092000599.0, "正式名称": "りんどう薬局", "機関区分": 5, "都道府県コード": 9, "市区町村コード": 213, "所在地": "栃木県那須塩原市野間字神沼４５３－２０", "緯度": 36.930827, "経度": 140.080767, "url": "https://www.iryou.teikyouseido.mhlw.go.jp/znk-web/juminkanja/S2430/initialize?prefCd=09&kikanCd=6092000599&kikanKbn=5", "url2": "http://rindou-ph.com", "内容": "りんどう薬局【5:薬局】栃木県那須塩原市野間字神沼４５３－２０" }, "geometry": { "type": "Point", "coordinates": [ 140.080767, 36.930827 ] } },
{ "type": "Feature", "properties": { "ID": 956092000600.0, "正式名称": "すぎの木薬局", "機関区分": 5, "都道府県コード": 9, "市区町村コード": 213, "所在地": "栃木県那須塩原市野間４５６", "緯度": 36.930424, "経度": 140.081834, "url": "https://www.iryou.teikyouseido.mhlw.go.jp/znk-web/juminkanja/S2430/initialize?prefCd=09&kikanCd=6092000600&kikanKbn=5", "url2": null, "内容": "すぎの木薬局【5:薬局】栃木県那須塩原市野間４５６" }, "geometry": { "type": "Point", "coordinates": [ 140.081834, 36.930424 ] } },
{ "type": "Feature", "properties": { "ID": 956092000601.0, "正式名称": "とちぎ薬局　光陽台店", "機関区分": 5, "都道府県コード": 9, "市区町村コード": 386, "所在地": "栃木県塩谷郡高根沢町光陽台３－１４－８", "緯度": 36.618237, "経度": 139.987016, "url": "https://www.iryou.teikyouseido.mhlw.go.jp/znk-web/juminkanja/S2430/initialize?prefCd=09&kikanCd=6092000601&kikanKbn=5", "url2": null, "内容": "とちぎ薬局　光陽台店【5:薬局】栃木県塩谷郡高根沢町光陽台３－１４－８" }, "geometry": { "type": "Point", "coordinates": [ 139.987016, 36.618237 ] } },
{ "type": "Feature", "properties": { "ID": 956092000602.0, "正式名称": "アルファーム薬局　高根沢店", "機関区分": 5, "都道府県コード": 9, "市区町村コード": 386, "所在地": "栃木県塩谷郡高根沢町花岡２４７８－２", "緯度": 36.655379, "経度": 140.005, "url": "https://www.iryou.teikyouseido.mhlw.go.jp/znk-web/juminkanja/S2430/initialize?prefCd=09&kikanCd=6092000602&kikanKbn=5", "url2": "https://www.alpharm.co.jp/", "内容": "アルファーム薬局　高根沢店【5:薬局】栃木県塩谷郡高根沢町花岡２４７８－２" }, "geometry": { "type": "Point", "coordinates": [ 140.005, 36.655379 ] } },
{ "type": "Feature", "properties": { "ID": 956092000603.0, "正式名称": "センター薬局　塩原店", "機関区分": 5, "都道府県コード": 9, "市区町村コード": 213, "所在地": "栃木県那須塩原市下田野字街道東５３１－１３６", "緯度": 36.937552, "経度": 139.912469, "url": "https://www.iryou.teikyouseido.mhlw.go.jp/znk-web/juminkanja/S2430/initialize?prefCd=09&kikanCd=6092000603&kikanKbn=5", "url2": "https://nm-pharmacy.co.jp/company/", "内容": "センター薬局　塩原店【5:薬局】栃木県那須塩原市下田野字街道東５３１－１３６" }, "geometry": { "type": "Point", "coordinates": [ 139.912469, 36.937552 ] } },
{ "type": "Feature", "properties": { "ID": 956092000604.0, "正式名称": "ポプリ薬局", "機関区分": 5, "都道府県コード": 9, "市区町村コード": 214, "所在地": "栃木県さくら市氏３２４５－１６", "緯度": 36.700897, "経度": 139.96816, "url": "https://www.iryou.teikyouseido.mhlw.go.jp/znk-web/juminkanja/S2430/initialize?prefCd=09&kikanCd=6092000604&kikanKbn=5", "url2": "http://www.mc-kanto.co.jp/", "内容": "ポプリ薬局【5:薬局】栃木県さくら市氏３２４５－１６" }, "geometry": { "type": "Point", "coordinates": [ 139.96816, 36.700897 ] } },
{ "type": "Feature", "properties": { "ID": 956092000606.0, "正式名称": "やまゆり薬局", "機関区分": 5, "都道府県コード": 9, "市区町村コード": 210, "所在地": "栃木県大田原市黒羽向町６", "緯度": 36.858036, "経度": 140.117015, "url": "https://www.iryou.teikyouseido.mhlw.go.jp/znk-web/juminkanja/S2430/initialize?prefCd=09&kikanCd=6092000606&kikanKbn=5", "url2": "https://www.sato-yamayuri-ph.com", "内容": "やまゆり薬局【5:薬局】栃木県大田原市黒羽向町６" }, "geometry": { "type": "Point", "coordinates": [ 140.117015, 36.858036 ] } },
{ "type": "Feature", "properties": { "ID": 956092000609.0, "正式名称": "ユニスマイル薬局　くろばね店", "機関区分": 5, "都道府県コード": 9, "市区町村コード": 210, "所在地": "栃木県大田原市大豆田４５７―１", "緯度": 36.860886, "経度": 140.113756, "url": "https://www.iryou.teikyouseido.mhlw.go.jp/znk-web/juminkanja/S2430/initialize?prefCd=09&kikanCd=6092000609&kikanKbn=5", "url2": "https://unismile.co.jp/", "内容": "ユニスマイル薬局　くろばね店【5:薬局】栃木県大田原市大豆田４５７―１" }, "geometry": { "type": "Point", "coordinates": [ 140.113756, 36.860886 ] } },
{ "type": "Feature", "properties": { "ID": 956092000610.0, "正式名称": "とちの木薬局", "機関区分": 5, "都道府県コード": 9, "市区町村コード": 214, "所在地": "栃木県さくら市氏家　１８１８－５７", "緯度": 36.678982, "経度": 139.965769, "url": "https://www.iryou.teikyouseido.mhlw.go.jp/znk-web/juminkanja/S2430/initialize?prefCd=09&kikanCd=6092000610&kikanKbn=5", "url2": "http://yakusen.co.jp/index.html", "内容": "とちの木薬局【5:薬局】栃木県さくら市氏家　１８１８－５７" }, "geometry": { "type": "Point", "coordinates": [ 139.965769, 36.678982 ] } },
{ "type": "Feature", "properties": { "ID": 956092000611.0, "正式名称": "コスモ調剤薬局　木幡店", "機関区分": 5, "都道府県コード": 9, "市区町村コード": 211, "所在地": "栃木県矢板市木幡１３０８－１", "緯度": 36.793858, "経度": 139.939033, "url": "https://www.iryou.teikyouseido.mhlw.go.jp/znk-web/juminkanja/S2430/initialize?prefCd=09&kikanCd=6092000611&kikanKbn=5", "url2": "http://www.cosmo-ph.co.jp/", "内容": "コスモ調剤薬局　木幡店【5:薬局】栃木県矢板市木幡１３０８－１" }, "geometry": { "type": "Point", "coordinates": [ 139.939033, 36.793858 ] } },
{ "type": "Feature", "properties": { "ID": 956092000614.0, "正式名称": "ウエルシア薬局　西那須野南郷屋店", "機関区分": 5, "都道府県コード": 9, "市区町村コード": 213, "所在地": "栃木県那須塩原市新南１６３－１２", "緯度": 36.885816, "経度": 139.994173, "url": "https://www.iryou.teikyouseido.mhlw.go.jp/znk-web/juminkanja/S2430/initialize?prefCd=09&kikanCd=6092000614&kikanKbn=5", "url2": "http://www.welcia-yakkyoku.co.jp", "内容": "ウエルシア薬局　西那須野南郷屋店【5:薬局】栃木県那須塩原市新南１６３－１２" }, "geometry": { "type": "Point", "coordinates": [ 139.994173, 36.885816 ] } },
{ "type": "Feature", "properties": { "ID": 956092000620.0, "正式名称": "小松屋薬局", "機関区分": 5, "都道府県コード": 9, "市区町村コード": 202, "所在地": "栃木県足利市通２丁目２６２５", "緯度": 36.335561, "経度": 139.449474, "url": "https://www.iryou.teikyouseido.mhlw.go.jp/znk-web/juminkanja/S2430/initialize?prefCd=09&kikanCd=6092000620&kikanKbn=5", "url2": null, "内容": "小松屋薬局【5:薬局】栃木県足利市通２丁目２６２５" }, "geometry": { "type": "Point", "coordinates": [ 139.449474, 36.335561 ] } },
{ "type": "Feature", "properties": { "ID": 956092000621.0, "正式名称": "カトウ薬局", "機関区分": 5, "都道府県コード": 9, "市区町村コード": 204, "所在地": "栃木県佐野市亀井町２６７０　カトウ薬局ビル", "緯度": 36.312505, "経度": 139.577436, "url": "https://www.iryou.teikyouseido.mhlw.go.jp/znk-web/juminkanja/S2430/initialize?prefCd=09&kikanCd=6092000621&kikanKbn=5", "url2": null, "内容": "カトウ薬局【5:薬局】栃木県佐野市亀井町２６７０　カトウ薬局ビル" }, "geometry": { "type": "Point", "coordinates": [ 139.577436, 36.312505 ] } },
{ "type": "Feature", "properties": { "ID": 956092000623.0, "正式名称": "有限会社　タニ薬局", "機関区分": 5, "都道府県コード": 9, "市区町村コード": 204, "所在地": "栃木県佐野市高砂町５４", "緯度": 36.314583, "経度": 139.57903, "url": "https://www.iryou.teikyouseido.mhlw.go.jp/znk-web/juminkanja/S2430/initialize?prefCd=09&kikanCd=6092000623&kikanKbn=5", "url2": null, "内容": "有限会社　タニ薬局【5:薬局】栃木県佐野市高砂町５４" }, "geometry": { "type": "Point", "coordinates": [ 139.57903, 36.314583 ] } },
{ "type": "Feature", "properties": { "ID": 956092000651.0, "正式名称": "タケムラ薬局", "機関区分": 5, "都道府県コード": 9, "市区町村コード": 204, "所在地": "栃木県佐野市浅沼町８７１", "緯度": 36.31147, "経度": 139.593888, "url": "https://www.iryou.teikyouseido.mhlw.go.jp/znk-web/juminkanja/S2430/initialize?prefCd=09&kikanCd=6092000651&kikanKbn=5", "url2": null, "内容": "タケムラ薬局【5:薬局】栃木県佐野市浅沼町８７１" }, "geometry": { "type": "Point", "coordinates": [ 139.593888, 36.31147 ] } },
{ "type": "Feature", "properties": { "ID": 956092000654.0, "正式名称": "コジマ薬局", "機関区分": 5, "都道府県コード": 9, "市区町村コード": 202, "所在地": "栃木県足利市常見町２－９－１１", "緯度": 36.318331, "経度": 139.48692, "url": "https://www.iryou.teikyouseido.mhlw.go.jp/znk-web/juminkanja/S2430/initialize?prefCd=09&kikanCd=6092000654&kikanKbn=5", "url2": null, "内容": "コジマ薬局【5:薬局】栃木県足利市常見町２－９－１１" }, "geometry": { "type": "Point", "coordinates": [ 139.48692, 36.318331 ] } },
{ "type": "Feature", "properties": { "ID": 956092000661.0, "正式名称": "グリム薬局", "機関区分": 5, "都道府県コード": 9, "市区町村コード": 202, "所在地": "栃木県足利市葉鹿町１丁目－３１－１", "緯度": 36.364662, "経度": 139.395801, "url": "https://www.iryou.teikyouseido.mhlw.go.jp/znk-web/juminkanja/S2430/initialize?prefCd=09&kikanCd=6092000661&kikanKbn=5", "url2": "http://www.m-medical.co.jp/", "内容": "グリム薬局【5:薬局】栃木県足利市葉鹿町１丁目－３１－１" }, "geometry": { "type": "Point", "coordinates": [ 139.395801, 36.364662 ] } },
{ "type": "Feature", "properties": { "ID": 956092000662.0, "正式名称": "メイプル薬局", "機関区分": 5, "都道府県コード": 9, "市区町村コード": 202, "所在地": "栃木県足利市福富町２０９６－１", "緯度": 36.316427, "経度": 139.464428, "url": "https://www.iryou.teikyouseido.mhlw.go.jp/znk-web/juminkanja/S2430/initialize?prefCd=09&kikanCd=6092000662&kikanKbn=5", "url2": "http://e-ff.jp/", "内容": "メイプル薬局【5:薬局】栃木県足利市福富町２０９６－１" }, "geometry": { "type": "Point", "coordinates": [ 139.464428, 36.316427 ] } },
{ "type": "Feature", "properties": { "ID": 956092000665.0, "正式名称": "（資）ほていや薬局", "機関区分": 5, "都道府県コード": 9, "市区町村コード": 204, "所在地": "栃木県佐野市伊賀町７０７－３", "緯度": 36.315797, "経度": 139.576166, "url": "https://www.iryou.teikyouseido.mhlw.go.jp/znk-web/juminkanja/S2430/initialize?prefCd=09&kikanCd=6092000665&kikanKbn=5", "url2": null, "内容": "（資）ほていや薬局【5:薬局】栃木県佐野市伊賀町７０７－３" }, "geometry": { "type": "Point", "coordinates": [ 139.576166, 36.315797 ] } },
{ "type": "Feature", "properties": { "ID": 956092000669.0, "正式名称": "平田薬局", "機関区分": 5, "都道府県コード": 9, "市区町村コード": 204, "所在地": "栃木県佐野市君田町３０－３", "緯度": 36.301092, "経度": 139.556641, "url": "https://www.iryou.teikyouseido.mhlw.go.jp/znk-web/juminkanja/S2430/initialize?prefCd=09&kikanCd=6092000669&kikanKbn=5", "url2": "http://hirata-yakkyoku.co.jp", "内容": "平田薬局【5:薬局】栃木県佐野市君田町３０－３" }, "geometry": { "type": "Point", "coordinates": [ 139.556641, 36.301092 ] } },
{ "type": "Feature", "properties": { "ID": 956092000670.0, "正式名称": "大山漢方堂薬局", "機関区分": 5, "都道府県コード": 9, "市区町村コード": 204, "所在地": "栃木県佐野市金屋仲町２４３２", "緯度": 36.311237, "経度": 139.577899, "url": "https://www.iryou.teikyouseido.mhlw.go.jp/znk-web/juminkanja/S2430/initialize?prefCd=09&kikanCd=6092000670&kikanKbn=5", "url2": "http://ohyama-kampo.server-shared.com/", "内容": "大山漢方堂薬局【5:薬局】栃木県佐野市金屋仲町２４３２" }, "geometry": { "type": "Point", "coordinates": [ 139.577899, 36.311237 ] } },
{ "type": "Feature", "properties": { "ID": 956092000671.0, "正式名称": "わかば薬局", "機関区分": 5, "都道府県コード": 9, "市区町村コード": 202, "所在地": "栃木県足利市助戸１－６４２－１", "緯度": 36.3299, "経度": 139.470553, "url": "https://www.iryou.teikyouseido.mhlw.go.jp/znk-web/juminkanja/S2430/initialize?prefCd=09&kikanCd=6092000671&kikanKbn=5", "url2": "http://sanshindrug.co.jp/index.htm", "内容": "わかば薬局【5:薬局】栃木県足利市助戸１－６４２－１" }, "geometry": { "type": "Point", "coordinates": [ 139.470553, 36.3299 ] } },
{ "type": "Feature", "properties": { "ID": 956092000672.0, "正式名称": "亀田調剤薬局", "機関区分": 5, "都道府県コード": 9, "市区町村コード": 204, "所在地": "栃木県佐野市田沼町１４３１－２", "緯度": 36.371604, "経度": 139.582155, "url": "https://www.iryou.teikyouseido.mhlw.go.jp/znk-web/juminkanja/S2430/initialize?prefCd=09&kikanCd=6092000672&kikanKbn=5", "url2": null, "内容": "亀田調剤薬局【5:薬局】栃木県佐野市田沼町１４３１－２" }, "geometry": { "type": "Point", "coordinates": [ 139.582155, 36.371604 ] } },
{ "type": "Feature", "properties": { "ID": 956092000675.0, "正式名称": "有限会社カキヌマ薬局", "機関区分": 5, "都道府県コード": 9, "市区町村コード": 202, "所在地": "栃木県足利市有楽町８４１", "緯度": 36.341334, "経度": 139.456051, "url": "https://www.iryou.teikyouseido.mhlw.go.jp/znk-web/juminkanja/S2430/initialize?prefCd=09&kikanCd=6092000675&kikanKbn=5", "url2": "http://www.kakinumayakkyoku.com", "内容": "有限会社カキヌマ薬局【5:薬局】栃木県足利市有楽町８４１" }, "geometry": { "type": "Point", "coordinates": [ 139.456051, 36.341334 ] } },
{ "type": "Feature", "properties": { "ID": 956092000676.0, "正式名称": "サイトウ薬局", "機関区分": 5, "都道府県コード": 9, "市区町村コード": 202, "所在地": "栃木県足利市八幡町８４３－２", "緯度": 36.325047, "経度": 139.435644, "url": "https://www.iryou.teikyouseido.mhlw.go.jp/znk-web/juminkanja/S2430/initialize?prefCd=09&kikanCd=6092000676&kikanKbn=5", "url2": null, "内容": "サイトウ薬局【5:薬局】栃木県足利市八幡町８４３－２" }, "geometry": { "type": "Point", "coordinates": [ 139.435644, 36.325047 ] } },
{ "type": "Feature", "properties": { "ID": 956092000678.0, "正式名称": "わかば薬局　葉鹿店", "機関区分": 5, "都道府県コード": 9, "市区町村コード": 202, "所在地": "栃木県足利市葉鹿町３３３", "緯度": 36.360121, "経度": 139.387799, "url": "https://www.iryou.teikyouseido.mhlw.go.jp/znk-web/juminkanja/S2430/initialize?prefCd=09&kikanCd=6092000678&kikanKbn=5", "url2": "http://www.sanshindrug.co.jp/wakabahajika.html", "内容": "わかば薬局　葉鹿店【5:薬局】栃木県足利市葉鹿町３３３" }, "geometry": { "type": "Point", "coordinates": [ 139.387799, 36.360121 ] } },
{ "type": "Feature", "properties": { "ID": 956092000680.0, "正式名称": "スター薬局", "機関区分": 5, "都道府県コード": 9, "市区町村コード": 202, "所在地": "栃木県足利市小俣町１７９２－１５", "緯度": 36.373419, "経度": 139.379066, "url": "https://www.iryou.teikyouseido.mhlw.go.jp/znk-web/juminkanja/S2430/initialize?prefCd=09&kikanCd=6092000680&kikanKbn=5", "url2": "http://www.m-medical.co.jp/", "内容": "スター薬局【5:薬局】栃木県足利市小俣町１７９２－１５" }, "geometry": { "type": "Point", "coordinates": [ 139.379066, 36.373419 ] } },
{ "type": "Feature", "properties": { "ID": 956092000681.0, "正式名称": "ふれあい薬局", "機関区分": 5, "都道府県コード": 9, "市区町村コード": 204, "所在地": "栃木県佐野市赤見町１１３７", "緯度": 36.347914, "経度": 139.537028, "url": "https://www.iryou.teikyouseido.mhlw.go.jp/znk-web/juminkanja/S2430/initialize?prefCd=09&kikanCd=6092000681&kikanKbn=5", "url2": "http://www.mc-kanto.co.jp/", "内容": "ふれあい薬局【5:薬局】栃木県佐野市赤見町１１３７" }, "geometry": { "type": "Point", "coordinates": [ 139.537028, 36.347914 ] } },
{ "type": "Feature", "properties": { "ID": 956092000685.0, "正式名称": "浅沼町薬局", "機関区分": 5, "都道府県コード": 9, "市区町村コード": 204, "所在地": "栃木県佐野市浅沼町４９－６", "緯度": 36.304867, "経度": 139.588485, "url": "https://www.iryou.teikyouseido.mhlw.go.jp/znk-web/juminkanja/S2430/initialize?prefCd=09&kikanCd=6092000685&kikanKbn=5", "url2": null, "内容": "浅沼町薬局【5:薬局】栃木県佐野市浅沼町４９－６" }, "geometry": { "type": "Point", "coordinates": [ 139.588485, 36.304867 ] } },
{ "type": "Feature", "properties": { "ID": 956092000687.0, "正式名称": "株式会社フレンド　佐野調剤薬局", "機関区分": 5, "都道府県コード": 9, "市区町村コード": 204, "所在地": "栃木県佐野市石塚町２３９９－３", "緯度": 36.362302, "経度": 139.559537, "url": "https://www.iryou.teikyouseido.mhlw.go.jp/znk-web/juminkanja/S2430/initialize?prefCd=09&kikanCd=6092000687&kikanKbn=5", "url2": "http://www.f-pw.jp/", "内容": "株式会社フレンド　佐野調剤薬局【5:薬局】栃木県佐野市石塚町２３９９－３" }, "geometry": { "type": "Point", "coordinates": [ 139.559537, 36.362302 ] } },
{ "type": "Feature", "properties": { "ID": 956092000691.0, "正式名称": "かみや調剤薬局　足利店", "機関区分": 5, "都道府県コード": 9, "市区町村コード": 202, "所在地": "栃木県足利市利保町３ー７－４", "緯度": 36.359648, "経度": 139.472881, "url": "https://www.iryou.teikyouseido.mhlw.go.jp/znk-web/juminkanja/S2430/initialize?prefCd=09&kikanCd=6092000691&kikanKbn=5", "url2": "http://www.kamiyapharmacy.co.jp", "内容": "かみや調剤薬局　足利店【5:薬局】栃木県足利市利保町３ー７－４" }, "geometry": { "type": "Point", "coordinates": [ 139.472881, 36.359648 ] } },
{ "type": "Feature", "properties": { "ID": 956092000692.0, "正式名称": "かみや調剤薬局　足利南店", "機関区分": 5, "都道府県コード": 9, "市区町村コード": 202, "所在地": "栃木県足利市堀込町１８８－１", "緯度": 36.308174, "経度": 139.444708, "url": "https://www.iryou.teikyouseido.mhlw.go.jp/znk-web/juminkanja/S2430/initialize?prefCd=09&kikanCd=6092000692&kikanKbn=5", "url2": "http://www.kamiyapharmacy.co.jp", "内容": "かみや調剤薬局　足利南店【5:薬局】栃木県足利市堀込町１８８－１" }, "geometry": { "type": "Point", "coordinates": [ 139.444708, 36.308174 ] } },
{ "type": "Feature", "properties": { "ID": 956092000694.0, "正式名称": "かみや調剤薬局　田沼店", "機関区分": 5, "都道府県コード": 9, "市区町村コード": 204, "所在地": "栃木県佐野市栃本町１７７２", "緯度": 36.366107, "経度": 139.581522, "url": "https://www.iryou.teikyouseido.mhlw.go.jp/znk-web/juminkanja/S2430/initialize?prefCd=09&kikanCd=6092000694&kikanKbn=5", "url2": "http://www.kamiyapharmacy.co.jp", "内容": "かみや調剤薬局　田沼店【5:薬局】栃木県佐野市栃本町１７７２" }, "geometry": { "type": "Point", "coordinates": [ 139.581522, 36.366107 ] } },
{ "type": "Feature", "properties": { "ID": 956092000696.0, "正式名称": "プラザ薬局", "機関区分": 5, "都道府県コード": 9, "市区町村コード": 204, "所在地": "栃木県佐野市富岡町１６６３－２", "緯度": 36.317331, "経度": 139.598269, "url": "https://www.iryou.teikyouseido.mhlw.go.jp/znk-web/juminkanja/S2430/initialize?prefCd=09&kikanCd=6092000696&kikanKbn=5", "url2": null, "内容": "プラザ薬局【5:薬局】栃木県佐野市富岡町１６６３－２" }, "geometry": { "type": "Point", "coordinates": [ 139.598269, 36.317331 ] } },
{ "type": "Feature", "properties": { "ID": 956092000697.0, "正式名称": "シロタ薬局", "機関区分": 5, "都道府県コード": 9, "市区町村コード": 202, "所在地": "栃木県足利市花園町２５", "緯度": 36.335585, "経度": 139.473493, "url": "https://www.iryou.teikyouseido.mhlw.go.jp/znk-web/juminkanja/S2430/initialize?prefCd=09&kikanCd=6092000697&kikanKbn=5", "url2": null, "内容": "シロタ薬局【5:薬局】栃木県足利市花園町２５" }, "geometry": { "type": "Point", "coordinates": [ 139.473493, 36.335585 ] } },
{ "type": "Feature", "properties": { "ID": 956092000698.0, "正式名称": "有限会社すけど薬局　たぬま店", "機関区分": 5, "都道府県コード": 9, "市区町村コード": 204, "所在地": "栃木県佐野市田沼町８９４－３", "緯度": 36.371731, "経度": 139.570514, "url": "https://www.iryou.teikyouseido.mhlw.go.jp/znk-web/juminkanja/S2430/initialize?prefCd=09&kikanCd=6092000698&kikanKbn=5", "url2": "https://sukedo-pharmacy.com/", "内容": "有限会社すけど薬局　たぬま店【5:薬局】栃木県佐野市田沼町８９４－３" }, "geometry": { "type": "Point", "coordinates": [ 139.570514, 36.371731 ] } },
{ "type": "Feature", "properties": { "ID": 956092000699.0, "正式名称": "かみや調剤薬局　葛生店", "機関区分": 5, "都道府県コード": 9, "市区町村コード": 204, "所在地": "栃木県佐野市葛生東１－６３５－５", "緯度": 36.401654, "経度": 139.613061, "url": "https://www.iryou.teikyouseido.mhlw.go.jp/znk-web/juminkanja/S2430/initialize?prefCd=09&kikanCd=6092000699&kikanKbn=5", "url2": "http://www.kamiyapharmacy.co.jp", "内容": "かみや調剤薬局　葛生店【5:薬局】栃木県佐野市葛生東１－６３５－５" }, "geometry": { "type": "Point", "coordinates": [ 139.613061, 36.401654 ] } },
{ "type": "Feature", "properties": { "ID": 956092000700.0, "正式名称": "花・花薬局植上店", "機関区分": 5, "都道府県コード": 9, "市区町村コード": 204, "所在地": "栃木県佐野市植上町１７２８－１", "緯度": 36.303886, "経度": 139.579908, "url": "https://www.iryou.teikyouseido.mhlw.go.jp/znk-web/juminkanja/S2430/initialize?prefCd=09&kikanCd=6092000700&kikanKbn=5", "url2": "http://e-ff.jp/tenpo/mominoki.html", "内容": "花・花薬局植上店【5:薬局】栃木県佐野市植上町１７２８－１" }, "geometry": { "type": "Point", "coordinates": [ 139.579908, 36.303886 ] } },
{ "type": "Feature", "properties": { "ID": 956092000701.0, "正式名称": "スズラン薬局", "機関区分": 5, "都道府県コード": 9, "市区町村コード": 204, "所在地": "栃木県佐野市堀米町３９３６－７", "緯度": 36.329047, "経度": 139.575515, "url": "https://www.iryou.teikyouseido.mhlw.go.jp/znk-web/juminkanja/S2430/initialize?prefCd=09&kikanCd=6092000701&kikanKbn=5", "url2": "http://www.mc-kanto.co.jp/", "内容": "スズラン薬局【5:薬局】栃木県佐野市堀米町３９３６－７" }, "geometry": { "type": "Point", "coordinates": [ 139.575515, 36.329047 ] } },
{ "type": "Feature", "properties": { "ID": 956092000702.0, "正式名称": "げんき薬局", "機関区分": 5, "都道府県コード": 9, "市区町村コード": 204, "所在地": "栃木県佐野市葛生東１－８－１", "緯度": 36.399437, "経度": 139.609725, "url": "https://www.iryou.teikyouseido.mhlw.go.jp/znk-web/juminkanja/S2430/initialize?prefCd=09&kikanCd=6092000702&kikanKbn=5", "url2": "https://www.abc-genkipharmacy.com/", "内容": "げんき薬局【5:薬局】栃木県佐野市葛生東１－８－１" }, "geometry": { "type": "Point", "coordinates": [ 139.609725, 36.399437 ] } },
{ "type": "Feature", "properties": { "ID": 956092000705.0, "正式名称": "アイリス調剤薬局", "機関区分": 5, "都道府県コード": 9, "市区町村コード": 202, "所在地": "栃木県足利市本城１－１４９５－８", "緯度": 36.348939, "経度": 139.457711, "url": "https://www.iryou.teikyouseido.mhlw.go.jp/znk-web/juminkanja/S2430/initialize?prefCd=09&kikanCd=6092000705&kikanKbn=5", "url2": null, "内容": "アイリス調剤薬局【5:薬局】栃木県足利市本城１－１４９５－８" }, "geometry": { "type": "Point", "coordinates": [ 139.457711, 36.348939 ] } },
{ "type": "Feature", "properties": { "ID": 956092000706.0, "正式名称": "ミント薬局", "機関区分": 5, "都道府県コード": 9, "市区町村コード": 202, "所在地": "栃木県足利市八椚町４９２－３", "緯度": 36.323927, "経度": 139.48952, "url": "https://www.iryou.teikyouseido.mhlw.go.jp/znk-web/juminkanja/S2430/initialize?prefCd=09&kikanCd=6092000706&kikanKbn=5", "url2": "http://www.mc-kanto.co.jp/", "内容": "ミント薬局【5:薬局】栃木県足利市八椚町４９２－３" }, "geometry": { "type": "Point", "coordinates": [ 139.48952, 36.323927 ] } },
{ "type": "Feature", "properties": { "ID": 956092000708.0, "正式名称": "いるか薬局", "機関区分": 5, "都道府県コード": 9, "市区町村コード": 204, "所在地": "栃木県佐野市堀米町３９４６－７", "緯度": 36.327407, "経度": 139.576271, "url": "https://www.iryou.teikyouseido.mhlw.go.jp/znk-web/juminkanja/S2430/initialize?prefCd=09&kikanCd=6092000708&kikanKbn=5", "url2": "http://iruka-pharmacy.net/", "内容": "いるか薬局【5:薬局】栃木県佐野市堀米町３９４６－７" }, "geometry": { "type": "Point", "coordinates": [ 139.576271, 36.327407 ] } },
{ "type": "Feature", "properties": { "ID": 956092000711.0, "正式名称": "ポプリ薬局", "機関区分": 5, "都道府県コード": 9, "市区町村コード": 204, "所在地": "栃木県佐野市植上町１４１９", "緯度": 36.301157, "経度": 139.586896, "url": "https://www.iryou.teikyouseido.mhlw.go.jp/znk-web/juminkanja/S2430/initialize?prefCd=09&kikanCd=6092000711&kikanKbn=5", "url2": "https://www.fm-popuri.com", "内容": "ポプリ薬局【5:薬局】栃木県佐野市植上町１４１９" }, "geometry": { "type": "Point", "coordinates": [ 139.586896, 36.301157 ] } },
{ "type": "Feature", "properties": { "ID": 956092000714.0, "正式名称": "こぐれ調剤薬局", "機関区分": 5, "都道府県コード": 9, "市区町村コード": 202, "所在地": "栃木県足利市伊勢町１－３－１", "緯度": 36.332163, "経度": 139.457553, "url": "https://www.iryou.teikyouseido.mhlw.go.jp/znk-web/juminkanja/S2430/initialize?prefCd=09&kikanCd=6092000714&kikanKbn=5", "url2": null, "内容": "こぐれ調剤薬局【5:薬局】栃木県足利市伊勢町１－３－１" }, "geometry": { "type": "Point", "coordinates": [ 139.457553, 36.332163 ] } },
{ "type": "Feature", "properties": { "ID": 956092000715.0, "正式名称": "ハーブ薬局", "機関区分": 5, "都道府県コード": 9, "市区町村コード": 202, "所在地": "栃木県足利市八幡町１－９－１０　ＰＬＡＺＡ　ＦＳビル", "緯度": 36.322988, "経度": 139.444171, "url": "https://www.iryou.teikyouseido.mhlw.go.jp/znk-web/juminkanja/S2430/initialize?prefCd=09&kikanCd=6092000715&kikanKbn=5", "url2": "http://www.mc-kanto.co.jp/", "内容": "ハーブ薬局【5:薬局】栃木県足利市八幡町１－９－１０　ＰＬＡＺＡ　ＦＳビル" }, "geometry": { "type": "Point", "coordinates": [ 139.444171, 36.322988 ] } },
{ "type": "Feature", "properties": { "ID": 956092000720.0, "正式名称": "そうごう薬局富田店", "機関区分": 5, "都道府県コード": 9, "市区町村コード": 202, "所在地": "栃木県足利市多田木町１３４－２", "緯度": 36.314395, "経度": 139.532675, "url": "https://www.iryou.teikyouseido.mhlw.go.jp/znk-web/juminkanja/S2430/initialize?prefCd=09&kikanCd=6092000720&kikanKbn=5", "url2": "http://www.sogo-medical.co.jp", "内容": "そうごう薬局富田店【5:薬局】栃木県足利市多田木町１３４－２" }, "geometry": { "type": "Point", "coordinates": [ 139.532675, 36.314395 ] } },
{ "type": "Feature", "properties": { "ID": 956092000722.0, "正式名称": "花・花薬局浅沼店", "機関区分": 5, "都道府県コード": 9, "市区町村コード": 204, "所在地": "栃木県佐野市浅沼町８４８－２", "緯度": 36.310406, "経度": 139.592963, "url": "https://www.iryou.teikyouseido.mhlw.go.jp/znk-web/juminkanja/S2430/initialize?prefCd=09&kikanCd=6092000722&kikanKbn=5", "url2": "http://www.e-ff.jp", "内容": "花・花薬局浅沼店【5:薬局】栃木県佐野市浅沼町８４８－２" }, "geometry": { "type": "Point", "coordinates": [ 139.592963, 36.310406 ] } },
{ "type": "Feature", "properties": { "ID": 956092000724.0, "正式名称": "花・花薬局　高萩店", "機関区分": 5, "都道府県コード": 9, "市区町村コード": 204, "所在地": "栃木県佐野市高萩町１３３２－１１", "緯度": 36.299191, "経度": 139.600986, "url": "https://www.iryou.teikyouseido.mhlw.go.jp/znk-web/juminkanja/S2430/initialize?prefCd=09&kikanCd=6092000724&kikanKbn=5", "url2": "http://www.e-ff.jp", "内容": "花・花薬局　高萩店【5:薬局】栃木県佐野市高萩町１３３２－１１" }, "geometry": { "type": "Point", "coordinates": [ 139.600986, 36.299191 ] } },
{ "type": "Feature", "properties": { "ID": 956092000725.0, "正式名称": "ウエルシア薬局足利朝倉店", "機関区分": 5, "都道府県コード": 9, "市区町村コード": 202, "所在地": "栃木県足利市田中町３０－３", "緯度": 36.322919, "経度": 139.451134, "url": "https://www.iryou.teikyouseido.mhlw.go.jp/znk-web/juminkanja/S2430/initialize?prefCd=09&kikanCd=6092000725&kikanKbn=5", "url2": "http://www.welcia-kanto.jp", "内容": "ウエルシア薬局足利朝倉店【5:薬局】栃木県足利市田中町３０－３" }, "geometry": { "type": "Point", "coordinates": [ 139.451134, 36.322919 ] } },
{ "type": "Feature", "properties": { "ID": 956092000726.0, "正式名称": "エムズ薬局", "機関区分": 5, "都道府県コード": 9, "市区町村コード": 202, "所在地": "栃木県足利市元学町８２９－２０", "緯度": 36.340479, "経度": 139.459358, "url": "https://www.iryou.teikyouseido.mhlw.go.jp/znk-web/juminkanja/S2430/initialize?prefCd=09&kikanCd=6092000726&kikanKbn=5", "url2": "http://www.g-pharmacy.com", "内容": "エムズ薬局【5:薬局】栃木県足利市元学町８２９－２０" }, "geometry": { "type": "Point", "coordinates": [ 139.459358, 36.340479 ] } },
{ "type": "Feature", "properties": { "ID": 956092000727.0, "正式名称": "かみや薬局高萩店", "機関区分": 5, "都道府県コード": 9, "市区町村コード": 204, "所在地": "栃木県佐野市高萩町１２１６－１", "緯度": 36.299813, "経度": 139.598214, "url": "https://www.iryou.teikyouseido.mhlw.go.jp/znk-web/juminkanja/S2430/initialize?prefCd=09&kikanCd=6092000727&kikanKbn=5", "url2": "http://www.kamiyapharmacy.co.jp", "内容": "かみや薬局高萩店【5:薬局】栃木県佐野市高萩町１２１６－１" }, "geometry": { "type": "Point", "coordinates": [ 139.598214, 36.299813 ] } },
{ "type": "Feature", "properties": { "ID": 956092000728.0, "正式名称": "十字堂薬局", "機関区分": 5, "都道府県コード": 9, "市区町村コード": 202, "所在地": "栃木県足利市福居町１８１－３", "緯度": 36.307113, "経度": 139.446968, "url": "https://www.iryou.teikyouseido.mhlw.go.jp/znk-web/juminkanja/S2430/initialize?prefCd=09&kikanCd=6092000728&kikanKbn=5", "url2": "https://www.jyujido-p.com", "内容": "十字堂薬局【5:薬局】栃木県足利市福居町１８１－３" }, "geometry": { "type": "Point", "coordinates": [ 139.446968, 36.307113 ] } },
{ "type": "Feature", "properties": { "ID": 956092000729.0, "正式名称": "コスモ調剤薬局足利南店", "機関区分": 5, "都道府県コード": 9, "市区町村コード": 202, "所在地": "栃木県足利市堀込町９４－３", "緯度": 36.307102, "経度": 139.445502, "url": "https://www.iryou.teikyouseido.mhlw.go.jp/znk-web/juminkanja/S2430/initialize?prefCd=09&kikanCd=6092000729&kikanKbn=5", "url2": "http://www.cosmo-ph.co.jp/", "内容": "コスモ調剤薬局足利南店【5:薬局】栃木県足利市堀込町９４－３" }, "geometry": { "type": "Point", "coordinates": [ 139.445502, 36.307102 ] } },
{ "type": "Feature", "properties": { "ID": 956092000732.0, "正式名称": "有限会社メディックアップル調剤薬局", "機関区分": 5, "都道府県コード": 9, "市区町村コード": 204, "所在地": "栃木県佐野市富岡町１５７１－３", "緯度": 36.317158, "経度": 139.594515, "url": "https://www.iryou.teikyouseido.mhlw.go.jp/znk-web/juminkanja/S2430/initialize?prefCd=09&kikanCd=6092000732&kikanKbn=5", "url2": "https://apple-pham.com/hp/", "内容": "有限会社メディックアップル調剤薬局【5:薬局】栃木県佐野市富岡町１５７１－３" }, "geometry": { "type": "Point", "coordinates": [ 139.594515, 36.317158 ] } },
{ "type": "Feature", "properties": { "ID": 956092000733.0, "正式名称": "花・花薬局いちょう", "機関区分": 5, "都道府県コード": 9, "市区町村コード": 202, "所在地": "栃木県足利市旭町７７２－２２", "緯度": 36.340765, "経度": 139.455159, "url": "https://www.iryou.teikyouseido.mhlw.go.jp/znk-web/juminkanja/S2430/initialize?prefCd=09&kikanCd=6092000733&kikanKbn=5", "url2": "http://e-ff.jp/", "内容": "花・花薬局いちょう【5:薬局】栃木県足利市旭町７７２－２２" }, "geometry": { "type": "Point", "coordinates": [ 139.455159, 36.340765 ] } },
{ "type": "Feature", "properties": { "ID": 956092000735.0, "正式名称": "ミルキー薬局", "機関区分": 5, "都道府県コード": 9, "市区町村コード": 201, "所在地": "栃木県宇都宮市相野沢町９８－１２", "緯度": 36.645622, "経度": 139.910692, "url": "https://www.iryou.teikyouseido.mhlw.go.jp/znk-web/juminkanja/S2430/initialize?prefCd=09&kikanCd=6092000735&kikanKbn=5", "url2": "http://www.p-leaf.jp/", "内容": "ミルキー薬局【5:薬局】栃木県宇都宮市相野沢町９８－１２" }, "geometry": { "type": "Point", "coordinates": [ 139.910692, 36.645622 ] } },
{ "type": "Feature", "properties": { "ID": 956092000746.0, "正式名称": "アルファーム薬局　鹿沼店", "機関区分": 5, "都道府県コード": 9, "市区町村コード": 205, "所在地": "栃木県鹿沼市今宮町１６２３－２", "緯度": 36.56558, "経度": 139.744715, "url": "https://www.iryou.teikyouseido.mhlw.go.jp/znk-web/juminkanja/S2430/initialize?prefCd=09&kikanCd=6092000746&kikanKbn=5", "url2": "https://www.alpharm.co.jp/", "内容": "アルファーム薬局　鹿沼店【5:薬局】栃木県鹿沼市今宮町１６２３－２" }, "geometry": { "type": "Point", "coordinates": [ 139.744715, 36.56558 ] } },
{ "type": "Feature", "properties": { "ID": 956092000747.0, "正式名称": "中央薬局　足利店", "機関区分": 5, "都道府県コード": 9, "市区町村コード": 202, "所在地": "栃木県足利市福居町１５７－４", "緯度": 36.306963, "経度": 139.449043, "url": "https://www.iryou.teikyouseido.mhlw.go.jp/znk-web/juminkanja/S2430/initialize?prefCd=09&kikanCd=6092000747&kikanKbn=5", "url2": "http://www.power-p.co.jp", "内容": "中央薬局　足利店【5:薬局】栃木県足利市福居町１５７－４" }, "geometry": { "type": "Point", "coordinates": [ 139.449043, 36.306963 ] } },
{ "type": "Feature", "properties": { "ID": 956092000749.0, "正式名称": "プラザ薬局　真岡店", "機関区分": 5, "都道府県コード": 9, "市区町村コード": 209, "所在地": "栃木県真岡市下高間木１－１３－８", "緯度": 36.43363, "経度": 139.986272, "url": "https://www.iryou.teikyouseido.mhlw.go.jp/znk-web/juminkanja/S2430/initialize?prefCd=09&kikanCd=6092000749&kikanKbn=5", "url2": "https://e-bond.info/withs/", "内容": "プラザ薬局　真岡店【5:薬局】栃木県真岡市下高間木１－１３－８" }, "geometry": { "type": "Point", "coordinates": [ 139.986272, 36.43363 ] } },
{ "type": "Feature", "properties": { "ID": 956092000753.0, "正式名称": "カワチ薬局　大田原西店", "機関区分": 5, "都道府県コード": 9, "市区町村コード": 213, "所在地": "栃木県那須塩原市緑１－８－４４", "緯度": 36.868018, "経度": 140.005992, "url": "https://www.iryou.teikyouseido.mhlw.go.jp/znk-web/juminkanja/S2430/initialize?prefCd=09&kikanCd=6092000753&kikanKbn=5", "url2": "http://www.cawachi.co.jp", "内容": "カワチ薬局　大田原西店【5:薬局】栃木県那須塩原市緑１－８－４４" }, "geometry": { "type": "Point", "coordinates": [ 140.005992, 36.868018 ] } },
{ "type": "Feature", "properties": { "ID": 956092000754.0, "正式名称": "おおき調剤薬局", "機関区分": 5, "都道府県コード": 9, "市区町村コード": 201, "所在地": "栃木県宇都宮市大寛２ー２ー１", "緯度": 36.557623, "経度": 139.874146, "url": "https://www.iryou.teikyouseido.mhlw.go.jp/znk-web/juminkanja/S2430/initialize?prefCd=09&kikanCd=6092000754&kikanKbn=5", "url2": null, "内容": "おおき調剤薬局【5:薬局】栃木県宇都宮市大寛２ー２ー１" }, "geometry": { "type": "Point", "coordinates": [ 139.874146, 36.557623 ] } },
{ "type": "Feature", "properties": { "ID": 956092000755.0, "正式名称": "ハーモニー薬局", "機関区分": 5, "都道府県コード": 9, "市区町村コード": 201, "所在地": "栃木県宇都宮市西３ー１ー１１", "緯度": 36.555793, "経度": 139.879087, "url": "https://www.iryou.teikyouseido.mhlw.go.jp/znk-web/juminkanja/S2430/initialize?prefCd=09&kikanCd=6092000755&kikanKbn=5", "url2": "https://i-harmony.jp", "内容": "ハーモニー薬局【5:薬局】栃木県宇都宮市西３ー１ー１１" }, "geometry": { "type": "Point", "coordinates": [ 139.879087, 36.555793 ] } },
{ "type": "Feature", "properties": { "ID": 956092000757.0, "正式名称": "ウエルシア薬局　宇都宮今泉新町店", "機関区分": 5, "都道府県コード": 9, "市区町村コード": 201, "所在地": "栃木県宇都宮市今泉新町２６０－６", "緯度": 36.571954, "経度": 139.914244, "url": "https://www.iryou.teikyouseido.mhlw.go.jp/znk-web/juminkanja/S2430/initialize?prefCd=09&kikanCd=6092000757&kikanKbn=5", "url2": "http://www.welcia-yakkyoku.co.jp/", "内容": "ウエルシア薬局　宇都宮今泉新町店【5:薬局】栃木県宇都宮市今泉新町２６０－６" }, "geometry": { "type": "Point", "coordinates": [ 139.914244, 36.571954 ] } },
{ "type": "Feature", "properties": { "ID": 956092000762.0, "正式名称": "ウエルシア薬局　　宇都宮双葉店", "機関区分": 5, "都道府県コード": 9, "市区町村コード": 201, "所在地": "栃木県宇都宮市双葉３丁目１５番２号", "緯度": 36.529195, "経度": 139.857879, "url": "https://www.iryou.teikyouseido.mhlw.go.jp/znk-web/juminkanja/S2430/initialize?prefCd=09&kikanCd=6092000762&kikanKbn=5", "url2": "http://www.welcia-yakkyoku.co.jp/", "内容": "ウエルシア薬局　　宇都宮双葉店【5:薬局】栃木県宇都宮市双葉３丁目１５番２号" }, "geometry": { "type": "Point", "coordinates": [ 139.857879, 36.529195 ] } },
{ "type": "Feature", "properties": { "ID": 956092000763.0, "正式名称": "平成薬局大通り店", "機関区分": 5, "都道府県コード": 9, "市区町村コード": 201, "所在地": "栃木県宇都宮市大通り", "緯度": 36.56046, "経度": 139.891734, "url": "https://www.iryou.teikyouseido.mhlw.go.jp/znk-web/juminkanja/S2430/initialize?prefCd=09&kikanCd=6092000763&kikanKbn=5", "url2": "http://www.s-p-c.co.jp", "内容": "平成薬局大通り店【5:薬局】栃木県宇都宮市大通り" }, "geometry": { "type": "Point", "coordinates": [ 139.891734, 36.56046 ] } },
{ "type": "Feature", "properties": { "ID": 956092000764.0, "正式名称": "れもん薬局", "機関区分": 5, "都道府県コード": 9, "市区町村コード": 201, "所在地": "栃木県宇都宮市緑", "緯度": 36.522101, "経度": 139.86139, "url": "https://www.iryou.teikyouseido.mhlw.go.jp/znk-web/juminkanja/S2430/initialize?prefCd=09&kikanCd=6092000764&kikanKbn=5", "url2": "https://meron-net.shop/ds/lemon", "内容": "れもん薬局【5:薬局】栃木県宇都宮市緑" }, "geometry": { "type": "Point", "coordinates": [ 139.86139, 36.522101 ] } },
{ "type": "Feature", "properties": { "ID": 956092000765.0, "正式名称": "邦證堂薬局　上殿店", "機関区分": 5, "都道府県コード": 9, "市区町村コード": 205, "所在地": "栃木県鹿沼市上殿町７１９－５", "緯度": 36.548246, "経度": 139.753504, "url": "https://www.iryou.teikyouseido.mhlw.go.jp/znk-web/juminkanja/S2430/initialize?prefCd=09&kikanCd=6092000765&kikanKbn=5", "url2": null, "内容": "邦證堂薬局　上殿店【5:薬局】栃木県鹿沼市上殿町７１９－５" }, "geometry": { "type": "Point", "coordinates": [ 139.753504, 36.548246 ] } },
{ "type": "Feature", "properties": { "ID": 956092000770.0, "正式名称": "中央薬局　東峰店", "機関区分": 5, "都道府県コード": 9, "市区町村コード": 201, "所在地": "栃木県宇都宮市東峰町３４４１－１５８", "緯度": 36.538624, "経度": 139.920957, "url": "https://www.iryou.teikyouseido.mhlw.go.jp/znk-web/juminkanja/S2430/initialize?prefCd=09&kikanCd=6092000770&kikanKbn=5", "url2": "http://www.power-p.co.jp", "内容": "中央薬局　東峰店【5:薬局】栃木県宇都宮市東峰町３４４１－１５８" }, "geometry": { "type": "Point", "coordinates": [ 139.920957, 36.538624 ] } },
{ "type": "Feature", "properties": { "ID": 956092000777.0, "正式名称": "前田薬局", "機関区分": 5, "都道府県コード": 9, "市区町村コード": 202, "所在地": "栃木県足利市柳原町８５９－１", "緯度": 36.340771, "経度": 139.452815, "url": "https://www.iryou.teikyouseido.mhlw.go.jp/znk-web/juminkanja/S2430/initialize?prefCd=09&kikanCd=6092000777&kikanKbn=5", "url2": "https://www.maeda-yakkyoku.com/", "内容": "前田薬局【5:薬局】栃木県足利市柳原町８５９－１" }, "geometry": { "type": "Point", "coordinates": [ 139.452815, 36.340771 ] } },
{ "type": "Feature", "properties": { "ID": 956092000780.0, "正式名称": "きよはらだい薬局", "機関区分": 5, "都道府県コード": 9, "市区町村コード": 201, "所在地": "栃木県宇都宮市清原台５－１８－３５", "緯度": 36.551598, "経度": 139.996544, "url": "https://www.iryou.teikyouseido.mhlw.go.jp/znk-web/juminkanja/S2430/initialize?prefCd=09&kikanCd=6092000780&kikanKbn=5", "url2": "https://e-bond.info/withs/", "内容": "きよはらだい薬局【5:薬局】栃木県宇都宮市清原台５－１８－３５" }, "geometry": { "type": "Point", "coordinates": [ 139.996544, 36.551598 ] } },
{ "type": "Feature", "properties": { "ID": 956092000785.0, "正式名称": "たんぽぽ薬局", "機関区分": 5, "都道府県コード": 9, "市区町村コード": 209, "所在地": "栃木県真岡市長田１２８８－２０", "緯度": 36.445836, "経度": 139.960882, "url": "https://www.iryou.teikyouseido.mhlw.go.jp/znk-web/juminkanja/S2430/initialize?prefCd=09&kikanCd=6092000785&kikanKbn=5", "url2": null, "内容": "たんぽぽ薬局【5:薬局】栃木県真岡市長田１２８８－２０" }, "geometry": { "type": "Point", "coordinates": [ 139.960882, 36.445836 ] } },
{ "type": "Feature", "properties": { "ID": 956092000790.0, "正式名称": "ひがしの薬局　那須塩原店", "機関区分": 5, "都道府県コード": 9, "市区町村コード": 213, "所在地": "栃木県那須塩原市太夫塚１丁目１９３ー１１", "緯度": 36.88329, "経度": 139.981466, "url": "https://www.iryou.teikyouseido.mhlw.go.jp/znk-web/juminkanja/S2430/initialize?prefCd=09&kikanCd=6092000790&kikanKbn=5", "url2": null, "内容": "ひがしの薬局　那須塩原店【5:薬局】栃木県那須塩原市太夫塚１丁目１９３ー１１" }, "geometry": { "type": "Point", "coordinates": [ 139.981466, 36.88329 ] } },
{ "type": "Feature", "properties": { "ID": 956092000797.0, "正式名称": "足利調剤薬局", "機関区分": 5, "都道府県コード": 9, "市区町村コード": 202, "所在地": "栃木県足利市大町７－９", "緯度": 36.335377, "経度": 139.456159, "url": "https://www.iryou.teikyouseido.mhlw.go.jp/znk-web/juminkanja/S2430/initialize?prefCd=09&kikanCd=6092000797&kikanKbn=5", "url2": null, "内容": "足利調剤薬局【5:薬局】栃木県足利市大町７－９" }, "geometry": { "type": "Point", "coordinates": [ 139.456159, 36.335377 ] } },
{ "type": "Feature", "properties": { "ID": 956092000804.0, "正式名称": "カワチ薬局　千渡店", "機関区分": 5, "都道府県コード": 9, "市区町村コード": 205, "所在地": "栃木県鹿沼市千渡１７５４－４", "緯度": 36.562679, "経度": 139.783256, "url": "https://www.iryou.teikyouseido.mhlw.go.jp/znk-web/juminkanja/S2430/initialize?prefCd=09&kikanCd=6092000804&kikanKbn=5", "url2": "http://www.cawachi.co.jp", "内容": "カワチ薬局　千渡店【5:薬局】栃木県鹿沼市千渡１７５４－４" }, "geometry": { "type": "Point", "coordinates": [ 139.783256, 36.562679 ] } },
{ "type": "Feature", "properties": { "ID": 956092000815.0, "正式名称": "ウエルシア薬局真岡熊倉店", "機関区分": 5, "都道府県コード": 9, "市区町村コード": 209, "所在地": "栃木県真岡市熊倉１－１－１", "緯度": 36.448739, "経度": 139.994673, "url": "https://www.iryou.teikyouseido.mhlw.go.jp/znk-web/juminkanja/S2430/initialize?prefCd=09&kikanCd=6092000815&kikanKbn=5", "url2": "http://www.welcia-kanto.jp/", "内容": "ウエルシア薬局真岡熊倉店【5:薬局】栃木県真岡市熊倉１－１－１" }, "geometry": { "type": "Point", "coordinates": [ 139.994673, 36.448739 ] } },
{ "type": "Feature", "properties": { "ID": 956092000816.0, "正式名称": "つくも薬局上殿", "機関区分": 5, "都道府県コード": 9, "市区町村コード": 205, "所在地": "栃木県鹿沼市上殿町１６１８－１０", "緯度": 36.542548, "経度": 139.76347, "url": "https://www.iryou.teikyouseido.mhlw.go.jp/znk-web/juminkanja/S2430/initialize?prefCd=09&kikanCd=6092000816&kikanKbn=5", "url2": "http://tsukumoyakkyoku.co.jp/", "内容": "つくも薬局上殿【5:薬局】栃木県鹿沼市上殿町１６１８－１０" }, "geometry": { "type": "Point", "coordinates": [ 139.76347, 36.542548 ] } },
{ "type": "Feature", "properties": { "ID": 956092000820.0, "正式名称": "とちぎ薬局鹿沼中央店", "機関区分": 5, "都道府県コード": 9, "市区町村コード": 205, "所在地": "栃木県鹿沼市上材木町１７２５－３", "緯度": 36.567552, "経度": 139.74604, "url": "https://www.iryou.teikyouseido.mhlw.go.jp/znk-web/juminkanja/S2430/initialize?prefCd=09&kikanCd=6092000820&kikanKbn=5", "url2": "http://www.jp-group.co.jp/", "内容": "とちぎ薬局鹿沼中央店【5:薬局】栃木県鹿沼市上材木町１７２５－３" }, "geometry": { "type": "Point", "coordinates": [ 139.74604, 36.567552 ] } },
{ "type": "Feature", "properties": { "ID": 956092000821.0, "正式名称": "りんどう薬局　緑店", "機関区分": 5, "都道府県コード": 9, "市区町村コード": 213, "所在地": "栃木県那須塩原市緑１－８－４７３", "緯度": 36.868438, "経度": 140.004945, "url": "https://www.iryou.teikyouseido.mhlw.go.jp/znk-web/juminkanja/S2430/initialize?prefCd=09&kikanCd=6092000821&kikanKbn=5", "url2": "http://rindou-ph.com", "内容": "りんどう薬局　緑店【5:薬局】栃木県那須塩原市緑１－８－４７３" }, "geometry": { "type": "Point", "coordinates": [ 140.004945, 36.868438 ] } },
{ "type": "Feature", "properties": { "ID": 956092000828.0, "正式名称": "日本調剤　足利薬局", "機関区分": 5, "都道府県コード": 9, "市区町村コード": 202, "所在地": "栃木県足利市田中町９９－７", "緯度": 36.324347, "経度": 139.450437, "url": "https://www.iryou.teikyouseido.mhlw.go.jp/znk-web/juminkanja/S2430/initialize?prefCd=09&kikanCd=6092000828&kikanKbn=5", "url2": "http://www.nicho.co.jp/tenpo/kantou/tochigi/post_277.html", "内容": "日本調剤　足利薬局【5:薬局】栃木県足利市田中町９９－７" }, "geometry": { "type": "Point", "coordinates": [ 139.450437, 36.324347 ] } },
{ "type": "Feature", "properties": { "ID": 956092000830.0, "正式名称": "ウエルシア薬局宇都宮テクノポリス店", "機関区分": 5, "都道府県コード": 9, "市区町村コード": 201, "所在地": "栃木県宇都宮市ゆいの杜５－２６－２９", "緯度": 36.566696, "経度": 140.001516, "url": "https://www.iryou.teikyouseido.mhlw.go.jp/znk-web/juminkanja/S2430/initialize?prefCd=09&kikanCd=6092000830&kikanKbn=5", "url2": "http://www.welcia-yakkyoku.co.jp/", "内容": "ウエルシア薬局宇都宮テクノポリス店【5:薬局】栃木県宇都宮市ゆいの杜５－２６－２９" }, "geometry": { "type": "Point", "coordinates": [ 140.001516, 36.566696 ] } },
{ "type": "Feature", "properties": { "ID": 956092000833.0, "正式名称": "スズラン薬局", "機関区分": 5, "都道府県コード": 9, "市区町村コード": 202, "所在地": "栃木県足利市葉鹿南町１３－１０", "緯度": 36.35944, "経度": 139.386443, "url": "https://www.iryou.teikyouseido.mhlw.go.jp/znk-web/juminkanja/S2430/initialize?prefCd=09&kikanCd=6092000833&kikanKbn=5", "url2": "http://www.otachuo.co.jp/", "内容": "スズラン薬局【5:薬局】栃木県足利市葉鹿南町１３－１０" }, "geometry": { "type": "Point", "coordinates": [ 139.386443, 36.35944 ] } },
{ "type": "Feature", "properties": { "ID": 956092000837.0, "正式名称": "木ノ下薬局", "機関区分": 5, "都道府県コード": 9, "市区町村コード": 208, "所在地": "栃木県小山市美しが丘三丁目３５番４号", "緯度": 36.258522, "経度": 139.776746, "url": "https://www.iryou.teikyouseido.mhlw.go.jp/znk-web/juminkanja/S2430/initialize?prefCd=09&kikanCd=6092000837&kikanKbn=5", "url2": null, "内容": "木ノ下薬局【5:薬局】栃木県小山市美しが丘三丁目３５番４号" }, "geometry": { "type": "Point", "coordinates": [ 139.776746, 36.258522 ] } },
{ "type": "Feature", "properties": { "ID": 956092000839.0, "正式名称": "レインボー薬局ふたば店", "機関区分": 5, "都道府県コード": 9, "市区町村コード": 201, "所在地": "栃木県宇都宮市双葉１－１３－５８", "緯度": 36.525982, "経度": 139.860743, "url": "https://www.iryou.teikyouseido.mhlw.go.jp/znk-web/juminkanja/S2430/initialize?prefCd=09&kikanCd=6092000839&kikanKbn=5", "url2": null, "内容": "レインボー薬局ふたば店【5:薬局】栃木県宇都宮市双葉１－１３－５８" }, "geometry": { "type": "Point", "coordinates": [ 139.860743, 36.525982 ] } },
{ "type": "Feature", "properties": { "ID": 956092000840.0, "正式名称": "はぁと薬局", "機関区分": 5, "都道府県コード": 9, "市区町村コード": 216, "所在地": "栃木県下野市大光寺１－１１－１１", "緯度": 36.430367, "経度": 139.852722, "url": "https://www.iryou.teikyouseido.mhlw.go.jp/znk-web/juminkanja/S2430/initialize?prefCd=09&kikanCd=6092000840&kikanKbn=5", "url2": null, "内容": "はぁと薬局【5:薬局】栃木県下野市大光寺１－１１－１１" }, "geometry": { "type": "Point", "coordinates": [ 139.852722, 36.430367 ] } },
{ "type": "Feature", "properties": { "ID": 956092000842.0, "正式名称": "ふたば薬局", "機関区分": 5, "都道府県コード": 9, "市区町村コード": 209, "所在地": "栃木県真岡市熊倉町３４３９－２", "緯度": 36.432236, "経度": 139.996704, "url": "https://www.iryou.teikyouseido.mhlw.go.jp/znk-web/juminkanja/S2430/initialize?prefCd=09&kikanCd=6092000842&kikanKbn=5", "url2": "http://www.mirai-ph.co.jp/", "内容": "ふたば薬局【5:薬局】栃木県真岡市熊倉町３４３９－２" }, "geometry": { "type": "Point", "coordinates": [ 139.996704, 36.432236 ] } },
{ "type": "Feature", "properties": { "ID": 956092000845.0, "正式名称": "あおい薬局　日光店", "機関区分": 5, "都道府県コード": 9, "市区町村コード": 206, "所在地": "栃木県日光市今市１１５６－１５", "緯度": 36.725291, "経度": 139.695207, "url": "https://www.iryou.teikyouseido.mhlw.go.jp/znk-web/juminkanja/S2430/initialize?prefCd=09&kikanCd=6092000845&kikanKbn=5", "url2": null, "内容": "あおい薬局　日光店【5:薬局】栃木県日光市今市１１５６－１５" }, "geometry": { "type": "Point", "coordinates": [ 139.695207, 36.725291 ] } },
{ "type": "Feature", "properties": { "ID": 956092000847.0, "正式名称": "アポロン薬局", "機関区分": 5, "都道府県コード": 9, "市区町村コード": 201, "所在地": "栃木県宇都宮市インターパーク３－６－９", "緯度": 36.495258, "経度": 139.904019, "url": "https://www.iryou.teikyouseido.mhlw.go.jp/znk-web/juminkanja/S2430/initialize?prefCd=09&kikanCd=6092000847&kikanKbn=5", "url2": null, "内容": "アポロン薬局【5:薬局】栃木県宇都宮市インターパーク３－６－９" }, "geometry": { "type": "Point", "coordinates": [ 139.904019, 36.495258 ] } },
{ "type": "Feature", "properties": { "ID": 956092000852.0, "正式名称": "ピノキオ薬局　今市店", "機関区分": 5, "都道府県コード": 9, "市区町村コード": 206, "所在地": "栃木県日光市平ケ崎６０８－４", "緯度": 36.715233, "経度": 139.680681, "url": "https://www.iryou.teikyouseido.mhlw.go.jp/znk-web/juminkanja/S2430/initialize?prefCd=09&kikanCd=6092000852&kikanKbn=5", "url2": null, "内容": "ピノキオ薬局　今市店【5:薬局】栃木県日光市平ケ崎６０８－４" }, "geometry": { "type": "Point", "coordinates": [ 139.680681, 36.715233 ] } },
{ "type": "Feature", "properties": { "ID": 956092000854.0, "正式名称": "カワチ薬局　さくら店", "機関区分": 5, "都道府県コード": 9, "市区町村コード": 214, "所在地": "栃木県さくら市櫻野４８６", "緯度": 36.682249, "経度": 139.974229, "url": "https://www.iryou.teikyouseido.mhlw.go.jp/znk-web/juminkanja/S2430/initialize?prefCd=09&kikanCd=6092000854&kikanKbn=5", "url2": "http://www.cawachi.co.jp", "内容": "カワチ薬局　さくら店【5:薬局】栃木県さくら市櫻野４８６" }, "geometry": { "type": "Point", "coordinates": [ 139.974229, 36.682249 ] } },
{ "type": "Feature", "properties": { "ID": 956092000859.0, "正式名称": "たんぽぽ薬局大通り店", "機関区分": 5, "都道府県コード": 9, "市区町村コード": 201, "所在地": "栃木県宇都宮市大通り１－３－１９", "緯度": 36.560666, "経度": 139.890764, "url": "https://www.iryou.teikyouseido.mhlw.go.jp/znk-web/juminkanja/S2430/initialize?prefCd=09&kikanCd=6092000859&kikanKbn=5", "url2": null, "内容": "たんぽぽ薬局大通り店【5:薬局】栃木県宇都宮市大通り１－３－１９" }, "geometry": { "type": "Point", "coordinates": [ 139.890764, 36.560666 ] } },
{ "type": "Feature", "properties": { "ID": 956092000861.0, "正式名称": "中央薬局　喜連川店", "機関区分": 5, "都道府県コード": 9, "市区町村コード": 214, "所在地": "栃木県さくら市喜連川７５９－１", "緯度": 36.720621, "経度": 140.031716, "url": "https://www.iryou.teikyouseido.mhlw.go.jp/znk-web/juminkanja/S2430/initialize?prefCd=09&kikanCd=6092000861&kikanKbn=5", "url2": "http://www.power-p.co.jp", "内容": "中央薬局　喜連川店【5:薬局】栃木県さくら市喜連川７５９－１" }, "geometry": { "type": "Point", "coordinates": [ 140.031716, 36.720621 ] } },
{ "type": "Feature", "properties": { "ID": 956092000863.0, "正式名称": "株式会社あゆみ薬局", "機関区分": 5, "都道府県コード": 9, "市区町村コード": 411, "所在地": "栃木県那須郡那珂川町馬頭４９８－１", "緯度": 36.739084, "経度": 140.174234, "url": "https://www.iryou.teikyouseido.mhlw.go.jp/znk-web/juminkanja/S2430/initialize?prefCd=09&kikanCd=6092000863&kikanKbn=5", "url2": "https://ayumipharmacy-tochigi.com/", "内容": "株式会社あゆみ薬局【5:薬局】栃木県那須郡那珂川町馬頭４９８－１" }, "geometry": { "type": "Point", "coordinates": [ 140.174234, 36.739084 ] } },
{ "type": "Feature", "properties": { "ID": 956092000865.0, "正式名称": "ユニオン薬局", "機関区分": 5, "都道府県コード": 9, "市区町村コード": 201, "所在地": "栃木県宇都宮市西１丁目２－２", "緯度": 36.560465, "経度": 139.878051, "url": "https://www.iryou.teikyouseido.mhlw.go.jp/znk-web/juminkanja/S2430/initialize?prefCd=09&kikanCd=6092000865&kikanKbn=5", "url2": "http://www.cosmo-ph.co.jp/", "内容": "ユニオン薬局【5:薬局】栃木県宇都宮市西１丁目２－２" }, "geometry": { "type": "Point", "coordinates": [ 139.878051, 36.560465 ] } },
{ "type": "Feature", "properties": { "ID": 956092000866.0, "正式名称": "ライフ薬局", "機関区分": 5, "都道府県コード": 9, "市区町村コード": 202, "所在地": "栃木県足利市田中町９０７－５", "緯度": 36.32996, "経度": 139.447068, "url": "https://www.iryou.teikyouseido.mhlw.go.jp/znk-web/juminkanja/S2430/initialize?prefCd=09&kikanCd=6092000866&kikanKbn=5", "url2": "http://www.rise-grp.co.jp/", "内容": "ライフ薬局【5:薬局】栃木県足利市田中町９０７－５" }, "geometry": { "type": "Point", "coordinates": [ 139.447068, 36.32996 ] } },
{ "type": "Feature", "properties": { "ID": 956092000869.0, "正式名称": "カトレア薬局", "機関区分": 5, "都道府県コード": 9, "市区町村コード": 201, "所在地": "栃木県宇都宮市江曽島町１３２４－３", "緯度": 36.527357, "経度": 139.877664, "url": "https://www.iryou.teikyouseido.mhlw.go.jp/znk-web/juminkanja/S2430/initialize?prefCd=09&kikanCd=6092000869&kikanKbn=5", "url2": null, "内容": "カトレア薬局【5:薬局】栃木県宇都宮市江曽島町１３２４－３" }, "geometry": { "type": "Point", "coordinates": [ 139.877664, 36.527357 ] } },
{ "type": "Feature", "properties": { "ID": 956092000875.0, "正式名称": "厚愛堂薬局", "機関区分": 5, "都道府県コード": 9, "市区町村コード": 201, "所在地": "栃木県宇都宮市南一の沢町２−３５", "緯度": 36.563272, "経度": 139.862377, "url": "https://www.iryou.teikyouseido.mhlw.go.jp/znk-web/juminkanja/S2430/initialize?prefCd=09&kikanCd=6092000875&kikanKbn=5", "url2": "https://kouaido.com", "内容": "厚愛堂薬局【5:薬局】栃木県宇都宮市南一の沢町２−３５" }, "geometry": { "type": "Point", "coordinates": [ 139.862377, 36.563272 ] } },
{ "type": "Feature", "properties": { "ID": 956092000879.0, "正式名称": "カワチ薬局　足利西店", "機関区分": 5, "都道府県コード": 9, "市区町村コード": 202, "所在地": "栃木県足利市借宿町５５７－１", "緯度": 36.326263, "経度": 139.429159, "url": "https://www.iryou.teikyouseido.mhlw.go.jp/znk-web/juminkanja/S2430/initialize?prefCd=09&kikanCd=6092000879&kikanKbn=5", "url2": "http://www.cawachi.co.jp", "内容": "カワチ薬局　足利西店【5:薬局】栃木県足利市借宿町５５７－１" }, "geometry": { "type": "Point", "coordinates": [ 139.429159, 36.326263 ] } },
{ "type": "Feature", "properties": { "ID": 956092000880.0, "正式名称": "そうごう薬局今市店", "機関区分": 5, "都道府県コード": 9, "市区町村コード": 206, "所在地": "栃木県日光市今市３７９－１６", "緯度": 36.723268, "経度": 139.685083, "url": "https://www.iryou.teikyouseido.mhlw.go.jp/znk-web/juminkanja/S2430/initialize?prefCd=09&kikanCd=6092000880&kikanKbn=5", "url2": "https://www.sogo-medical.co.jp/sogopharmacy/shop/view/316", "内容": "そうごう薬局今市店【5:薬局】栃木県日光市今市３７９－１６" }, "geometry": { "type": "Point", "coordinates": [ 139.685083, 36.723268 ] } },
{ "type": "Feature", "properties": { "ID": 956092000881.0, "正式名称": "とちぎ薬局今市店", "機関区分": 5, "都道府県コード": 9, "市区町村コード": 206, "所在地": "栃木県日光市今市３７９－１８", "緯度": 36.723135, "経度": 139.685069, "url": "https://www.iryou.teikyouseido.mhlw.go.jp/znk-web/juminkanja/S2430/initialize?prefCd=09&kikanCd=6092000881&kikanKbn=5", "url2": "http://www.jp-group.co.jp/", "内容": "とちぎ薬局今市店【5:薬局】栃木県日光市今市３７９－１８" }, "geometry": { "type": "Point", "coordinates": [ 139.685069, 36.723135 ] } },
{ "type": "Feature", "properties": { "ID": 956092000885.0, "正式名称": "ひまわり薬局　富士見店", "機関区分": 5, "都道府県コード": 9, "市区町村コード": 210, "所在地": "栃木県大田原市富士見１丁目１６０６－２６６", "緯度": 36.851018, "経度": 140.030505, "url": "https://www.iryou.teikyouseido.mhlw.go.jp/znk-web/juminkanja/S2430/initialize?prefCd=09&kikanCd=6092000885&kikanKbn=5", "url2": null, "内容": "ひまわり薬局　富士見店【5:薬局】栃木県大田原市富士見１丁目１６０６－２６６" }, "geometry": { "type": "Point", "coordinates": [ 140.030505, 36.851018 ] } },
{ "type": "Feature", "properties": { "ID": 956092000886.0, "正式名称": "そうごう薬局宇都宮南店", "機関区分": 5, "都道府県コード": 9, "市区町村コード": 201, "所在地": "栃木県宇都宮市雀の宮５－１－７", "緯度": 36.490994, "経度": 139.873185, "url": "https://www.iryou.teikyouseido.mhlw.go.jp/znk-web/juminkanja/S2430/initialize?prefCd=09&kikanCd=6092000886&kikanKbn=5", "url2": "http://www.sogo-medical.co.jp", "内容": "そうごう薬局宇都宮南店【5:薬局】栃木県宇都宮市雀の宮５－１－７" }, "geometry": { "type": "Point", "coordinates": [ 139.873185, 36.490994 ] } },
{ "type": "Feature", "properties": { "ID": 956092000887.0, "正式名称": "さくら薬局　宇都宮店", "機関区分": 5, "都道府県コード": 9, "市区町村コード": 201, "所在地": "栃木県宇都宮市末広１丁目２番１７号", "緯度": 36.482725, "経度": 139.872012, "url": "https://www.iryou.teikyouseido.mhlw.go.jp/znk-web/juminkanja/S2430/initialize?prefCd=09&kikanCd=6092000887&kikanKbn=5", "url2": "https://www.kraft-net.co.jp/sakura/store/3222/", "内容": "さくら薬局　宇都宮店【5:薬局】栃木県宇都宮市末広１丁目２番１７号" }, "geometry": { "type": "Point", "coordinates": [ 139.872012, 36.482725 ] } },
{ "type": "Feature", "properties": { "ID": 956092000888.0, "正式名称": "さくら薬局　鶴田店", "機関区分": 5, "都道府県コード": 9, "市区町村コード": 201, "所在地": "栃木県宇都宮市鶴田１丁目１８番１２号", "緯度": 36.560862, "経度": 139.855858, "url": "https://www.iryou.teikyouseido.mhlw.go.jp/znk-web/juminkanja/S2430/initialize?prefCd=09&kikanCd=6092000888&kikanKbn=5", "url2": "http://www.kraft-net.co.jp/sakura/", "内容": "さくら薬局　鶴田店【5:薬局】栃木県宇都宮市鶴田１丁目１８番１２号" }, "geometry": { "type": "Point", "coordinates": [ 139.855858, 36.560862 ] } },
{ "type": "Feature", "properties": { "ID": 956092000889.0, "正式名称": "さくら薬局　豊郷台店", "機関区分": 5, "都道府県コード": 9, "市区町村コード": 201, "所在地": "栃木県宇都宮市豊郷台２－２２－１", "緯度": 36.603816, "経度": 139.888365, "url": "https://www.iryou.teikyouseido.mhlw.go.jp/znk-web/juminkanja/S2430/initialize?prefCd=09&kikanCd=6092000889&kikanKbn=5", "url2": "https://www.kraft-net.co.jp/sakura/store/3348/", "内容": "さくら薬局　豊郷台店【5:薬局】栃木県宇都宮市豊郷台２－２２－１" }, "geometry": { "type": "Point", "coordinates": [ 139.888365, 36.603816 ] } },
{ "type": "Feature", "properties": { "ID": 956092000891.0, "正式名称": "宇都宮駅東調剤薬局", "機関区分": 5, "都道府県コード": 9, "市区町村コード": 201, "所在地": "栃木県宇都宮市元今泉１－８－１", "緯度": 36.561982, "経度": 139.902269, "url": "https://www.iryou.teikyouseido.mhlw.go.jp/znk-web/juminkanja/S2430/initialize?prefCd=09&kikanCd=6092000891&kikanKbn=5", "url2": "http://www.f-pw.jp", "内容": "宇都宮駅東調剤薬局【5:薬局】栃木県宇都宮市元今泉１－８－１" }, "geometry": { "type": "Point", "coordinates": [ 139.902269, 36.561982 ] } },
{ "type": "Feature", "properties": { "ID": 956092000892.0, "正式名称": "そうごう薬局宇都宮中央店", "機関区分": 5, "都道府県コード": 9, "市区町村コード": 201, "所在地": "栃木県宇都宮市二番町１－９", "緯度": 36.558624, "経度": 139.889611, "url": "https://www.iryou.teikyouseido.mhlw.go.jp/znk-web/juminkanja/S2430/initialize?prefCd=09&kikanCd=6092000892&kikanKbn=5", "url2": "http://www.sogo-medical.co.jp/sogopharmacy/", "内容": "そうごう薬局宇都宮中央店【5:薬局】栃木県宇都宮市二番町１－９" }, "geometry": { "type": "Point", "coordinates": [ 139.889611, 36.558624 ] } },
{ "type": "Feature", "properties": { "ID": 956092000893.0, "正式名称": "さくら薬局　小金井店", "機関区分": 5, "都道府県コード": 9, "市区町村コード": 216, "所在地": "栃木県下野市駅東６－１－３", "緯度": 36.372244, "経度": 139.844618, "url": "https://www.iryou.teikyouseido.mhlw.go.jp/znk-web/juminkanja/S2430/initialize?prefCd=09&kikanCd=6092000893&kikanKbn=5", "url2": "https://www.kraft-net.co.jp/sakura/store/3304/", "内容": "さくら薬局　小金井店【5:薬局】栃木県下野市駅東６－１－３" }, "geometry": { "type": "Point", "coordinates": [ 139.844618, 36.372244 ] } },
{ "type": "Feature", "properties": { "ID": 956092000895.0, "正式名称": "いちご薬局", "機関区分": 5, "都道府県コード": 9, "市区町村コード": 206, "所在地": "栃木県日光市今市３８２－３", "緯度": 36.723418, "経度": 139.685485, "url": "https://www.iryou.teikyouseido.mhlw.go.jp/znk-web/juminkanja/S2430/initialize?prefCd=09&kikanCd=6092000895&kikanKbn=5", "url2": null, "内容": "いちご薬局【5:薬局】栃木県日光市今市３８２－３" }, "geometry": { "type": "Point", "coordinates": [ 139.685485, 36.723418 ] } },
{ "type": "Feature", "properties": { "ID": 956092000898.0, "正式名称": "森の前薬局", "機関区分": 5, "都道府県コード": 9, "市区町村コード": 206, "所在地": "栃木県日光市千本木８－１２", "緯度": 36.713953, "経度": 139.692341, "url": "https://www.iryou.teikyouseido.mhlw.go.jp/znk-web/juminkanja/S2430/initialize?prefCd=09&kikanCd=6092000898&kikanKbn=5", "url2": "https://www.mt-pharma.info", "内容": "森の前薬局【5:薬局】栃木県日光市千本木８－１２" }, "geometry": { "type": "Point", "coordinates": [ 139.692341, 36.713953 ] } },
{ "type": "Feature", "properties": { "ID": 956092000899.0, "正式名称": "さくら薬局　栃木氏家店", "機関区分": 5, "都道府県コード": 9, "市区町村コード": 214, "所在地": "栃木県さくら市櫻野字五行１２９３－２３", "緯度": 36.680071, "経度": 139.969208, "url": "https://www.iryou.teikyouseido.mhlw.go.jp/znk-web/juminkanja/S2430/initialize?prefCd=09&kikanCd=6092000899&kikanKbn=5", "url2": "https://www.kraft-net.co.jp/sakura/store/3217/", "内容": "さくら薬局　栃木氏家店【5:薬局】栃木県さくら市櫻野字五行１２９３－２３" }, "geometry": { "type": "Point", "coordinates": [ 139.969208, 36.680071 ] } },
{ "type": "Feature", "properties": { "ID": 956092000900.0, "正式名称": "さくら薬局さくら卯の里店", "機関区分": 5, "都道府県コード": 9, "市区町村コード": 214, "所在地": "栃木県さくら市卯の里４ー５６ー５", "緯度": 36.677942, "経度": 139.959652, "url": "https://www.iryou.teikyouseido.mhlw.go.jp/znk-web/juminkanja/S2430/initialize?prefCd=09&kikanCd=6092000900&kikanKbn=5", "url2": "http://www.kraft-net.co.jp/search/3424/", "内容": "さくら薬局さくら卯の里店【5:薬局】栃木県さくら市卯の里４ー５６ー５" }, "geometry": { "type": "Point", "coordinates": [ 139.959652, 36.677942 ] } },
{ "type": "Feature", "properties": { "ID": 956092000905.0, "正式名称": "さつき薬局　貝島店", "機関区分": 5, "都道府県コード": 9, "市区町村コード": 205, "所在地": "栃木県鹿沼市貝島町５００６－３", "緯度": 36.557004, "経度": 139.756223, "url": "https://www.iryou.teikyouseido.mhlw.go.jp/znk-web/juminkanja/S2430/initialize?prefCd=09&kikanCd=6092000905&kikanKbn=5", "url2": "http://www.power-p.co.jp", "内容": "さつき薬局　貝島店【5:薬局】栃木県鹿沼市貝島町５００６－３" }, "geometry": { "type": "Point", "coordinates": [ 139.756223, 36.557004 ] } },
{ "type": "Feature", "properties": { "ID": 956092000910.0, "正式名称": "今野調剤薬局　栃木店", "機関区分": 5, "都道府県コード": 9, "市区町村コード": 203, "所在地": "栃木県栃木市河合町９－９", "緯度": 36.374554, "経度": 139.733984, "url": "https://www.iryou.teikyouseido.mhlw.go.jp/znk-web/juminkanja/S2430/initialize?prefCd=09&kikanCd=6092000910&kikanKbn=5", "url2": "http://www.akb-y.co.jp/", "内容": "今野調剤薬局　栃木店【5:薬局】栃木県栃木市河合町９－９" }, "geometry": { "type": "Point", "coordinates": [ 139.733984, 36.374554 ] } },
{ "type": "Feature", "properties": { "ID": 956092000911.0, "正式名称": "プラザ薬局　関堀町店", "機関区分": 5, "都道府県コード": 9, "市区町村コード": 201, "所在地": "栃木県宇都宮市関堀町７６７－３", "緯度": 36.602595, "経度": 139.899763, "url": "https://www.iryou.teikyouseido.mhlw.go.jp/znk-web/juminkanja/S2430/initialize?prefCd=09&kikanCd=6092000911&kikanKbn=5", "url2": "https://e-bond.info/withs/", "内容": "プラザ薬局　関堀町店【5:薬局】栃木県宇都宮市関堀町７６７－３" }, "geometry": { "type": "Point", "coordinates": [ 139.899763, 36.602595 ] } },
{ "type": "Feature", "properties": { "ID": 956092000912.0, "正式名称": "ジャスミン薬局", "機関区分": 5, "都道府県コード": 9, "市区町村コード": 202, "所在地": "栃木県足利市葉鹿町１ー１６ー１２", "緯度": 36.366129, "経度": 139.390193, "url": "https://www.iryou.teikyouseido.mhlw.go.jp/znk-web/juminkanja/S2430/initialize?prefCd=09&kikanCd=6092000912&kikanKbn=5", "url2": "http://www.mc-kanto.co.jp/", "内容": "ジャスミン薬局【5:薬局】栃木県足利市葉鹿町１ー１６ー１２" }, "geometry": { "type": "Point", "coordinates": [ 139.390193, 36.366129 ] } },
{ "type": "Feature", "properties": { "ID": 956092000923.0, "正式名称": "おおや薬局", "機関区分": 5, "都道府県コード": 9, "市区町村コード": 202, "所在地": "栃木県足利市葉鹿町１－２８－２６", "緯度": 36.416686, "経度": 139.347325, "url": "https://www.iryou.teikyouseido.mhlw.go.jp/znk-web/juminkanja/S2430/initialize?prefCd=09&kikanCd=6092000923&kikanKbn=5", "url2": null, "内容": "おおや薬局【5:薬局】栃木県足利市葉鹿町１－２８－２６" }, "geometry": { "type": "Point", "coordinates": [ 139.347325, 36.416686 ] } },
{ "type": "Feature", "properties": { "ID": 956092000926.0, "正式名称": "誠光堂薬局", "機関区分": 5, "都道府県コード": 9, "市区町村コード": 201, "所在地": "栃木県宇都宮市陽東", "緯度": 36.54829, "経度": 139.928514, "url": "https://www.iryou.teikyouseido.mhlw.go.jp/znk-web/juminkanja/S2430/initialize?prefCd=09&kikanCd=6092000926&kikanKbn=5", "url2": null, "内容": "誠光堂薬局【5:薬局】栃木県宇都宮市陽東" }, "geometry": { "type": "Point", "coordinates": [ 139.928514, 36.54829 ] } },
{ "type": "Feature", "properties": { "ID": 956092000927.0, "正式名称": "ウエルシア薬局　足利大前店", "機関区分": 5, "都道府県コード": 9, "市区町村コード": 202, "所在地": "栃木県足利市大前町８２７－１", "緯度": 36.359563, "経度": 139.395699, "url": "https://www.iryou.teikyouseido.mhlw.go.jp/znk-web/juminkanja/S2430/initialize?prefCd=09&kikanCd=6092000927&kikanKbn=5", "url2": "https://stores.welcia.co.jp/6016D", "内容": "ウエルシア薬局　足利大前店【5:薬局】栃木県足利市大前町８２７－１" }, "geometry": { "type": "Point", "coordinates": [ 139.395699, 36.359563 ] } },
{ "type": "Feature", "properties": { "ID": 956092000929.0, "正式名称": "アルファーム薬局　清原台店", "機関区分": 5, "都道府県コード": 9, "市区町村コード": 201, "所在地": "栃木県宇都宮市清原台６丁目２－３２", "緯度": 36.545023, "経度": 140.001093, "url": "https://www.iryou.teikyouseido.mhlw.go.jp/znk-web/juminkanja/S2430/initialize?prefCd=09&kikanCd=6092000929&kikanKbn=5", "url2": "https://www.alpharm.co.jp/", "内容": "アルファーム薬局　清原台店【5:薬局】栃木県宇都宮市清原台６丁目２－３２" }, "geometry": { "type": "Point", "coordinates": [ 140.001093, 36.545023 ] } },
{ "type": "Feature", "properties": { "ID": 956092000930.0, "正式名称": "なかよし薬局", "機関区分": 5, "都道府県コード": 9, "市区町村コード": 203, "所在地": "栃木県栃木市西方町金崎２７３－３", "緯度": 36.468791, "経度": 139.746644, "url": "https://www.iryou.teikyouseido.mhlw.go.jp/znk-web/juminkanja/S2430/initialize?prefCd=09&kikanCd=6092000930&kikanKbn=5", "url2": "http://www.fureai-ph-nakayoshi.jp/", "内容": "なかよし薬局【5:薬局】栃木県栃木市西方町金崎２７３－３" }, "geometry": { "type": "Point", "coordinates": [ 139.746644, 36.468791 ] } },
{ "type": "Feature", "properties": { "ID": 956092000932.0, "正式名称": "めいぷる薬局", "機関区分": 5, "都道府県コード": 9, "市区町村コード": 201, "所在地": "栃木県宇都宮市石井町３２３８－２", "緯度": 36.537635, "経度": 139.926715, "url": "https://www.iryou.teikyouseido.mhlw.go.jp/znk-web/juminkanja/S2430/initialize?prefCd=09&kikanCd=6092000932&kikanKbn=5", "url2": null, "内容": "めいぷる薬局【5:薬局】栃木県宇都宮市石井町３２３８－２" }, "geometry": { "type": "Point", "coordinates": [ 139.926715, 36.537635 ] } },
{ "type": "Feature", "properties": { "ID": 956092000934.0, "正式名称": "くらしげ調剤薬局", "機関区分": 5, "都道府県コード": 9, "市区町村コード": 205, "所在地": "栃木県鹿沼市西茂呂２－１０－１６", "緯度": 36.554732, "経度": 139.768438, "url": "https://www.iryou.teikyouseido.mhlw.go.jp/znk-web/juminkanja/S2430/initialize?prefCd=09&kikanCd=6092000934&kikanKbn=5", "url2": "https://www.kurashigeph.com/home", "内容": "くらしげ調剤薬局【5:薬局】栃木県鹿沼市西茂呂２－１０－１６" }, "geometry": { "type": "Point", "coordinates": [ 139.768438, 36.554732 ] } },
{ "type": "Feature", "properties": { "ID": 956092000937.0, "正式名称": "カワチ薬局　足利北店", "機関区分": 5, "都道府県コード": 9, "市区町村コード": 202, "所在地": "栃木県足利市新山町２２３３－１", "緯度": 36.343971, "経度": 139.467169, "url": "https://www.iryou.teikyouseido.mhlw.go.jp/znk-web/juminkanja/S2430/initialize?prefCd=09&kikanCd=6092000937&kikanKbn=5", "url2": "http://www.cawachi.co.jp", "内容": "カワチ薬局　足利北店【5:薬局】栃木県足利市新山町２２３３－１" }, "geometry": { "type": "Point", "coordinates": [ 139.467169, 36.343971 ] } },
{ "type": "Feature", "properties": { "ID": 956092000939.0, "正式名称": "佐野南調剤薬局", "機関区分": 5, "都道府県コード": 9, "市区町村コード": 204, "所在地": "栃木県佐野市上台町２０１１－４", "緯度": 36.30667, "経度": 139.584055, "url": "https://www.iryou.teikyouseido.mhlw.go.jp/znk-web/juminkanja/S2430/initialize?prefCd=09&kikanCd=6092000939&kikanKbn=5", "url2": "http://www.f-pw.jp", "内容": "佐野南調剤薬局【5:薬局】栃木県佐野市上台町２０１１－４" }, "geometry": { "type": "Point", "coordinates": [ 139.584055, 36.30667 ] } },
{ "type": "Feature", "properties": { "ID": 956092000941.0, "正式名称": "こばやし薬局", "機関区分": 5, "都道府県コード": 9, "市区町村コード": 201, "所在地": "栃木県宇都宮市一番町１－１１", "緯度": 36.55969, "経度": 139.890114, "url": "https://www.iryou.teikyouseido.mhlw.go.jp/znk-web/juminkanja/S2430/initialize?prefCd=09&kikanCd=6092000941&kikanKbn=5", "url2": null, "内容": "こばやし薬局【5:薬局】栃木県宇都宮市一番町１－１１" }, "geometry": { "type": "Point", "coordinates": [ 139.890114, 36.55969 ] } },
{ "type": "Feature", "properties": { "ID": 956092000943.0, "正式名称": "とちぎ薬局　宝木店", "機関区分": 5, "都道府県コード": 9, "市区町村コード": 201, "所在地": "栃木県宇都宮市宝木町１－２５８９－２１", "緯度": 36.57456, "経度": 139.85435, "url": "https://www.iryou.teikyouseido.mhlw.go.jp/znk-web/juminkanja/S2430/initialize?prefCd=09&kikanCd=6092000943&kikanKbn=5", "url2": "http://takaragi.meron-net.jp/", "内容": "とちぎ薬局　宝木店【5:薬局】栃木県宇都宮市宝木町１－２５８９－２１" }, "geometry": { "type": "Point", "coordinates": [ 139.85435, 36.57456 ] } },
{ "type": "Feature", "properties": { "ID": 956092000944.0, "正式名称": "有限会社メディカ　サン薬局", "機関区分": 5, "都道府県コード": 9, "市区町村コード": 216, "所在地": "栃木県下野市文教１－１９－４", "緯度": 36.442678, "経度": 139.860318, "url": "https://www.iryou.teikyouseido.mhlw.go.jp/znk-web/juminkanja/S2430/initialize?prefCd=09&kikanCd=6092000944&kikanKbn=5", "url2": "//www.umedica.jp", "内容": "有限会社メディカ　サン薬局【5:薬局】栃木県下野市文教１－１９－４" }, "geometry": { "type": "Point", "coordinates": [ 139.860318, 36.442678 ] } },
{ "type": "Feature", "properties": { "ID": 956092000949.0, "正式名称": "中央薬局足利日赤店", "機関区分": 5, "都道府県コード": 9, "市区町村コード": 202, "所在地": "栃木県足利市五十部町２８４－１３足利市薬局施設２号", "緯度": 36.340051, "経度": 139.423099, "url": "https://www.iryou.teikyouseido.mhlw.go.jp/znk-web/juminkanja/S2430/initialize?prefCd=09&kikanCd=6092000949&kikanKbn=5", "url2": "http://www.otachuo.co.jp/", "内容": "中央薬局足利日赤店【5:薬局】栃木県足利市五十部町２８４－１３足利市薬局施設２号" }, "geometry": { "type": "Point", "coordinates": [ 139.423099, 36.340051 ] } },
{ "type": "Feature", "properties": { "ID": 956092000952.0, "正式名称": "調剤薬局マツモトキヨシ足利日赤店", "機関区分": 5, "都道府県コード": 9, "市区町村コード": 202, "所在地": "栃木県足利市五十部町２８４番地１３", "緯度": 36.340051, "経度": 139.423099, "url": "https://www.iryou.teikyouseido.mhlw.go.jp/znk-web/juminkanja/S2430/initialize?prefCd=09&kikanCd=6092000952&kikanKbn=5", "url2": null, "内容": "調剤薬局マツモトキヨシ足利日赤店【5:薬局】栃木県足利市五十部町２８４番地１３" }, "geometry": { "type": "Point", "coordinates": [ 139.423099, 36.340051 ] } },
{ "type": "Feature", "properties": { "ID": 956092000962.0, "正式名称": "めぐみ薬局", "機関区分": 5, "都道府県コード": 9, "市区町村コード": 201, "所在地": "栃木県宇都宮市西刑部町２４１１－６", "緯度": 36.50623, "経度": 139.924838, "url": "https://www.iryou.teikyouseido.mhlw.go.jp/znk-web/juminkanja/S2430/initialize?prefCd=09&kikanCd=6092000962&kikanKbn=5", "url2": null, "内容": "めぐみ薬局【5:薬局】栃木県宇都宮市西刑部町２４１１－６" }, "geometry": { "type": "Point", "coordinates": [ 139.924838, 36.50623 ] } },
{ "type": "Feature", "properties": { "ID": 956092000966.0, "正式名称": "七里薬局", "機関区分": 5, "都道府県コード": 9, "市区町村コード": 206, "所在地": "栃木県日光市七里７１１－１", "緯度": 36.744722, "経度": 139.629477, "url": "https://www.iryou.teikyouseido.mhlw.go.jp/znk-web/juminkanja/S2430/initialize?prefCd=09&kikanCd=6092000966&kikanKbn=5", "url2": null, "内容": "七里薬局【5:薬局】栃木県日光市七里７１１－１" }, "geometry": { "type": "Point", "coordinates": [ 139.629477, 36.744722 ] } },
{ "type": "Feature", "properties": { "ID": 956092000970.0, "正式名称": "りんどう薬局　東店", "機関区分": 5, "都道府県コード": 9, "市区町村コード": 213, "所在地": "栃木県那須塩原市弥生町１－１６", "緯度": 36.973594, "経度": 140.056279, "url": "https://www.iryou.teikyouseido.mhlw.go.jp/znk-web/juminkanja/S2430/initialize?prefCd=09&kikanCd=6092000970&kikanKbn=5", "url2": "http://rindou-ph.com", "内容": "りんどう薬局　東店【5:薬局】栃木県那須塩原市弥生町１－１６" }, "geometry": { "type": "Point", "coordinates": [ 140.056279, 36.973594 ] } },
{ "type": "Feature", "properties": { "ID": 956092000973.0, "正式名称": "大勝堂薬局", "機関区分": 5, "都道府県コード": 9, "市区町村コード": 202, "所在地": "栃木県足利市伊勢町１－２－１８", "緯度": 36.332524, "経度": 139.457378, "url": "https://www.iryou.teikyouseido.mhlw.go.jp/znk-web/juminkanja/S2430/initialize?prefCd=09&kikanCd=6092000973&kikanKbn=5", "url2": null, "内容": "大勝堂薬局【5:薬局】栃木県足利市伊勢町１－２－１８" }, "geometry": { "type": "Point", "coordinates": [ 139.457378, 36.332524 ] } },
{ "type": "Feature", "properties": { "ID": 956092000975.0, "正式名称": "こばと薬局", "機関区分": 5, "都道府県コード": 9, "市区町村コード": 201, "所在地": "栃木県宇都宮市松が峰２－４－３", "緯度": 36.55714, "経度": 139.880021, "url": "https://www.iryou.teikyouseido.mhlw.go.jp/znk-web/juminkanja/S2430/initialize?prefCd=09&kikanCd=6092000975&kikanKbn=5", "url2": "http://cleopharma.jp/", "内容": "こばと薬局【5:薬局】栃木県宇都宮市松が峰２－４－３" }, "geometry": { "type": "Point", "coordinates": [ 139.880021, 36.55714 ] } },
{ "type": "Feature", "properties": { "ID": 956092000976.0, "正式名称": "コスモファーマ薬局　扇町店", "機関区分": 5, "都道府県コード": 9, "市区町村コード": 211, "所在地": "栃木県矢板市扇町１－１０－３０", "緯度": 36.808545, "経度": 139.930395, "url": "https://www.iryou.teikyouseido.mhlw.go.jp/znk-web/juminkanja/S2430/initialize?prefCd=09&kikanCd=6092000976&kikanKbn=5", "url2": "http://www.cosmo-ph.co.jp/", "内容": "コスモファーマ薬局　扇町店【5:薬局】栃木県矢板市扇町１－１０－３０" }, "geometry": { "type": "Point", "coordinates": [ 139.930395, 36.808545 ] } },
{ "type": "Feature", "properties": { "ID": 956092000977.0, "正式名称": "ふじ調剤薬局", "機関区分": 5, "都道府県コード": 9, "市区町村コード": 213, "所在地": "栃木県那須塩原市豊浦９３－２３", "緯度": 36.978968, "経度": 140.034875, "url": "https://www.iryou.teikyouseido.mhlw.go.jp/znk-web/juminkanja/S2430/initialize?prefCd=09&kikanCd=6092000977&kikanKbn=5", "url2": "https://www.kimijima-pharmacy.com/", "内容": "ふじ調剤薬局【5:薬局】栃木県那須塩原市豊浦９３－２３" }, "geometry": { "type": "Point", "coordinates": [ 140.034875, 36.978968 ] } },
{ "type": "Feature", "properties": { "ID": 956092000978.0, "正式名称": "エルダー薬局", "機関区分": 5, "都道府県コード": 9, "市区町村コード": 201, "所在地": "栃木県宇都宮市西２－２－１", "緯度": 36.558649, "経度": 139.877623, "url": "https://www.iryou.teikyouseido.mhlw.go.jp/znk-web/juminkanja/S2430/initialize?prefCd=09&kikanCd=6092000978&kikanKbn=5", "url2": "http://www.mc-kanto.co.jp/herb-ph/elder.html", "内容": "エルダー薬局【5:薬局】栃木県宇都宮市西２－２－１" }, "geometry": { "type": "Point", "coordinates": [ 139.877623, 36.558649 ] } },
{ "type": "Feature", "properties": { "ID": 956092000979.0, "正式名称": "有限会社　富士ファーマシー　中丸薬局", "機関区分": 5, "都道府県コード": 9, "市区町村コード": 201, "所在地": "栃木県宇都宮市駒生２－２－２", "緯度": 36.574963, "経度": 139.853236, "url": "https://www.iryou.teikyouseido.mhlw.go.jp/znk-web/juminkanja/S2430/initialize?prefCd=09&kikanCd=6092000979&kikanKbn=5", "url2": null, "内容": "有限会社　富士ファーマシー　中丸薬局【5:薬局】栃木県宇都宮市駒生２－２－２" }, "geometry": { "type": "Point", "coordinates": [ 139.853236, 36.574963 ] } },
{ "type": "Feature", "properties": { "ID": 956092000983.0, "正式名称": "ポピー薬局", "機関区分": 5, "都道府県コード": 9, "市区町村コード": 214, "所在地": "栃木県さくら市狹間田１９２４－３", "緯度": 36.689562, "経度": 139.988797, "url": "https://www.iryou.teikyouseido.mhlw.go.jp/znk-web/juminkanja/S2430/initialize?prefCd=09&kikanCd=6092000983&kikanKbn=5", "url2": "http://www.mc-kanto.co.jp/herb-ph/index.html", "内容": "ポピー薬局【5:薬局】栃木県さくら市狹間田１９２４－３" }, "geometry": { "type": "Point", "coordinates": [ 139.988797, 36.689562 ] } },
{ "type": "Feature", "properties": { "ID": 956092000987.0, "正式名称": "有限会社ミドリ薬局", "機関区分": 5, "都道府県コード": 9, "市区町村コード": 201, "所在地": "栃木県宇都宮市西川田５－１１－１", "緯度": 36.512434, "経度": 139.851277, "url": "https://www.iryou.teikyouseido.mhlw.go.jp/znk-web/juminkanja/S2430/initialize?prefCd=09&kikanCd=6092000987&kikanKbn=5", "url2": "https://www.midori-p-tochigi.com/", "内容": "有限会社ミドリ薬局【5:薬局】栃木県宇都宮市西川田５－１１－１" }, "geometry": { "type": "Point", "coordinates": [ 139.851277, 36.512434 ] } },
{ "type": "Feature", "properties": { "ID": 956092000990.0, "正式名称": "大竹薬局", "機関区分": 5, "都道府県コード": 9, "市区町村コード": 213, "所在地": "栃木県那須塩原市扇町２－２３", "緯度": 36.884571, "経度": 139.984998, "url": "https://www.iryou.teikyouseido.mhlw.go.jp/znk-web/juminkanja/S2430/initialize?prefCd=09&kikanCd=6092000990&kikanKbn=5", "url2": null, "内容": "大竹薬局【5:薬局】栃木県那須塩原市扇町２－２３" }, "geometry": { "type": "Point", "coordinates": [ 139.984998, 36.884571 ] } },
{ "type": "Feature", "properties": { "ID": 956092000993.0, "正式名称": "ピノキオ薬局　大田原店", "機関区分": 5, "都道府県コード": 9, "市区町村コード": 210, "所在地": "栃木県大田原市町島水口前１０－１０", "緯度": 36.881381, "経度": 140.033678, "url": "https://www.iryou.teikyouseido.mhlw.go.jp/znk-web/juminkanja/S2430/initialize?prefCd=09&kikanCd=6092000993&kikanKbn=5", "url2": "http://www.pinokio-pharmacy.com/", "内容": "ピノキオ薬局　大田原店【5:薬局】栃木県大田原市町島水口前１０－１０" }, "geometry": { "type": "Point", "coordinates": [ 140.033678, 36.881381 ] } },
{ "type": "Feature", "properties": { "ID": 956092000996.0, "正式名称": "日本調剤那須薬局", "機関区分": 5, "都道府県コード": 9, "市区町村コード": 210, "所在地": "栃木県大田原市中田原１１４１－５", "緯度": 36.877668, "経度": 140.039041, "url": "https://www.iryou.teikyouseido.mhlw.go.jp/znk-web/juminkanja/S2430/initialize?prefCd=09&kikanCd=6092000996&kikanKbn=5", "url2": "http://www.nicho.co.jp/tenpo/nasu/", "内容": "日本調剤那須薬局【5:薬局】栃木県大田原市中田原１１４１－５" }, "geometry": { "type": "Point", "coordinates": [ 140.039041, 36.877668 ] } },
{ "type": "Feature", "properties": { "ID": 956092000997.0, "正式名称": "日本調剤大田原薬局", "機関区分": 5, "都道府県コード": 9, "市区町村コード": 210, "所在地": "栃木県大田原市中田原１２８７番地２", "緯度": 36.88212, "経度": 140.038714, "url": "https://www.iryou.teikyouseido.mhlw.go.jp/znk-web/juminkanja/S2430/initialize?prefCd=09&kikanCd=6092000997&kikanKbn=5", "url2": "https://www.nicho.co.jp/tenpo/ohtawara/", "内容": "日本調剤大田原薬局【5:薬局】栃木県大田原市中田原１２８７番地２" }, "geometry": { "type": "Point", "coordinates": [ 140.038714, 36.88212 ] } },
{ "type": "Feature", "properties": { "ID": 956092000998.0, "正式名称": "ファーマシー中山那須店", "機関区分": 5, "都道府県コード": 9, "市区町村コード": 210, "所在地": "栃木県大田原市中田原８６８ー１０", "緯度": 36.877393, "経度": 140.033581, "url": "https://www.iryou.teikyouseido.mhlw.go.jp/znk-web/juminkanja/S2430/initialize?prefCd=09&kikanCd=6092000998&kikanKbn=5", "url2": "http://www.p-nakayama.com", "内容": "ファーマシー中山那須店【5:薬局】栃木県大田原市中田原８６８ー１０" }, "geometry": { "type": "Point", "coordinates": [ 140.033581, 36.877393 ] } },
{ "type": "Feature", "properties": { "ID": 956092000999.0, "正式名称": "マロン薬局那須赤十字病院前店", "機関区分": 5, "都道府県コード": 9, "市区町村コード": 210, "所在地": "栃木県大田原市町島２９６－１", "緯度": 36.882776, "経度": 140.034403, "url": "https://www.iryou.teikyouseido.mhlw.go.jp/znk-web/juminkanja/S2430/initialize?prefCd=09&kikanCd=6092000999&kikanKbn=5", "url2": "https://www.jpa-maron.com/", "内容": "マロン薬局那須赤十字病院前店【5:薬局】栃木県大田原市町島２９６－１" }, "geometry": { "type": "Point", "coordinates": [ 140.034403, 36.882776 ] } },
{ "type": "Feature", "properties": { "ID": 956092001004.0, "正式名称": "田園通り薬局", "機関区分": 5, "都道府県コード": 9, "市区町村コード": 201, "所在地": "栃木県宇都宮市岩曽町１０７７－９", "緯度": 36.581563, "経度": 139.899273, "url": "https://www.iryou.teikyouseido.mhlw.go.jp/znk-web/juminkanja/S2430/initialize?prefCd=09&kikanCd=6092001004&kikanKbn=5", "url2": null, "内容": "田園通り薬局【5:薬局】栃木県宇都宮市岩曽町１０７７－９" }, "geometry": { "type": "Point", "coordinates": [ 139.899273, 36.581563 ] } },
{ "type": "Feature", "properties": { "ID": 956092001005.0, "正式名称": "めぐみ薬局　金井台店", "機関区分": 5, "都道府県コード": 9, "市区町村コード": 201, "所在地": "栃木県宇都宮市下岡本町４５５６番地４", "緯度": 36.598746, "経度": 139.932922, "url": "https://www.iryou.teikyouseido.mhlw.go.jp/znk-web/juminkanja/S2430/initialize?prefCd=09&kikanCd=6092001005&kikanKbn=5", "url2": "http://megumi-pharmacy.com/", "内容": "めぐみ薬局　金井台店【5:薬局】栃木県宇都宮市下岡本町４５５６番地４" }, "geometry": { "type": "Point", "coordinates": [ 139.932922, 36.598746 ] } },
{ "type": "Feature", "properties": { "ID": 956092001006.0, "正式名称": "サンテ薬局", "機関区分": 5, "都道府県コード": 9, "市区町村コード": 202, "所在地": "栃木県足利市借宿町６０９－３", "緯度": 36.325022, "経度": 139.426651, "url": "https://www.iryou.teikyouseido.mhlw.go.jp/znk-web/juminkanja/S2430/initialize?prefCd=09&kikanCd=6092001006&kikanKbn=5", "url2": "http://www.m-medical.co.jp", "内容": "サンテ薬局【5:薬局】栃木県足利市借宿町６０９－３" }, "geometry": { "type": "Point", "coordinates": [ 139.426651, 36.325022 ] } },
{ "type": "Feature", "properties": { "ID": 956092001007.0, "正式名称": "コスモファーマ薬局　足利田中店", "機関区分": 5, "都道府県コード": 9, "市区町村コード": 202, "所在地": "栃木県足利市田中町８１６－２", "緯度": 36.326636, "経度": 139.449873, "url": "https://www.iryou.teikyouseido.mhlw.go.jp/znk-web/juminkanja/S2430/initialize?prefCd=09&kikanCd=6092001007&kikanKbn=5", "url2": "http://www.cosmo-ph.co.jp/", "内容": "コスモファーマ薬局　足利田中店【5:薬局】栃木県足利市田中町８１６－２" }, "geometry": { "type": "Point", "coordinates": [ 139.449873, 36.326636 ] } },
{ "type": "Feature", "properties": { "ID": 956092001014.0, "正式名称": "オザキ薬局", "機関区分": 5, "都道府県コード": 9, "市区町村コード": 204, "所在地": "栃木県佐野市田沼町５５２", "緯度": 36.366671, "経度": 139.579985, "url": "https://www.iryou.teikyouseido.mhlw.go.jp/znk-web/juminkanja/S2430/initialize?prefCd=09&kikanCd=6092001014&kikanKbn=5", "url2": null, "内容": "オザキ薬局【5:薬局】栃木県佐野市田沼町５５２" }, "geometry": { "type": "Point", "coordinates": [ 139.579985, 36.366671 ] } },
{ "type": "Feature", "properties": { "ID": 956092001015.0, "正式名称": "カワチ薬局　上三川インター店", "機関区分": 5, "都道府県コード": 9, "市区町村コード": 201, "所在地": "栃木県宇都宮市インターパーク６－５－４", "緯度": 36.486887, "経度": 139.905799, "url": "https://www.iryou.teikyouseido.mhlw.go.jp/znk-web/juminkanja/S2430/initialize?prefCd=09&kikanCd=6092001015&kikanKbn=5", "url2": "https://www.cawachi.co.jp", "内容": "カワチ薬局　上三川インター店【5:薬局】栃木県宇都宮市インターパーク６－５－４" }, "geometry": { "type": "Point", "coordinates": [ 139.905799, 36.486887 ] } },
{ "type": "Feature", "properties": { "ID": 956092001016.0, "正式名称": "戸祭薬局", "機関区分": 5, "都道府県コード": 9, "市区町村コード": 201, "所在地": "栃木県宇都宮市戸祭町３０３９－１", "緯度": 36.576922, "経度": 139.874425, "url": "https://www.iryou.teikyouseido.mhlw.go.jp/znk-web/juminkanja/S2430/initialize?prefCd=09&kikanCd=6092001016&kikanKbn=5", "url2": "https://pinokio-pharma.com/", "内容": "戸祭薬局【5:薬局】栃木県宇都宮市戸祭町３０３９－１" }, "geometry": { "type": "Point", "coordinates": [ 139.874425, 36.576922 ] } },
{ "type": "Feature", "properties": { "ID": 956092001017.0, "正式名称": "きぬばし薬局", "機関区分": 5, "都道府県コード": 9, "市区町村コード": 201, "所在地": "栃木県宇都宮市石井町２３３８－１", "緯度": 36.543055, "経度": 139.953895, "url": "https://www.iryou.teikyouseido.mhlw.go.jp/znk-web/juminkanja/S2430/initialize?prefCd=09&kikanCd=6092001017&kikanKbn=5", "url2": "https://e-bond.info/withs/", "内容": "きぬばし薬局【5:薬局】栃木県宇都宮市石井町２３３８－１" }, "geometry": { "type": "Point", "coordinates": [ 139.953895, 36.543055 ] } },
{ "type": "Feature", "properties": { "ID": 956092001020.0, "正式名称": "ペパーミント薬局", "機関区分": 5, "都道府県コード": 9, "市区町村コード": 201, "所在地": "栃木県宇都宮市氷室町１６９１ー３", "緯度": 36.530688, "経度": 139.999977, "url": "https://www.iryou.teikyouseido.mhlw.go.jp/znk-web/juminkanja/S2430/initialize?prefCd=09&kikanCd=6092001020&kikanKbn=5", "url2": "http://www.mc-kanto.co.jp/herb-ph/peppermint.html", "内容": "ペパーミント薬局【5:薬局】栃木県宇都宮市氷室町１６９１ー３" }, "geometry": { "type": "Point", "coordinates": [ 139.999977, 36.530688 ] } },
{ "type": "Feature", "properties": { "ID": 956092001025.0, "正式名称": "ユニスマイル薬局　あいおい店", "機関区分": 5, "都道府県コード": 9, "市区町村コード": 204, "所在地": "栃木県佐野市相生町２７番地１", "緯度": 36.313066, "経度": 139.585801, "url": "https://www.iryou.teikyouseido.mhlw.go.jp/znk-web/juminkanja/S2430/initialize?prefCd=09&kikanCd=6092001025&kikanKbn=5", "url2": "https://unismile.co.jp/shop/aioi/", "内容": "ユニスマイル薬局　あいおい店【5:薬局】栃木県佐野市相生町２７番地１" }, "geometry": { "type": "Point", "coordinates": [ 139.585801, 36.313066 ] } },
{ "type": "Feature", "properties": { "ID": 956092001026.0, "正式名称": "ファーコス薬局　かもめ", "機関区分": 5, "都道府県コード": 9, "市区町村コード": 204, "所在地": "栃木県佐野市植下町２４７０－１", "緯度": 36.298818, "経度": 139.576211, "url": "https://www.iryou.teikyouseido.mhlw.go.jp/znk-web/juminkanja/S2430/initialize?prefCd=09&kikanCd=6092001026&kikanKbn=5", "url2": null, "内容": "ファーコス薬局　かもめ【5:薬局】栃木県佐野市植下町２４７０－１" }, "geometry": { "type": "Point", "coordinates": [ 139.576211, 36.298818 ] } },
{ "type": "Feature", "properties": { "ID": 956092001028.0, "正式名称": "ユニスマイル薬局　やわた店", "機関区分": 5, "都道府県コード": 9, "市区町村コード": 202, "所在地": "栃木県足利市八幡町１－７－２", "緯度": 36.325466, "経度": 139.442871, "url": "https://www.iryou.teikyouseido.mhlw.go.jp/znk-web/juminkanja/S2430/initialize?prefCd=09&kikanCd=6092001028&kikanKbn=5", "url2": null, "内容": "ユニスマイル薬局　やわた店【5:薬局】栃木県足利市八幡町１－７－２" }, "geometry": { "type": "Point", "coordinates": [ 139.442871, 36.325466 ] } },
{ "type": "Feature", "properties": { "ID": 956092001029.0, "正式名称": "ユニスマイル薬局　足利日赤店", "機関区分": 5, "都道府県コード": 9, "市区町村コード": 202, "所在地": "栃木県足利市五十部町２８４－１３", "緯度": 36.340051, "経度": 139.423099, "url": "https://www.iryou.teikyouseido.mhlw.go.jp/znk-web/juminkanja/S2430/initialize?prefCd=09&kikanCd=6092001029&kikanKbn=5", "url2": "https://unismile.co.jp/shop/asikaganisseki/", "内容": "ユニスマイル薬局　足利日赤店【5:薬局】栃木県足利市五十部町２８４－１３" }, "geometry": { "type": "Point", "coordinates": [ 139.423099, 36.340051 ] } },
{ "type": "Feature", "properties": { "ID": 956092001030.0, "正式名称": "ユニスマイル薬局　さとやば店", "機関区分": 5, "都道府県コード": 9, "市区町村コード": 202, "所在地": "栃木県足利市里矢場町１９８８－６", "緯度": 36.310524, "経度": 139.42597, "url": "https://www.iryou.teikyouseido.mhlw.go.jp/znk-web/juminkanja/S2430/initialize?prefCd=09&kikanCd=6092001030&kikanKbn=5", "url2": "http://unismile.co.jp", "内容": "ユニスマイル薬局　さとやば店【5:薬局】栃木県足利市里矢場町１９８８－６" }, "geometry": { "type": "Point", "coordinates": [ 139.42597, 36.310524 ] } },
{ "type": "Feature", "properties": { "ID": 956092001031.0, "正式名称": "ユニスマイル薬局　はじか店", "機関区分": 5, "都道府県コード": 9, "市区町村コード": 202, "所在地": "栃木県足利市葉鹿町１ー１０ー３", "緯度": 36.362978, "経度": 139.389893, "url": "https://www.iryou.teikyouseido.mhlw.go.jp/znk-web/juminkanja/S2430/initialize?prefCd=09&kikanCd=6092001031&kikanKbn=5", "url2": "https://unismile.co.jp/shop/hajika/", "内容": "ユニスマイル薬局　はじか店【5:薬局】栃木県足利市葉鹿町１ー１０ー３" }, "geometry": { "type": "Point", "coordinates": [ 139.389893, 36.362978 ] } },
{ "type": "Feature", "properties": { "ID": 956092001032.0, "正式名称": "ユニスマイル薬局　おおまえ店", "機関区分": 5, "都道府県コード": 9, "市区町村コード": 202, "所在地": "栃木県足利市大前町１２７７－３", "緯度": 36.359199, "経度": 139.400995, "url": "https://www.iryou.teikyouseido.mhlw.go.jp/znk-web/juminkanja/S2430/initialize?prefCd=09&kikanCd=6092001032&kikanKbn=5", "url2": "https://unismile.co.jp/", "内容": "ユニスマイル薬局　おおまえ店【5:薬局】栃木県足利市大前町１２７７－３" }, "geometry": { "type": "Point", "coordinates": [ 139.400995, 36.359199 ] } },
{ "type": "Feature", "properties": { "ID": 956092001033.0, "正式名称": "ユニスマイル薬局ちとせ店", "機関区分": 5, "都道府県コード": 9, "市区町村コード": 202, "所在地": "栃木県足利市千歳町６６－２", "緯度": 36.326898, "経度": 139.466272, "url": "https://www.iryou.teikyouseido.mhlw.go.jp/znk-web/juminkanja/S2430/initialize?prefCd=09&kikanCd=6092001033&kikanKbn=5", "url2": "https://unismile.co.jp/shop/rainbow/", "内容": "ユニスマイル薬局ちとせ店【5:薬局】栃木県足利市千歳町６６－２" }, "geometry": { "type": "Point", "coordinates": [ 139.466272, 36.326898 ] } },
{ "type": "Feature", "properties": { "ID": 956092001034.0, "正式名称": "とちぎ薬局　中央店", "機関区分": 5, "都道府県コード": 9, "市区町村コード": 201, "所在地": "栃木県宇都宮市大通り５丁目１－１１", "緯度": 36.561016, "経度": 139.892797, "url": "https://www.iryou.teikyouseido.mhlw.go.jp/znk-web/juminkanja/S2430/initialize?prefCd=09&kikanCd=6092001034&kikanKbn=5", "url2": "http://jp-group.co.jp/jp/shop/chuoten.html", "内容": "とちぎ薬局　中央店【5:薬局】栃木県宇都宮市大通り５丁目１－１１" }, "geometry": { "type": "Point", "coordinates": [ 139.892797, 36.561016 ] } },
{ "type": "Feature", "properties": { "ID": 956092001035.0, "正式名称": "カワチ薬局　西川田店", "機関区分": 5, "都道府県コード": 9, "市区町村コード": 201, "所在地": "栃木県宇都宮市西川田町８３１－１", "緯度": 36.536148, "経度": 139.851351, "url": "https://www.iryou.teikyouseido.mhlw.go.jp/znk-web/juminkanja/S2430/initialize?prefCd=09&kikanCd=6092001035&kikanKbn=5", "url2": "https://www.cawachi.co.jp", "内容": "カワチ薬局　西川田店【5:薬局】栃木県宇都宮市西川田町８３１－１" }, "geometry": { "type": "Point", "coordinates": [ 139.851351, 36.536148 ] } },
{ "type": "Feature", "properties": { "ID": 956092001037.0, "正式名称": "とちの木薬局矢板店", "機関区分": 5, "都道府県コード": 9, "市区町村コード": 211, "所在地": "栃木県矢板市富田３０２", "緯度": 36.795815, "経度": 139.927451, "url": "https://www.iryou.teikyouseido.mhlw.go.jp/znk-web/juminkanja/S2430/initialize?prefCd=09&kikanCd=6092001037&kikanKbn=5", "url2": "https://www.yakusen.co.jp", "内容": "とちの木薬局矢板店【5:薬局】栃木県矢板市富田３０２" }, "geometry": { "type": "Point", "coordinates": [ 139.927451, 36.795815 ] } },
{ "type": "Feature", "properties": { "ID": 956092001038.0, "正式名称": "ウエルシア薬局　宇都宮五代店", "機関区分": 5, "都道府県コード": 9, "市区町村コード": 201, "所在地": "栃木県宇都宮市五代", "緯度": 36.492036, "経度": 139.861353, "url": "https://www.iryou.teikyouseido.mhlw.go.jp/znk-web/juminkanja/S2430/initialize?prefCd=09&kikanCd=6092001038&kikanKbn=5", "url2": "https://stores.welcia.co.jp/6185D", "内容": "ウエルシア薬局　宇都宮五代店【5:薬局】栃木県宇都宮市五代" }, "geometry": { "type": "Point", "coordinates": [ 139.861353, 36.492036 ] } },
{ "type": "Feature", "properties": { "ID": 956092001039.0, "正式名称": "ユニスマイル薬局まつばら店", "機関区分": 5, "都道府県コード": 9, "市区町村コード": 201, "所在地": "栃木県宇都宮市松原２ー７－２５", "緯度": 36.571733, "経度": 139.872381, "url": "https://www.iryou.teikyouseido.mhlw.go.jp/znk-web/juminkanja/S2430/initialize?prefCd=09&kikanCd=6092001039&kikanKbn=5", "url2": "http://www.unismile.co.jp", "内容": "ユニスマイル薬局まつばら店【5:薬局】栃木県宇都宮市松原２ー７－２５" }, "geometry": { "type": "Point", "coordinates": [ 139.872381, 36.571733 ] } },
{ "type": "Feature", "properties": { "ID": 956092001041.0, "正式名称": "ウエルシア薬局二宮久下田店", "機関区分": 5, "都道府県コード": 9, "市区町村コード": 209, "所在地": "栃木県真岡市久下田西２－８－２", "緯度": 36.376208, "経度": 139.966965, "url": "https://www.iryou.teikyouseido.mhlw.go.jp/znk-web/juminkanja/S2430/initialize?prefCd=09&kikanCd=6092001041&kikanKbn=5", "url2": "https://stores.welcia.co.jp/6140D", "内容": "ウエルシア薬局二宮久下田店【5:薬局】栃木県真岡市久下田西２－８－２" }, "geometry": { "type": "Point", "coordinates": [ 139.966965, 36.376208 ] } },
{ "type": "Feature", "properties": { "ID": 956092001043.0, "正式名称": "ウエルシア薬局益子大沢店", "機関区分": 5, "都道府県コード": 9, "市区町村コード": 342, "所在地": "栃木県芳賀郡益子町大沢１３８－１", "緯度": 36.491654, "経度": 140.103078, "url": "https://www.iryou.teikyouseido.mhlw.go.jp/znk-web/juminkanja/S2430/initialize?prefCd=09&kikanCd=6092001043&kikanKbn=5", "url2": null, "内容": "ウエルシア薬局益子大沢店【5:薬局】栃木県芳賀郡益子町大沢１３８－１" }, "geometry": { "type": "Point", "coordinates": [ 140.103078, 36.491654 ] } },
{ "type": "Feature", "properties": { "ID": 956092001045.0, "正式名称": "ユニスマイル薬局せのお店", "機関区分": 5, "都道府県コード": 9, "市区町村コード": 206, "所在地": "栃木県日光市瀬尾４９８－３", "緯度": 36.739008, "経度": 139.684585, "url": "https://www.iryou.teikyouseido.mhlw.go.jp/znk-web/juminkanja/S2430/initialize?prefCd=09&kikanCd=6092001045&kikanKbn=5", "url2": null, "内容": "ユニスマイル薬局せのお店【5:薬局】栃木県日光市瀬尾４９８－３" }, "geometry": { "type": "Point", "coordinates": [ 139.684585, 36.739008 ] } },
{ "type": "Feature", "properties": { "ID": 956092001046.0, "正式名称": "ウエルシア薬局　日光インター店", "機関区分": 5, "都道府県コード": 9, "市区町村コード": 206, "所在地": "栃木県日光市東和町６８－１", "緯度": 36.744795, "経度": 139.623977, "url": "https://www.iryou.teikyouseido.mhlw.go.jp/znk-web/juminkanja/S2430/initialize?prefCd=09&kikanCd=6092001046&kikanKbn=5", "url2": null, "内容": "ウエルシア薬局　日光インター店【5:薬局】栃木県日光市東和町６８－１" }, "geometry": { "type": "Point", "coordinates": [ 139.623977, 36.744795 ] } },
{ "type": "Feature", "properties": { "ID": 956092001051.0, "正式名称": "フレンド　飛山調剤薬局", "機関区分": 5, "都道府県コード": 9, "市区町村コード": 201, "所在地": "栃木県宇都宮市竹下町４３５－３４６", "緯度": 36.551235, "経度": 139.968405, "url": "https://www.iryou.teikyouseido.mhlw.go.jp/znk-web/juminkanja/S2430/initialize?prefCd=09&kikanCd=6092001051&kikanKbn=5", "url2": "http://www.f-pw.jp", "内容": "フレンド　飛山調剤薬局【5:薬局】栃木県宇都宮市竹下町４３５－３４６" }, "geometry": { "type": "Point", "coordinates": [ 139.968405, 36.551235 ] } },
{ "type": "Feature", "properties": { "ID": 956092001052.0, "正式名称": "ゆず薬局", "機関区分": 5, "都道府県コード": 9, "市区町村コード": 201, "所在地": "栃木県宇都宮市中里町３２３－３", "緯度": 36.67551, "経度": 139.897908, "url": "https://www.iryou.teikyouseido.mhlw.go.jp/znk-web/juminkanja/S2430/initialize?prefCd=09&kikanCd=6092001052&kikanKbn=5", "url2": null, "内容": "ゆず薬局【5:薬局】栃木県宇都宮市中里町３２３－３" }, "geometry": { "type": "Point", "coordinates": [ 139.897908, 36.67551 ] } },
{ "type": "Feature", "properties": { "ID": 956092001056.0, "正式名称": "そうごう薬局　田沼店", "機関区分": 5, "都道府県コード": 9, "市区町村コード": 204, "所在地": "栃木県佐野市田沼町１４３１－２", "緯度": 36.371604, "経度": 139.582155, "url": "https://www.iryou.teikyouseido.mhlw.go.jp/znk-web/juminkanja/S2430/initialize?prefCd=09&kikanCd=6092001056&kikanKbn=5", "url2": "http://www.sogo-medical.co.jp/", "内容": "そうごう薬局　田沼店【5:薬局】栃木県佐野市田沼町１４３１－２" }, "geometry": { "type": "Point", "coordinates": [ 139.582155, 36.371604 ] } },
{ "type": "Feature", "properties": { "ID": 956092001058.0, "正式名称": "とちぎ薬局美原店", "機関区分": 5, "都道府県コード": 9, "市区町村コード": 210, "所在地": "栃木県大田原市美原２－３１９７－１８", "緯度": 36.866321, "経度": 140.00367, "url": "https://www.iryou.teikyouseido.mhlw.go.jp/znk-web/juminkanja/S2430/initialize?prefCd=09&kikanCd=6092001058&kikanKbn=5", "url2": "http://www.jp-group.co.jp/", "内容": "とちぎ薬局美原店【5:薬局】栃木県大田原市美原２－３１９７－１８" }, "geometry": { "type": "Point", "coordinates": [ 140.00367, 36.866321 ] } },
{ "type": "Feature", "properties": { "ID": 956092001059.0, "正式名称": "中央薬局　佐野店", "機関区分": 5, "都道府県コード": 9, "市区町村コード": 204, "所在地": "栃木県佐野市小中町１２５５－１", "緯度": 36.342724, "経度": 139.558566, "url": "https://www.iryou.teikyouseido.mhlw.go.jp/znk-web/juminkanja/S2430/initialize?prefCd=09&kikanCd=6092001059&kikanKbn=5", "url2": "http://www.power-p.co.jp", "内容": "中央薬局　佐野店【5:薬局】栃木県佐野市小中町１２５５－１" }, "geometry": { "type": "Point", "coordinates": [ 139.558566, 36.342724 ] } },
{ "type": "Feature", "properties": { "ID": 956092001076.0, "正式名称": "スバル薬局", "機関区分": 5, "都道府県コード": 9, "市区町村コード": 202, "所在地": "栃木県足利市大橋町１−１８２５−３３", "緯度": 36.340238, "経度": 139.462186, "url": "https://www.iryou.teikyouseido.mhlw.go.jp/znk-web/juminkanja/S2430/initialize?prefCd=09&kikanCd=6092001076&kikanKbn=5", "url2": null, "内容": "スバル薬局【5:薬局】栃木県足利市大橋町１−１８２５−３３" }, "geometry": { "type": "Point", "coordinates": [ 139.462186, 36.340238 ] } },
{ "type": "Feature", "properties": { "ID": 956092001077.0, "正式名称": "大町調剤薬局", "機関区分": 5, "都道府県コード": 9, "市区町村コード": 203, "所在地": "栃木県栃木市大町２７番２４号", "緯度": 36.39609, "経度": 139.736351, "url": "https://www.iryou.teikyouseido.mhlw.go.jp/znk-web/juminkanja/S2430/initialize?prefCd=09&kikanCd=6092001077&kikanKbn=5", "url2": "http://www.kusurinomadoguchi.com/tochigi/s84712", "内容": "大町調剤薬局【5:薬局】栃木県栃木市大町２７番２４号" }, "geometry": { "type": "Point", "coordinates": [ 139.736351, 36.39609 ] } },
{ "type": "Feature", "properties": { "ID": 956092001079.0, "正式名称": "ゆうせい薬局", "機関区分": 5, "都道府県コード": 9, "市区町村コード": 210, "所在地": "栃木県大田原市新富町３丁目３６９７－１", "緯度": 36.860178, "経度": 140.024216, "url": "https://www.iryou.teikyouseido.mhlw.go.jp/znk-web/juminkanja/S2430/initialize?prefCd=09&kikanCd=6092001079&kikanKbn=5", "url2": "https://www.matsuya-ph.jp", "内容": "ゆうせい薬局【5:薬局】栃木県大田原市新富町３丁目３６９７－１" }, "geometry": { "type": "Point", "coordinates": [ 140.024216, 36.860178 ] } },
{ "type": "Feature", "properties": { "ID": 956092001080.0, "正式名称": "花・花薬局グリーン", "機関区分": 5, "都道府県コード": 9, "市区町村コード": 202, "所在地": "栃木県足利市通２－２６４４－１", "緯度": 36.335508, "経度": 139.450598, "url": "https://www.iryou.teikyouseido.mhlw.go.jp/znk-web/juminkanja/S2430/initialize?prefCd=09&kikanCd=6092001080&kikanKbn=5", "url2": "http://e-ff.jp/", "内容": "花・花薬局グリーン【5:薬局】栃木県足利市通２－２６４４－１" }, "geometry": { "type": "Point", "coordinates": [ 139.450598, 36.335508 ] } },
{ "type": "Feature", "properties": { "ID": 956092001081.0, "正式名称": "コスモファーマ薬局　大月町店", "機関区分": 5, "都道府県コード": 9, "市区町村コード": 202, "所在地": "栃木県足利市大月町９２２－１", "緯度": 36.349166, "経度": 139.475787, "url": "https://www.iryou.teikyouseido.mhlw.go.jp/znk-web/juminkanja/S2430/initialize?prefCd=09&kikanCd=6092001081&kikanKbn=5", "url2": "http://www.cosmo-ph.co.jp/", "内容": "コスモファーマ薬局　大月町店【5:薬局】栃木県足利市大月町９２２－１" }, "geometry": { "type": "Point", "coordinates": [ 139.475787, 36.349166 ] } },
{ "type": "Feature", "properties": { "ID": 956092001082.0, "正式名称": "エンゼル薬局", "機関区分": 5, "都道府県コード": 9, "市区町村コード": 204, "所在地": "栃木県佐野市栃本町２２４３－７", "緯度": 36.366155, "経度": 139.580955, "url": "https://www.iryou.teikyouseido.mhlw.go.jp/znk-web/juminkanja/S2430/initialize?prefCd=09&kikanCd=6092001082&kikanKbn=5", "url2": null, "内容": "エンゼル薬局【5:薬局】栃木県佐野市栃本町２２４３－７" }, "geometry": { "type": "Point", "coordinates": [ 139.580955, 36.366155 ] } },
{ "type": "Feature", "properties": { "ID": 956092001083.0, "正式名称": "共創未来　やまべ薬局", "機関区分": 5, "都道府県コード": 9, "市区町村コード": 202, "所在地": "栃木県足利市堀込町２８５６－１", "緯度": 36.3203, "経度": 139.435509, "url": "https://www.iryou.teikyouseido.mhlw.go.jp/znk-web/juminkanja/S2430/initialize?prefCd=09&kikanCd=6092001083&kikanKbn=5", "url2": "http://www.phmirai.co.jp/", "内容": "共創未来　やまべ薬局【5:薬局】栃木県足利市堀込町２８５６－１" }, "geometry": { "type": "Point", "coordinates": [ 139.435509, 36.3203 ] } },
{ "type": "Feature", "properties": { "ID": 956092001084.0, "正式名称": "シルキー薬局", "機関区分": 5, "都道府県コード": 9, "市区町村コード": 201, "所在地": "栃木県宇都宮市下小倉町２２１９番７", "緯度": 36.692352, "経度": 139.912384, "url": "https://www.iryou.teikyouseido.mhlw.go.jp/znk-web/juminkanja/S2430/initialize?prefCd=09&kikanCd=6092001084&kikanKbn=5", "url2": null, "内容": "シルキー薬局【5:薬局】栃木県宇都宮市下小倉町２２１９番７" }, "geometry": { "type": "Point", "coordinates": [ 139.912384, 36.692352 ] } },
{ "type": "Feature", "properties": { "ID": 956092001085.0, "正式名称": "中央薬局　きぬの里店", "機関区分": 5, "都道府県コード": 9, "市区町村コード": 214, "所在地": "栃木県さくら市きぬの里１－２２－１", "緯度": 36.661088, "経度": 139.9622, "url": "https://www.iryou.teikyouseido.mhlw.go.jp/znk-web/juminkanja/S2430/initialize?prefCd=09&kikanCd=6092001085&kikanKbn=5", "url2": "http://www.power-p.co.jp", "内容": "中央薬局　きぬの里店【5:薬局】栃木県さくら市きぬの里１－２２－１" }, "geometry": { "type": "Point", "coordinates": [ 139.9622, 36.661088 ] } },
{ "type": "Feature", "properties": { "ID": 956092001087.0, "正式名称": "まつやドラッグ調剤薬局", "機関区分": 5, "都道府県コード": 9, "市区町村コード": 210, "所在地": "栃木県大田原市中央１－３－１５　トコトコ大田原１階", "緯度": 36.868555, "経度": 140.026007, "url": "https://www.iryou.teikyouseido.mhlw.go.jp/znk-web/juminkanja/S2430/initialize?prefCd=09&kikanCd=6092001087&kikanKbn=5", "url2": "https://www.matsuya-ph.jp", "内容": "まつやドラッグ調剤薬局【5:薬局】栃木県大田原市中央１－３－１５　トコトコ大田原１階" }, "geometry": { "type": "Point", "coordinates": [ 140.026007, 36.868555 ] } },
{ "type": "Feature", "properties": { "ID": 956092001088.0, "正式名称": "だるま薬局氏家店", "機関区分": 5, "都道府県コード": 9, "市区町村コード": 214, "所在地": "栃木県さくら市氏家２５６５－３３", "緯度": 36.68068, "経度": 139.966938, "url": "https://www.iryou.teikyouseido.mhlw.go.jp/znk-web/juminkanja/S2430/initialize?prefCd=09&kikanCd=6092001088&kikanKbn=5", "url2": "http://daruma-f.com", "内容": "だるま薬局氏家店【5:薬局】栃木県さくら市氏家２５６５－３３" }, "geometry": { "type": "Point", "coordinates": [ 139.966938, 36.68068 ] } },
{ "type": "Feature", "properties": { "ID": 956092001090.0, "正式名称": "コミネ薬局　小俣店", "機関区分": 5, "都道府県コード": 9, "市区町村コード": 202, "所在地": "栃木県足利市小俣町６１６－１", "緯度": 36.372438, "経度": 139.376724, "url": "https://www.iryou.teikyouseido.mhlw.go.jp/znk-web/juminkanja/S2430/initialize?prefCd=09&kikanCd=6092001090&kikanKbn=5", "url2": "https://www.komine-medico.com/", "内容": "コミネ薬局　小俣店【5:薬局】栃木県足利市小俣町６１６－１" }, "geometry": { "type": "Point", "coordinates": [ 139.376724, 36.372438 ] } },
{ "type": "Feature", "properties": { "ID": 956092001091.0, "正式名称": "コスモ薬局", "機関区分": 5, "都道府県コード": 9, "市区町村コード": 204, "所在地": "栃木県佐野市犬伏新町１３０６－８", "緯度": 36.323924, "経度": 139.60426, "url": "https://www.iryou.teikyouseido.mhlw.go.jp/znk-web/juminkanja/S2430/initialize?prefCd=09&kikanCd=6092001091&kikanKbn=5", "url2": "http://www.medi-falcon.jp/", "内容": "コスモ薬局【5:薬局】栃木県佐野市犬伏新町１３０６－８" }, "geometry": { "type": "Point", "coordinates": [ 139.60426, 36.323924 ] } },
{ "type": "Feature", "properties": { "ID": 956092001092.0, "正式名称": "共創未来　宇都宮薬局", "機関区分": 5, "都道府県コード": 9, "市区町村コード": 201, "所在地": "栃木県宇都宮市陽南３－１２－３８", "緯度": 36.533812, "経度": 139.870092, "url": "https://www.iryou.teikyouseido.mhlw.go.jp/znk-web/juminkanja/S2430/initialize?prefCd=09&kikanCd=6092001092&kikanKbn=5", "url2": "http://www.phmirai.co.jp/", "内容": "共創未来　宇都宮薬局【5:薬局】栃木県宇都宮市陽南３－１２－３８" }, "geometry": { "type": "Point", "coordinates": [ 139.870092, 36.533812 ] } },
{ "type": "Feature", "properties": { "ID": 956092001093.0, "正式名称": "さとう薬局", "機関区分": 5, "都道府県コード": 9, "市区町村コード": 210, "所在地": "栃木県大田原市黒羽向町４４７－６", "緯度": 36.861471, "経度": 140.113382, "url": "https://www.iryou.teikyouseido.mhlw.go.jp/znk-web/juminkanja/S2430/initialize?prefCd=09&kikanCd=6092001093&kikanKbn=5", "url2": "https://www.sato-yamayuri-ph.com", "内容": "さとう薬局【5:薬局】栃木県大田原市黒羽向町４４７－６" }, "geometry": { "type": "Point", "coordinates": [ 140.113382, 36.861471 ] } },
{ "type": "Feature", "properties": { "ID": 956092001095.0, "正式名称": "とちのき薬局下栗店", "機関区分": 5, "都道府県コード": 9, "市区町村コード": 201, "所在地": "栃木県宇都宮市下栗町２９３５－３", "緯度": 36.536615, "経度": 139.911858, "url": "https://www.iryou.teikyouseido.mhlw.go.jp/znk-web/juminkanja/S2430/initialize?prefCd=09&kikanCd=6092001095&kikanKbn=5", "url2": "http://www.pharm.co.jp", "内容": "とちのき薬局下栗店【5:薬局】栃木県宇都宮市下栗町２９３５－３" }, "geometry": { "type": "Point", "coordinates": [ 139.911858, 36.536615 ] } },
{ "type": "Feature", "properties": { "ID": 956092001096.0, "正式名称": "宇都宮中央薬局", "機関区分": 5, "都道府県コード": 9, "市区町村コード": 201, "所在地": "栃木県宇都宮市屋板町５６２番６", "緯度": 36.510363, "経度": 139.899839, "url": "https://www.iryou.teikyouseido.mhlw.go.jp/znk-web/juminkanja/S2430/initialize?prefCd=09&kikanCd=6092001096&kikanKbn=5", "url2": "https://e-bond.info/withs/", "内容": "宇都宮中央薬局【5:薬局】栃木県宇都宮市屋板町５６２番６" }, "geometry": { "type": "Point", "coordinates": [ 139.899839, 36.510363 ] } },
{ "type": "Feature", "properties": { "ID": 956092001101.0, "正式名称": "小沢薬局", "機関区分": 5, "都道府県コード": 9, "市区町村コード": 213, "所在地": "栃木県那須塩原市五軒町１‐３１", "緯度": 36.888936, "経度": 139.981335, "url": "https://www.iryou.teikyouseido.mhlw.go.jp/znk-web/juminkanja/S2430/initialize?prefCd=09&kikanCd=6092001101&kikanKbn=5", "url2": null, "内容": "小沢薬局【5:薬局】栃木県那須塩原市五軒町１‐３１" }, "geometry": { "type": "Point", "coordinates": [ 139.981335, 36.888936 ] } },
{ "type": "Feature", "properties": { "ID": 956092001105.0, "正式名称": "カワチ薬局　大曽店", "機関区分": 5, "都道府県コード": 9, "市区町村コード": 201, "所在地": "栃木県宇都宮市大曽３－４－５", "緯度": 36.57405, "経度": 139.891122, "url": "https://www.iryou.teikyouseido.mhlw.go.jp/znk-web/juminkanja/S2430/initialize?prefCd=09&kikanCd=6092001105&kikanKbn=5", "url2": "https://www.cawachi.co.jp", "内容": "カワチ薬局　大曽店【5:薬局】栃木県宇都宮市大曽３－４－５" }, "geometry": { "type": "Point", "coordinates": [ 139.891122, 36.57405 ] } },
{ "type": "Feature", "properties": { "ID": 956092001106.0, "正式名称": "カワチ薬局　三の沢店", "機関区分": 5, "都道府県コード": 9, "市区町村コード": 201, "所在地": "栃木県宇都宮市鶴田町１７４４－２９", "緯度": 36.562572, "経度": 139.847612, "url": "https://www.iryou.teikyouseido.mhlw.go.jp/znk-web/juminkanja/S2430/initialize?prefCd=09&kikanCd=6092001106&kikanKbn=5", "url2": "https://www.cawachi.co.jp", "内容": "カワチ薬局　三の沢店【5:薬局】栃木県宇都宮市鶴田町１７４４－２９" }, "geometry": { "type": "Point", "coordinates": [ 139.847612, 36.562572 ] } },
{ "type": "Feature", "properties": { "ID": 956092001107.0, "正式名称": "氏家中央薬局", "機関区分": 5, "都道府県コード": 9, "市区町村コード": 214, "所在地": "栃木県さくら市向河原４０８７番地２", "緯度": 36.692842, "経度": 139.940565, "url": "https://www.iryou.teikyouseido.mhlw.go.jp/znk-web/juminkanja/S2430/initialize?prefCd=09&kikanCd=6092001107&kikanKbn=5", "url2": null, "内容": "氏家中央薬局【5:薬局】栃木県さくら市向河原４０８７番地２" }, "geometry": { "type": "Point", "coordinates": [ 139.940565, 36.692842 ] } },
{ "type": "Feature", "properties": { "ID": 956092001108.0, "正式名称": "カワチ薬局　今市店", "機関区分": 5, "都道府県コード": 9, "市区町村コード": 206, "所在地": "栃木県日光市瀬尾４９－２", "緯度": 36.735012, "経度": 139.69104, "url": "https://www.iryou.teikyouseido.mhlw.go.jp/znk-web/juminkanja/S2430/initialize?prefCd=09&kikanCd=6092001108&kikanKbn=5", "url2": "http://www.cawachi.co.jp", "内容": "カワチ薬局　今市店【5:薬局】栃木県日光市瀬尾４９－２" }, "geometry": { "type": "Point", "coordinates": [ 139.69104, 36.735012 ] } },
{ "type": "Feature", "properties": { "ID": 956092001109.0, "正式名称": "さつき薬局　仁神堂店", "機関区分": 5, "都道府県コード": 9, "市区町村コード": 205, "所在地": "栃木県鹿沼市仁神堂町字小谷津久保５２２－７", "緯度": 36.580181, "経度": 139.765116, "url": "https://www.iryou.teikyouseido.mhlw.go.jp/znk-web/juminkanja/S2430/initialize?prefCd=09&kikanCd=6092001109&kikanKbn=5", "url2": "http://www.power-p.co.jp", "内容": "さつき薬局　仁神堂店【5:薬局】栃木県鹿沼市仁神堂町字小谷津久保５２２－７" }, "geometry": { "type": "Point", "coordinates": [ 139.765116, 36.580181 ] } },
{ "type": "Feature", "properties": { "ID": 956092001113.0, "正式名称": "とちぎ薬局佐久山店", "機関区分": 5, "都道府県コード": 9, "市区町村コード": 210, "所在地": "栃木県大田原市佐久山２０２０", "緯度": 36.808585, "経度": 140.00874, "url": "https://www.iryou.teikyouseido.mhlw.go.jp/znk-web/juminkanja/S2430/initialize?prefCd=09&kikanCd=6092001113&kikanKbn=5", "url2": "http://www.jp-group.co.jp/", "内容": "とちぎ薬局佐久山店【5:薬局】栃木県大田原市佐久山２０２０" }, "geometry": { "type": "Point", "coordinates": [ 140.00874, 36.808585 ] } },
{ "type": "Feature", "properties": { "ID": 956092001115.0, "正式名称": "エルム薬局", "機関区分": 5, "都道府県コード": 9, "市区町村コード": 201, "所在地": "栃木県宇都宮市鶴田町４１９－３４", "緯度": 36.546935, "経度": 139.85512, "url": "https://www.iryou.teikyouseido.mhlw.go.jp/znk-web/juminkanja/S2430/initialize?prefCd=09&kikanCd=6092001115&kikanKbn=5", "url2": null, "内容": "エルム薬局【5:薬局】栃木県宇都宮市鶴田町４１９－３４" }, "geometry": { "type": "Point", "coordinates": [ 139.85512, 36.546935 ] } },
{ "type": "Feature", "properties": { "ID": 956092001117.0, "正式名称": "有限会社　富士ファーマシー　みつば薬局", "機関区分": 5, "都道府県コード": 9, "市区町村コード": 201, "所在地": "栃木県宇都宮市元今泉２－２０－１０　エクセレンス今泉１０６", "緯度": 36.564104, "経度": 139.903502, "url": "https://www.iryou.teikyouseido.mhlw.go.jp/znk-web/juminkanja/S2430/initialize?prefCd=09&kikanCd=6092001117&kikanKbn=5", "url2": "http://www.fuji-pharm.com/", "内容": "有限会社　富士ファーマシー　みつば薬局【5:薬局】栃木県宇都宮市元今泉２－２０－１０　エクセレンス今泉１０６" }, "geometry": { "type": "Point", "coordinates": [ 139.903502, 36.564104 ] } },
{ "type": "Feature", "properties": { "ID": 956092001118.0, "正式名称": "中央薬局　今泉店", "機関区分": 5, "都道府県コード": 9, "市区町村コード": 201, "所在地": "栃木県宇都宮市今泉３－１０－１０", "緯度": 36.574111, "経度": 139.897935, "url": "https://www.iryou.teikyouseido.mhlw.go.jp/znk-web/juminkanja/S2430/initialize?prefCd=09&kikanCd=6092001118&kikanKbn=5", "url2": "http://www.power-p.co.jp", "内容": "中央薬局　今泉店【5:薬局】栃木県宇都宮市今泉３－１０－１０" }, "geometry": { "type": "Point", "coordinates": [ 139.897935, 36.574111 ] } },
{ "type": "Feature", "properties": { "ID": 956092001119.0, "正式名称": "中央薬局　兵庫塚北店", "機関区分": 5, "都道府県コード": 9, "市区町村コード": 201, "所在地": "栃木県宇都宮市兵庫塚３－３９－２", "緯度": 36.495082, "経度": 139.85655, "url": "https://www.iryou.teikyouseido.mhlw.go.jp/znk-web/juminkanja/S2430/initialize?prefCd=09&kikanCd=6092001119&kikanKbn=5", "url2": "http://www.power-p.co.jp", "内容": "中央薬局　兵庫塚北店【5:薬局】栃木県宇都宮市兵庫塚３－３９－２" }, "geometry": { "type": "Point", "coordinates": [ 139.85655, 36.495082 ] } },
{ "type": "Feature", "properties": { "ID": 956092001120.0, "正式名称": "コスモファーマ薬局　今市店", "機関区分": 5, "都道府県コード": 9, "市区町村コード": 206, "所在地": "栃木県日光市荊沢５９９－１３４", "緯度": 36.725486, "経度": 139.717377, "url": "https://www.iryou.teikyouseido.mhlw.go.jp/znk-web/juminkanja/S2430/initialize?prefCd=09&kikanCd=6092001120&kikanKbn=5", "url2": "http://www.cosmo-ph.co.jp/", "内容": "コスモファーマ薬局　今市店【5:薬局】栃木県日光市荊沢５９９－１３４" }, "geometry": { "type": "Point", "coordinates": [ 139.717377, 36.725486 ] } },
{ "type": "Feature", "properties": { "ID": 956092001121.0, "正式名称": "フタバ快生堂薬局", "機関区分": 5, "都道府県コード": 9, "市区町村コード": 206, "所在地": "栃木県日光市鬼怒川温泉大原１３９６ー１１", "緯度": 36.824574, "経度": 139.716674, "url": "https://www.iryou.teikyouseido.mhlw.go.jp/znk-web/juminkanja/S2430/initialize?prefCd=09&kikanCd=6092001121&kikanKbn=5", "url2": "https://www.mt-pharma.info/", "内容": "フタバ快生堂薬局【5:薬局】栃木県日光市鬼怒川温泉大原１３９６ー１１" }, "geometry": { "type": "Point", "coordinates": [ 139.716674, 36.824574 ] } },
{ "type": "Feature", "properties": { "ID": 956092001125.0, "正式名称": "ともえ町薬局", "機関区分": 5, "都道府県コード": 9, "市区町村コード": 202, "所在地": "栃木県足利市巴町２５４１", "緯度": 36.337573, "経度": 139.446249, "url": "https://www.iryou.teikyouseido.mhlw.go.jp/znk-web/juminkanja/S2430/initialize?prefCd=09&kikanCd=6092001125&kikanKbn=5", "url2": "http://www.tomoetyo-pharm.com/", "内容": "ともえ町薬局【5:薬局】栃木県足利市巴町２５４１" }, "geometry": { "type": "Point", "coordinates": [ 139.446249, 36.337573 ] } },
{ "type": "Feature", "properties": { "ID": 956092001128.0, "正式名称": "花・花薬局茂木店", "機関区分": 5, "都道府県コード": 9, "市区町村コード": 343, "所在地": "栃木県芳賀郡茂木町茂木１１７２－１", "緯度": 36.528931, "経度": 140.170632, "url": "https://www.iryou.teikyouseido.mhlw.go.jp/znk-web/juminkanja/S2430/initialize?prefCd=09&kikanCd=6092001128&kikanKbn=5", "url2": "http://e-ff.jp/", "内容": "花・花薬局茂木店【5:薬局】栃木県芳賀郡茂木町茂木１１７２－１" }, "geometry": { "type": "Point", "coordinates": [ 140.170632, 36.528931 ] } },
{ "type": "Feature", "properties": { "ID": 956092001132.0, "正式名称": "ハート薬局", "機関区分": 5, "都道府県コード": 9, "市区町村コード": 201, "所在地": "栃木県宇都宮市下砥上町４００ー３", "緯度": 36.531414, "経度": 139.849032, "url": "https://www.iryou.teikyouseido.mhlw.go.jp/znk-web/juminkanja/S2430/initialize?prefCd=09&kikanCd=6092001132&kikanKbn=5", "url2": null, "内容": "ハート薬局【5:薬局】栃木県宇都宮市下砥上町４００ー３" }, "geometry": { "type": "Point", "coordinates": [ 139.849032, 36.531414 ] } },
{ "type": "Feature", "properties": { "ID": 956092001135.0, "正式名称": "メルシー薬局", "機関区分": 5, "都道府県コード": 9, "市区町村コード": 386, "所在地": "栃木県塩谷郡高根沢町大谷３３０－４", "緯度": 36.655642, "経度": 139.988618, "url": "https://www.iryou.teikyouseido.mhlw.go.jp/znk-web/juminkanja/S2430/initialize?prefCd=09&kikanCd=6092001135&kikanKbn=5", "url2": "https://www.merci-kusuri.com", "内容": "メルシー薬局【5:薬局】栃木県塩谷郡高根沢町大谷３３０－４" }, "geometry": { "type": "Point", "coordinates": [ 139.988618, 36.655642 ] } },
{ "type": "Feature", "properties": { "ID": 956092001138.0, "正式名称": "花・花薬局　多田店", "機関区分": 5, "都道府県コード": 9, "市区町村コード": 204, "所在地": "栃木県佐野市多田町５５５－２", "緯度": 36.378231, "経度": 139.600428, "url": "https://www.iryou.teikyouseido.mhlw.go.jp/znk-web/juminkanja/S2430/initialize?prefCd=09&kikanCd=6092001138&kikanKbn=5", "url2": "http://www.e-ff.jp", "内容": "花・花薬局　多田店【5:薬局】栃木県佐野市多田町５５５－２" }, "geometry": { "type": "Point", "coordinates": [ 139.600428, 36.378231 ] } },
{ "type": "Feature", "properties": { "ID": 956092001143.0, "正式名称": "うさぎ薬局", "機関区分": 5, "都道府県コード": 9, "市区町村コード": 201, "所在地": "栃木県宇都宮市下平出町６１４－７", "緯度": 36.55939, "経度": 139.948428, "url": "https://www.iryou.teikyouseido.mhlw.go.jp/znk-web/juminkanja/S2430/initialize?prefCd=09&kikanCd=6092001143&kikanKbn=5", "url2": "https://e-bond.info/withs/", "内容": "うさぎ薬局【5:薬局】栃木県宇都宮市下平出町６１４－７" }, "geometry": { "type": "Point", "coordinates": [ 139.948428, 36.55939 ] } },
{ "type": "Feature", "properties": { "ID": 956092001144.0, "正式名称": "とちぎ薬局宝木南店", "機関区分": 5, "都道府県コード": 9, "市区町村コード": 201, "所在地": "栃木県宇都宮市宝木町１－２５８８－６９", "緯度": 36.580656, "経度": 139.859213, "url": "https://www.iryou.teikyouseido.mhlw.go.jp/znk-web/juminkanja/S2430/initialize?prefCd=09&kikanCd=6092001144&kikanKbn=5", "url2": "https://jp-group.co.jp/store/86/", "内容": "とちぎ薬局宝木南店【5:薬局】栃木県宇都宮市宝木町１－２５８８－６９" }, "geometry": { "type": "Point", "coordinates": [ 139.859213, 36.580656 ] } },
{ "type": "Feature", "properties": { "ID": 956092001148.0, "正式名称": "ピノキオ薬局黒磯店", "機関区分": 5, "都道府県コード": 9, "市区町村コード": 213, "所在地": "栃木県那須塩原市錦町４－１８", "緯度": 36.967031, "経度": 140.053449, "url": "https://www.iryou.teikyouseido.mhlw.go.jp/znk-web/juminkanja/S2430/initialize?prefCd=09&kikanCd=6092001148&kikanKbn=5", "url2": "http://pinokio-pharmacy.com/", "内容": "ピノキオ薬局黒磯店【5:薬局】栃木県那須塩原市錦町４－１８" }, "geometry": { "type": "Point", "coordinates": [ 140.053449, 36.967031 ] } },
{ "type": "Feature", "properties": { "ID": 956092001149.0, "正式名称": "メープル薬局　市貝店", "機関区分": 5, "都道府県コード": 9, "市区町村コード": 344, "所在地": "栃木県芳賀郡市貝町市塙１６７２－４", "緯度": 36.538498, "経度": 140.108204, "url": "https://www.iryou.teikyouseido.mhlw.go.jp/znk-web/juminkanja/S2430/initialize?prefCd=09&kikanCd=6092001149&kikanKbn=5", "url2": "https://www.ichiyama-ph.com/", "内容": "メープル薬局　市貝店【5:薬局】栃木県芳賀郡市貝町市塙１６７２－４" }, "geometry": { "type": "Point", "coordinates": [ 140.108204, 36.538498 ] } },
{ "type": "Feature", "properties": { "ID": 956092001150.0, "正式名称": "さくら堂漢方薬局", "機関区分": 5, "都道府県コード": 9, "市区町村コード": 201, "所在地": "栃木県宇都宮市雀の宮６－３－１６", "緯度": 36.490447, "経度": 139.871993, "url": "https://www.iryou.teikyouseido.mhlw.go.jp/znk-web/juminkanja/S2430/initialize?prefCd=09&kikanCd=6092001150&kikanKbn=5", "url2": "https://www.sakurado-kp.jp", "内容": "さくら堂漢方薬局【5:薬局】栃木県宇都宮市雀の宮６－３－１６" }, "geometry": { "type": "Point", "coordinates": [ 139.871993, 36.490447 ] } },
{ "type": "Feature", "properties": { "ID": 956092001152.0, "正式名称": "さつき薬局", "機関区分": 5, "都道府県コード": 9, "市区町村コード": 201, "所在地": "栃木県宇都宮市上野町７００１－１４", "緯度": 36.595201, "経度": 139.936683, "url": "https://www.iryou.teikyouseido.mhlw.go.jp/znk-web/juminkanja/S2430/initialize?prefCd=09&kikanCd=6092001152&kikanKbn=5", "url2": "https://phasimo.com", "内容": "さつき薬局【5:薬局】栃木県宇都宮市上野町７００１－１４" }, "geometry": { "type": "Point", "coordinates": [ 139.936683, 36.595201 ] } },
{ "type": "Feature", "properties": { "ID": 956092001163.0, "正式名称": "カケル薬局", "機関区分": 5, "都道府県コード": 9, "市区町村コード": 201, "所在地": "栃木県宇都宮市西原町", "緯度": 36.530154, "経度": 139.880277, "url": "https://www.iryou.teikyouseido.mhlw.go.jp/znk-web/juminkanja/S2430/initialize?prefCd=09&kikanCd=6092001163&kikanKbn=5", "url2": null, "内容": "カケル薬局【5:薬局】栃木県宇都宮市西原町" }, "geometry": { "type": "Point", "coordinates": [ 139.880277, 36.530154 ] } },
{ "type": "Feature", "properties": { "ID": 956092001164.0, "正式名称": "にじいろ薬局", "機関区分": 5, "都道府県コード": 9, "市区町村コード": 201, "所在地": "栃木県宇都宮市鶴田２丁目３８番３６号", "緯度": 36.561638, "経度": 139.851042, "url": "https://www.iryou.teikyouseido.mhlw.go.jp/znk-web/juminkanja/S2430/initialize?prefCd=09&kikanCd=6092001164&kikanKbn=5", "url2": null, "内容": "にじいろ薬局【5:薬局】栃木県宇都宮市鶴田２丁目３８番３６号" }, "geometry": { "type": "Point", "coordinates": [ 139.851042, 36.561638 ] } },
{ "type": "Feature", "properties": { "ID": 956092001165.0, "正式名称": "アクア薬局", "機関区分": 5, "都道府県コード": 9, "市区町村コード": 201, "所在地": "栃木県宇都宮市大寛１－１－６　１階", "緯度": 36.560635, "経度": 139.874607, "url": "https://www.iryou.teikyouseido.mhlw.go.jp/znk-web/juminkanja/S2430/initialize?prefCd=09&kikanCd=6092001165&kikanKbn=5", "url2": "https://owl-pharma.com/", "内容": "アクア薬局【5:薬局】栃木県宇都宮市大寛１－１－６　１階" }, "geometry": { "type": "Point", "coordinates": [ 139.874607, 36.560635 ] } },
{ "type": "Feature", "properties": { "ID": 956092001167.0, "正式名称": "共創未来　黒磯薬局", "機関区分": 5, "都道府県コード": 9, "市区町村コード": 213, "所在地": "栃木県那須塩原市若葉町６６丁目１２０番", "緯度": 36.971677, "経度": 140.046599, "url": "https://www.iryou.teikyouseido.mhlw.go.jp/znk-web/juminkanja/S2430/initialize?prefCd=09&kikanCd=6092001167&kikanKbn=5", "url2": null, "内容": "共創未来　黒磯薬局【5:薬局】栃木県那須塩原市若葉町６６丁目１２０番" }, "geometry": { "type": "Point", "coordinates": [ 140.046599, 36.971677 ] } },
{ "type": "Feature", "properties": { "ID": 956092001170.0, "正式名称": "とちの木薬局　清原台店", "機関区分": 5, "都道府県コード": 9, "市区町村コード": 201, "所在地": "栃木県宇都宮市清原台３－３－７", "緯度": 36.560027, "経度": 139.990007, "url": "https://www.iryou.teikyouseido.mhlw.go.jp/znk-web/juminkanja/S2430/initialize?prefCd=09&kikanCd=6092001170&kikanKbn=5", "url2": "http://tochinoki3.meron-net.jp/", "内容": "とちの木薬局　清原台店【5:薬局】栃木県宇都宮市清原台３－３－７" }, "geometry": { "type": "Point", "coordinates": [ 139.990007, 36.560027 ] } },
{ "type": "Feature", "properties": { "ID": 956092001172.0, "正式名称": "ハート薬局陽東店", "機関区分": 5, "都道府県コード": 9, "市区町村コード": 201, "所在地": "栃木県宇都宮市陽東７－２－４", "緯度": 36.54899, "経度": 139.928061, "url": "https://www.iryou.teikyouseido.mhlw.go.jp/znk-web/juminkanja/S2430/initialize?prefCd=09&kikanCd=6092001172&kikanKbn=5", "url2": null, "内容": "ハート薬局陽東店【5:薬局】栃木県宇都宮市陽東７－２－４" }, "geometry": { "type": "Point", "coordinates": [ 139.928061, 36.54899 ] } },
{ "type": "Feature", "properties": { "ID": 956092001173.0, "正式名称": "とちぎ薬局岩曽店", "機関区分": 5, "都道府県コード": 9, "市区町村コード": 201, "所在地": "栃木県宇都宮市岩曽町", "緯度": 36.590979, "経度": 139.894179, "url": "https://www.iryou.teikyouseido.mhlw.go.jp/znk-web/juminkanja/S2430/initialize?prefCd=09&kikanCd=6092001173&kikanKbn=5", "url2": "http://jp-g.net/publics/index/79/", "内容": "とちぎ薬局岩曽店【5:薬局】栃木県宇都宮市岩曽町" }, "geometry": { "type": "Point", "coordinates": [ 139.894179, 36.590979 ] } },
{ "type": "Feature", "properties": { "ID": 956092001175.0, "正式名称": "カワチ薬局　鹿沼南店", "機関区分": 5, "都道府県コード": 9, "市区町村コード": 205, "所在地": "栃木県鹿沼市西茂呂４－４－１", "緯度": 36.551019, "経度": 139.765927, "url": "https://www.iryou.teikyouseido.mhlw.go.jp/znk-web/juminkanja/S2430/initialize?prefCd=09&kikanCd=6092001175&kikanKbn=5", "url2": "http://www.cawachi.co.jp", "内容": "カワチ薬局　鹿沼南店【5:薬局】栃木県鹿沼市西茂呂４－４－１" }, "geometry": { "type": "Point", "coordinates": [ 139.765927, 36.551019 ] } },
{ "type": "Feature", "properties": { "ID": 956092001176.0, "正式名称": "ウエルシア薬局　日光今市大沢店", "機関区分": 5, "都道府県コード": 9, "市区町村コード": 206, "所在地": "栃木県日光市木和田島１５６７ー４", "緯度": 36.691019, "経度": 139.744868, "url": "https://www.iryou.teikyouseido.mhlw.go.jp/znk-web/juminkanja/S2430/initialize?prefCd=09&kikanCd=6092001176&kikanKbn=5", "url2": "https://stores.welcia.co.jp/6204D", "内容": "ウエルシア薬局　日光今市大沢店【5:薬局】栃木県日光市木和田島１５６７ー４" }, "geometry": { "type": "Point", "coordinates": [ 139.744868, 36.691019 ] } },
{ "type": "Feature", "properties": { "ID": 956092001177.0, "正式名称": "ウエルシア薬局　日光今市店", "機関区分": 5, "都道府県コード": 9, "市区町村コード": 206, "所在地": "栃木県日光市芹沼１４６１－２", "緯度": 36.74229, "経度": 139.710909, "url": "https://www.iryou.teikyouseido.mhlw.go.jp/znk-web/juminkanja/S2430/initialize?prefCd=09&kikanCd=6092001177&kikanKbn=5", "url2": "https://store.welcia.co.jp/welcia/spot/detail?code=6173D", "内容": "ウエルシア薬局　日光今市店【5:薬局】栃木県日光市芹沼１４６１－２" }, "geometry": { "type": "Point", "coordinates": [ 139.710909, 36.74229 ] } },
{ "type": "Feature", "properties": { "ID": 956092001178.0, "正式名称": "調剤薬局ツルハドラッグ宇都宮野沢店", "機関区分": 5, "都道府県コード": 9, "市区町村コード": 201, "所在地": "栃木県宇都宮市野沢町５３－１", "緯度": 36.606828, "経度": 139.857487, "url": "https://www.iryou.teikyouseido.mhlw.go.jp/znk-web/juminkanja/S2430/initialize?prefCd=09&kikanCd=6092001178&kikanKbn=5", "url2": "http://www.tsuruha.co.jp", "内容": "調剤薬局ツルハドラッグ宇都宮野沢店【5:薬局】栃木県宇都宮市野沢町５３－１" }, "geometry": { "type": "Point", "coordinates": [ 139.857487, 36.606828 ] } },
{ "type": "Feature", "properties": { "ID": 956092001181.0, "正式名称": "カワチ薬局　泉が丘店", "機関区分": 5, "都道府県コード": 9, "市区町村コード": 201, "所在地": "栃木県宇都宮市泉が丘６－１－４５", "緯度": 36.568402, "経度": 139.918286, "url": "https://www.iryou.teikyouseido.mhlw.go.jp/znk-web/juminkanja/S2430/initialize?prefCd=09&kikanCd=6092001181&kikanKbn=5", "url2": "https://www.cawachi.co.jp", "内容": "カワチ薬局　泉が丘店【5:薬局】栃木県宇都宮市泉が丘６－１－４５" }, "geometry": { "type": "Point", "coordinates": [ 139.918286, 36.568402 ] } },
{ "type": "Feature", "properties": { "ID": 956092001182.0, "正式名称": "花・花薬局亀井店", "機関区分": 5, "都道府県コード": 9, "市区町村コード": 204, "所在地": "栃木県佐野市亀井町２６０７－１", "緯度": 36.312085, "経度": 139.57783, "url": "https://www.iryou.teikyouseido.mhlw.go.jp/znk-web/juminkanja/S2430/initialize?prefCd=09&kikanCd=6092001182&kikanKbn=5", "url2": "http://e-ff.jp/", "内容": "花・花薬局亀井店【5:薬局】栃木県佐野市亀井町２６０７－１" }, "geometry": { "type": "Point", "coordinates": [ 139.57783, 36.312085 ] } },
{ "type": "Feature", "properties": { "ID": 956092001183.0, "正式名称": "イオン薬局佐野新都市店", "機関区分": 5, "都道府県コード": 9, "市区町村コード": 204, "所在地": "栃木県佐野市高萩町１３２４－１イオン佐野新都市店１階", "緯度": 36.299735, "経度": 139.606547, "url": "https://www.iryou.teikyouseido.mhlw.go.jp/znk-web/juminkanja/S2430/initialize?prefCd=09&kikanCd=6092001183&kikanKbn=5", "url2": null, "内容": "イオン薬局佐野新都市店【5:薬局】栃木県佐野市高萩町１３２４－１イオン佐野新都市店１階" }, "geometry": { "type": "Point", "coordinates": [ 139.606547, 36.299735 ] } },
{ "type": "Feature", "properties": { "ID": 956092001184.0, "正式名称": "とちぎ薬局岡本店", "機関区分": 5, "都道府県コード": 9, "市区町村コード": 201, "所在地": "栃木県宇都宮市中岡本町２８２３番地４３", "緯度": 36.611671, "経度": 139.943218, "url": "https://www.iryou.teikyouseido.mhlw.go.jp/znk-web/juminkanja/S2430/initialize?prefCd=09&kikanCd=6092001184&kikanKbn=5", "url2": "http://www.jp-group.co.jp/", "内容": "とちぎ薬局岡本店【5:薬局】栃木県宇都宮市中岡本町２８２３番地４３" }, "geometry": { "type": "Point", "coordinates": [ 139.943218, 36.611671 ] } },
{ "type": "Feature", "properties": { "ID": 956092001190.0, "正式名称": "はやぶさ薬局", "機関区分": 5, "都道府県コード": 9, "市区町村コード": 202, "所在地": "栃木県足利市堀込町１６５９－２", "緯度": 36.30966, "経度": 139.435022, "url": "https://www.iryou.teikyouseido.mhlw.go.jp/znk-web/juminkanja/S2430/initialize?prefCd=09&kikanCd=6092001190&kikanKbn=5", "url2": "http://www.medi-falcon.jp/", "内容": "はやぶさ薬局【5:薬局】栃木県足利市堀込町１６５９－２" }, "geometry": { "type": "Point", "coordinates": [ 139.435022, 36.30966 ] } },
{ "type": "Feature", "properties": { "ID": 956092001193.0, "正式名称": "アイン薬局　岡本店", "機関区分": 5, "都道府県コード": 9, "市区町村コード": 201, "所在地": "栃木県宇都宮市中岡本町３７１０番地８０", "緯度": 36.605525, "経度": 139.935035, "url": "https://www.iryou.teikyouseido.mhlw.go.jp/znk-web/juminkanja/S2430/initialize?prefCd=09&kikanCd=6092001193&kikanKbn=5", "url2": "http://www.ainj.co.jp/", "内容": "アイン薬局　岡本店【5:薬局】栃木県宇都宮市中岡本町３７１０番地８０" }, "geometry": { "type": "Point", "coordinates": [ 139.935035, 36.605525 ] } },
{ "type": "Feature", "properties": { "ID": 956092001195.0, "正式名称": "中央薬局黒磯店", "機関区分": 5, "都道府県コード": 9, "市区町村コード": 213, "所在地": "栃木県那須塩原市宮町１－１０", "緯度": 36.972561, "経度": 140.061695, "url": "https://www.iryou.teikyouseido.mhlw.go.jp/znk-web/juminkanja/S2430/initialize?prefCd=09&kikanCd=6092001195&kikanKbn=5", "url2": "http://www.power-p.co.jp", "内容": "中央薬局黒磯店【5:薬局】栃木県那須塩原市宮町１－１０" }, "geometry": { "type": "Point", "coordinates": [ 140.061695, 36.972561 ] } },
{ "type": "Feature", "properties": { "ID": 956092001197.0, "正式名称": "さつき薬局　磯町店", "機関区分": 5, "都道府県コード": 9, "市区町村コード": 205, "所在地": "栃木県鹿沼市磯町３－１２", "緯度": 36.501363, "経度": 139.752319, "url": "https://www.iryou.teikyouseido.mhlw.go.jp/znk-web/juminkanja/S2430/initialize?prefCd=09&kikanCd=6092001197&kikanKbn=5", "url2": "http://www.power-p.co.jp", "内容": "さつき薬局　磯町店【5:薬局】栃木県鹿沼市磯町３－１２" }, "geometry": { "type": "Point", "coordinates": [ 139.752319, 36.501363 ] } },
{ "type": "Feature", "properties": { "ID": 956092001204.0, "正式名称": "ウエルシア薬局真岡荒町店", "機関区分": 5, "都道府県コード": 9, "市区町村コード": 209, "所在地": "栃木県真岡市荒町３－４４－２", "緯度": 36.446209, "経度": 140.018507, "url": "https://www.iryou.teikyouseido.mhlw.go.jp/znk-web/juminkanja/S2430/initialize?prefCd=09&kikanCd=6092001204&kikanKbn=5", "url2": "http://www.welcia-yakkyoku.co.jp/", "内容": "ウエルシア薬局真岡荒町店【5:薬局】栃木県真岡市荒町３－４４－２" }, "geometry": { "type": "Point", "coordinates": [ 140.018507, 36.446209 ] } },
{ "type": "Feature", "properties": { "ID": 956092001205.0, "正式名称": "ウエルシア薬局　佐野植上店", "機関区分": 5, "都道府県コード": 9, "市区町村コード": 204, "所在地": "栃木県佐野市植上町１７８６－２", "緯度": 36.301598, "経度": 139.579144, "url": "https://www.iryou.teikyouseido.mhlw.go.jp/znk-web/juminkanja/S2430/initialize?prefCd=09&kikanCd=6092001205&kikanKbn=5", "url2": "https://store.welcia.co.jp/welcia/spot/detail?code=1263D", "内容": "ウエルシア薬局　佐野植上店【5:薬局】栃木県佐野市植上町１７８６－２" }, "geometry": { "type": "Point", "coordinates": [ 139.579144, 36.301598 ] } },
{ "type": "Feature", "properties": { "ID": 956092001206.0, "正式名称": "カワチ薬局　佐野西店", "機関区分": 5, "都道府県コード": 9, "市区町村コード": 204, "所在地": "栃木県佐野市堀米町１７２８－１", "緯度": 36.325226, "経度": 139.571458, "url": "https://www.iryou.teikyouseido.mhlw.go.jp/znk-web/juminkanja/S2430/initialize?prefCd=09&kikanCd=6092001206&kikanKbn=5", "url2": "http://www.cawachi.co.jp", "内容": "カワチ薬局　佐野西店【5:薬局】栃木県佐野市堀米町１７２８－１" }, "geometry": { "type": "Point", "coordinates": [ 139.571458, 36.325226 ] } },
{ "type": "Feature", "properties": { "ID": 956092001208.0, "正式名称": "ピノキオ薬局たかせ店", "機関区分": 5, "都道府県コード": 9, "市区町村コード": 210, "所在地": "栃木県大田原市新富町２丁目１－２１－４", "緯度": 36.865608, "経度": 140.025943, "url": "https://www.iryou.teikyouseido.mhlw.go.jp/znk-web/juminkanja/S2430/initialize?prefCd=09&kikanCd=6092001208&kikanKbn=5", "url2": "http://www.pinokio-pharmacy.com", "内容": "ピノキオ薬局たかせ店【5:薬局】栃木県大田原市新富町２丁目１－２１－４" }, "geometry": { "type": "Point", "coordinates": [ 140.025943, 36.865608 ] } },
{ "type": "Feature", "properties": { "ID": 956092001209.0, "正式名称": "だるま薬局矢板店", "機関区分": 5, "都道府県コード": 9, "市区町村コード": 211, "所在地": "栃木県矢板市乙畑１４２３－１３", "緯度": 36.749458, "経度": 139.949712, "url": "https://www.iryou.teikyouseido.mhlw.go.jp/znk-web/juminkanja/S2430/initialize?prefCd=09&kikanCd=6092001209&kikanKbn=5", "url2": null, "内容": "だるま薬局矢板店【5:薬局】栃木県矢板市乙畑１４２３－１３" }, "geometry": { "type": "Point", "coordinates": [ 139.949712, 36.749458 ] } },
{ "type": "Feature", "properties": { "ID": 956092001210.0, "正式名称": "とちぎ薬局大沢店", "機関区分": 5, "都道府県コード": 9, "市区町村コード": 206, "所在地": "栃木県日光市板橋１７０－２", "緯度": 36.683583, "経度": 139.733803, "url": "https://www.iryou.teikyouseido.mhlw.go.jp/znk-web/juminkanja/S2430/initialize?prefCd=09&kikanCd=6092001210&kikanKbn=5", "url2": "http://www.jp-group.co.jp", "内容": "とちぎ薬局大沢店【5:薬局】栃木県日光市板橋１７０－２" }, "geometry": { "type": "Point", "coordinates": [ 139.733803, 36.683583 ] } },
{ "type": "Feature", "properties": { "ID": 956092001214.0, "正式名称": "みどり調剤薬局", "機関区分": 5, "都道府県コード": 9, "市区町村コード": 201, "所在地": "栃木県宇都宮市御幸ケ原町７５－３", "緯度": 36.591744, "経度": 139.923975, "url": "https://www.iryou.teikyouseido.mhlw.go.jp/znk-web/juminkanja/S2430/initialize?prefCd=09&kikanCd=6092001214&kikanKbn=5", "url2": "http://pinokio-pharmacy.com/", "内容": "みどり調剤薬局【5:薬局】栃木県宇都宮市御幸ケ原町７５－３" }, "geometry": { "type": "Point", "coordinates": [ 139.923975, 36.591744 ] } },
{ "type": "Feature", "properties": { "ID": 956092001216.0, "正式名称": "スミレ薬局", "機関区分": 5, "都道府県コード": 9, "市区町村コード": 202, "所在地": "栃木県足利市鵤木町６－１", "緯度": 36.316436, "経度": 139.498089, "url": "https://www.iryou.teikyouseido.mhlw.go.jp/znk-web/juminkanja/S2430/initialize?prefCd=09&kikanCd=6092001216&kikanKbn=5", "url2": "http://www.mc-kanto.co.jp/herb-ph/index.html", "内容": "スミレ薬局【5:薬局】栃木県足利市鵤木町６－１" }, "geometry": { "type": "Point", "coordinates": [ 139.498089, 36.316436 ] } },
{ "type": "Feature", "properties": { "ID": 956092001218.0, "正式名称": "ふたば薬局しもつが", "機関区分": 5, "都道府県コード": 9, "市区町村コード": 203, "所在地": "栃木県栃木市大平町牛久４５３－１", "緯度": 36.36548, "経度": 139.728998, "url": "https://www.iryou.teikyouseido.mhlw.go.jp/znk-web/juminkanja/S2430/initialize?prefCd=09&kikanCd=6092001218&kikanKbn=5", "url2": "http://www.jp-g.net/publics/index/82/", "内容": "ふたば薬局しもつが【5:薬局】栃木県栃木市大平町牛久４５３－１" }, "geometry": { "type": "Point", "coordinates": [ 139.728998, 36.36548 ] } },
{ "type": "Feature", "properties": { "ID": 956092001221.0, "正式名称": "ユニスマイル薬局　那須塩原店", "機関区分": 5, "都道府県コード": 9, "市区町村コード": 213, "所在地": "栃木県那須塩原市方京１－６－１", "緯度": 36.933403, "経度": 140.016894, "url": "https://www.iryou.teikyouseido.mhlw.go.jp/znk-web/juminkanja/S2430/initialize?prefCd=09&kikanCd=6092001221&kikanKbn=5", "url2": "https://unismile.co.jp/", "内容": "ユニスマイル薬局　那須塩原店【5:薬局】栃木県那須塩原市方京１－６－１" }, "geometry": { "type": "Point", "coordinates": [ 140.016894, 36.933403 ] } },
{ "type": "Feature", "properties": { "ID": 956092001222.0, "正式名称": "日本調剤足利日赤前薬局", "機関区分": 5, "都道府県コード": 9, "市区町村コード": 202, "所在地": "栃木県足利市五十部町２８４―１３", "緯度": 36.340051, "経度": 139.423099, "url": "https://www.iryou.teikyouseido.mhlw.go.jp/znk-web/juminkanja/S2430/initialize?prefCd=09&kikanCd=6092001222&kikanKbn=5", "url2": "https://www.nicho.co.jp/tenpo/asikaganisseki/", "内容": "日本調剤足利日赤前薬局【5:薬局】栃木県足利市五十部町２８４―１３" }, "geometry": { "type": "Point", "coordinates": [ 139.423099, 36.340051 ] } },
{ "type": "Feature", "properties": { "ID": 956092001224.0, "正式名称": "アポロ薬局", "機関区分": 5, "都道府県コード": 9, "市区町村コード": 202, "所在地": "栃木県足利市南大町４５１－１", "緯度": 36.323369, "経度": 139.420494, "url": "https://www.iryou.teikyouseido.mhlw.go.jp/znk-web/juminkanja/S2430/initialize?prefCd=09&kikanCd=6092001224&kikanKbn=5", "url2": "http://www.medi-cure.co.jp", "内容": "アポロ薬局【5:薬局】栃木県足利市南大町４５１－１" }, "geometry": { "type": "Point", "coordinates": [ 139.420494, 36.323369 ] } },
{ "type": "Feature", "properties": { "ID": 956092001226.0, "正式名称": "メープル薬局寺久保店", "機関区分": 5, "都道府県コード": 9, "市区町村コード": 209, "所在地": "栃木県真岡市寺久保１ー２ー１", "緯度": 36.449323, "経度": 140.002711, "url": "https://www.iryou.teikyouseido.mhlw.go.jp/znk-web/juminkanja/S2430/initialize?prefCd=09&kikanCd=6092001226&kikanKbn=5", "url2": "https://www.ichiyama-ph.com/", "内容": "メープル薬局寺久保店【5:薬局】栃木県真岡市寺久保１ー２ー１" }, "geometry": { "type": "Point", "coordinates": [ 140.002711, 36.449323 ] } },
{ "type": "Feature", "properties": { "ID": 956092001230.0, "正式名称": "プライム薬局　すずめの宮店", "機関区分": 5, "都道府県コード": 9, "市区町村コード": 201, "所在地": "栃木県宇都宮市雀の宮６－５－５", "緯度": 36.492105, "経度": 139.868111, "url": "https://www.iryou.teikyouseido.mhlw.go.jp/znk-web/juminkanja/S2430/initialize?prefCd=09&kikanCd=6092001230&kikanKbn=5", "url2": "http://www.prime-ph.co.jp/", "内容": "プライム薬局　すずめの宮店【5:薬局】栃木県宇都宮市雀の宮６－５－５" }, "geometry": { "type": "Point", "coordinates": [ 139.868111, 36.492105 ] } },
{ "type": "Feature", "properties": { "ID": 956092001231.0, "正式名称": "花・花薬局堀米南店", "機関区分": 5, "都道府県コード": 9, "市区町村コード": 204, "所在地": "栃木県佐野市堀米町１６６１－１", "緯度": 36.32369, "経度": 139.572932, "url": "https://www.iryou.teikyouseido.mhlw.go.jp/znk-web/juminkanja/S2430/initialize?prefCd=09&kikanCd=6092001231&kikanKbn=5", "url2": null, "内容": "花・花薬局堀米南店【5:薬局】栃木県佐野市堀米町１６６１－１" }, "geometry": { "type": "Point", "coordinates": [ 139.572932, 36.32369 ] } },
{ "type": "Feature", "properties": { "ID": 956092001232.0, "正式名称": "とちのき薬局　竹林南店", "機関区分": 5, "都道府県コード": 9, "市区町村コード": 201, "所在地": "栃木県宇都宮市竹林町９８０－１", "緯度": 36.57595, "経度": 139.895538, "url": "https://www.iryou.teikyouseido.mhlw.go.jp/znk-web/juminkanja/S2430/initialize?prefCd=09&kikanCd=6092001232&kikanKbn=5", "url2": "http://www.pharm.co.jp/", "内容": "とちのき薬局　竹林南店【5:薬局】栃木県宇都宮市竹林町９８０－１" }, "geometry": { "type": "Point", "coordinates": [ 139.895538, 36.57595 ] } },
{ "type": "Feature", "properties": { "ID": 956092001233.0, "正式名称": "共創未来　那須塩原薬局", "機関区分": 5, "都道府県コード": 9, "市区町村コード": 213, "所在地": "栃木県那須塩原市大原間西１ー６ー６", "緯度": 36.931772, "経度": 140.017813, "url": "https://www.iryou.teikyouseido.mhlw.go.jp/znk-web/juminkanja/S2430/initialize?prefCd=09&kikanCd=6092001233&kikanKbn=5", "url2": "https://www.phmirai.co.jp/shops/detail.php?id=412", "内容": "共創未来　那須塩原薬局【5:薬局】栃木県那須塩原市大原間西１ー６ー６" }, "geometry": { "type": "Point", "coordinates": [ 140.017813, 36.931772 ] } },
{ "type": "Feature", "properties": { "ID": 956092001234.0, "正式名称": "アイセイ薬局　野木店", "機関区分": 5, "都道府県コード": 9, "市区町村コード": 364, "所在地": "栃木県下都賀郡野木町野渡２４３－２", "緯度": 36.207304, "経度": 139.708362, "url": "https://www.iryou.teikyouseido.mhlw.go.jp/znk-web/juminkanja/S2430/initialize?prefCd=09&kikanCd=6092001234&kikanKbn=5", "url2": "http://www.aisei.co.jp", "内容": "アイセイ薬局　野木店【5:薬局】栃木県下都賀郡野木町野渡２４３－２" }, "geometry": { "type": "Point", "coordinates": [ 139.708362, 36.207304 ] } },
{ "type": "Feature", "properties": { "ID": 956092001235.0, "正式名称": "エール薬局", "機関区分": 5, "都道府県コード": 9, "市区町村コード": 201, "所在地": "栃木県宇都宮市中岡本町３４１０番１２", "緯度": 36.612727, "経度": 139.937343, "url": "https://www.iryou.teikyouseido.mhlw.go.jp/znk-web/juminkanja/S2430/initialize?prefCd=09&kikanCd=6092001235&kikanKbn=5", "url2": "http://www.m-medical.co.jp/pharmacy/yell.html", "内容": "エール薬局【5:薬局】栃木県宇都宮市中岡本町３４１０番１２" }, "geometry": { "type": "Point", "coordinates": [ 139.937343, 36.612727 ] } },
{ "type": "Feature", "properties": { "ID": 956092001236.0, "正式名称": "調剤薬局ツルハドラッグ宇都宮平松本町店", "機関区分": 5, "都道府県コード": 9, "市区町村コード": 201, "所在地": "栃木県宇都宮市平松本町１１３９－１", "緯度": 36.542745, "経度": 139.903825, "url": "https://www.iryou.teikyouseido.mhlw.go.jp/znk-web/juminkanja/S2430/initialize?prefCd=09&kikanCd=6092001236&kikanKbn=5", "url2": "https://shop.tsuruha-g.com/1385c", "内容": "調剤薬局ツルハドラッグ宇都宮平松本町店【5:薬局】栃木県宇都宮市平松本町１１３９－１" }, "geometry": { "type": "Point", "coordinates": [ 139.903825, 36.542745 ] } },
{ "type": "Feature", "properties": { "ID": 956092001237.0, "正式名称": "ウエルシア薬局　大田原本町店", "機関区分": 5, "都道府県コード": 9, "市区町村コード": 210, "所在地": "栃木県大田原市本町１丁目２７０５番８８", "緯度": 36.872484, "経度": 140.011758, "url": "https://www.iryou.teikyouseido.mhlw.go.jp/znk-web/juminkanja/S2430/initialize?prefCd=09&kikanCd=6092001237&kikanKbn=5", "url2": "https://store.welcia.co.jp/welcia/spot/detail?code=5105D", "内容": "ウエルシア薬局　大田原本町店【5:薬局】栃木県大田原市本町１丁目２７０５番８８" }, "geometry": { "type": "Point", "coordinates": [ 140.011758, 36.872484 ] } },
{ "type": "Feature", "properties": { "ID": 956092001240.0, "正式名称": "ウエルシア薬局　宇都宮戸祭元町店", "機関区分": 5, "都道府県コード": 9, "市区町村コード": 201, "所在地": "栃木県宇都宮市戸祭元町１０－３１", "緯度": 36.569617, "経度": 139.879656, "url": "https://www.iryou.teikyouseido.mhlw.go.jp/znk-web/juminkanja/S2430/initialize?prefCd=09&kikanCd=6092001240&kikanKbn=5", "url2": null, "内容": "ウエルシア薬局　宇都宮戸祭元町店【5:薬局】栃木県宇都宮市戸祭元町１０－３１" }, "geometry": { "type": "Point", "coordinates": [ 139.879656, 36.569617 ] } },
{ "type": "Feature", "properties": { "ID": 956092001244.0, "正式名称": "カワチ薬局　真岡西店", "機関区分": 5, "都道府県コード": 9, "市区町村コード": 209, "所在地": "栃木県真岡市上高間木３－２－１", "緯度": 36.440043, "経度": 139.987246, "url": "https://www.iryou.teikyouseido.mhlw.go.jp/znk-web/juminkanja/S2430/initialize?prefCd=09&kikanCd=6092001244&kikanKbn=5", "url2": "http://www.cawachi.co.jp", "内容": "カワチ薬局　真岡西店【5:薬局】栃木県真岡市上高間木３－２－１" }, "geometry": { "type": "Point", "coordinates": [ 139.987246, 36.440043 ] } },
{ "type": "Feature", "properties": { "ID": 956092001245.0, "正式名称": "みどり薬局", "機関区分": 5, "都道府県コード": 9, "市区町村コード": 201, "所在地": "栃木県宇都宮市西刑部町", "緯度": 36.510035, "経度": 139.923994, "url": "https://www.iryou.teikyouseido.mhlw.go.jp/znk-web/juminkanja/S2430/initialize?prefCd=09&kikanCd=6092001245&kikanKbn=5", "url2": null, "内容": "みどり薬局【5:薬局】栃木県宇都宮市西刑部町" }, "geometry": { "type": "Point", "coordinates": [ 139.923994, 36.510035 ] } },
{ "type": "Feature", "properties": { "ID": 956092001246.0, "正式名称": "ウイズ薬局", "機関区分": 5, "都道府県コード": 9, "市区町村コード": 202, "所在地": "栃木県足利市借宿町６０９－１４", "緯度": 36.32508, "経度": 139.426605, "url": "https://www.iryou.teikyouseido.mhlw.go.jp/znk-web/juminkanja/S2430/initialize?prefCd=09&kikanCd=6092001246&kikanKbn=5", "url2": "http://www.m-medical.co.jp/", "内容": "ウイズ薬局【5:薬局】栃木県足利市借宿町６０９－１４" }, "geometry": { "type": "Point", "coordinates": [ 139.426605, 36.32508 ] } },
{ "type": "Feature", "properties": { "ID": 956092001256.0, "正式名称": "日本調剤　佐野薬局", "機関区分": 5, "都道府県コード": 9, "市区町村コード": 204, "所在地": "栃木県佐野市堀米町１６６４", "緯度": 36.323963, "経度": 139.572309, "url": "https://www.iryou.teikyouseido.mhlw.go.jp/znk-web/juminkanja/S2430/initialize?prefCd=09&kikanCd=6092001256&kikanKbn=5", "url2": "https://www.nicho.co.jp/tenpo/sano/", "内容": "日本調剤　佐野薬局【5:薬局】栃木県佐野市堀米町１６６４" }, "geometry": { "type": "Point", "coordinates": [ 139.572309, 36.323963 ] } },
{ "type": "Feature", "properties": { "ID": 956092001257.0, "正式名称": "あきやま薬局", "機関区分": 5, "都道府県コード": 9, "市区町村コード": 204, "所在地": "栃木県佐野市堀米町３９６６－１", "緯度": 36.325265, "経度": 139.57559, "url": "https://www.iryou.teikyouseido.mhlw.go.jp/znk-web/juminkanja/S2430/initialize?prefCd=09&kikanCd=6092001257&kikanKbn=5", "url2": "http://www.forhuman-akiyama.co", "内容": "あきやま薬局【5:薬局】栃木県佐野市堀米町３９６６－１" }, "geometry": { "type": "Point", "coordinates": [ 139.57559, 36.325265 ] } },
{ "type": "Feature", "properties": { "ID": 956092001258.0, "正式名称": "かみや薬局", "機関区分": 5, "都道府県コード": 9, "市区町村コード": 204, "所在地": "栃木県佐野市堀米町１７２３―４", "緯度": 36.324148, "経度": 139.572768, "url": "https://www.iryou.teikyouseido.mhlw.go.jp/znk-web/juminkanja/S2430/initialize?prefCd=09&kikanCd=6092001258&kikanKbn=5", "url2": "http://kamiyapharmacy.co.jp/", "内容": "かみや薬局【5:薬局】栃木県佐野市堀米町１７２３―４" }, "geometry": { "type": "Point", "coordinates": [ 139.572768, 36.324148 ] } },
{ "type": "Feature", "properties": { "ID": 956092001260.0, "正式名称": "中央薬局　菊水店", "機関区分": 5, "都道府県コード": 9, "市区町村コード": 201, "所在地": "栃木県宇都宮市菊水町１３－８　メゾンハシモト１０３", "緯度": 36.546402, "経度": 139.870658, "url": "https://www.iryou.teikyouseido.mhlw.go.jp/znk-web/juminkanja/S2430/initialize?prefCd=09&kikanCd=6092001260&kikanKbn=5", "url2": null, "内容": "中央薬局　菊水店【5:薬局】栃木県宇都宮市菊水町１３－８　メゾンハシモト１０３" }, "geometry": { "type": "Point", "coordinates": [ 139.870658, 36.546402 ] } },
{ "type": "Feature", "properties": { "ID": 956092001263.0, "正式名称": "花・花薬局堀米北店", "機関区分": 5, "都道府県コード": 9, "市区町村コード": 204, "所在地": "栃木県佐野市堀米町３９７２－１２", "緯度": 36.326493, "経度": 139.573107, "url": "https://www.iryou.teikyouseido.mhlw.go.jp/znk-web/juminkanja/S2430/initialize?prefCd=09&kikanCd=6092001263&kikanKbn=5", "url2": "http://e-ff.jp/", "内容": "花・花薬局堀米北店【5:薬局】栃木県佐野市堀米町３９７２－１２" }, "geometry": { "type": "Point", "coordinates": [ 139.573107, 36.326493 ] } },
{ "type": "Feature", "properties": { "ID": 956092001265.0, "正式名称": "メープル薬局　下栗店", "機関区分": 5, "都道府県コード": 9, "市区町村コード": 201, "所在地": "栃木県宇都宮市下栗町２２８１番地７", "緯度": 36.528569, "経度": 139.918324, "url": "https://www.iryou.teikyouseido.mhlw.go.jp/znk-web/juminkanja/S2430/initialize?prefCd=09&kikanCd=6092001265&kikanKbn=5", "url2": "https://www.ichiyama-ph.com/", "内容": "メープル薬局　下栗店【5:薬局】栃木県宇都宮市下栗町２２８１番地７" }, "geometry": { "type": "Point", "coordinates": [ 139.918324, 36.528569 ] } },
{ "type": "Feature", "properties": { "ID": 956092001268.0, "正式名称": "鬼怒川調剤センター　たかとく薬局", "機関区分": 5, "都道府県コード": 9, "市区町村コード": 206, "所在地": "栃木県日光市高徳１４０６－４", "緯度": 36.784215, "経度": 139.706665, "url": "https://www.iryou.teikyouseido.mhlw.go.jp/znk-web/juminkanja/S2430/initialize?prefCd=09&kikanCd=6092001268&kikanKbn=5", "url2": "https://www.pharmarise.com/company/store/store.php?store_id=761", "内容": "鬼怒川調剤センター　たかとく薬局【5:薬局】栃木県日光市高徳１４０６－４" }, "geometry": { "type": "Point", "coordinates": [ 139.706665, 36.784215 ] } },
{ "type": "Feature", "properties": { "ID": 956092001269.0, "正式名称": "クスリのアオキ東町薬局", "機関区分": 5, "都道府県コード": 9, "市区町村コード": 205, "所在地": "栃木県鹿沼市東町２丁目２番４１号", "緯度": 36.565976, "経度": 139.773229, "url": "https://www.iryou.teikyouseido.mhlw.go.jp/znk-web/juminkanja/S2430/initialize?prefCd=09&kikanCd=6092001269&kikanKbn=5", "url2": "https://www.kusuri-aoki.co.jp/", "内容": "クスリのアオキ東町薬局【5:薬局】栃木県鹿沼市東町２丁目２番４１号" }, "geometry": { "type": "Point", "coordinates": [ 139.773229, 36.565976 ] } },
{ "type": "Feature", "properties": { "ID": 956092001276.0, "正式名称": "薬局花の雪", "機関区分": 5, "都道府県コード": 9, "市区町村コード": 202, "所在地": "栃木県足利市大前町４５８－１", "緯度": 36.352267, "経度": 139.398848, "url": "https://www.iryou.teikyouseido.mhlw.go.jp/znk-web/juminkanja/S2430/initialize?prefCd=09&kikanCd=6092001276&kikanKbn=5", "url2": "http://www.medicalmg.co.jp/", "内容": "薬局花の雪【5:薬局】栃木県足利市大前町４５８－１" }, "geometry": { "type": "Point", "coordinates": [ 139.398848, 36.352267 ] } },
{ "type": "Feature", "properties": { "ID": 956092001281.0, "正式名称": "パンジー薬局", "機関区分": 5, "都道府県コード": 9, "市区町村コード": 211, "所在地": "栃木県矢板市木幡１３２６－１０", "緯度": 36.794954, "経度": 139.937714, "url": "https://www.iryou.teikyouseido.mhlw.go.jp/znk-web/juminkanja/S2430/initialize?prefCd=09&kikanCd=6092001281&kikanKbn=5", "url2": null, "内容": "パンジー薬局【5:薬局】栃木県矢板市木幡１３２６－１０" }, "geometry": { "type": "Point", "coordinates": [ 139.937714, 36.794954 ] } },
{ "type": "Feature", "properties": { "ID": 956092001285.0, "正式名称": "石橋町薬局", "機関区分": 5, "都道府県コード": 9, "市区町村コード": 205, "所在地": "栃木県鹿沼市石橋町１６０２－３", "緯度": 36.562702, "経度": 139.746941, "url": "https://www.iryou.teikyouseido.mhlw.go.jp/znk-web/juminkanja/S2430/initialize?prefCd=09&kikanCd=6092001285&kikanKbn=5", "url2": null, "内容": "石橋町薬局【5:薬局】栃木県鹿沼市石橋町１６０２－３" }, "geometry": { "type": "Point", "coordinates": [ 139.746941, 36.562702 ] } },
{ "type": "Feature", "properties": { "ID": 956092001287.0, "正式名称": "カワチ薬局　針ヶ谷店", "機関区分": 5, "都道府県コード": 9, "市区町村コード": 201, "所在地": "栃木県宇都宮市針ケ谷町４７２－７", "緯度": 36.49195, "経度": 139.857444, "url": "https://www.iryou.teikyouseido.mhlw.go.jp/znk-web/juminkanja/S2430/initialize?prefCd=09&kikanCd=6092001287&kikanKbn=5", "url2": "https://www.cawachi.co.jp", "内容": "カワチ薬局　針ヶ谷店【5:薬局】栃木県宇都宮市針ケ谷町４７２－７" }, "geometry": { "type": "Point", "coordinates": [ 139.857444, 36.49195 ] } },
{ "type": "Feature", "properties": { "ID": 956092001289.0, "正式名称": "フレンド薬局　風ノ宮", "機関区分": 5, "都道府県コード": 9, "市区町村コード": 201, "所在地": "栃木県宇都宮市錦１丁目５６５－６", "緯度": 36.569782, "経度": 139.894616, "url": "https://www.iryou.teikyouseido.mhlw.go.jp/znk-web/juminkanja/S2430/initialize?prefCd=09&kikanCd=6092001289&kikanKbn=5", "url2": "https://friend-pharmacy.co.jp", "内容": "フレンド薬局　風ノ宮【5:薬局】栃木県宇都宮市錦１丁目５６５－６" }, "geometry": { "type": "Point", "coordinates": [ 139.894616, 36.569782 ] } },
{ "type": "Feature", "properties": { "ID": 956092001295.0, "正式名称": "アイセイ薬局幸町店", "機関区分": 5, "都道府県コード": 9, "市区町村コード": 213, "所在地": "栃木県那須塩原市西幸町７－１５", "緯度": 36.875686, "経度": 139.983002, "url": "https://www.iryou.teikyouseido.mhlw.go.jp/znk-web/juminkanja/S2430/initialize?prefCd=09&kikanCd=6092001295&kikanKbn=5", "url2": "https://www.aisei.co.jp/", "内容": "アイセイ薬局幸町店【5:薬局】栃木県那須塩原市西幸町７－１５" }, "geometry": { "type": "Point", "coordinates": [ 139.983002, 36.875686 ] } },
{ "type": "Feature", "properties": { "ID": 956092001296.0, "正式名称": "アイセイ薬局三島店", "機関区分": 5, "都道府県コード": 9, "市区町村コード": 213, "所在地": "栃木県那須塩原市東三島２－８０－５", "緯度": 36.897002, "経度": 139.980602, "url": "https://www.iryou.teikyouseido.mhlw.go.jp/znk-web/juminkanja/S2430/initialize?prefCd=09&kikanCd=6092001296&kikanKbn=5", "url2": "https://www.aisei.co.jp/", "内容": "アイセイ薬局三島店【5:薬局】栃木県那須塩原市東三島２－８０－５" }, "geometry": { "type": "Point", "coordinates": [ 139.980602, 36.897002 ] } },
{ "type": "Feature", "properties": { "ID": 956092001297.0, "正式名称": "くらら薬局", "機関区分": 5, "都道府県コード": 9, "市区町村コード": 205, "所在地": "栃木県鹿沼市上殿町４７２番地７", "緯度": 36.54577, "経度": 139.753458, "url": "https://www.iryou.teikyouseido.mhlw.go.jp/znk-web/juminkanja/S2430/initialize?prefCd=09&kikanCd=6092001297&kikanKbn=5", "url2": "https://www.clara-yk.com", "内容": "くらら薬局【5:薬局】栃木県鹿沼市上殿町４７２番地７" }, "geometry": { "type": "Point", "coordinates": [ 139.753458, 36.54577 ] } },
{ "type": "Feature", "properties": { "ID": 956092001298.0, "正式名称": "芦野調剤薬局", "機関区分": 5, "都道府県コード": 9, "市区町村コード": 407, "所在地": "栃木県那須郡那須町芦野１４６９ー２６４", "緯度": 36.989293, "経度": 140.150093, "url": "https://www.iryou.teikyouseido.mhlw.go.jp/znk-web/juminkanja/S2430/initialize?prefCd=09&kikanCd=6092001298&kikanKbn=5", "url2": "https://www.nm-pharmacy.co.jp/ashino", "内容": "芦野調剤薬局【5:薬局】栃木県那須郡那須町芦野１４６９ー２６４" }, "geometry": { "type": "Point", "coordinates": [ 140.150093, 36.989293 ] } },
{ "type": "Feature", "properties": { "ID": 956092001301.0, "正式名称": "ピノキオ薬局今泉店", "機関区分": 5, "都道府県コード": 9, "市区町村コード": 201, "所在地": "栃木県宇都宮市中今泉５丁目２９ー１３", "緯度": 36.569259, "経度": 139.91436, "url": "https://www.iryou.teikyouseido.mhlw.go.jp/znk-web/juminkanja/S2430/initialize?prefCd=09&kikanCd=6092001301&kikanKbn=5", "url2": "http://pinokio-pharmacy.com/", "内容": "ピノキオ薬局今泉店【5:薬局】栃木県宇都宮市中今泉５丁目２９ー１３" }, "geometry": { "type": "Point", "coordinates": [ 139.91436, 36.569259 ] } },
{ "type": "Feature", "properties": { "ID": 956092001303.0, "正式名称": "ピノキオ薬局駅東店", "機関区分": 5, "都道府県コード": 9, "市区町村コード": 201, "所在地": "栃木県宇都宮市元今泉１－１９－７", "緯度": 36.565332, "経度": 139.912745, "url": "https://www.iryou.teikyouseido.mhlw.go.jp/znk-web/juminkanja/S2430/initialize?prefCd=09&kikanCd=6092001303&kikanKbn=5", "url2": null, "内容": "ピノキオ薬局駅東店【5:薬局】栃木県宇都宮市元今泉１－１９－７" }, "geometry": { "type": "Point", "coordinates": [ 139.912745, 36.565332 ] } },
{ "type": "Feature", "properties": { "ID": 956092001304.0, "正式名称": "ピノキオ薬局　大寛店", "機関区分": 5, "都道府県コード": 9, "市区町村コード": 201, "所在地": "栃木県宇都宮市大寛２丁目５番６号", "緯度": 36.55884, "経度": 139.874137, "url": "https://www.iryou.teikyouseido.mhlw.go.jp/znk-web/juminkanja/S2430/initialize?prefCd=09&kikanCd=6092001304&kikanKbn=5", "url2": null, "内容": "ピノキオ薬局　大寛店【5:薬局】栃木県宇都宮市大寛２丁目５番６号" }, "geometry": { "type": "Point", "coordinates": [ 139.874137, 36.55884 ] } },
{ "type": "Feature", "properties": { "ID": 956092001306.0, "正式名称": "とちの木薬局文化橋店", "機関区分": 5, "都道府県コード": 9, "市区町村コード": 205, "所在地": "栃木県鹿沼市文化橋町２３０４ー１", "緯度": 36.570115, "経度": 139.750603, "url": "https://www.iryou.teikyouseido.mhlw.go.jp/znk-web/juminkanja/S2430/initialize?prefCd=09&kikanCd=6092001306&kikanKbn=5", "url2": null, "内容": "とちの木薬局文化橋店【5:薬局】栃木県鹿沼市文化橋町２３０４ー１" }, "geometry": { "type": "Point", "coordinates": [ 139.750603, 36.570115 ] } },
{ "type": "Feature", "properties": { "ID": 956092001308.0, "正式名称": "クスリのアオキ日光森友薬局", "機関区分": 5, "都道府県コード": 9, "市区町村コード": 206, "所在地": "栃木県日光市森友７３８番地", "緯度": 36.722419, "経度": 139.710877, "url": "https://www.iryou.teikyouseido.mhlw.go.jp/znk-web/juminkanja/S2430/initialize?prefCd=09&kikanCd=6092001308&kikanKbn=5", "url2": "https://www.kusuri-aoki.co.jp/", "内容": "クスリのアオキ日光森友薬局【5:薬局】栃木県日光市森友７３８番地" }, "geometry": { "type": "Point", "coordinates": [ 139.710877, 36.722419 ] } },
{ "type": "Feature", "properties": { "ID": 956092001310.0, "正式名称": "中央薬局　鶴田北店", "機関区分": 5, "都道府県コード": 9, "市区町村コード": 201, "所在地": "栃木県宇都宮市鶴田町１５０３－２", "緯度": 36.546393, "経度": 139.848329, "url": "https://www.iryou.teikyouseido.mhlw.go.jp/znk-web/juminkanja/S2430/initialize?prefCd=09&kikanCd=6092001310&kikanKbn=5", "url2": "http://www.power-p.co.jp", "内容": "中央薬局　鶴田北店【5:薬局】栃木県宇都宮市鶴田町１５０３－２" }, "geometry": { "type": "Point", "coordinates": [ 139.848329, 36.546393 ] } },
{ "type": "Feature", "properties": { "ID": 956092001312.0, "正式名称": "東邦薬局宇都宮野沢店", "機関区分": 5, "都道府県コード": 9, "市区町村コード": 201, "所在地": "栃木県宇都宮市野沢町４５番地１", "緯度": 36.605573, "経度": 139.856482, "url": "https://www.iryou.teikyouseido.mhlw.go.jp/znk-web/juminkanja/S2430/initialize?prefCd=09&kikanCd=6092001312&kikanKbn=5", "url2": "https://www.cocokarafine.co.jp/", "内容": "東邦薬局宇都宮野沢店【5:薬局】栃木県宇都宮市野沢町４５番地１" }, "geometry": { "type": "Point", "coordinates": [ 139.856482, 36.605573 ] } },
{ "type": "Feature", "properties": { "ID": 956092001315.0, "正式名称": "メープル薬局　益子西店", "機関区分": 5, "都道府県コード": 9, "市区町村コード": 342, "所在地": "栃木県芳賀郡益子町大字塙３０１ー２", "緯度": 36.458624, "経度": 140.078862, "url": "https://www.iryou.teikyouseido.mhlw.go.jp/znk-web/juminkanja/S2430/initialize?prefCd=09&kikanCd=6092001315&kikanKbn=5", "url2": "https://www.ichiyama-ph.com/", "内容": "メープル薬局　益子西店【5:薬局】栃木県芳賀郡益子町大字塙３０１ー２" }, "geometry": { "type": "Point", "coordinates": [ 140.078862, 36.458624 ] } },
{ "type": "Feature", "properties": { "ID": 956092001317.0, "正式名称": "ピノキオファーマシーズ鹿沼久保店", "機関区分": 5, "都道府県コード": 9, "市区町村コード": 205, "所在地": "栃木県鹿沼市久保町１６１８－７", "緯度": 36.56568, "経度": 139.74659, "url": "https://www.iryou.teikyouseido.mhlw.go.jp/znk-web/juminkanja/S2430/initialize?prefCd=09&kikanCd=6092001317&kikanKbn=5", "url2": null, "内容": "ピノキオファーマシーズ鹿沼久保店【5:薬局】栃木県鹿沼市久保町１６１８－７" }, "geometry": { "type": "Point", "coordinates": [ 139.74659, 36.56568 ] } },
{ "type": "Feature", "properties": { "ID": 956092001321.0, "正式名称": "ピノキオファーマシーズ雀の宮店", "機関区分": 5, "都道府県コード": 9, "市区町村コード": 201, "所在地": "栃木県宇都宮市雀の宮４－４－７", "緯度": 36.493206, "経度": 139.872171, "url": "https://www.iryou.teikyouseido.mhlw.go.jp/znk-web/juminkanja/S2430/initialize?prefCd=09&kikanCd=6092001321&kikanKbn=5", "url2": "http://www.pinokio-pharmacy.com", "内容": "ピノキオファーマシーズ雀の宮店【5:薬局】栃木県宇都宮市雀の宮４－４－７" }, "geometry": { "type": "Point", "coordinates": [ 139.872171, 36.493206 ] } },
{ "type": "Feature", "properties": { "ID": 956092001322.0, "正式名称": "ピノキオファーマシーズ宇都宮西店", "機関区分": 5, "都道府県コード": 9, "市区町村コード": 201, "所在地": "栃木県宇都宮市下荒針町３６１３番地１", "緯度": 36.560889, "経度": 139.835031, "url": "https://www.iryou.teikyouseido.mhlw.go.jp/znk-web/juminkanja/S2430/initialize?prefCd=09&kikanCd=6092001322&kikanKbn=5", "url2": "http://pinokio-pharmacy.com", "内容": "ピノキオファーマシーズ宇都宮西店【5:薬局】栃木県宇都宮市下荒針町３６１３番地１" }, "geometry": { "type": "Point", "coordinates": [ 139.835031, 36.560889 ] } },
{ "type": "Feature", "properties": { "ID": 956092001323.0, "正式名称": "ピノキオファーマシーズ桜店", "機関区分": 5, "都道府県コード": 9, "市区町村コード": 201, "所在地": "栃木県宇都宮市桜２－５－４０", "緯度": 36.566567, "経度": 139.868668, "url": "https://www.iryou.teikyouseido.mhlw.go.jp/znk-web/juminkanja/S2430/initialize?prefCd=09&kikanCd=6092001323&kikanKbn=5", "url2": "http://www.pinokio-pharmacy.com", "内容": "ピノキオファーマシーズ桜店【5:薬局】栃木県宇都宮市桜２－５－４０" }, "geometry": { "type": "Point", "coordinates": [ 139.868668, 36.566567 ] } },
{ "type": "Feature", "properties": { "ID": 956092001324.0, "正式名称": "のぞみ薬局", "機関区分": 5, "都道府県コード": 9, "市区町村コード": 201, "所在地": "栃木県宇都宮市平松本町１１３８－１０", "緯度": 36.542643, "経度": 139.904414, "url": "https://www.iryou.teikyouseido.mhlw.go.jp/znk-web/juminkanja/S2430/initialize?prefCd=09&kikanCd=6092001324&kikanKbn=5", "url2": null, "内容": "のぞみ薬局【5:薬局】栃木県宇都宮市平松本町１１３８－１０" }, "geometry": { "type": "Point", "coordinates": [ 139.904414, 36.542643 ] } },
{ "type": "Feature", "properties": { "ID": 956092001325.0, "正式名称": "セントラル薬局", "機関区分": 5, "都道府県コード": 9, "市区町村コード": 201, "所在地": "栃木県宇都宮市西１丁目１番９号", "緯度": 36.560268, "経度": 139.879518, "url": "https://www.iryou.teikyouseido.mhlw.go.jp/znk-web/juminkanja/S2430/initialize?prefCd=09&kikanCd=6092001325&kikanKbn=5", "url2": "http://www.pinokio-pharmacy.com", "内容": "セントラル薬局【5:薬局】栃木県宇都宮市西１丁目１番９号" }, "geometry": { "type": "Point", "coordinates": [ 139.879518, 36.560268 ] } },
{ "type": "Feature", "properties": { "ID": 956092001326.0, "正式名称": "ピノキオファーマシーズ東武宇都宮店", "機関区分": 5, "都道府県コード": 9, "市区町村コード": 201, "所在地": "栃木県宇都宮市宮園町５番４号東武百貨店３Ｆ", "緯度": 36.559012, "経度": 139.880171, "url": "https://www.iryou.teikyouseido.mhlw.go.jp/znk-web/juminkanja/S2430/initialize?prefCd=09&kikanCd=6092001326&kikanKbn=5", "url2": "https://pinokio-pharmacy.com/", "内容": "ピノキオファーマシーズ東武宇都宮店【5:薬局】栃木県宇都宮市宮園町５番４号東武百貨店３Ｆ" }, "geometry": { "type": "Point", "coordinates": [ 139.880171, 36.559012 ] } },
{ "type": "Feature", "properties": { "ID": 956092001327.0, "正式名称": "ピノキオファーマシーズ市貝赤羽店", "機関区分": 5, "都道府県コード": 9, "市区町村コード": 344, "所在地": "栃木県芳賀郡市貝町赤羽２６５８‐２２", "緯度": 36.516239, "経度": 140.064814, "url": "https://www.iryou.teikyouseido.mhlw.go.jp/znk-web/juminkanja/S2430/initialize?prefCd=09&kikanCd=6092001327&kikanKbn=5", "url2": null, "内容": "ピノキオファーマシーズ市貝赤羽店【5:薬局】栃木県芳賀郡市貝町赤羽２６５８‐２２" }, "geometry": { "type": "Point", "coordinates": [ 140.064814, 36.516239 ] } },
{ "type": "Feature", "properties": { "ID": 956092001328.0, "正式名称": "ピノキオファーマシーズ高根沢店", "機関区分": 5, "都道府県コード": 9, "市区町村コード": 386, "所在地": "栃木県塩谷郡高根沢町光陽台５丁目７－３", "緯度": 36.617325, "経度": 139.981456, "url": "https://www.iryou.teikyouseido.mhlw.go.jp/znk-web/juminkanja/S2430/initialize?prefCd=09&kikanCd=6092001328&kikanKbn=5", "url2": null, "内容": "ピノキオファーマシーズ高根沢店【5:薬局】栃木県塩谷郡高根沢町光陽台５丁目７－３" }, "geometry": { "type": "Point", "coordinates": [ 139.981456, 36.617325 ] } },
{ "type": "Feature", "properties": { "ID": 956092001329.0, "正式名称": "ピノキオファーマシーズ宝石台店", "機関区分": 5, "都道府県コード": 9, "市区町村コード": 386, "所在地": "栃木県塩谷郡高根沢町宝石台２－５－２", "緯度": 36.618706, "経度": 139.995041, "url": "https://www.iryou.teikyouseido.mhlw.go.jp/znk-web/juminkanja/S2430/initialize?prefCd=09&kikanCd=6092001329&kikanKbn=5", "url2": null, "内容": "ピノキオファーマシーズ宝石台店【5:薬局】栃木県塩谷郡高根沢町宝石台２－５－２" }, "geometry": { "type": "Point", "coordinates": [ 139.995041, 36.618706 ] } },
{ "type": "Feature", "properties": { "ID": 956092001331.0, "正式名称": "ピノキオファーマシーズ那須塩原店", "機関区分": 5, "都道府県コード": 9, "市区町村コード": 213, "所在地": "栃木県那須塩原市大黒町４－２２－２", "緯度": 36.971113, "経度": 140.047621, "url": "https://www.iryou.teikyouseido.mhlw.go.jp/znk-web/juminkanja/S2430/initialize?prefCd=09&kikanCd=6092001331&kikanKbn=5", "url2": "http://pinokio-pharmacy.com", "内容": "ピノキオファーマシーズ那須塩原店【5:薬局】栃木県那須塩原市大黒町４－２２－２" }, "geometry": { "type": "Point", "coordinates": [ 140.047621, 36.971113 ] } },
{ "type": "Feature", "properties": { "ID": 956092001333.0, "正式名称": "ウエルシア薬局　宇都宮簗瀬２号店", "機関区分": 5, "都道府県コード": 9, "市区町村コード": 201, "所在地": "栃木県宇都宮市簗瀬町２５６１－１", "緯度": 36.540367, "経度": 139.896634, "url": "https://www.iryou.teikyouseido.mhlw.go.jp/znk-web/juminkanja/S2430/initialize?prefCd=09&kikanCd=6092001333&kikanKbn=5", "url2": "https://store.welcia.co.jp/welcia/spot/detail?code=1242D", "内容": "ウエルシア薬局　宇都宮簗瀬２号店【5:薬局】栃木県宇都宮市簗瀬町２５６１－１" }, "geometry": { "type": "Point", "coordinates": [ 139.896634, 36.540367 ] } },
{ "type": "Feature", "properties": { "ID": 956092001334.0, "正式名称": "あいのわ薬局", "機関区分": 5, "都道府県コード": 9, "市区町村コード": 209, "所在地": "栃木県真岡市荒町２－５－２６", "緯度": 36.445651, "経度": 140.012286, "url": "https://www.iryou.teikyouseido.mhlw.go.jp/znk-web/juminkanja/S2430/initialize?prefCd=09&kikanCd=6092001334&kikanKbn=5", "url2": null, "内容": "あいのわ薬局【5:薬局】栃木県真岡市荒町２－５－２６" }, "geometry": { "type": "Point", "coordinates": [ 140.012286, 36.445651 ] } },
{ "type": "Feature", "properties": { "ID": 956092001336.0, "正式名称": "ウエルシア薬局　足利五十部店", "機関区分": 5, "都道府県コード": 9, "市区町村コード": 202, "所在地": "栃木県足利市五十部町４１９－１", "緯度": 36.341348, "経度": 139.42379, "url": "https://www.iryou.teikyouseido.mhlw.go.jp/znk-web/juminkanja/S2430/initialize?prefCd=09&kikanCd=6092001336&kikanKbn=5", "url2": "http://as.chizumaru.com/welcia/detailMap?account=welcia&bid=6020", "内容": "ウエルシア薬局　足利五十部店【5:薬局】栃木県足利市五十部町４１９－１" }, "geometry": { "type": "Point", "coordinates": [ 139.42379, 36.341348 ] } },
{ "type": "Feature", "properties": { "ID": 956092001337.0, "正式名称": "すみれ薬局", "機関区分": 5, "都道府県コード": 9, "市区町村コード": 205, "所在地": "栃木県鹿沼市西茂呂３丁目８番１", "緯度": 36.551438, "経度": 139.768039, "url": "https://www.iryou.teikyouseido.mhlw.go.jp/znk-web/juminkanja/S2430/initialize?prefCd=09&kikanCd=6092001337&kikanKbn=5", "url2": "https://www.qol-net.co.jp/pharmacy/map/detail.php?id=144", "内容": "すみれ薬局【5:薬局】栃木県鹿沼市西茂呂３丁目８番１" }, "geometry": { "type": "Point", "coordinates": [ 139.768039, 36.551438 ] } },
{ "type": "Feature", "properties": { "ID": 956092001338.0, "正式名称": "クオール薬局たかせ店", "機関区分": 5, "都道府県コード": 9, "市区町村コード": 209, "所在地": "栃木県真岡市高勢町１－１４３", "緯度": 36.436858, "経度": 139.97794, "url": "https://www.iryou.teikyouseido.mhlw.go.jp/znk-web/juminkanja/S2430/initialize?prefCd=09&kikanCd=6092001338&kikanKbn=5", "url2": "http://www.qol-net.co.jp/", "内容": "クオール薬局たかせ店【5:薬局】栃木県真岡市高勢町１－１４３" }, "geometry": { "type": "Point", "coordinates": [ 139.97794, 36.436858 ] } },
{ "type": "Feature", "properties": { "ID": 956092001339.0, "正式名称": "クオール薬局荒町店", "機関区分": 5, "都道府県コード": 9, "市区町村コード": 209, "所在地": "栃木県真岡市荒町３－４６－１０", "緯度": 36.445844, "経度": 140.017564, "url": "https://www.iryou.teikyouseido.mhlw.go.jp/znk-web/juminkanja/S2430/initialize?prefCd=09&kikanCd=6092001339&kikanKbn=5", "url2": "https://www.qol-net.co.jp/", "内容": "クオール薬局荒町店【5:薬局】栃木県真岡市荒町３－４６－１０" }, "geometry": { "type": "Point", "coordinates": [ 140.017564, 36.445844 ] } },
{ "type": "Feature", "properties": { "ID": 956092001340.0, "正式名称": "クオール薬局はやぶさ店", "機関区分": 5, "都道府県コード": 9, "市区町村コード": 209, "所在地": "栃木県真岡市並木町３－１０－２", "緯度": 36.443015, "経度": 139.996051, "url": "https://www.iryou.teikyouseido.mhlw.go.jp/znk-web/juminkanja/S2430/initialize?prefCd=09&kikanCd=6092001340&kikanKbn=5", "url2": "https://www.qol-net.co.jp/pharmacy/map/detail.php?id=152", "内容": "クオール薬局はやぶさ店【5:薬局】栃木県真岡市並木町３－１０－２" }, "geometry": { "type": "Point", "coordinates": [ 139.996051, 36.443015 ] } },
{ "type": "Feature", "properties": { "ID": 956092001342.0, "正式名称": "株式会社赤見薬局", "機関区分": 5, "都道府県コード": 9, "市区町村コード": 204, "所在地": "栃木県佐野市赤見町３１５０－５", "緯度": 36.351342, "経度": 139.538381, "url": "https://www.iryou.teikyouseido.mhlw.go.jp/znk-web/juminkanja/S2430/initialize?prefCd=09&kikanCd=6092001342&kikanKbn=5", "url2": null, "内容": "株式会社赤見薬局【5:薬局】栃木県佐野市赤見町３１５０－５" }, "geometry": { "type": "Point", "coordinates": [ 139.538381, 36.351342 ] } },
{ "type": "Feature", "properties": { "ID": 956092001343.0, "正式名称": "クオール薬局　佐野赤門店", "機関区分": 5, "都道府県コード": 9, "市区町村コード": 204, "所在地": "栃木県佐野市亀井町２６４１", "緯度": 36.312324, "経度": 139.581563, "url": "https://www.iryou.teikyouseido.mhlw.go.jp/znk-web/juminkanja/S2430/initialize?prefCd=09&kikanCd=6092001343&kikanKbn=5", "url2": "http://www.qol-net.co.jp/", "内容": "クオール薬局　佐野赤門店【5:薬局】栃木県佐野市亀井町２６４１" }, "geometry": { "type": "Point", "coordinates": [ 139.581563, 36.312324 ] } },
{ "type": "Feature", "properties": { "ID": 956092001344.0, "正式名称": "クオール薬局　佐野堀米店", "機関区分": 5, "都道府県コード": 9, "市区町村コード": 204, "所在地": "栃木県佐野市堀米町　　３９２１₋３", "緯度": 36.330234, "経度": 139.578309, "url": "https://www.iryou.teikyouseido.mhlw.go.jp/znk-web/juminkanja/S2430/initialize?prefCd=09&kikanCd=6092001344&kikanKbn=5", "url2": "https://www.qol-net.co.jp/", "内容": "クオール薬局　佐野堀米店【5:薬局】栃木県佐野市堀米町　　３９２１₋３" }, "geometry": { "type": "Point", "coordinates": [ 139.578309, 36.330234 ] } },
{ "type": "Feature", "properties": { "ID": 956092001345.0, "正式名称": "クオール薬局　足利店", "機関区分": 5, "都道府県コード": 9, "市区町村コード": 202, "所在地": "栃木県足利市上渋垂町３３５－１", "緯度": 36.3053, "経度": 139.463425, "url": "https://www.iryou.teikyouseido.mhlw.go.jp/znk-web/juminkanja/S2430/initialize?prefCd=09&kikanCd=6092001345&kikanKbn=5", "url2": "https://store.qol-net.co.jp/detail/134/", "内容": "クオール薬局　足利店【5:薬局】栃木県足利市上渋垂町３３５－１" }, "geometry": { "type": "Point", "coordinates": [ 139.463425, 36.3053 ] } },
{ "type": "Feature", "properties": { "ID": 956092001346.0, "正式名称": "だるま薬局　氏家北店", "機関区分": 5, "都道府県コード": 9, "市区町村コード": 214, "所在地": "栃木県さくら市氏家３３９０－６", "緯度": 36.692478, "経度": 139.965392, "url": "https://www.iryou.teikyouseido.mhlw.go.jp/znk-web/juminkanja/S2430/initialize?prefCd=09&kikanCd=6092001346&kikanKbn=5", "url2": "https://daruma-sakura.jp/", "内容": "だるま薬局　氏家北店【5:薬局】栃木県さくら市氏家３３９０－６" }, "geometry": { "type": "Point", "coordinates": [ 139.965392, 36.692478 ] } },
{ "type": "Feature", "properties": { "ID": 956092001347.0, "正式名称": "クオール薬局西那須野店", "機関区分": 5, "都道府県コード": 9, "市区町村コード": 213, "所在地": "栃木県那須塩原市西朝日町６－４２", "緯度": 36.885091, "経度": 139.988918, "url": "https://www.iryou.teikyouseido.mhlw.go.jp/znk-web/juminkanja/S2430/initialize?prefCd=09&kikanCd=6092001347&kikanKbn=5", "url2": "http://www.qol-net.co.jp/", "内容": "クオール薬局西那須野店【5:薬局】栃木県那須塩原市西朝日町６－４２" }, "geometry": { "type": "Point", "coordinates": [ 139.988918, 36.885091 ] } },
{ "type": "Feature", "properties": { "ID": 956092001348.0, "正式名称": "カトレア薬局", "機関区分": 5, "都道府県コード": 9, "市区町村コード": 201, "所在地": "栃木県宇都宮市屋板町１３２－８", "緯度": 36.518278, "経度": 139.903723, "url": "https://www.iryou.teikyouseido.mhlw.go.jp/znk-web/juminkanja/S2430/initialize?prefCd=09&kikanCd=6092001348&kikanKbn=5", "url2": "http://www.mc-kanto.co.jp/", "内容": "カトレア薬局【5:薬局】栃木県宇都宮市屋板町１３２－８" }, "geometry": { "type": "Point", "coordinates": [ 139.903723, 36.518278 ] } },
{ "type": "Feature", "properties": { "ID": 956092001349.0, "正式名称": "セイムスケヤキ薬局", "機関区分": 5, "都道府県コード": 9, "市区町村コード": 201, "所在地": "栃木県宇都宮市駒生町３３７６－１７６", "緯度": 36.583656, "経度": 139.848144, "url": "https://www.iryou.teikyouseido.mhlw.go.jp/znk-web/juminkanja/S2430/initialize?prefCd=09&kikanCd=6092001349&kikanKbn=5", "url2": "http://www.fujiyakuhin.co.jp", "内容": "セイムスケヤキ薬局【5:薬局】栃木県宇都宮市駒生町３３７６－１７６" }, "geometry": { "type": "Point", "coordinates": [ 139.848144, 36.583656 ] } },
{ "type": "Feature", "properties": { "ID": 956092001350.0, "正式名称": "クオール薬局宇都宮越戸店", "機関区分": 5, "都道府県コード": 9, "市区町村コード": 201, "所在地": "栃木県宇都宮市越戸３－１５－２５", "緯度": 36.570187, "経度": 139.92491, "url": "https://www.iryou.teikyouseido.mhlw.go.jp/znk-web/juminkanja/S2430/initialize?prefCd=09&kikanCd=6092001350&kikanKbn=5", "url2": "https://www.qol-net.co.jp/pharmacy/map/detail.php?id=622", "内容": "クオール薬局宇都宮越戸店【5:薬局】栃木県宇都宮市越戸３－１５－２５" }, "geometry": { "type": "Point", "coordinates": [ 139.92491, 36.570187 ] } },
{ "type": "Feature", "properties": { "ID": 956092001352.0, "正式名称": "スズキ薬局", "機関区分": 5, "都道府県コード": 9, "市区町村コード": 201, "所在地": "栃木県宇都宮市宿郷１－１９－７", "緯度": 36.556002, "経度": 139.90265, "url": "https://www.iryou.teikyouseido.mhlw.go.jp/znk-web/juminkanja/S2430/initialize?prefCd=09&kikanCd=6092001352&kikanKbn=5", "url2": null, "内容": "スズキ薬局【5:薬局】栃木県宇都宮市宿郷１－１９－７" }, "geometry": { "type": "Point", "coordinates": [ 139.90265, 36.556002 ] } },
{ "type": "Feature", "properties": { "ID": 956092001354.0, "正式名称": "めいぷる薬局　宮の内店", "機関区分": 5, "都道府県コード": 9, "市区町村コード": 201, "所在地": "栃木県宇都宮市宮の内１－３４－６", "緯度": 36.505804, "経度": 139.878904, "url": "https://www.iryou.teikyouseido.mhlw.go.jp/znk-web/juminkanja/S2430/initialize?prefCd=09&kikanCd=6092001354&kikanKbn=5", "url2": null, "内容": "めいぷる薬局　宮の内店【5:薬局】栃木県宇都宮市宮の内１－３４－６" }, "geometry": { "type": "Point", "coordinates": [ 139.878904, 36.505804 ] } },
{ "type": "Feature", "properties": { "ID": 956092001364.0, "正式名称": "クオール薬局　小山ひがし店", "機関区分": 5, "都道府県コード": 9, "市区町村コード": 208, "所在地": "栃木県小山市駅東通り１－３１－１６　柏コーポ１０６号", "緯度": 36.309726, "経度": 139.810996, "url": "https://www.iryou.teikyouseido.mhlw.go.jp/znk-web/juminkanja/S2430/initialize?prefCd=09&kikanCd=6092001364&kikanKbn=5", "url2": "http://www.qol-net.co.jp/map/tochigi/aozora.html", "内容": "クオール薬局　小山ひがし店【5:薬局】栃木県小山市駅東通り１－３１－１６　柏コーポ１０６号" }, "geometry": { "type": "Point", "coordinates": [ 139.810996, 36.309726 ] } },
{ "type": "Feature", "properties": { "ID": 956092001367.0, "正式名称": "ウエルシア薬局　鹿沼蓬莱店", "機関区分": 5, "都道府県コード": 9, "市区町村コード": 205, "所在地": "栃木県鹿沼市蓬莱町１０１１－１", "緯度": 36.559426, "経度": 139.746981, "url": "https://www.iryou.teikyouseido.mhlw.go.jp/znk-web/juminkanja/S2430/initialize?prefCd=09&kikanCd=6092001367&kikanKbn=5", "url2": "https://stores.welcia.co.jp/5142D", "内容": "ウエルシア薬局　鹿沼蓬莱店【5:薬局】栃木県鹿沼市蓬莱町１０１１－１" }, "geometry": { "type": "Point", "coordinates": [ 139.746981, 36.559426 ] } },
{ "type": "Feature", "properties": { "ID": 956092001369.0, "正式名称": "平田薬局村上店", "機関区分": 5, "都道府県コード": 9, "市区町村コード": 204, "所在地": "栃木県佐野市村上町２１－１", "緯度": 36.298864, "経度": 139.540724, "url": "https://www.iryou.teikyouseido.mhlw.go.jp/znk-web/juminkanja/S2430/initialize?prefCd=09&kikanCd=6092001369&kikanKbn=5", "url2": "https://www.hirata-yakkyoku.co.jp/", "内容": "平田薬局村上店【5:薬局】栃木県佐野市村上町２１－１" }, "geometry": { "type": "Point", "coordinates": [ 139.540724, 36.298864 ] } },
{ "type": "Feature", "properties": { "ID": 957090000007.0, "正式名称": "みなみ薬局", "機関区分": 5, "都道府県コード": 9, "市区町村コード": 204, "所在地": "栃木県佐野市堀米町６０３－１７", "緯度": 36.329179, "経度": 139.581922, "url": "https://www.iryou.teikyouseido.mhlw.go.jp/znk-web/juminkanja/S2430/initialize?prefCd=09&kikanCd=7090000007&kikanKbn=5", "url2": null, "内容": "みなみ薬局【5:薬局】栃木県佐野市堀米町６０３－１７" }, "geometry": { "type": "Point", "coordinates": [ 139.581922, 36.329179 ] } },
{ "type": "Feature", "properties": { "ID": 957090000009.0, "正式名称": "ココカラファイン薬局芳賀日赤病院前店", "機関区分": 5, "都道府県コード": 9, "市区町村コード": 209, "所在地": "栃木県真岡市中萩二丁目１１番地１７", "緯度": 36.451011, "経度": 140.012839, "url": "https://www.iryou.teikyouseido.mhlw.go.jp/znk-web/juminkanja/S2430/initialize?prefCd=09&kikanCd=7090000009&kikanKbn=5", "url2": "https://www.cocokarafine.co.jp/searchstore/CSsStoreDetail.jsp?storeNo=706085&storeList=1", "内容": "ココカラファイン薬局芳賀日赤病院前店【5:薬局】栃木県真岡市中萩二丁目１１番地１７" }, "geometry": { "type": "Point", "coordinates": [ 140.012839, 36.451011 ] } },
{ "type": "Feature", "properties": { "ID": 957090000013.0, "正式名称": "日本調剤真岡薬局", "機関区分": 5, "都道府県コード": 9, "市区町村コード": 209, "所在地": "栃木県真岡市中萩２丁目１２番地１０", "緯度": 36.451279, "経度": 140.012786, "url": "https://www.iryou.teikyouseido.mhlw.go.jp/znk-web/juminkanja/S2430/initialize?prefCd=09&kikanCd=7090000013&kikanKbn=5", "url2": "https://www.nicho.co.jp/tenpo/moka/", "内容": "日本調剤真岡薬局【5:薬局】栃木県真岡市中萩２丁目１２番地１０" }, "geometry": { "type": "Point", "coordinates": [ 140.012786, 36.451279 ] } },
{ "type": "Feature", "properties": { "ID": 957090000021.0, "正式名称": "コスモ薬局真岡店", "機関区分": 5, "都道府県コード": 9, "市区町村コード": 209, "所在地": "栃木県真岡市中萩２－７－７", "緯度": 36.449983, "経度": 140.011283, "url": "https://www.iryou.teikyouseido.mhlw.go.jp/znk-web/juminkanja/S2430/initialize?prefCd=09&kikanCd=7090000021&kikanKbn=5", "url2": "http://www.p-nakayama.com", "内容": "コスモ薬局真岡店【5:薬局】栃木県真岡市中萩２－７－７" }, "geometry": { "type": "Point", "coordinates": [ 140.011283, 36.449983 ] } },
{ "type": "Feature", "properties": { "ID": 957090000024.0, "正式名称": "クスリのアオキ堀米薬局", "機関区分": 5, "都道府県コード": 9, "市区町村コード": 204, "所在地": "栃木県佐野市堀米町１６４４番地１", "緯度": 36.32222, "経度": 139.571533, "url": "https://www.iryou.teikyouseido.mhlw.go.jp/znk-web/juminkanja/S2430/initialize?prefCd=09&kikanCd=7090000024&kikanKbn=5", "url2": "https://www.kusuri-aoki.co.jp/", "内容": "クスリのアオキ堀米薬局【5:薬局】栃木県佐野市堀米町１６４４番地１" }, "geometry": { "type": "Point", "coordinates": [ 139.571533, 36.32222 ] } },
{ "type": "Feature", "properties": { "ID": 957090000025.0, "正式名称": "クスリのアオキ高萩薬局", "機関区分": 5, "都道府県コード": 9, "市区町村コード": 204, "所在地": "栃木県佐野市高萩町４２３番地", "緯度": 36.299124, "経度": 139.592733, "url": "https://www.iryou.teikyouseido.mhlw.go.jp/znk-web/juminkanja/S2430/initialize?prefCd=09&kikanCd=7090000025&kikanKbn=5", "url2": "https://www.kusuri-aoki.co.jp/", "内容": "クスリのアオキ高萩薬局【5:薬局】栃木県佐野市高萩町４２３番地" }, "geometry": { "type": "Point", "coordinates": [ 139.592733, 36.299124 ] } },
{ "type": "Feature", "properties": { "ID": 957090000027.0, "正式名称": "メルシー薬局　大田原店", "機関区分": 5, "都道府県コード": 9, "市区町村コード": 210, "所在地": "栃木県大田原市滝沢３０７－３", "緯度": 36.81473, "経度": 140.008111, "url": "https://www.iryou.teikyouseido.mhlw.go.jp/znk-web/juminkanja/S2430/initialize?prefCd=09&kikanCd=7090000027&kikanKbn=5", "url2": null, "内容": "メルシー薬局　大田原店【5:薬局】栃木県大田原市滝沢３０７－３" }, "geometry": { "type": "Point", "coordinates": [ 140.008111, 36.81473 ] } },
{ "type": "Feature", "properties": { "ID": 957090000028.0, "正式名称": "コアラ薬局", "機関区分": 5, "都道府県コード": 9, "市区町村コード": 204, "所在地": "栃木県佐野市赤坂町１６７", "緯度": 36.30736, "経度": 139.572304, "url": "https://www.iryou.teikyouseido.mhlw.go.jp/znk-web/juminkanja/S2430/initialize?prefCd=09&kikanCd=7090000028&kikanKbn=5", "url2": null, "内容": "コアラ薬局【5:薬局】栃木県佐野市赤坂町１６７" }, "geometry": { "type": "Point", "coordinates": [ 139.572304, 36.30736 ] } },
{ "type": "Feature", "properties": { "ID": 957090000029.0, "正式名称": "クスリのアオキ元今泉薬局", "機関区分": 5, "都道府県コード": 9, "市区町村コード": 201, "所在地": "栃木県宇都宮市元今泉３丁目２２番８号", "緯度": 36.560558, "経度": 139.902141, "url": "https://www.iryou.teikyouseido.mhlw.go.jp/znk-web/juminkanja/S2430/initialize?prefCd=09&kikanCd=7090000029&kikanKbn=5", "url2": "https://www.kusuri-aoki.co.jp/", "内容": "クスリのアオキ元今泉薬局【5:薬局】栃木県宇都宮市元今泉３丁目２２番８号" }, "geometry": { "type": "Point", "coordinates": [ 139.902141, 36.560558 ] } },
{ "type": "Feature", "properties": { "ID": 957090000031.0, "正式名称": "薬局マツモトキヨシ宇都宮パセオ店", "機関区分": 5, "都道府県コード": 9, "市区町村コード": 201, "所在地": "栃木県宇都宮市川向町１－２３", "緯度": 36.559281, "経度": 139.897997, "url": "https://www.iryou.teikyouseido.mhlw.go.jp/znk-web/juminkanja/S2430/initialize?prefCd=09&kikanCd=7090000031&kikanKbn=5", "url2": null, "内容": "薬局マツモトキヨシ宇都宮パセオ店【5:薬局】栃木県宇都宮市川向町１－２３" }, "geometry": { "type": "Point", "coordinates": [ 139.897997, 36.559281 ] } },
{ "type": "Feature", "properties": { "ID": 957090000032.0, "正式名称": "調剤薬局ツルハドラッグ宇都宮白沢店", "機関区分": 5, "都道府県コード": 9, "市区町村コード": 201, "所在地": "栃木県宇都宮市白沢町２０１７－４５", "緯度": 36.633639, "経度": 139.944517, "url": "https://www.iryou.teikyouseido.mhlw.go.jp/znk-web/juminkanja/S2430/initialize?prefCd=09&kikanCd=7090000032&kikanKbn=5", "url2": "https://shop.tsuruha-g.com/1574", "内容": "調剤薬局ツルハドラッグ宇都宮白沢店【5:薬局】栃木県宇都宮市白沢町２０１７－４５" }, "geometry": { "type": "Point", "coordinates": [ 139.944517, 36.633639 ] } },
{ "type": "Feature", "properties": { "ID": 957090000033.0, "正式名称": "花・花薬局平出店", "機関区分": 5, "都道府県コード": 9, "市区町村コード": 201, "所在地": "栃木県宇都宮市平出町３８６６－１", "緯度": 36.570138, "経度": 139.943075, "url": "https://www.iryou.teikyouseido.mhlw.go.jp/znk-web/juminkanja/S2430/initialize?prefCd=09&kikanCd=7090000033&kikanKbn=5", "url2": "http://e-ff.jp/tenponavi/wakaba_hirade", "内容": "花・花薬局平出店【5:薬局】栃木県宇都宮市平出町３８６６－１" }, "geometry": { "type": "Point", "coordinates": [ 139.943075, 36.570138 ] } },
{ "type": "Feature", "properties": { "ID": 957090000039.0, "正式名称": "クスリのアオキ大町薬局", "機関区分": 5, "都道府県コード": 9, "市区町村コード": 202, "所在地": "栃木県足利市大町５３１番地１", "緯度": 36.337851, "経度": 139.457596, "url": "https://www.iryou.teikyouseido.mhlw.go.jp/znk-web/juminkanja/S2430/initialize?prefCd=09&kikanCd=7090000039&kikanKbn=5", "url2": "https://www.kusuri-aoki.co.jp/", "内容": "クスリのアオキ大町薬局【5:薬局】栃木県足利市大町５３１番地１" }, "geometry": { "type": "Point", "coordinates": [ 139.457596, 36.337851 ] } },
{ "type": "Feature", "properties": { "ID": 957090000040.0, "正式名称": "ピノキオ薬局　花園店", "機関区分": 5, "都道府県コード": 9, "市区町村コード": 201, "所在地": "栃木県宇都宮市花園町１７－１２　ヒロビル１階", "緯度": 36.548983, "経度": 139.873235, "url": "https://www.iryou.teikyouseido.mhlw.go.jp/znk-web/juminkanja/S2430/initialize?prefCd=09&kikanCd=7090000040&kikanKbn=5", "url2": "https://pinokio-pharmacy.com/", "内容": "ピノキオ薬局　花園店【5:薬局】栃木県宇都宮市花園町１７－１２　ヒロビル１階" }, "geometry": { "type": "Point", "coordinates": [ 139.873235, 36.548983 ] } },
{ "type": "Feature", "properties": { "ID": 957090000041.0, "正式名称": "とちの木薬局高根沢店", "機関区分": 5, "都道府県コード": 9, "市区町村コード": 386, "所在地": "栃木県塩谷郡高根沢町光陽台３－１６－９", "緯度": 36.622388, "経度": 139.991035, "url": "https://www.iryou.teikyouseido.mhlw.go.jp/znk-web/juminkanja/S2430/initialize?prefCd=09&kikanCd=7090000041&kikanKbn=5", "url2": "http://yakusen.co.jp", "内容": "とちの木薬局高根沢店【5:薬局】栃木県塩谷郡高根沢町光陽台３－１６－９" }, "geometry": { "type": "Point", "coordinates": [ 139.991035, 36.622388 ] } },
{ "type": "Feature", "properties": { "ID": 957090000044.0, "正式名称": "コスモファーマ薬局　末広町店", "機関区分": 5, "都道府県コード": 9, "市区町村コード": 211, "所在地": "栃木県矢板市末広町３３番３", "緯度": 36.802082, "経度": 139.936097, "url": "https://www.iryou.teikyouseido.mhlw.go.jp/znk-web/juminkanja/S2430/initialize?prefCd=09&kikanCd=7090000044&kikanKbn=5", "url2": "http://www.cosmo-ph.co.jp/", "内容": "コスモファーマ薬局　末広町店【5:薬局】栃木県矢板市末広町３３番３" }, "geometry": { "type": "Point", "coordinates": [ 139.936097, 36.802082 ] } },
{ "type": "Feature", "properties": { "ID": 957090000045.0, "正式名称": "アリビラ薬局", "機関区分": 5, "都道府県コード": 9, "市区町村コード": 201, "所在地": "栃木県宇都宮市桜３丁目５番２３号", "緯度": 36.562117, "経度": 139.870796, "url": "https://www.iryou.teikyouseido.mhlw.go.jp/znk-web/juminkanja/S2430/initialize?prefCd=09&kikanCd=7090000045&kikanKbn=5", "url2": null, "内容": "アリビラ薬局【5:薬局】栃木県宇都宮市桜３丁目５番２３号" }, "geometry": { "type": "Point", "coordinates": [ 139.870796, 36.562117 ] } },
{ "type": "Feature", "properties": { "ID": 957090000046.0, "正式名称": "レモン薬局氏家店", "機関区分": 5, "都道府県コード": 9, "市区町村コード": 214, "所在地": "栃木県さくら市氏家２６４５番地４", "緯度": 36.679567, "経度": 139.968501, "url": "https://www.iryou.teikyouseido.mhlw.go.jp/znk-web/juminkanja/S2430/initialize?prefCd=09&kikanCd=7090000046&kikanKbn=5", "url2": "https://www.unimat-life.co.jp/drugstore/", "内容": "レモン薬局氏家店【5:薬局】栃木県さくら市氏家２６４５番地４" }, "geometry": { "type": "Point", "coordinates": [ 139.968501, 36.679567 ] } },
{ "type": "Feature", "properties": { "ID": 957090000047.0, "正式名称": "花・花薬局北茂呂店", "機関区分": 5, "都道府県コード": 9, "市区町村コード": 204, "所在地": "栃木県佐野市北茂呂町１０－６", "緯度": 36.298458, "経度": 139.59061, "url": "https://www.iryou.teikyouseido.mhlw.go.jp/znk-web/juminkanja/S2430/initialize?prefCd=09&kikanCd=7090000047&kikanKbn=5", "url2": null, "内容": "花・花薬局北茂呂店【5:薬局】栃木県佐野市北茂呂町１０－６" }, "geometry": { "type": "Point", "coordinates": [ 139.59061, 36.298458 ] } },
{ "type": "Feature", "properties": { "ID": 957090000048.0, "正式名称": "コスモファーマ薬局　中川店", "機関区分": 5, "都道府県コード": 9, "市区町村コード": 202, "所在地": "栃木県足利市中川町３６４７－４", "緯度": 36.32933, "経度": 139.426193, "url": "https://www.iryou.teikyouseido.mhlw.go.jp/znk-web/juminkanja/S2430/initialize?prefCd=09&kikanCd=7090000048&kikanKbn=5", "url2": "http://www.cosmo-ph.co.jp/", "内容": "コスモファーマ薬局　中川店【5:薬局】栃木県足利市中川町３６４７－４" }, "geometry": { "type": "Point", "coordinates": [ 139.426193, 36.32933 ] } },
{ "type": "Feature", "properties": { "ID": 957090000053.0, "正式名称": "オリオン薬局", "機関区分": 5, "都道府県コード": 9, "市区町村コード": 201, "所在地": "栃木県宇都宮市平出町４００－７", "緯度": 36.570542, "経度": 139.947789, "url": "https://www.iryou.teikyouseido.mhlw.go.jp/znk-web/juminkanja/S2430/initialize?prefCd=09&kikanCd=7090000053&kikanKbn=5", "url2": "http://www.ainj.co.jp/", "内容": "オリオン薬局【5:薬局】栃木県宇都宮市平出町４００－７" }, "geometry": { "type": "Point", "coordinates": [ 139.947789, 36.570542 ] } },
{ "type": "Feature", "properties": { "ID": 957090000061.0, "正式名称": "ウエルシア薬局宇都宮駒生店", "機関区分": 5, "都道府県コード": 9, "市区町村コード": 201, "所在地": "栃木県宇都宮市駒生町１２９８－１", "緯度": 36.578848, "経度": 139.84429, "url": "https://www.iryou.teikyouseido.mhlw.go.jp/znk-web/juminkanja/S2430/initialize?prefCd=09&kikanCd=7090000061&kikanKbn=5", "url2": "https://www.welcia-yakkyoku.co.jp/", "内容": "ウエルシア薬局宇都宮駒生店【5:薬局】栃木県宇都宮市駒生町１２９８－１" }, "geometry": { "type": "Point", "coordinates": [ 139.84429, 36.578848 ] } },
{ "type": "Feature", "properties": { "ID": 957090000062.0, "正式名称": "いちょう薬局", "機関区分": 5, "都道府県コード": 9, "市区町村コード": 201, "所在地": "栃木県宇都宮市今泉町４００－８", "緯度": 36.573061, "経度": 139.904086, "url": "https://www.iryou.teikyouseido.mhlw.go.jp/znk-web/juminkanja/S2430/initialize?prefCd=09&kikanCd=7090000062&kikanKbn=5", "url2": "https://peraichi.com/landing_pages/view/ichotop", "内容": "いちょう薬局【5:薬局】栃木県宇都宮市今泉町４００－８" }, "geometry": { "type": "Point", "coordinates": [ 139.904086, 36.573061 ] } },
{ "type": "Feature", "properties": { "ID": 957090000063.0, "正式名称": "ウエルシア薬局佐野富岡店", "機関区分": 5, "都道府県コード": 9, "市区町村コード": 204, "所在地": "栃木県佐野市富岡町１７１２番地１", "緯度": 36.316303, "経度": 139.5998, "url": "https://www.iryou.teikyouseido.mhlw.go.jp/znk-web/juminkanja/S2430/initialize?prefCd=09&kikanCd=7090000063&kikanKbn=5", "url2": "https://stores.welcia.co.jp/1272D", "内容": "ウエルシア薬局佐野富岡店【5:薬局】栃木県佐野市富岡町１７１２番地１" }, "geometry": { "type": "Point", "coordinates": [ 139.5998, 36.316303 ] } },
{ "type": "Feature", "properties": { "ID": 957090000067.0, "正式名称": "ファルマシアなかじま", "機関区分": 5, "都道府県コード": 9, "市区町村コード": 364, "所在地": "栃木県下都賀郡野木町丸林６６２－２０", "緯度": 36.226447, "経度": 139.735813, "url": "https://www.iryou.teikyouseido.mhlw.go.jp/znk-web/juminkanja/S2430/initialize?prefCd=09&kikanCd=7090000067&kikanKbn=5", "url2": "http://pharmacia-nakajima.com", "内容": "ファルマシアなかじま【5:薬局】栃木県下都賀郡野木町丸林６６２－２０" }, "geometry": { "type": "Point", "coordinates": [ 139.735813, 36.226447 ] } },
{ "type": "Feature", "properties": { "ID": 957090000068.0, "正式名称": "ピノキオ薬局　鶴田店", "機関区分": 5, "都道府県コード": 9, "市区町村コード": 201, "所在地": "栃木県宇都宮市鶴田町１２９５－３", "緯度": 36.551402, "経度": 139.855678, "url": "https://www.iryou.teikyouseido.mhlw.go.jp/znk-web/juminkanja/S2430/initialize?prefCd=09&kikanCd=7090000068&kikanKbn=5", "url2": "https://pinokio-pharmacy.com", "内容": "ピノキオ薬局　鶴田店【5:薬局】栃木県宇都宮市鶴田町１２９５－３" }, "geometry": { "type": "Point", "coordinates": [ 139.855678, 36.551402 ] } },
{ "type": "Feature", "properties": { "ID": 957090000069.0, "正式名称": "こぐれ調剤薬局相生店", "機関区分": 5, "都道府県コード": 9, "市区町村コード": 202, "所在地": "栃木県足利市相生町３８７－１", "緯度": 36.33648, "経度": 139.46117, "url": "https://www.iryou.teikyouseido.mhlw.go.jp/znk-web/juminkanja/S2430/initialize?prefCd=09&kikanCd=7090000069&kikanKbn=5", "url2": null, "内容": "こぐれ調剤薬局相生店【5:薬局】栃木県足利市相生町３８７－１" }, "geometry": { "type": "Point", "coordinates": [ 139.46117, 36.33648 ] } },
{ "type": "Feature", "properties": { "ID": 957090000070.0, "正式名称": "クスリのアオキ鶴田薬局", "機関区分": 5, "都道府県コード": 9, "市区町村コード": 201, "所在地": "栃木県宇都宮市鶴田町８６０番地", "緯度": 36.559816, "経度": 139.854707, "url": "https://www.iryou.teikyouseido.mhlw.go.jp/znk-web/juminkanja/S2430/initialize?prefCd=09&kikanCd=7090000070&kikanKbn=5", "url2": "https://www.kusuri-aoki.co.jp/", "内容": "クスリのアオキ鶴田薬局【5:薬局】栃木県宇都宮市鶴田町８６０番地" }, "geometry": { "type": "Point", "coordinates": [ 139.854707, 36.559816 ] } },
{ "type": "Feature", "properties": { "ID": 957090000074.0, "正式名称": "クスリのアオキ福居薬局", "機関区分": 5, "都道府県コード": 9, "市区町村コード": 202, "所在地": "栃木県足利市福居町２１９２番地１", "緯度": 36.315481, "経度": 139.459165, "url": "https://www.iryou.teikyouseido.mhlw.go.jp/znk-web/juminkanja/S2430/initialize?prefCd=09&kikanCd=7090000074&kikanKbn=5", "url2": "https://www.kusuri-aoki.co.jp/", "内容": "クスリのアオキ福居薬局【5:薬局】栃木県足利市福居町２１９２番地１" }, "geometry": { "type": "Point", "coordinates": [ 139.459165, 36.315481 ] } },
{ "type": "Feature", "properties": { "ID": 957090000077.0, "正式名称": "つくも薬局芳賀", "機関区分": 5, "都道府県コード": 9, "市区町村コード": 345, "所在地": "栃木県芳賀郡芳賀町祖母井南３－１－７", "緯度": 36.544568, "経度": 140.061916, "url": "https://www.iryou.teikyouseido.mhlw.go.jp/znk-web/juminkanja/S2430/initialize?prefCd=09&kikanCd=7090000077&kikanKbn=5", "url2": "http://tsukumoyakkyoku.co.jp", "内容": "つくも薬局芳賀【5:薬局】栃木県芳賀郡芳賀町祖母井南３－１－７" }, "geometry": { "type": "Point", "coordinates": [ 140.061916, 36.544568 ] } },
{ "type": "Feature", "properties": { "ID": 957090000078.0, "正式名称": "晴れたす薬局　一条店", "機関区分": 5, "都道府県コード": 9, "市区町村コード": 201, "所在地": "栃木県宇都宮市一条４丁目４－３５　コーポ横山　Ｂ１０２", "緯度": 36.551769, "経度": 139.8768, "url": "https://www.iryou.teikyouseido.mhlw.go.jp/znk-web/juminkanja/S2430/initialize?prefCd=09&kikanCd=7090000078&kikanKbn=5", "url2": "https://www.haretas.com/", "内容": "晴れたす薬局　一条店【5:薬局】栃木県宇都宮市一条４丁目４－３５　コーポ横山　Ｂ１０２" }, "geometry": { "type": "Point", "coordinates": [ 139.8768, 36.551769 ] } },
{ "type": "Feature", "properties": { "ID": 957090000080.0, "正式名称": "みかん薬局", "機関区分": 5, "都道府県コード": 9, "市区町村コード": 206, "所在地": "栃木県日光市今市８１６－１１", "緯度": 36.722665, "経度": 139.692849, "url": "https://www.iryou.teikyouseido.mhlw.go.jp/znk-web/juminkanja/S2430/initialize?prefCd=09&kikanCd=7090000080&kikanKbn=5", "url2": "https://www.mt-pharma.info/cont2/8.html", "内容": "みかん薬局【5:薬局】栃木県日光市今市８１６－１１" }, "geometry": { "type": "Point", "coordinates": [ 139.692849, 36.722665 ] } },
{ "type": "Feature", "properties": { "ID": 957090000083.0, "正式名称": "ウエルシア薬局アクロスプラザ大田原店", "機関区分": 5, "都道府県コード": 9, "市区町村コード": 210, "所在地": "栃木県大田原市若松町１６４２－６", "緯度": 36.858311, "経度": 140.024918, "url": "https://www.iryou.teikyouseido.mhlw.go.jp/znk-web/juminkanja/S2430/initialize?prefCd=09&kikanCd=7090000083&kikanKbn=5", "url2": null, "内容": "ウエルシア薬局アクロスプラザ大田原店【5:薬局】栃木県大田原市若松町１６４２－６" }, "geometry": { "type": "Point", "coordinates": [ 140.024918, 36.858311 ] } },
{ "type": "Feature", "properties": { "ID": 957090000084.0, "正式名称": "きのめ薬局", "機関区分": 5, "都道府県コード": 9, "市区町村コード": 201, "所在地": "栃木県宇都宮市中戸祭町８２３－１９", "緯度": 36.57566, "経度": 139.871418, "url": "https://www.iryou.teikyouseido.mhlw.go.jp/znk-web/juminkanja/S2430/initialize?prefCd=09&kikanCd=7090000084&kikanKbn=5", "url2": "https://www.may-i.co.jp/", "内容": "きのめ薬局【5:薬局】栃木県宇都宮市中戸祭町８２３－１９" }, "geometry": { "type": "Point", "coordinates": [ 139.871418, 36.57566 ] } },
{ "type": "Feature", "properties": { "ID": 957090000086.0, "正式名称": "クスリのアオキ西那須野南町薬局", "機関区分": 5, "都道府県コード": 9, "市区町村コード": 213, "所在地": "栃木県那須塩原市南町３番３１号", "緯度": 36.882352, "経度": 139.986982, "url": "https://www.iryou.teikyouseido.mhlw.go.jp/znk-web/juminkanja/S2430/initialize?prefCd=09&kikanCd=7090000086&kikanKbn=5", "url2": "https://www.kusuri-aoki.co.jp/", "内容": "クスリのアオキ西那須野南町薬局【5:薬局】栃木県那須塩原市南町３番３１号" }, "geometry": { "type": "Point", "coordinates": [ 139.986982, 36.882352 ] } },
{ "type": "Feature", "properties": { "ID": 957090000089.0, "正式名称": "とちぎ薬局芳賀店", "機関区分": 5, "都道府県コード": 9, "市区町村コード": 344, "所在地": "栃木県芳賀郡市貝町上根１６２－５", "緯度": 36.537735, "経度": 140.084939, "url": "https://www.iryou.teikyouseido.mhlw.go.jp/znk-web/juminkanja/S2430/initialize?prefCd=09&kikanCd=7090000089&kikanKbn=5", "url2": "https://jp-g.net/", "内容": "とちぎ薬局芳賀店【5:薬局】栃木県芳賀郡市貝町上根１６２－５" }, "geometry": { "type": "Point", "coordinates": [ 140.084939, 36.537735 ] } },
{ "type": "Feature", "properties": { "ID": 957090000090.0, "正式名称": "オハナ薬局", "機関区分": 5, "都道府県コード": 9, "市区町村コード": 209, "所在地": "栃木県真岡市亀山３２３－３", "緯度": 36.456701, "経度": 139.988771, "url": "https://www.iryou.teikyouseido.mhlw.go.jp/znk-web/juminkanja/S2430/initialize?prefCd=09&kikanCd=7090000090&kikanKbn=5", "url2": "http://medical-bloom.com", "内容": "オハナ薬局【5:薬局】栃木県真岡市亀山３２３－３" }, "geometry": { "type": "Point", "coordinates": [ 139.988771, 36.456701 ] } },
{ "type": "Feature", "properties": { "ID": 957090000091.0, "正式名称": "あまいろ薬局", "機関区分": 5, "都道府県コード": 9, "市区町村コード": 201, "所在地": "栃木県宇都宮市ゆいの杜７丁目９番２号", "緯度": 36.574241, "経度": 139.990944, "url": "https://www.iryou.teikyouseido.mhlw.go.jp/znk-web/juminkanja/S2430/initialize?prefCd=09&kikanCd=7090000091&kikanKbn=5", "url2": null, "内容": "あまいろ薬局【5:薬局】栃木県宇都宮市ゆいの杜７丁目９番２号" }, "geometry": { "type": "Point", "coordinates": [ 139.990944, 36.574241 ] } },
{ "type": "Feature", "properties": { "ID": 957090000092.0, "正式名称": "ウエルシア薬局那須塩原黒磯店", "機関区分": 5, "都道府県コード": 9, "市区町村コード": 213, "所在地": "栃木県那須塩原市末広町５３番地７７", "緯度": 36.969542, "経度": 140.045472, "url": "https://www.iryou.teikyouseido.mhlw.go.jp/znk-web/juminkanja/S2430/initialize?prefCd=09&kikanCd=7090000092&kikanKbn=5", "url2": "https://store.welcia.co.jp/welcia/spot/detail?code=1342D", "内容": "ウエルシア薬局那須塩原黒磯店【5:薬局】栃木県那須塩原市末広町５３番地７７" }, "geometry": { "type": "Point", "coordinates": [ 140.045472, 36.969542 ] } },
{ "type": "Feature", "properties": { "ID": 957090000093.0, "正式名称": "ゲート薬局　松が峰店", "機関区分": 5, "都道府県コード": 9, "市区町村コード": 201, "所在地": "栃木県宇都宮市松が峰２丁目７番１２号", "緯度": 36.55582, "経度": 139.880614, "url": "https://www.iryou.teikyouseido.mhlw.go.jp/znk-web/juminkanja/S2430/initialize?prefCd=09&kikanCd=7090000093&kikanKbn=5", "url2": null, "内容": "ゲート薬局　松が峰店【5:薬局】栃木県宇都宮市松が峰２丁目７番１２号" }, "geometry": { "type": "Point", "coordinates": [ 139.880614, 36.55582 ] } },
{ "type": "Feature", "properties": { "ID": 957090000094.0, "正式名称": "クスリのアオキ御幸ヶ原薬局", "機関区分": 5, "都道府県コード": 9, "市区町村コード": 201, "所在地": "栃木県宇都宮市御幸ケ原町２１７番地１０", "緯度": 36.587739, "経度": 139.920632, "url": "https://www.iryou.teikyouseido.mhlw.go.jp/znk-web/juminkanja/S2430/initialize?prefCd=09&kikanCd=7090000094&kikanKbn=5", "url2": "https://www.kusuri-aoki.co.jp/", "内容": "クスリのアオキ御幸ヶ原薬局【5:薬局】栃木県宇都宮市御幸ケ原町２１７番地１０" }, "geometry": { "type": "Point", "coordinates": [ 139.920632, 36.587739 ] } },
{ "type": "Feature", "properties": { "ID": 957090000095.0, "正式名称": "ウエルシア薬局　宇都宮春日町店", "機関区分": 5, "都道府県コード": 9, "市区町村コード": 201, "所在地": "栃木県宇都宮市春日町８番４号", "緯度": 36.527796, "経度": 139.864246, "url": "https://www.iryou.teikyouseido.mhlw.go.jp/znk-web/juminkanja/S2430/initialize?prefCd=09&kikanCd=7090000095&kikanKbn=5", "url2": "http://stores.welcia.co.jp/1221D", "内容": "ウエルシア薬局　宇都宮春日町店【5:薬局】栃木県宇都宮市春日町８番４号" }, "geometry": { "type": "Point", "coordinates": [ 139.864246, 36.527796 ] } },
{ "type": "Feature", "properties": { "ID": 957090000096.0, "正式名称": "天明堂薬局", "機関区分": 5, "都道府県コード": 9, "市区町村コード": 201, "所在地": "栃木県宇都宮市星が丘２－９－２５", "緯度": 36.569605, "経度": 139.873757, "url": "https://www.iryou.teikyouseido.mhlw.go.jp/znk-web/juminkanja/S2430/initialize?prefCd=09&kikanCd=7090000096&kikanKbn=5", "url2": "http://www.tenmeido.jp/", "内容": "天明堂薬局【5:薬局】栃木県宇都宮市星が丘２－９－２５" }, "geometry": { "type": "Point", "coordinates": [ 139.873757, 36.569605 ] } },
{ "type": "Feature", "properties": { "ID": 957090000097.0, "正式名称": "カワチ薬局　石井町店", "機関区分": 5, "都道府県コード": 9, "市区町村コード": 201, "所在地": "栃木県宇都宮市石井町２８００番地１５５", "緯度": 36.547722, "経度": 139.927681, "url": "https://www.iryou.teikyouseido.mhlw.go.jp/znk-web/juminkanja/S2430/initialize?prefCd=09&kikanCd=7090000097&kikanKbn=5", "url2": "https://www.cawachi.co.jp", "内容": "カワチ薬局　石井町店【5:薬局】栃木県宇都宮市石井町２８００番地１５５" }, "geometry": { "type": "Point", "coordinates": [ 139.927681, 36.547722 ] } },
{ "type": "Feature", "properties": { "ID": 957090000098.0, "正式名称": "ホワイト調剤薬局", "機関区分": 5, "都道府県コード": 9, "市区町村コード": 209, "所在地": "栃木県真岡市台町１５－１９", "緯度": 36.447193, "経度": 140.009743, "url": "https://www.iryou.teikyouseido.mhlw.go.jp/znk-web/juminkanja/S2430/initialize?prefCd=09&kikanCd=7090000098&kikanKbn=5", "url2": null, "内容": "ホワイト調剤薬局【5:薬局】栃木県真岡市台町１５－１９" }, "geometry": { "type": "Point", "coordinates": [ 140.009743, 36.447193 ] } },
{ "type": "Feature", "properties": { "ID": 957090000101.0, "正式名称": "ピノキオ薬局大田原中央店", "機関区分": 5, "都道府県コード": 9, "市区町村コード": 210, "所在地": "栃木県大田原市中央２丁目９番３３号", "緯度": 36.867858, "経度": 140.024771, "url": "https://www.iryou.teikyouseido.mhlw.go.jp/znk-web/juminkanja/S2430/initialize?prefCd=09&kikanCd=7090000101&kikanKbn=5", "url2": "https://pinokio-pharmacy.com/", "内容": "ピノキオ薬局大田原中央店【5:薬局】栃木県大田原市中央２丁目９番３３号" }, "geometry": { "type": "Point", "coordinates": [ 140.024771, 36.867858 ] } },
{ "type": "Feature", "properties": { "ID": 957090000105.0, "正式名称": "あおぞら薬局", "機関区分": 5, "都道府県コード": 9, "市区町村コード": 205, "所在地": "栃木県鹿沼市上田町２３３８－２", "緯度": 36.567754, "経度": 139.749521, "url": "https://www.iryou.teikyouseido.mhlw.go.jp/znk-web/juminkanja/S2430/initialize?prefCd=09&kikanCd=7090000105&kikanKbn=5", "url2": "https://yppp.jp/pharmacy/32f97502", "内容": "あおぞら薬局【5:薬局】栃木県鹿沼市上田町２３３８－２" }, "geometry": { "type": "Point", "coordinates": [ 139.749521, 36.567754 ] } },
{ "type": "Feature", "properties": { "ID": 957090000107.0, "正式名称": "クスリのアオキ櫻野薬局", "機関区分": 5, "都道府県コード": 9, "市区町村コード": 214, "所在地": "栃木県さくら市櫻野１１０１番地１", "緯度": 36.683502, "経度": 139.974248, "url": "https://www.iryou.teikyouseido.mhlw.go.jp/znk-web/juminkanja/S2430/initialize?prefCd=09&kikanCd=7090000107&kikanKbn=5", "url2": "https://www.kusuri-aoki.co.jp/", "内容": "クスリのアオキ櫻野薬局【5:薬局】栃木県さくら市櫻野１１０１番地１" }, "geometry": { "type": "Point", "coordinates": [ 139.974248, 36.683502 ] } },
{ "type": "Feature", "properties": { "ID": 957090000108.0, "正式名称": "戸村薬局", "機関区分": 5, "都道府県コード": 9, "市区町村コード": 201, "所在地": "栃木県宇都宮市桜３丁目４番１２号", "緯度": 36.562625, "経度": 139.868221, "url": "https://www.iryou.teikyouseido.mhlw.go.jp/znk-web/juminkanja/S2430/initialize?prefCd=09&kikanCd=7090000108&kikanKbn=5", "url2": null, "内容": "戸村薬局【5:薬局】栃木県宇都宮市桜３丁目４番１２号" }, "geometry": { "type": "Point", "coordinates": [ 139.868221, 36.562625 ] } },
{ "type": "Feature", "properties": { "ID": 957090000109.0, "正式名称": "クスリのアオキ平松本町薬局", "機関区分": 5, "都道府県コード": 9, "市区町村コード": 201, "所在地": "栃木県宇都宮市平松３丁目９番３８号", "緯度": 36.5376052, "経度": 139.9135549, "url": "https://www.iryou.teikyouseido.mhlw.go.jp/znk-web/juminkanja/S2430/initialize?prefCd=09&kikanCd=7090000109&kikanKbn=5", "url2": "https://www.kusuri-aoki.co.jp/", "内容": "クスリのアオキ平松本町薬局【5:薬局】栃木県宇都宮市平松３丁目９番３８号" }, "geometry": { "type": "Point", "coordinates": [ 139.9135549, 36.5376052 ] } },
{ "type": "Feature", "properties": { "ID": 957090000111.0, "正式名称": "ライム薬局", "機関区分": 5, "都道府県コード": 9, "市区町村コード": 361, "所在地": "栃木県下都賀郡壬生町壬生丁２５９－８", "緯度": 36.452668, "経度": 139.827248, "url": "https://www.iryou.teikyouseido.mhlw.go.jp/znk-web/juminkanja/S2430/initialize?prefCd=09&kikanCd=7090000111&kikanKbn=5", "url2": null, "内容": "ライム薬局【5:薬局】栃木県下都賀郡壬生町壬生丁２５９－８" }, "geometry": { "type": "Point", "coordinates": [ 139.827248, 36.452668 ] } },
{ "type": "Feature", "properties": { "ID": 957090000112.0, "正式名称": "いちご薬局　大田原店", "機関区分": 5, "都道府県コード": 9, "市区町村コード": 210, "所在地": "栃木県大田原市加治屋８３－５８６", "緯度": 36.849109, "経度": 140.005585, "url": "https://www.iryou.teikyouseido.mhlw.go.jp/znk-web/juminkanja/S2430/initialize?prefCd=09&kikanCd=7090000112&kikanKbn=5", "url2": null, "内容": "いちご薬局　大田原店【5:薬局】栃木県大田原市加治屋８３－５８６" }, "geometry": { "type": "Point", "coordinates": [ 140.005585, 36.849109 ] } },
{ "type": "Feature", "properties": { "ID": 957090000113.0, "正式名称": "チェリー薬局", "機関区分": 5, "都道府県コード": 9, "市区町村コード": 210, "所在地": "栃木県大田原市元町一丁目９－１７", "緯度": 36.861045, "経度": 140.031071, "url": "https://www.iryou.teikyouseido.mhlw.go.jp/znk-web/juminkanja/S2430/initialize?prefCd=09&kikanCd=7090000113&kikanKbn=5", "url2": null, "内容": "チェリー薬局【5:薬局】栃木県大田原市元町一丁目９－１７" }, "geometry": { "type": "Point", "coordinates": [ 140.031071, 36.861045 ] } },
{ "type": "Feature", "properties": { "ID": 957090000114.0, "正式名称": "カケル薬局大谷店", "機関区分": 5, "都道府県コード": 9, "市区町村コード": 201, "所在地": "栃木県宇都宮市大谷町１３０７番地８", "緯度": 36.591598, "経度": 139.820665, "url": "https://www.iryou.teikyouseido.mhlw.go.jp/znk-web/juminkanja/S2430/initialize?prefCd=09&kikanCd=7090000114&kikanKbn=5", "url2": "https://stm-group.jp/", "内容": "カケル薬局大谷店【5:薬局】栃木県宇都宮市大谷町１３０７番地８" }, "geometry": { "type": "Point", "coordinates": [ 139.820665, 36.591598 ] } },
{ "type": "Feature", "properties": { "ID": 957090000117.0, "正式名称": "ウエルシア薬局真岡大谷新町店", "機関区分": 5, "都道府県コード": 9, "市区町村コード": 209, "所在地": "栃木県真岡市大谷新町１９－７", "緯度": 36.435162, "経度": 139.999471, "url": "https://www.iryou.teikyouseido.mhlw.go.jp/znk-web/juminkanja/S2430/initialize?prefCd=09&kikanCd=7090000117&kikanKbn=5", "url2": "https://www.welcia-yakkyoku.co.jp/", "内容": "ウエルシア薬局真岡大谷新町店【5:薬局】栃木県真岡市大谷新町１９－７" }, "geometry": { "type": "Point", "coordinates": [ 139.999471, 36.435162 ] } },
{ "type": "Feature", "properties": { "ID": 957090000121.0, "正式名称": "カワチ薬局　鶴田店", "機関区分": 5, "都道府県コード": 9, "市区町村コード": 201, "所在地": "栃木県宇都宮市滝の原２－５－２６", "緯度": 36.542788, "経度": 139.863025, "url": "https://www.iryou.teikyouseido.mhlw.go.jp/znk-web/juminkanja/S2430/initialize?prefCd=09&kikanCd=7090000121&kikanKbn=5", "url2": "https://www.cawachi.co.jp", "内容": "カワチ薬局　鶴田店【5:薬局】栃木県宇都宮市滝の原２－５－２６" }, "geometry": { "type": "Point", "coordinates": [ 139.863025, 36.542788 ] } },
{ "type": "Feature", "properties": { "ID": 957090000122.0, "正式名称": "クスリのアオキ細谷薬局", "機関区分": 5, "都道府県コード": 9, "市区町村コード": 201, "所在地": "栃木県宇都宮市細谷町６８７番地１", "緯度": 36.58858, "経度": 139.852239, "url": "https://www.iryou.teikyouseido.mhlw.go.jp/znk-web/juminkanja/S2430/initialize?prefCd=09&kikanCd=7090000122&kikanKbn=5", "url2": "https://www.kusuri-aoki.co.jp/", "内容": "クスリのアオキ細谷薬局【5:薬局】栃木県宇都宮市細谷町６８７番地１" }, "geometry": { "type": "Point", "coordinates": [ 139.852239, 36.58858 ] } },
{ "type": "Feature", "properties": { "ID": 957090000123.0, "正式名称": "ほほえみ薬局", "機関区分": 5, "都道府県コード": 9, "市区町村コード": 201, "所在地": "栃木県宇都宮市屋板町５７８番地６４２", "緯度": 36.518901, "経度": 139.900696, "url": "https://www.iryou.teikyouseido.mhlw.go.jp/znk-web/juminkanja/S2430/initialize?prefCd=09&kikanCd=7090000123&kikanKbn=5", "url2": "https://e-bond.info/withs/", "内容": "ほほえみ薬局【5:薬局】栃木県宇都宮市屋板町５７８番地６４２" }, "geometry": { "type": "Point", "coordinates": [ 139.900696, 36.518901 ] } },
{ "type": "Feature", "properties": { "ID": 957090000124.0, "正式名称": "タカオ薬局", "機関区分": 5, "都道府県コード": 9, "市区町村コード": 201, "所在地": "栃木県宇都宮市野沢町１９４番地８６", "緯度": 36.609248, "経度": 139.857857, "url": "https://www.iryou.teikyouseido.mhlw.go.jp/znk-web/juminkanja/S2430/initialize?prefCd=09&kikanCd=7090000124&kikanKbn=5", "url2": null, "内容": "タカオ薬局【5:薬局】栃木県宇都宮市野沢町１９４番地８６" }, "geometry": { "type": "Point", "coordinates": [ 139.857857, 36.609248 ] } },
{ "type": "Feature", "properties": { "ID": 957090000125.0, "正式名称": "ウエルシア薬局宇都宮兵庫塚店", "機関区分": 5, "都道府県コード": 9, "市区町村コード": 201, "所在地": "栃木県宇都宮市兵庫塚町１７３番地１", "緯度": 36.500579, "経度": 139.852733, "url": "https://www.iryou.teikyouseido.mhlw.go.jp/znk-web/juminkanja/S2430/initialize?prefCd=09&kikanCd=7090000125&kikanKbn=5", "url2": "https://store.welcia.co.jp/welcia/spot/detail?code=1248D&lang=ja&category=01.02.06.18.20", "内容": "ウエルシア薬局宇都宮兵庫塚店【5:薬局】栃木県宇都宮市兵庫塚町１７３番地１" }, "geometry": { "type": "Point", "coordinates": [ 139.852733, 36.500579 ] } },
{ "type": "Feature", "properties": { "ID": 957090000126.0, "正式名称": "ウエルシア薬局宇都宮鶴田町店", "機関区分": 5, "都道府県コード": 9, "市区町村コード": 201, "所在地": "栃木県宇都宮市鶴田町１８９番地１", "緯度": 36.547315, "経度": 139.852075, "url": "https://www.iryou.teikyouseido.mhlw.go.jp/znk-web/juminkanja/S2430/initialize?prefCd=09&kikanCd=7090000126&kikanKbn=5", "url2": null, "内容": "ウエルシア薬局宇都宮鶴田町店【5:薬局】栃木県宇都宮市鶴田町１８９番地１" }, "geometry": { "type": "Point", "coordinates": [ 139.852075, 36.547315 ] } },
{ "type": "Feature", "properties": { "ID": 957090000127.0, "正式名称": "オウル薬局", "機関区分": 5, "都道府県コード": 9, "市区町村コード": 201, "所在地": "栃木県宇都宮市西川田３丁目２６番１７号", "緯度": 36.511749, "経度": 139.856325, "url": "https://www.iryou.teikyouseido.mhlw.go.jp/znk-web/juminkanja/S2430/initialize?prefCd=09&kikanCd=7090000127&kikanKbn=5", "url2": "https://m-medical.co.jp", "内容": "オウル薬局【5:薬局】栃木県宇都宮市西川田３丁目２６番１７号" }, "geometry": { "type": "Point", "coordinates": [ 139.856325, 36.511749 ] } },
{ "type": "Feature", "properties": { "ID": 957090000129.0, "正式名称": "カワチ薬局　戸祭南店", "機関区分": 5, "都道府県コード": 9, "市区町村コード": 201, "所在地": "栃木県宇都宮市戸祭町３０２０－６", "緯度": 36.574509, "経度": 139.877265, "url": "https://www.iryou.teikyouseido.mhlw.go.jp/znk-web/juminkanja/S2430/initialize?prefCd=09&kikanCd=7090000129&kikanKbn=5", "url2": "https://www.cawachi.co.jp/", "内容": "カワチ薬局　戸祭南店【5:薬局】栃木県宇都宮市戸祭町３０２０－６" }, "geometry": { "type": "Point", "coordinates": [ 139.877265, 36.574509 ] } },
{ "type": "Feature", "properties": { "ID": 957090000130.0, "正式名称": "ロコ薬局", "機関区分": 5, "都道府県コード": 9, "市区町村コード": 204, "所在地": "栃木県佐野市富岡町松原７５４－２", "緯度": 36.318639, "経度": 139.598402, "url": "https://www.iryou.teikyouseido.mhlw.go.jp/znk-web/juminkanja/S2430/initialize?prefCd=09&kikanCd=7090000130&kikanKbn=5", "url2": "https://sukedo-pharmacy.com/", "内容": "ロコ薬局【5:薬局】栃木県佐野市富岡町松原７５４－２" }, "geometry": { "type": "Point", "coordinates": [ 139.598402, 36.318639 ] } },
{ "type": "Feature", "properties": { "ID": 957090000145.0, "正式名称": "クスリのアオキ宇都宮茂原薬局", "機関区分": 5, "都道府県コード": 9, "市区町村コード": 201, "所在地": "栃木県宇都宮市茂原３丁目１００２番地１", "緯度": 36.472286, "経度": 139.871155, "url": "https://www.iryou.teikyouseido.mhlw.go.jp/znk-web/juminkanja/S2430/initialize?prefCd=09&kikanCd=7090000145&kikanKbn=5", "url2": "https://www.kusuri-aoki.co.jp/", "内容": "クスリのアオキ宇都宮茂原薬局【5:薬局】栃木県宇都宮市茂原３丁目１００２番地１" }, "geometry": { "type": "Point", "coordinates": [ 139.871155, 36.472286 ] } },
{ "type": "Feature", "properties": { "ID": 957090000146.0, "正式名称": "ふじ調剤薬局　那須塩原店", "機関区分": 5, "都道府県コード": 9, "市区町村コード": 213, "所在地": "栃木県那須塩原市新町１１５－２", "緯度": 36.977596, "経度": 140.03625, "url": "https://www.iryou.teikyouseido.mhlw.go.jp/znk-web/juminkanja/S2430/initialize?prefCd=09&kikanCd=7090000146&kikanKbn=5", "url2": "https://www.kimijima-pharmacy.com/", "内容": "ふじ調剤薬局　那須塩原店【5:薬局】栃木県那須塩原市新町１１５－２" }, "geometry": { "type": "Point", "coordinates": [ 140.03625, 36.977596 ] } },
{ "type": "Feature", "properties": { "ID": 957090000147.0, "正式名称": "有限会社西新井薬局", "機関区分": 5, "都道府県コード": 9, "市区町村コード": 202, "所在地": "栃木県足利市西新井町３１８３－１", "緯度": 36.318343, "経度": 139.431677, "url": "https://www.iryou.teikyouseido.mhlw.go.jp/znk-web/juminkanja/S2430/initialize?prefCd=09&kikanCd=7090000147&kikanKbn=5", "url2": "https://nishiarai-yakkyoku-web.jimdosite.com", "内容": "有限会社西新井薬局【5:薬局】栃木県足利市西新井町３１８３－１" }, "geometry": { "type": "Point", "coordinates": [ 139.431677, 36.318343 ] } },
{ "type": "Feature", "properties": { "ID": 957090000148.0, "正式名称": "クスリのアオキ大前薬局", "機関区分": 5, "都道府県コード": 9, "市区町村コード": 202, "所在地": "栃木県足利市大前町８６５番地１", "緯度": 36.357991, "経度": 139.399687, "url": "https://www.iryou.teikyouseido.mhlw.go.jp/znk-web/juminkanja/S2430/initialize?prefCd=09&kikanCd=7090000148&kikanKbn=5", "url2": "https://www.kusuri-aoki.co.jp/", "内容": "クスリのアオキ大前薬局【5:薬局】栃木県足利市大前町８６５番地１" }, "geometry": { "type": "Point", "coordinates": [ 139.399687, 36.357991 ] } },
{ "type": "Feature", "properties": { "ID": 957090000150.0, "正式名称": "クスリのアオキ下高間木薬局", "機関区分": 5, "都道府県コード": 9, "市区町村コード": 209, "所在地": "栃木県真岡市下高間木２丁目１１番地１", "緯度": 36.436402, "経度": 139.974328, "url": "https://www.iryou.teikyouseido.mhlw.go.jp/znk-web/juminkanja/S2430/initialize?prefCd=09&kikanCd=7090000150&kikanKbn=5", "url2": "https://www.kusuri-aoki.co.jp/", "内容": "クスリのアオキ下高間木薬局【5:薬局】栃木県真岡市下高間木２丁目１１番地１" }, "geometry": { "type": "Point", "coordinates": [ 139.974328, 36.436402 ] } },
{ "type": "Feature", "properties": { "ID": 957090000151.0, "正式名称": "クスリのアオキ鳥居跡薬局", "機関区分": 5, "都道府県コード": 9, "市区町村コード": 205, "所在地": "栃木県鹿沼市鳥居跡町１４４７番地１", "緯度": 36.556387, "経度": 139.747515, "url": "https://www.iryou.teikyouseido.mhlw.go.jp/znk-web/juminkanja/S2430/initialize?prefCd=09&kikanCd=7090000151&kikanKbn=5", "url2": "https://www.kusuri-aoki.co.jp/", "内容": "クスリのアオキ鳥居跡薬局【5:薬局】栃木県鹿沼市鳥居跡町１４４７番地１" }, "geometry": { "type": "Point", "coordinates": [ 139.747515, 36.556387 ] } },
{ "type": "Feature", "properties": { "ID": 957090000152.0, "正式名称": "まつや薬局　中田原店", "機関区分": 5, "都道府県コード": 9, "市区町村コード": 210, "所在地": "栃木県大田原市中田原７７３－９", "緯度": 36.871714, "経度": 140.035447, "url": "https://www.iryou.teikyouseido.mhlw.go.jp/znk-web/juminkanja/S2430/initialize?prefCd=09&kikanCd=7090000152&kikanKbn=5", "url2": "https://www.matsuya-ph.jp", "内容": "まつや薬局　中田原店【5:薬局】栃木県大田原市中田原７７３－９" }, "geometry": { "type": "Point", "coordinates": [ 140.035447, 36.871714 ] } },
{ "type": "Feature", "properties": { "ID": 957090000153.0, "正式名称": "ふじ調剤薬局　黒田原店", "機関区分": 5, "都道府県コード": 9, "市区町村コード": 407, "所在地": "栃木県那須郡那須町寺子丙字前原１番１０１", "緯度": 37.022624, "経度": 140.115515, "url": "https://www.iryou.teikyouseido.mhlw.go.jp/znk-web/juminkanja/S2430/initialize?prefCd=09&kikanCd=7090000153&kikanKbn=5", "url2": "https://www.kimijima-pharmacy.com/", "内容": "ふじ調剤薬局　黒田原店【5:薬局】栃木県那須郡那須町寺子丙字前原１番１０１" }, "geometry": { "type": "Point", "coordinates": [ 140.115515, 37.022624 ] } },
{ "type": "Feature", "properties": { "ID": 957090000154.0, "正式名称": "ウエルシア薬局足利小俣店", "機関区分": 5, "都道府県コード": 9, "市区町村コード": 202, "所在地": "栃木県足利市小俣町５１６番地１", "緯度": 36.374908, "経度": 139.371858, "url": "https://www.iryou.teikyouseido.mhlw.go.jp/znk-web/juminkanja/S2430/initialize?prefCd=09&kikanCd=7090000154&kikanKbn=5", "url2": "https://stores.welcia.co.jp/6025D", "内容": "ウエルシア薬局足利小俣店【5:薬局】栃木県足利市小俣町５１６番地１" }, "geometry": { "type": "Point", "coordinates": [ 139.371858, 36.374908 ] } },
{ "type": "Feature", "properties": { "ID": 957090000156.0, "正式名称": "アイン薬局　那須赤十字店", "機関区分": 5, "都道府県コード": 9, "市区町村コード": 210, "所在地": "栃木県大田原市中田原１０８１－９", "緯度": 36.881437, "経度": 140.036756, "url": "https://www.iryou.teikyouseido.mhlw.go.jp/znk-web/juminkanja/S2430/initialize?prefCd=09&kikanCd=7090000156&kikanKbn=5", "url2": "https://www.ainj.co.jp/network/detail.html?pdid=1906&TabModule480=0", "内容": "アイン薬局　那須赤十字店【5:薬局】栃木県大田原市中田原１０８１－９" }, "geometry": { "type": "Point", "coordinates": [ 140.036756, 36.881437 ] } },
{ "type": "Feature", "properties": { "ID": 957090000157.0, "正式名称": "ピノキオ薬局ゆいの杜店", "機関区分": 5, "都道府県コード": 9, "市区町村コード": 201, "所在地": "栃木県宇都宮市ゆいの杜６丁目２－３０", "緯度": 36.569054, "経度": 139.993155, "url": "https://www.iryou.teikyouseido.mhlw.go.jp/znk-web/juminkanja/S2430/initialize?prefCd=09&kikanCd=7090000157&kikanKbn=5", "url2": "https://pinokio-pharmacy.com/shop/shop-7696/", "内容": "ピノキオ薬局ゆいの杜店【5:薬局】栃木県宇都宮市ゆいの杜６丁目２－３０" }, "geometry": { "type": "Point", "coordinates": [ 139.993155, 36.569054 ] } },
{ "type": "Feature", "properties": { "ID": 957090000158.0, "正式名称": "緑の郷ゲート薬局", "機関区分": 5, "都道府県コード": 9, "市区町村コード": 201, "所在地": "栃木県宇都宮市西刑部町２４４３番１４", "緯度": 36.510078, "経度": 139.923168, "url": "https://www.iryou.teikyouseido.mhlw.go.jp/znk-web/juminkanja/S2430/initialize?prefCd=09&kikanCd=7090000158&kikanKbn=5", "url2": "https://www.medicalgatesystem.jp/", "内容": "緑の郷ゲート薬局【5:薬局】栃木県宇都宮市西刑部町２４４３番１４" }, "geometry": { "type": "Point", "coordinates": [ 139.923168, 36.510078 ] } },
{ "type": "Feature", "properties": { "ID": 957090000159.0, "正式名称": "ウエルシア薬局足利福居店", "機関区分": 5, "都道府県コード": 9, "市区町村コード": 202, "所在地": "栃木県足利市百頭町２１０５", "緯度": 36.300034, "経度": 139.457468, "url": "https://www.iryou.teikyouseido.mhlw.go.jp/znk-web/juminkanja/S2430/initialize?prefCd=09&kikanCd=7090000159&kikanKbn=5", "url2": "https://store.welcia.co.jp/welcia/spot/detail?code=6018D", "内容": "ウエルシア薬局足利福居店【5:薬局】栃木県足利市百頭町２１０５" }, "geometry": { "type": "Point", "coordinates": [ 139.457468, 36.300034 ] } },
{ "type": "Feature", "properties": { "ID": 957090000160.0, "正式名称": "有限会社ミドリ薬局栃木街道店", "機関区分": 5, "都道府県コード": 9, "市区町村コード": 201, "所在地": "栃木県宇都宮市西川田町２３４－２", "緯度": 36.513405, "経度": 139.840535, "url": "https://www.iryou.teikyouseido.mhlw.go.jp/znk-web/juminkanja/S2430/initialize?prefCd=09&kikanCd=7090000160&kikanKbn=5", "url2": null, "内容": "有限会社ミドリ薬局栃木街道店【5:薬局】栃木県宇都宮市西川田町２３４－２" }, "geometry": { "type": "Point", "coordinates": [ 139.840535, 36.513405 ] } },
{ "type": "Feature", "properties": { "ID": 957090000161.0, "正式名称": "ウエルシア薬局宇都宮西川田店", "機関区分": 5, "都道府県コード": 9, "市区町村コード": 201, "所在地": "栃木県宇都宮市西川田町９１３番地１", "緯度": 36.524033, "経度": 139.851265, "url": "https://www.iryou.teikyouseido.mhlw.go.jp/znk-web/juminkanja/S2430/initialize?prefCd=09&kikanCd=7090000161&kikanKbn=5", "url2": "https://stores.welcia.co.jp/1372D", "内容": "ウエルシア薬局宇都宮西川田店【5:薬局】栃木県宇都宮市西川田町９１３番地１" }, "geometry": { "type": "Point", "coordinates": [ 139.851265, 36.524033 ] } },
{ "type": "Feature", "properties": { "ID": 957090000162.0, "正式名称": "ＫＡＧＡＹＡＫＩ薬局", "機関区分": 5, "都道府県コード": 9, "市区町村コード": 204, "所在地": "栃木県佐野市高萩町４０７－２", "緯度": 36.298562, "経度": 139.594, "url": "https://www.iryou.teikyouseido.mhlw.go.jp/znk-web/juminkanja/S2430/initialize?prefCd=09&kikanCd=7090000162&kikanKbn=5", "url2": null, "内容": "ＫＡＧＡＹＡＫＩ薬局【5:薬局】栃木県佐野市高萩町４０７－２" }, "geometry": { "type": "Point", "coordinates": [ 139.594, 36.298562 ] } },
{ "type": "Feature", "properties": { "ID": 957090000164.0, "正式名称": "さつき薬局　河内店", "機関区分": 5, "都道府県コード": 9, "市区町村コード": 201, "所在地": "栃木県宇都宮市中岡本町４６６－４", "緯度": 36.605999, "経度": 139.961335, "url": "https://www.iryou.teikyouseido.mhlw.go.jp/znk-web/juminkanja/S2430/initialize?prefCd=09&kikanCd=7090000164&kikanKbn=5", "url2": "https://phasimo.com", "内容": "さつき薬局　河内店【5:薬局】栃木県宇都宮市中岡本町４６６－４" }, "geometry": { "type": "Point", "coordinates": [ 139.961335, 36.605999 ] } },
{ "type": "Feature", "properties": { "ID": 957090000167.0, "正式名称": "オハナ薬局佐野店", "機関区分": 5, "都道府県コード": 9, "市区町村コード": 204, "所在地": "栃木県佐野市鐙塚町３４１－４", "緯度": 36.306892, "経度": 139.604315, "url": "https://www.iryou.teikyouseido.mhlw.go.jp/znk-web/juminkanja/S2430/initialize?prefCd=09&kikanCd=7090000167&kikanKbn=5", "url2": "https://win-ohana.jp/", "内容": "オハナ薬局佐野店【5:薬局】栃木県佐野市鐙塚町３４１－４" }, "geometry": { "type": "Point", "coordinates": [ 139.604315, 36.306892 ] } },
{ "type": "Feature", "properties": { "ID": 957090000170.0, "正式名称": "クスリのアオキ犬伏薬局", "機関区分": 5, "都道府県コード": 9, "市区町村コード": 204, "所在地": "栃木県佐野市犬伏中町１９３４番地２", "緯度": 36.323863, "経度": 139.596714, "url": "https://www.iryou.teikyouseido.mhlw.go.jp/znk-web/juminkanja/S2430/initialize?prefCd=09&kikanCd=7090000170&kikanKbn=5", "url2": "https://www.kusuri-aoki.co.jp/", "内容": "クスリのアオキ犬伏薬局【5:薬局】栃木県佐野市犬伏中町１９３４番地２" }, "geometry": { "type": "Point", "coordinates": [ 139.596714, 36.323863 ] } },
{ "type": "Feature", "properties": { "ID": 957090000171.0, "正式名称": "カワチ薬局　簗瀬店", "機関区分": 5, "都道府県コード": 9, "市区町村コード": 201, "所在地": "栃木県宇都宮市東簗瀬１丁目６番地１９", "緯度": 36.544712, "経度": 139.897609, "url": "https://www.iryou.teikyouseido.mhlw.go.jp/znk-web/juminkanja/S2430/initialize?prefCd=09&kikanCd=7090000171&kikanKbn=5", "url2": "https://www.cawachi.co.jp/", "内容": "カワチ薬局　簗瀬店【5:薬局】栃木県宇都宮市東簗瀬１丁目６番地１９" }, "geometry": { "type": "Point", "coordinates": [ 139.897609, 36.544712 ] } },
{ "type": "Feature", "properties": { "ID": 957090000173.0, "正式名称": "ワイアンドワイ薬局宇都宮店", "機関区分": 5, "都道府県コード": 9, "市区町村コード": 201, "所在地": "栃木県宇都宮市新町１－２－１０", "緯度": 36.550774, "経度": 139.874921, "url": "https://www.iryou.teikyouseido.mhlw.go.jp/znk-web/juminkanja/S2430/initialize?prefCd=09&kikanCd=7090000173&kikanKbn=5", "url2": "https://www.y-y-pharmacy.com/", "内容": "ワイアンドワイ薬局宇都宮店【5:薬局】栃木県宇都宮市新町１－２－１０" }, "geometry": { "type": "Point", "coordinates": [ 139.874921, 36.550774 ] } },
{ "type": "Feature", "properties": { "ID": 957090000175.0, "正式名称": "アルファ薬局", "機関区分": 5, "都道府県コード": 9, "市区町村コード": 201, "所在地": "栃木県宇都宮市中今泉３丁目１３番２２号", "緯度": 36.569036, "経度": 139.909472, "url": "https://www.iryou.teikyouseido.mhlw.go.jp/znk-web/juminkanja/S2430/initialize?prefCd=09&kikanCd=7090000175&kikanKbn=5", "url2": null, "内容": "アルファ薬局【5:薬局】栃木県宇都宮市中今泉３丁目１３番２２号" }, "geometry": { "type": "Point", "coordinates": [ 139.909472, 36.569036 ] } },
{ "type": "Feature", "properties": { "ID": 957090000176.0, "正式名称": "花・花薬局朝倉店", "機関区分": 5, "都道府県コード": 9, "市区町村コード": 202, "所在地": "栃木県足利市朝倉町三丁目１５番地４", "緯度": 36.316937, "経度": 139.443607, "url": "https://www.iryou.teikyouseido.mhlw.go.jp/znk-web/juminkanja/S2430/initialize?prefCd=09&kikanCd=7090000176&kikanKbn=5", "url2": "https://e-ff.jp/", "内容": "花・花薬局朝倉店【5:薬局】栃木県足利市朝倉町三丁目１５番地４" }, "geometry": { "type": "Point", "coordinates": [ 139.443607, 36.316937 ] } },
{ "type": "Feature", "properties": { "ID": 957090000177.0, "正式名称": "ユニスマイル薬局　朱雀店", "機関区分": 5, "都道府県コード": 9, "市区町村コード": 204, "所在地": "栃木県佐野市堀米町３９４７－１４", "緯度": 36.326759, "経度": 139.577049, "url": "https://www.iryou.teikyouseido.mhlw.go.jp/znk-web/juminkanja/S2430/initialize?prefCd=09&kikanCd=7090000177&kikanKbn=5", "url2": "https://unismile.co.jp", "内容": "ユニスマイル薬局　朱雀店【5:薬局】栃木県佐野市堀米町３９４７－１４" }, "geometry": { "type": "Point", "coordinates": [ 139.577049, 36.326759 ] } },
{ "type": "Feature", "properties": { "ID": 957090000178.0, "正式名称": "鹿島中央薬局", "機関区分": 5, "都道府県コード": 9, "市区町村コード": 202, "所在地": "栃木県足利市鹿島町５００－３", "緯度": 36.34886, "経度": 139.403, "url": "https://www.iryou.teikyouseido.mhlw.go.jp/znk-web/juminkanja/S2430/initialize?prefCd=09&kikanCd=7090000178&kikanKbn=5", "url2": "https://unismile.co.jp/", "内容": "鹿島中央薬局【5:薬局】栃木県足利市鹿島町５００－３" }, "geometry": { "type": "Point", "coordinates": [ 139.403, 36.34886 ] } },
{ "type": "Feature", "properties": { "ID": 957090000179.0, "正式名称": "ユニスマイル薬局　ほりごめ店", "機関区分": 5, "都道府県コード": 9, "市区町村コード": 202, "所在地": "栃木県足利市堀込町２７６０－４", "緯度": 36.314932, "経度": 139.43931, "url": "https://www.iryou.teikyouseido.mhlw.go.jp/znk-web/juminkanja/S2430/initialize?prefCd=09&kikanCd=7090000179&kikanKbn=5", "url2": "https://unismile.co.jp/", "内容": "ユニスマイル薬局　ほりごめ店【5:薬局】栃木県足利市堀込町２７６０－４" }, "geometry": { "type": "Point", "coordinates": [ 139.43931, 36.314932 ] } },
{ "type": "Feature", "properties": { "ID": 957090000183.0, "正式名称": "キブナ薬局", "機関区分": 5, "都道府県コード": 9, "市区町村コード": 201, "所在地": "栃木県宇都宮市上戸祭町２８８－１", "緯度": 36.591086, "経度": 139.864143, "url": "https://www.iryou.teikyouseido.mhlw.go.jp/znk-web/juminkanja/S2430/initialize?prefCd=09&kikanCd=7090000183&kikanKbn=5", "url2": "https://m-medical.co.jp", "内容": "キブナ薬局【5:薬局】栃木県宇都宮市上戸祭町２８８－１" }, "geometry": { "type": "Point", "coordinates": [ 139.864143, 36.591086 ] } },
{ "type": "Feature", "properties": { "ID": 957090000184.0, "正式名称": "調剤薬局ツルハドラッグ宇都宮陽東店", "機関区分": 5, "都道府県コード": 9, "市区町村コード": 201, "所在地": "栃木県宇都宮市陽東２丁目１６番２５号", "緯度": 36.551507, "経度": 139.927885, "url": "https://www.iryou.teikyouseido.mhlw.go.jp/znk-web/juminkanja/S2430/initialize?prefCd=09&kikanCd=7090000184&kikanKbn=5", "url2": "https://www.tsuruha.co.jp/", "内容": "調剤薬局ツルハドラッグ宇都宮陽東店【5:薬局】栃木県宇都宮市陽東２丁目１６番２５号" }, "geometry": { "type": "Point", "coordinates": [ 139.927885, 36.551507 ] } },
{ "type": "Feature", "properties": { "ID": 957090000185.0, "正式名称": "グリーンファーマシー", "機関区分": 5, "都道府県コード": 9, "市区町村コード": 201, "所在地": "栃木県宇都宮市戸祭２丁目１１番４５号", "緯度": 36.572882, "経度": 139.862941, "url": "https://www.iryou.teikyouseido.mhlw.go.jp/znk-web/juminkanja/S2430/initialize?prefCd=09&kikanCd=7090000185&kikanKbn=5", "url2": "https://mc-kanto.co.jp/company/", "内容": "グリーンファーマシー【5:薬局】栃木県宇都宮市戸祭２丁目１１番４５号" }, "geometry": { "type": "Point", "coordinates": [ 139.862941, 36.572882 ] } },
{ "type": "Feature", "properties": { "ID": 957090000186.0, "正式名称": "アイン薬局　砥上店", "機関区分": 5, "都道府県コード": 9, "市区町村コード": 201, "所在地": "栃木県宇都宮市下砥上町６９１番地１", "緯度": 36.534856, "経度": 139.84929, "url": "https://www.iryou.teikyouseido.mhlw.go.jp/znk-web/juminkanja/S2430/initialize?prefCd=09&kikanCd=7090000186&kikanKbn=5", "url2": "https://www.ainj.co.jp/", "内容": "アイン薬局　砥上店【5:薬局】栃木県宇都宮市下砥上町６９１番地１" }, "geometry": { "type": "Point", "coordinates": [ 139.84929, 36.534856 ] } },
{ "type": "Feature", "properties": { "ID": 957090000187.0, "正式名称": "アイン薬局　那須中央店", "機関区分": 5, "都道府県コード": 9, "市区町村コード": 210, "所在地": "栃木県大田原市下石上１４５３番１", "緯度": 36.855993, "経度": 139.948107, "url": "https://www.iryou.teikyouseido.mhlw.go.jp/znk-web/juminkanja/S2430/initialize?prefCd=09&kikanCd=7090000187&kikanKbn=5", "url2": "https://store.ainj.co.jp/detail/1101453/", "内容": "アイン薬局　那須中央店【5:薬局】栃木県大田原市下石上１４５３番１" }, "geometry": { "type": "Point", "coordinates": [ 139.948107, 36.855993 ] } },
{ "type": "Feature", "properties": { "ID": 957090000188.0, "正式名称": "ユニスマイル薬局　なかがわ店", "機関区分": 5, "都道府県コード": 9, "市区町村コード": 411, "所在地": "栃木県那須郡那珂川町小川２９６１－８", "緯度": 36.761076, "経度": 140.118495, "url": "https://www.iryou.teikyouseido.mhlw.go.jp/znk-web/juminkanja/S2430/initialize?prefCd=09&kikanCd=7090000188&kikanKbn=5", "url2": "https://unismile.co.jp/shop/nakagawa/", "内容": "ユニスマイル薬局　なかがわ店【5:薬局】栃木県那須郡那珂川町小川２９６１－８" }, "geometry": { "type": "Point", "coordinates": [ 140.118495, 36.761076 ] } },
{ "type": "Feature", "properties": { "ID": 957090000191.0, "正式名称": "ユニスマイル薬局　いわふね店", "機関区分": 5, "都道府県コード": 9, "市区町村コード": 203, "所在地": "栃木県栃木市岩舟町静５１３４－７", "緯度": 36.308481, "経度": 139.665617, "url": "https://www.iryou.teikyouseido.mhlw.go.jp/znk-web/juminkanja/S2430/initialize?prefCd=09&kikanCd=7090000191&kikanKbn=5", "url2": "http://unismile.co.jp/shop/iwafune/", "内容": "ユニスマイル薬局　いわふね店【5:薬局】栃木県栃木市岩舟町静５１３４－７" }, "geometry": { "type": "Point", "coordinates": [ 139.665617, 36.308481 ] } },
{ "type": "Feature", "properties": { "ID": 957090000192.0, "正式名称": "ユニスマイル薬局やちよ店", "機関区分": 5, "都道府県コード": 9, "市区町村コード": 201, "所在地": "栃木県宇都宮市八千代１丁目２－１２", "緯度": 36.532831, "経度": 139.860687, "url": "https://www.iryou.teikyouseido.mhlw.go.jp/znk-web/juminkanja/S2430/initialize?prefCd=09&kikanCd=7090000192&kikanKbn=5", "url2": "https://unismile.co.jp", "内容": "ユニスマイル薬局やちよ店【5:薬局】栃木県宇都宮市八千代１丁目２－１２" }, "geometry": { "type": "Point", "coordinates": [ 139.860687, 36.532831 ] } },
{ "type": "Feature", "properties": { "ID": 957090000193.0, "正式名称": "ユニスマイル薬局　かいどう店", "機関区分": 5, "都道府県コード": 9, "市区町村コード": 201, "所在地": "栃木県宇都宮市海道町１５３－９", "緯度": 36.607447, "経度": 139.926665, "url": "https://www.iryou.teikyouseido.mhlw.go.jp/znk-web/juminkanja/S2430/initialize?prefCd=09&kikanCd=7090000193&kikanKbn=5", "url2": "https://unismile.co.jp", "内容": "ユニスマイル薬局　かいどう店【5:薬局】栃木県宇都宮市海道町１５３－９" }, "geometry": { "type": "Point", "coordinates": [ 139.926665, 36.607447 ] } },
{ "type": "Feature", "properties": { "ID": 957090000194.0, "正式名称": "ユニスマイル薬局　つるた店", "機関区分": 5, "都道府県コード": 9, "市区町村コード": 201, "所在地": "栃木県宇都宮市鶴田２丁目６番８号", "緯度": 36.562935, "経度": 139.854764, "url": "https://www.iryou.teikyouseido.mhlw.go.jp/znk-web/juminkanja/S2430/initialize?prefCd=09&kikanCd=7090000194&kikanKbn=5", "url2": "http://www.unismile.co.jp", "内容": "ユニスマイル薬局　つるた店【5:薬局】栃木県宇都宮市鶴田２丁目６番８号" }, "geometry": { "type": "Point", "coordinates": [ 139.854764, 36.562935 ] } },
{ "type": "Feature", "properties": { "ID": 957090000195.0, "正式名称": "ユニスマイル薬局　みね店", "機関区分": 5, "都道府県コード": 9, "市区町村コード": 201, "所在地": "栃木県宇都宮市峰１－２９－１９", "緯度": 36.554521, "経度": 139.913041, "url": "https://www.iryou.teikyouseido.mhlw.go.jp/znk-web/juminkanja/S2430/initialize?prefCd=09&kikanCd=7090000195&kikanKbn=5", "url2": "https://unismile.co.jp/", "内容": "ユニスマイル薬局　みね店【5:薬局】栃木県宇都宮市峰１－２９－１９" }, "geometry": { "type": "Point", "coordinates": [ 139.913041, 36.554521 ] } },
{ "type": "Feature", "properties": { "ID": 957090000196.0, "正式名称": "ユニスマイル薬局　えそしま店", "機関区分": 5, "都道府県コード": 9, "市区町村コード": 201, "所在地": "栃木県宇都宮市江曽島２丁目９－１９", "緯度": 36.524296, "経度": 139.863778, "url": "https://www.iryou.teikyouseido.mhlw.go.jp/znk-web/juminkanja/S2430/initialize?prefCd=09&kikanCd=7090000196&kikanKbn=5", "url2": "http://www.unismile.co.jp", "内容": "ユニスマイル薬局　えそしま店【5:薬局】栃木県宇都宮市江曽島２丁目９－１９" }, "geometry": { "type": "Point", "coordinates": [ 139.863778, 36.524296 ] } },
{ "type": "Feature", "properties": { "ID": 957090000197.0, "正式名称": "ユニスマイル薬局もおか店", "機関区分": 5, "都道府県コード": 9, "市区町村コード": 209, "所在地": "栃木県真岡市下高間木１－１３－７", "緯度": 36.433888, "経度": 139.986219, "url": "https://www.iryou.teikyouseido.mhlw.go.jp/znk-web/juminkanja/S2430/initialize?prefCd=09&kikanCd=7090000197&kikanKbn=5", "url2": "https://unismile.co.jp/", "内容": "ユニスマイル薬局もおか店【5:薬局】栃木県真岡市下高間木１－１３－７" }, "geometry": { "type": "Point", "coordinates": [ 139.986219, 36.433888 ] } },
{ "type": "Feature", "properties": { "ID": 957090000198.0, "正式名称": "ピノキオ薬局真岡西店", "機関区分": 5, "都道府県コード": 9, "市区町村コード": 209, "所在地": "栃木県真岡市長田５－８－１０", "緯度": 36.436825, "経度": 139.961176, "url": "https://www.iryou.teikyouseido.mhlw.go.jp/znk-web/juminkanja/S2430/initialize?prefCd=09&kikanCd=7090000198&kikanKbn=5", "url2": "https://pinokio-pharmacy.com/", "内容": "ピノキオ薬局真岡西店【5:薬局】栃木県真岡市長田５－８－１０" }, "geometry": { "type": "Point", "coordinates": [ 139.961176, 36.436825 ] } },
{ "type": "Feature", "properties": { "ID": 957090000202.0, "正式名称": "こぐれ調剤薬局あずま通り店", "機関区分": 5, "都道府県コード": 9, "市区町村コード": 202, "所在地": "栃木県足利市伊勢町２－１３－２０", "緯度": 36.333009, "経度": 139.460918, "url": "https://www.iryou.teikyouseido.mhlw.go.jp/znk-web/juminkanja/S2430/initialize?prefCd=09&kikanCd=7090000202&kikanKbn=5", "url2": null, "内容": "こぐれ調剤薬局あずま通り店【5:薬局】栃木県足利市伊勢町２－１３－２０" }, "geometry": { "type": "Point", "coordinates": [ 139.460918, 36.333009 ] } },
{ "type": "Feature", "properties": { "ID": 957090000203.0, "正式名称": "さくら薬局", "機関区分": 5, "都道府県コード": 9, "市区町村コード": 201, "所在地": "栃木県宇都宮市宿郷３－２０－１２　薄井ビル１階", "緯度": 36.554067, "経度": 139.908642, "url": "https://www.iryou.teikyouseido.mhlw.go.jp/znk-web/juminkanja/S2430/initialize?prefCd=09&kikanCd=7090000203&kikanKbn=5", "url2": null, "内容": "さくら薬局【5:薬局】栃木県宇都宮市宿郷３－２０－１２　薄井ビル１階" }, "geometry": { "type": "Point", "coordinates": [ 139.908642, 36.554067 ] } },
{ "type": "Feature", "properties": { "ID": 957090000208.0, "正式名称": "クスリのアオキ下武子薬局", "機関区分": 5, "都道府県コード": 9, "市区町村コード": 205, "所在地": "栃木県鹿沼市下武子町５４番地１", "緯度": 36.565843, "経度": 139.883581, "url": "https://www.iryou.teikyouseido.mhlw.go.jp/znk-web/juminkanja/S2430/initialize?prefCd=09&kikanCd=7090000208&kikanKbn=5", "url2": "https://www.kusuri-aoki.co.jp/", "内容": "クスリのアオキ下武子薬局【5:薬局】栃木県鹿沼市下武子町５４番地１" }, "geometry": { "type": "Point", "coordinates": [ 139.883581, 36.565843 ] } },
{ "type": "Feature", "properties": { "ID": 957090000210.0, "正式名称": "みんなの薬局", "機関区分": 5, "都道府県コード": 9, "市区町村コード": 202, "所在地": "栃木県足利市借宿町１－２１－１３", "緯度": 36.329864, "経度": 139.43265, "url": "https://www.iryou.teikyouseido.mhlw.go.jp/znk-web/juminkanja/S2430/initialize?prefCd=09&kikanCd=7090000210&kikanKbn=5", "url2": null, "内容": "みんなの薬局【5:薬局】栃木県足利市借宿町１－２１－１３" }, "geometry": { "type": "Point", "coordinates": [ 139.43265, 36.329864 ] } },
{ "type": "Feature", "properties": { "ID": 957090000213.0, "正式名称": "カワチ薬局　戸祭北店", "機関区分": 5, "都道府県コード": 9, "市区町村コード": 201, "所在地": "栃木県宇都宮市上戸祭町３００７－２", "緯度": 36.591861, "経度": 139.869422, "url": "https://www.iryou.teikyouseido.mhlw.go.jp/znk-web/juminkanja/S2430/initialize?prefCd=09&kikanCd=7090000213&kikanKbn=5", "url2": "https://www.cawachi.co.jp/", "内容": "カワチ薬局　戸祭北店【5:薬局】栃木県宇都宮市上戸祭町３００７－２" }, "geometry": { "type": "Point", "coordinates": [ 139.869422, 36.591861 ] } },
{ "type": "Feature", "properties": { "ID": 957090000214.0, "正式名称": "クスリのアオキ末広薬局", "機関区分": 5, "都道府県コード": 9, "市区町村コード": 210, "所在地": "栃木県大田原市末広２丁目１０番９号", "緯度": 36.862391, "経度": 140.018523, "url": "https://www.iryou.teikyouseido.mhlw.go.jp/znk-web/juminkanja/S2430/initialize?prefCd=09&kikanCd=7090000214&kikanKbn=5", "url2": "https://www.kusuri-aoki.co.jp/", "内容": "クスリのアオキ末広薬局【5:薬局】栃木県大田原市末広２丁目１０番９号" }, "geometry": { "type": "Point", "coordinates": [ 140.018523, 36.862391 ] } },
{ "type": "Feature", "properties": { "ID": 957090000215.0, "正式名称": "はるいろやっきょく", "機関区分": 5, "都道府県コード": 9, "市区町村コード": 210, "所在地": "栃木県大田原市浅香３丁目３７１１－３５", "緯度": 36.856137, "経度": 140.021044, "url": "https://www.iryou.teikyouseido.mhlw.go.jp/znk-web/juminkanja/S2430/initialize?prefCd=09&kikanCd=7090000215&kikanKbn=5", "url2": null, "内容": "はるいろやっきょく【5:薬局】栃木県大田原市浅香３丁目３７１１－３５" }, "geometry": { "type": "Point", "coordinates": [ 140.021044, 36.856137 ] } },
{ "type": "Feature", "properties": { "ID": 957090000216.0, "正式名称": "ウエルシア薬局日光今市２号店", "機関区分": 5, "都道府県コード": 9, "市区町村コード": 206, "所在地": "栃木県日光市今市１４番２", "緯度": 36.720149, "経度": 139.703721, "url": "https://www.iryou.teikyouseido.mhlw.go.jp/znk-web/juminkanja/S2430/initialize?prefCd=09&kikanCd=7090000216&kikanKbn=5", "url2": "http://www.welcia-yakkyoku.co.jp/", "内容": "ウエルシア薬局日光今市２号店【5:薬局】栃木県日光市今市１４番２" }, "geometry": { "type": "Point", "coordinates": [ 139.703721, 36.720149 ] } },
{ "type": "Feature", "properties": { "ID": 957090000218.0, "正式名称": "にじいろ薬局おおくら", "機関区分": 5, "都道府県コード": 9, "市区町村コード": 204, "所在地": "栃木県佐野市大蔵町２９６３－１フレグランスオークラ１０５号", "緯度": 36.314607, "経度": 139.573308, "url": "https://www.iryou.teikyouseido.mhlw.go.jp/znk-web/juminkanja/S2430/initialize?prefCd=09&kikanCd=7090000218&kikanKbn=5", "url2": "http://www.medi-falcon.jp/", "内容": "にじいろ薬局おおくら【5:薬局】栃木県佐野市大蔵町２９６３－１フレグランスオークラ１０５号" }, "geometry": { "type": "Point", "coordinates": [ 139.573308, 36.314607 ] } },
{ "type": "Feature", "properties": { "ID": 957090000220.0, "正式名称": "しんわ薬局　大通り店", "機関区分": 5, "都道府県コード": 9, "市区町村コード": 201, "所在地": "栃木県宇都宮市大通り４丁目３番８号", "緯度": 36.56057, "経度": 139.894921, "url": "https://www.iryou.teikyouseido.mhlw.go.jp/znk-web/juminkanja/S2430/initialize?prefCd=09&kikanCd=7090000220&kikanKbn=5", "url2": "https://www.mdx-yakuzaishi.co.jp/", "内容": "しんわ薬局　大通り店【5:薬局】栃木県宇都宮市大通り４丁目３番８号" }, "geometry": { "type": "Point", "coordinates": [ 139.894921, 36.56057 ] } },
{ "type": "Feature", "properties": { "ID": 957090000221.0, "正式名称": "しんわ薬局　泉町店", "機関区分": 5, "都道府県コード": 9, "市区町村コード": 201, "所在地": "栃木県宇都宮市泉町１番２６号", "緯度": 36.561921, "経度": 139.879903, "url": "https://www.iryou.teikyouseido.mhlw.go.jp/znk-web/juminkanja/S2430/initialize?prefCd=09&kikanCd=7090000221&kikanKbn=5", "url2": "https://www.mdx-yakuzaishi.co.jp/shop/660/", "内容": "しんわ薬局　泉町店【5:薬局】栃木県宇都宮市泉町１番２６号" }, "geometry": { "type": "Point", "coordinates": [ 139.879903, 36.561921 ] } },
{ "type": "Feature", "properties": { "ID": 957090000222.0, "正式名称": "しんわ薬局　山本店", "機関区分": 5, "都道府県コード": 9, "市区町村コード": 201, "所在地": "栃木県宇都宮市山本３丁目９番７号", "緯度": 36.584211, "経度": 139.87726, "url": "https://www.iryou.teikyouseido.mhlw.go.jp/znk-web/juminkanja/S2430/initialize?prefCd=09&kikanCd=7090000222&kikanKbn=5", "url2": "https://www.mdx-yakuzaishi.co.jp/shop/661/", "内容": "しんわ薬局　山本店【5:薬局】栃木県宇都宮市山本３丁目９番７号" }, "geometry": { "type": "Point", "coordinates": [ 139.87726, 36.584211 ] } },
{ "type": "Feature", "properties": { "ID": 957090000223.0, "正式名称": "株式会社メディックス　しんわ薬局　馬場通り店", "機関区分": 5, "都道府県コード": 9, "市区町村コード": 201, "所在地": "栃木県宇都宮市馬場通り１丁目１番６号　鱒淵ビル１Ｆ", "緯度": 36.561927, "経度": 139.885353, "url": "https://www.iryou.teikyouseido.mhlw.go.jp/znk-web/juminkanja/S2430/initialize?prefCd=09&kikanCd=7090000223&kikanKbn=5", "url2": "https://www.mdx-yakuzaishi.co.jp/", "内容": "株式会社メディックス　しんわ薬局　馬場通り店【5:薬局】栃木県宇都宮市馬場通り１丁目１番６号　鱒淵ビル１Ｆ" }, "geometry": { "type": "Point", "coordinates": [ 139.885353, 36.561927 ] } },
{ "type": "Feature", "properties": { "ID": 957090000224.0, "正式名称": "ふれあい薬局", "機関区分": 5, "都道府県コード": 9, "市区町村コード": 201, "所在地": "栃木県宇都宮市五代２－１－６", "緯度": 36.497669, "経度": 139.869581, "url": "https://www.iryou.teikyouseido.mhlw.go.jp/znk-web/juminkanja/S2430/initialize?prefCd=09&kikanCd=7090000224&kikanKbn=5", "url2": null, "内容": "ふれあい薬局【5:薬局】栃木県宇都宮市五代２－１－６" }, "geometry": { "type": "Point", "coordinates": [ 139.869581, 36.497669 ] } },
{ "type": "Feature", "properties": { "ID": 957090000225.0, "正式名称": "みどり薬局", "機関区分": 5, "都道府県コード": 9, "市区町村コード": 204, "所在地": "栃木県佐野市伊賀町４４", "緯度": 36.315257, "経度": 139.577358, "url": "https://www.iryou.teikyouseido.mhlw.go.jp/znk-web/juminkanja/S2430/initialize?prefCd=09&kikanCd=7090000225&kikanKbn=5", "url2": null, "内容": "みどり薬局【5:薬局】栃木県佐野市伊賀町４４" }, "geometry": { "type": "Point", "coordinates": [ 139.577358, 36.315257 ] } },
{ "type": "Feature", "properties": { "ID": 957090000227.0, "正式名称": "こもれび薬局　大桑店", "機関区分": 5, "都道府県コード": 9, "市区町村コード": 206, "所在地": "栃木県日光市大桑町１５６番地３", "緯度": 36.762456, "経度": 139.713385, "url": "https://www.iryou.teikyouseido.mhlw.go.jp/znk-web/juminkanja/S2430/initialize?prefCd=09&kikanCd=7090000227&kikanKbn=5", "url2": null, "内容": "こもれび薬局　大桑店【5:薬局】栃木県日光市大桑町１５６番地３" }, "geometry": { "type": "Point", "coordinates": [ 139.713385, 36.762456 ] } },
{ "type": "Feature", "properties": { "ID": 957090000229.0, "正式名称": "アイン薬局　日光医療センター店", "機関区分": 5, "都道府県コード": 9, "市区町村コード": 206, "所在地": "栃木県日光市森友１４５－１", "緯度": 36.709041, "経度": 139.729061, "url": "https://www.iryou.teikyouseido.mhlw.go.jp/znk-web/juminkanja/S2430/initialize?prefCd=09&kikanCd=7090000229&kikanKbn=5", "url2": "https://www.ainj.co.jp/network/detail.html?pdid=2110", "内容": "アイン薬局　日光医療センター店【5:薬局】栃木県日光市森友１４５－１" }, "geometry": { "type": "Point", "coordinates": [ 139.729061, 36.709041 ] } },
{ "type": "Feature", "properties": { "ID": 957090000230.0, "正式名称": "カワチ薬局　大沢店", "機関区分": 5, "都道府県コード": 9, "市区町村コード": 206, "所在地": "栃木県日光市木和田島１５６７－５１", "緯度": 36.691768, "経度": 139.743791, "url": "https://www.iryou.teikyouseido.mhlw.go.jp/znk-web/juminkanja/S2430/initialize?prefCd=09&kikanCd=7090000230&kikanKbn=5", "url2": "http://www.cawachi.co.jp", "内容": "カワチ薬局　大沢店【5:薬局】栃木県日光市木和田島１５６７－５１" }, "geometry": { "type": "Point", "coordinates": [ 139.743791, 36.691768 ] } },
{ "type": "Feature", "properties": { "ID": 957090000231.0, "正式名称": "たかとく薬局　森友店", "機関区分": 5, "都道府県コード": 9, "市区町村コード": 206, "所在地": "栃木県日光市森友字大塚１５８－１", "緯度": 36.708878, "経度": 139.72506, "url": "https://www.iryou.teikyouseido.mhlw.go.jp/znk-web/juminkanja/S2430/initialize?prefCd=09&kikanCd=7090000231&kikanKbn=5", "url2": "https://www.pharmarise.com/company/store/store.php?store_id=258", "内容": "たかとく薬局　森友店【5:薬局】栃木県日光市森友字大塚１５８－１" }, "geometry": { "type": "Point", "coordinates": [ 139.72506, 36.708878 ] } },
{ "type": "Feature", "properties": { "ID": 957090000232.0, "正式名称": "あゆみ薬局那須烏山店", "機関区分": 5, "都道府県コード": 9, "市区町村コード": 215, "所在地": "栃木県那須烏山市金井１－１４－９", "緯度": 36.651268, "経度": 140.152625, "url": "https://www.iryou.teikyouseido.mhlw.go.jp/znk-web/juminkanja/S2430/initialize?prefCd=09&kikanCd=7090000232&kikanKbn=5", "url2": null, "内容": "あゆみ薬局那須烏山店【5:薬局】栃木県那須烏山市金井１－１４－９" }, "geometry": { "type": "Point", "coordinates": [ 140.152625, 36.651268 ] } },
{ "type": "Feature", "properties": { "ID": 957090000234.0, "正式名称": "クスリのアオキ高根沢薬局", "機関区分": 5, "都道府県コード": 9, "市区町村コード": 386, "所在地": "栃木県塩谷郡高根沢町光陽台６丁目２番地１", "緯度": 36.622183, "経度": 139.982137, "url": "https://www.iryou.teikyouseido.mhlw.go.jp/znk-web/juminkanja/S2430/initialize?prefCd=09&kikanCd=7090000234&kikanKbn=5", "url2": "https://www.kusuri-aoki.co.jp/", "内容": "クスリのアオキ高根沢薬局【5:薬局】栃木県塩谷郡高根沢町光陽台６丁目２番地１" }, "geometry": { "type": "Point", "coordinates": [ 139.982137, 36.622183 ] } },
{ "type": "Feature", "properties": { "ID": 957090000235.0, "正式名称": "ウエルシア薬局鹿沼貝島店", "機関区分": 5, "都道府県コード": 9, "市区町村コード": 205, "所在地": "栃木県鹿沼市貝島町鹿沼市貝島町４５３ー１", "緯度": 36.562864, "経度": 139.766823, "url": "https://www.iryou.teikyouseido.mhlw.go.jp/znk-web/juminkanja/S2430/initialize?prefCd=09&kikanCd=7090000235&kikanKbn=5", "url2": "https://stores.welcia.co.jp/5079D", "内容": "ウエルシア薬局鹿沼貝島店【5:薬局】栃木県鹿沼市貝島町鹿沼市貝島町４５３ー１" }, "geometry": { "type": "Point", "coordinates": [ 139.766823, 36.562864 ] } },
{ "type": "Feature", "properties": { "ID": 957090000237.0, "正式名称": "とちぎ薬局清原台店", "機関区分": 5, "都道府県コード": 9, "市区町村コード": 201, "所在地": "栃木県宇都宮市清原台１丁目５０１－８", "緯度": 36.566223, "経度": 139.986215, "url": "https://www.iryou.teikyouseido.mhlw.go.jp/znk-web/juminkanja/S2430/initialize?prefCd=09&kikanCd=7090000237&kikanKbn=5", "url2": "https://jp-group.co.jp/", "内容": "とちぎ薬局清原台店【5:薬局】栃木県宇都宮市清原台１丁目５０１－８" }, "geometry": { "type": "Point", "coordinates": [ 139.986215, 36.566223 ] } },
{ "type": "Feature", "properties": { "ID": 957090000238.0, "正式名称": "チェリー薬局", "機関区分": 5, "都道府県コード": 9, "市区町村コード": 201, "所在地": "栃木県宇都宮市西川田町９２６番地２", "緯度": 36.525664, "経度": 139.851987, "url": "https://www.iryou.teikyouseido.mhlw.go.jp/znk-web/juminkanja/S2430/initialize?prefCd=09&kikanCd=7090000238&kikanKbn=5", "url2": null, "内容": "チェリー薬局【5:薬局】栃木県宇都宮市西川田町９２６番地２" }, "geometry": { "type": "Point", "coordinates": [ 139.851987, 36.525664 ] } },
{ "type": "Feature", "properties": { "ID": 957090000240.0, "正式名称": "みねまち薬局", "機関区分": 5, "都道府県コード": 9, "市区町村コード": 201, "所在地": "栃木県宇都宮市東峰町３０４０－２６", "緯度": 36.549797, "経度": 139.919829, "url": "https://www.iryou.teikyouseido.mhlw.go.jp/znk-web/juminkanja/S2430/initialize?prefCd=09&kikanCd=7090000240&kikanKbn=5", "url2": null, "内容": "みねまち薬局【5:薬局】栃木県宇都宮市東峰町３０４０－２６" }, "geometry": { "type": "Point", "coordinates": [ 139.919829, 36.549797 ] } },
{ "type": "Feature", "properties": { "ID": 957090000242.0, "正式名称": "中央薬局　長堤店", "機関区分": 5, "都道府県コード": 9, "市区町村コード": 342, "所在地": "栃木県芳賀郡益子町長堤５７４－２", "緯度": 36.432232, "経度": 140.08288, "url": "https://www.iryou.teikyouseido.mhlw.go.jp/znk-web/juminkanja/S2430/initialize?prefCd=09&kikanCd=7090000242&kikanKbn=5", "url2": "https://power-p.co.jp/10590", "内容": "中央薬局　長堤店【5:薬局】栃木県芳賀郡益子町長堤５７４－２" }, "geometry": { "type": "Point", "coordinates": [ 140.08288, 36.432232 ] } },
{ "type": "Feature", "properties": { "ID": 957090000243.0, "正式名称": "とちのき薬局　岡本台店", "機関区分": 5, "都道府県コード": 9, "市区町村コード": 201, "所在地": "栃木県宇都宮市下岡本町２２９４－１", "緯度": 36.601865, "経度": 139.935934, "url": "https://www.iryou.teikyouseido.mhlw.go.jp/znk-web/juminkanja/S2430/initialize?prefCd=09&kikanCd=7090000243&kikanKbn=5", "url2": "http://www.yakusen.co.jp/okamotodai/", "内容": "とちのき薬局　岡本台店【5:薬局】栃木県宇都宮市下岡本町２２９４－１" }, "geometry": { "type": "Point", "coordinates": [ 139.935934, 36.601865 ] } },
{ "type": "Feature", "properties": { "ID": 957090000248.0, "正式名称": "なでしこ薬局東三島店", "機関区分": 5, "都道府県コード": 9, "市区町村コード": 213, "所在地": "栃木県那須塩原市東三島３－６７－３０", "緯度": 36.897667, "経度": 139.978686, "url": "https://www.iryou.teikyouseido.mhlw.go.jp/znk-web/juminkanja/S2430/initialize?prefCd=09&kikanCd=7090000248&kikanKbn=5", "url2": "https://www.nasu-yotsuba.jp", "内容": "なでしこ薬局東三島店【5:薬局】栃木県那須塩原市東三島３－６７－３０" }, "geometry": { "type": "Point", "coordinates": [ 139.978686, 36.897667 ] } },
{ "type": "Feature", "properties": { "ID": 957090000249.0, "正式名称": "ウエルシア薬局真岡高間木店", "機関区分": 5, "都道府県コード": 9, "市区町村コード": 209, "所在地": "栃木県真岡市下高間木２－１２－５", "緯度": 36.42924, "経度": 139.987252, "url": "https://www.iryou.teikyouseido.mhlw.go.jp/znk-web/juminkanja/S2430/initialize?prefCd=09&kikanCd=7090000249&kikanKbn=5", "url2": "https://store.welcia.co.jp/welcia/spot/detail?code=5192D", "内容": "ウエルシア薬局真岡高間木店【5:薬局】栃木県真岡市下高間木２－１２－５" }, "geometry": { "type": "Point", "coordinates": [ 139.987252, 36.42924 ] } },
{ "type": "Feature", "properties": { "ID": 957090000252.0, "正式名称": "ウエルシア薬局宇都宮細谷町店", "機関区分": 5, "都道府県コード": 9, "市区町村コード": 201, "所在地": "栃木県宇都宮市細谷町２５４－１", "緯度": 36.5822, "経度": 139.857481, "url": "https://www.iryou.teikyouseido.mhlw.go.jp/znk-web/juminkanja/S2430/initialize?prefCd=09&kikanCd=7090000252&kikanKbn=5", "url2": "https://www.welcia-yakkyoku.co.jp/", "内容": "ウエルシア薬局宇都宮細谷町店【5:薬局】栃木県宇都宮市細谷町２５４－１" }, "geometry": { "type": "Point", "coordinates": [ 139.857481, 36.5822 ] } },
{ "type": "Feature", "properties": { "ID": 957090000273.0, "正式名称": "プラザ薬局雀宮店", "機関区分": 5, "都道府県コード": 9, "市区町村コード": 201, "所在地": "栃木県宇都宮市新富町２－７", "緯度": 36.486169, "経度": 139.872639, "url": "https://www.iryou.teikyouseido.mhlw.go.jp/znk-web/juminkanja/S2430/initialize?prefCd=09&kikanCd=7090000273&kikanKbn=5", "url2": null, "内容": "プラザ薬局雀宮店【5:薬局】栃木県宇都宮市新富町２－７" }, "geometry": { "type": "Point", "coordinates": [ 139.872639, 36.486169 ] } },
{ "type": "Feature", "properties": { "ID": 957090000276.0, "正式名称": "とちぎ薬局鹿沼栄店", "機関区分": 5, "都道府県コード": 9, "市区町村コード": 205, "所在地": "栃木県鹿沼市栄町３丁目３３番１", "緯度": 36.549459, "経度": 139.774925, "url": "https://www.iryou.teikyouseido.mhlw.go.jp/znk-web/juminkanja/S2430/initialize?prefCd=09&kikanCd=7090000276&kikanKbn=5", "url2": null, "内容": "とちぎ薬局鹿沼栄店【5:薬局】栃木県鹿沼市栄町３丁目３３番１" }, "geometry": { "type": "Point", "coordinates": [ 139.774925, 36.549459 ] } },
{ "type": "Feature", "properties": { "ID": 957090000277.0, "正式名称": "クスリのアオキ新山薬局", "機関区分": 5, "都道府県コード": 9, "市区町村コード": 202, "所在地": "栃木県足利市新山町２２５９番地５", "緯度": 36.347248, "経度": 139.465876, "url": "https://www.iryou.teikyouseido.mhlw.go.jp/znk-web/juminkanja/S2430/initialize?prefCd=09&kikanCd=7090000277&kikanKbn=5", "url2": "https://www.kusuri-aoki.co.jp/", "内容": "クスリのアオキ新山薬局【5:薬局】栃木県足利市新山町２２５９番地５" }, "geometry": { "type": "Point", "coordinates": [ 139.465876, 36.347248 ] } },
{ "type": "Feature", "properties": { "ID": 957090000278.0, "正式名称": "コットン薬局　真岡店", "機関区分": 5, "都道府県コード": 9, "市区町村コード": 209, "所在地": "栃木県真岡市並木町２ー２３ー７", "緯度": 36.441306, "経度": 139.99553, "url": "https://www.iryou.teikyouseido.mhlw.go.jp/znk-web/juminkanja/S2430/initialize?prefCd=09&kikanCd=7090000278&kikanKbn=5", "url2": "https://hrb-inc.co.jp/shop/cotton/", "内容": "コットン薬局　真岡店【5:薬局】栃木県真岡市並木町２ー２３ー７" }, "geometry": { "type": "Point", "coordinates": [ 139.99553, 36.441306 ] } },
{ "type": "Feature", "properties": { "ID": 957090000281.0, "正式名称": "ウエルシア薬局さくら喜連川店", "機関区分": 5, "都道府県コード": 9, "市区町村コード": 214, "所在地": "栃木県さくら市喜連川１６６", "緯度": 36.717825, "経度": 140.038157, "url": "https://www.iryou.teikyouseido.mhlw.go.jp/znk-web/juminkanja/S2430/initialize?prefCd=09&kikanCd=7090000281&kikanKbn=5", "url2": null, "内容": "ウエルシア薬局さくら喜連川店【5:薬局】栃木県さくら市喜連川１６６" }, "geometry": { "type": "Point", "coordinates": [ 140.038157, 36.717825 ] } },
{ "type": "Feature", "properties": { "ID": 957090000284.0, "正式名称": "もみの木薬局", "機関区分": 5, "都道府県コード": 9, "市区町村コード": 201, "所在地": "栃木県宇都宮市松原１丁目８番２２号", "緯度": 36.56719, "経度": 139.87034, "url": "https://www.iryou.teikyouseido.mhlw.go.jp/znk-web/juminkanja/S2430/initialize?prefCd=09&kikanCd=7090000284&kikanKbn=5", "url2": null, "内容": "もみの木薬局【5:薬局】栃木県宇都宮市松原１丁目８番２２号" }, "geometry": { "type": "Point", "coordinates": [ 139.87034, 36.56719 ] } },
{ "type": "Feature", "properties": { "ID": 957090000285.0, "正式名称": "彗星薬局", "機関区分": 5, "都道府県コード": 9, "市区町村コード": 201, "所在地": "栃木県宇都宮市上戸祭町６６９－３", "緯度": 36.588527, "経度": 139.870486, "url": "https://www.iryou.teikyouseido.mhlw.go.jp/znk-web/juminkanja/S2430/initialize?prefCd=09&kikanCd=7090000285&kikanKbn=5", "url2": "https://comet-pharmacy.com/", "内容": "彗星薬局【5:薬局】栃木県宇都宮市上戸祭町６６９－３" }, "geometry": { "type": "Point", "coordinates": [ 139.870486, 36.588527 ] } },
{ "type": "Feature", "properties": { "正式名称": "日本調剤宇都宮薬局", "機関区分": 5, "都道府県コード": 9, "市区町村コード": 201, "所在地": "栃木県宇都宮市竹林町９６７－３日本調剤宇都宮薬局", "緯度": 36.57835, "経度": 139.896127, "url": "https://www.iryou.teikyouseido.mhlw.go.jp/znk-web/juminkanja/S2430/initialize?prefCd=09&kikanCd=5E1457&kikanKbn=5", "url2": null, "内容": "日本調剤宇都宮薬局【5:薬局】栃木県宇都宮市竹林町９６７－３日本調剤宇都宮薬局" }, "geometry": { "type": "Point", "coordinates": [ 139.896127, 36.57835 ] } },
{ "type": "Feature", "properties": { "正式名称": "すずらん薬局今泉店", "機関区分": 5, "都道府県コード": 9, "市区町村コード": 201, "所在地": "栃木県宇都宮市東町１－２", "緯度": 36.5745091, "経度": 139.9181828, "url": "https://www.iryou.teikyouseido.mhlw.go.jp/znk-web/juminkanja/S2430/initialize?prefCd=09&kikanCd=5E1459&kikanKbn=5", "url2": null, "内容": "すずらん薬局今泉店【5:薬局】栃木県宇都宮市東町１－２" }, "geometry": { "type": "Point", "coordinates": [ 139.918182800000011, 36.5745091 ] } },
{ "type": "Feature", "properties": { "正式名称": "クスリのアオキ南宇都宮薬局", "機関区分": 5, "都道府県コード": 9, "市区町村コード": 201, "所在地": "栃木県宇都宮市吉野２丁目８番１号", "緯度": 36.54321, "経度": 139.87016, "url": "https://www.iryou.teikyouseido.mhlw.go.jp/znk-web/juminkanja/S2430/initialize?prefCd=09&kikanCd=5E1470&kikanKbn=5", "url2": "https://www.kusuri-aoki.co.jp/", "内容": "クスリのアオキ南宇都宮薬局【5:薬局】栃木県宇都宮市吉野２丁目８番１号" }, "geometry": { "type": "Point", "coordinates": [ 139.87016, 36.54321 ] } },
{ "type": "Feature", "properties": { "正式名称": "クスリのアオキ宇都宮上田原薬局", "機関区分": 5, "都道府県コード": 9, "市区町村コード": 201, "所在地": "栃木県宇都宮市上田原町３２５番地", "緯度": 36.642255, "経度": 139.905541, "url": "https://www.iryou.teikyouseido.mhlw.go.jp/znk-web/juminkanja/S2430/initialize?prefCd=09&kikanCd=5E1471&kikanKbn=5", "url2": "https://www.kusuri-aoki.co.jp/", "内容": "クスリのアオキ宇都宮上田原薬局【5:薬局】栃木県宇都宮市上田原町３２５番地" }, "geometry": { "type": "Point", "coordinates": [ 139.905541, 36.642255 ] } },
{ "type": "Feature", "properties": { "正式名称": "しらさわ薬局", "機関区分": 5, "都道府県コード": 9, "市区町村コード": 201, "所在地": "栃木県宇都宮市白沢町１８１４", "緯度": 36.630569, "経度": 139.934374, "url": "https://www.iryou.teikyouseido.mhlw.go.jp/znk-web/juminkanja/S2430/initialize?prefCd=09&kikanCd=5E1472&kikanKbn=5", "url2": null, "内容": "しらさわ薬局【5:薬局】栃木県宇都宮市白沢町１８１４" }, "geometry": { "type": "Point", "coordinates": [ 139.934374, 36.630569 ] } },
{ "type": "Feature", "properties": { "正式名称": "ピノキオ薬局桜中央店", "機関区分": 5, "都道府県コード": 9, "市区町村コード": 201, "所在地": "栃木県宇都宮市桜４－１－１０", "緯度": 36.5678516, "経度": 139.8682886, "url": "https://www.iryou.teikyouseido.mhlw.go.jp/znk-web/juminkanja/S2430/initialize?prefCd=09&kikanCd=5E1473&kikanKbn=5", "url2": null, "内容": "ピノキオ薬局桜中央店【5:薬局】栃木県宇都宮市桜４－１－１０" }, "geometry": { "type": "Point", "coordinates": [ 139.8682886, 36.5678516 ] } },
{ "type": "Feature", "properties": { "正式名称": "ウエルシア薬局宇都宮屋板町店", "機関区分": 5, "都道府県コード": 9, "市区町村コード": 201, "所在地": "栃木県宇都宮市屋板町５７８ー６４７", "緯度": 36.518991, "経度": 139.901322, "url": "https://www.iryou.teikyouseido.mhlw.go.jp/znk-web/juminkanja/S2430/initialize?prefCd=09&kikanCd=5E1474&kikanKbn=5", "url2": "https://store.welcia.co.jp/welcia/spot/detail?code=1411D", "内容": "ウエルシア薬局宇都宮屋板町店【5:薬局】栃木県宇都宮市屋板町５７８ー６４７" }, "geometry": { "type": "Point", "coordinates": [ 139.901322, 36.518991 ] } },
{ "type": "Feature", "properties": { "正式名称": "ドレミ調剤薬局", "機関区分": 5, "都道府県コード": 9, "市区町村コード": 201, "所在地": "栃木県宇都宮市岩曽町１２５６－１", "緯度": 36.584306, "経度": 139.903378, "url": "https://www.iryou.teikyouseido.mhlw.go.jp/znk-web/juminkanja/S2430/initialize?prefCd=09&kikanCd=5E1475&kikanKbn=5", "url2": null, "内容": "ドレミ調剤薬局【5:薬局】栃木県宇都宮市岩曽町１２５６－１" }, "geometry": { "type": "Point", "coordinates": [ 139.903378, 36.584306 ] } },
{ "type": "Feature", "properties": { "正式名称": "ウエルシア宇都宮テラス調剤薬局", "機関区分": 5, "都道府県コード": 9, "市区町村コード": 201, "所在地": "栃木県宇都宮市宮みらい１－１宇都宮テラス３階", "緯度": 36.561623, "経度": 139.88303, "url": "https://www.iryou.teikyouseido.mhlw.go.jp/znk-web/juminkanja/S2430/initialize?prefCd=09&kikanCd=5E1476&kikanKbn=5", "url2": null, "内容": "ウエルシア宇都宮テラス調剤薬局【5:薬局】栃木県宇都宮市宮みらい１－１宇都宮テラス３階" }, "geometry": { "type": "Point", "coordinates": [ 139.88303, 36.561623 ] } },
{ "type": "Feature", "properties": { "正式名称": "ゆず薬局", "機関区分": 5, "都道府県コード": 9, "市区町村コード": 201, "所在地": "栃木県宇都宮市中里町３２３－３", "緯度": 36.675437, "経度": 139.898515, "url": "https://www.iryou.teikyouseido.mhlw.go.jp/znk-web/juminkanja/S2430/initialize?prefCd=09&kikanCd=5E1477&kikanKbn=5", "url2": null, "内容": "ゆず薬局【5:薬局】栃木県宇都宮市中里町３２３－３" }, "geometry": { "type": "Point", "coordinates": [ 139.898515, 36.675437 ] } },
{ "type": "Feature", "properties": { "正式名称": "ミルキー薬局", "機関区分": 5, "都道府県コード": 9, "市区町村コード": 201, "所在地": "栃木県宇都宮市相野沢町９８－１２", "緯度": 36.645564, "経度": 139.911132, "url": "https://www.iryou.teikyouseido.mhlw.go.jp/znk-web/juminkanja/S2430/initialize?prefCd=09&kikanCd=5E1478&kikanKbn=5", "url2": "https://e-bond.info/withs/", "内容": "ミルキー薬局【5:薬局】栃木県宇都宮市相野沢町９８－１２" }, "geometry": { "type": "Point", "coordinates": [ 139.911132, 36.645564 ] } },
{ "type": "Feature", "properties": { "正式名称": "オーロラ薬局", "機関区分": 5, "都道府県コード": 9, "市区町村コード": 201, "所在地": "栃木県宇都宮市鶴田１－８－１２", "緯度": 36.562094, "経度": 139.856964, "url": "https://www.iryou.teikyouseido.mhlw.go.jp/znk-web/juminkanja/S2430/initialize?prefCd=09&kikanCd=5E1480&kikanKbn=5", "url2": "https://e-bond.info/withs/", "内容": "オーロラ薬局【5:薬局】栃木県宇都宮市鶴田１－８－１２" }, "geometry": { "type": "Point", "coordinates": [ 139.856964, 36.562094 ] } },
{ "type": "Feature", "properties": { "正式名称": "くわのは薬局", "機関区分": 5, "都道府県コード": 9, "市区町村コード": 201, "所在地": "栃木県宇都宮市宿郷３丁目１５番２号", "緯度": 36.555622, "経度": 139.906611, "url": "https://www.iryou.teikyouseido.mhlw.go.jp/znk-web/juminkanja/S2430/initialize?prefCd=09&kikanCd=5E1483&kikanKbn=5", "url2": "https://e-bond.info/withs/", "内容": "くわのは薬局【5:薬局】栃木県宇都宮市宿郷３丁目１５番２号" }, "geometry": { "type": "Point", "coordinates": [ 139.906611, 36.555622 ] } },
{ "type": "Feature", "properties": { "正式名称": "ドラッグセイムスみどり野薬局", "機関区分": 5, "都道府県コード": 9, "市区町村コード": 201, "所在地": "栃木県宇都宮市みどり野町１５－６", "緯度": 36.501059, "経度": 139.860508, "url": "https://www.iryou.teikyouseido.mhlw.go.jp/znk-web/juminkanja/S2430/initialize?prefCd=09&kikanCd=5E1488&kikanKbn=5", "url2": null, "内容": "ドラッグセイムスみどり野薬局【5:薬局】栃木県宇都宮市みどり野町１５－６" }, "geometry": { "type": "Point", "coordinates": [ 139.860508, 36.501059 ] } },
{ "type": "Feature", "properties": { "正式名称": "エーデルワイス薬局", "機関区分": 5, "都道府県コード": 9, "市区町村コード": 201, "所在地": "栃木県宇都宮市江野町６－１５－１大立ビル１階１０１", "緯度": 36.560879, "経度": 139.880168, "url": "https://www.iryou.teikyouseido.mhlw.go.jp/znk-web/juminkanja/S2430/initialize?prefCd=09&kikanCd=5E1489&kikanKbn=5", "url2": null, "内容": "エーデルワイス薬局【5:薬局】栃木県宇都宮市江野町６－１５－１大立ビル１階１０１" }, "geometry": { "type": "Point", "coordinates": [ 139.880168, 36.560879 ] } },
{ "type": "Feature", "properties": { "正式名称": "プルメリアホーム薬局", "機関区分": 5, "都道府県コード": 9, "市区町村コード": 201, "所在地": "栃木県宇都宮市中今泉三丁目９−１ＣＡＳＡ　ＮＡＫＡＨＡＲＡ　Ｃ　Ｄ", "緯度": 36.568709, "経度": 139.905757, "url": "https://www.iryou.teikyouseido.mhlw.go.jp/znk-web/juminkanja/S2430/initialize?prefCd=09&kikanCd=5E1491&kikanKbn=5", "url2": "kkyplumeria.my.canva.site", "内容": "プルメリアホーム薬局【5:薬局】栃木県宇都宮市中今泉三丁目９−１ＣＡＳＡ　ＮＡＫＡＨＡＲＡ　Ｃ　Ｄ" }, "geometry": { "type": "Point", "coordinates": [ 139.905757, 36.568709 ] } },
{ "type": "Feature", "properties": { "正式名称": "フクシ宇都宮薬局", "機関区分": 5, "都道府県コード": 9, "市区町村コード": 201, "所在地": "栃木県宇都宮市駅前通り１－１－９　駅前通り第一ビル１Ｆ", "緯度": 36.561285, "経度": 139.896408, "url": "https://www.iryou.teikyouseido.mhlw.go.jp/znk-web/juminkanja/S2430/initialize?prefCd=09&kikanCd=5E1492&kikanKbn=5", "url2": "https://www.qol-net.co.jp", "内容": "フクシ宇都宮薬局【5:薬局】栃木県宇都宮市駅前通り１－１－９　駅前通り第一ビル１Ｆ" }, "geometry": { "type": "Point", "coordinates": [ 139.896408, 36.561285 ] } },
{ "type": "Feature", "properties": { "正式名称": "クスリのアオキ宇都宮大曽薬局", "機関区分": 5, "都道府県コード": 9, "市区町村コード": 201, "所在地": "栃木県宇都宮市大曽２丁目２番１５号", "緯度": 36.57323, "経度": 139.889794, "url": "https://www.iryou.teikyouseido.mhlw.go.jp/znk-web/juminkanja/S2430/initialize?prefCd=09&kikanCd=5E1493&kikanKbn=5", "url2": "https://www.kusuri-aoki.co.jp/", "内容": "クスリのアオキ宇都宮大曽薬局【5:薬局】栃木県宇都宮市大曽２丁目２番１５号" }, "geometry": { "type": "Point", "coordinates": [ 139.889794, 36.57323 ] } },
{ "type": "Feature", "properties": { "正式名称": "クスリのアオキ宝木薬局", "機関区分": 5, "都道府県コード": 9, "市区町村コード": 201, "所在地": "栃木県宇都宮市細谷町７１１番地１", "緯度": 36.585007, "経度": 139.852345, "url": "https://www.iryou.teikyouseido.mhlw.go.jp/znk-web/juminkanja/S2430/initialize?prefCd=09&kikanCd=5E1494&kikanKbn=5", "url2": "https://www.kusuri-aoki.co.jp/", "内容": "クスリのアオキ宝木薬局【5:薬局】栃木県宇都宮市細谷町７１１番地１" }, "geometry": { "type": "Point", "coordinates": [ 139.852345, 36.585007 ] } },
{ "type": "Feature", "properties": { "正式名称": "コスモス調剤薬局　鶴田店", "機関区分": 5, "都道府県コード": 9, "市区町村コード": 201, "所在地": "栃木県宇都宮市鶴田町１０２５", "緯度": 36.557902, "経度": 139.852213, "url": "https://www.iryou.teikyouseido.mhlw.go.jp/znk-web/juminkanja/S2430/initialize?prefCd=09&kikanCd=5E1495&kikanKbn=5", "url2": null, "内容": "コスモス調剤薬局　鶴田店【5:薬局】栃木県宇都宮市鶴田町１０２５" }, "geometry": { "type": "Point", "coordinates": [ 139.852213, 36.557902 ] } },
{ "type": "Feature", "properties": { "正式名称": "リリー薬局鶴田店", "機関区分": 5, "都道府県コード": 9, "市区町村コード": 201, "所在地": "栃木県宇都宮市鶴田町７２０－１", "緯度": 36.558462, "経度": 139.855481, "url": "https://www.iryou.teikyouseido.mhlw.go.jp/znk-web/juminkanja/S2430/initialize?prefCd=09&kikanCd=5E1497&kikanKbn=5", "url2": "mulberry-p.jp", "内容": "リリー薬局鶴田店【5:薬局】栃木県宇都宮市鶴田町７２０－１" }, "geometry": { "type": "Point", "coordinates": [ 139.855481, 36.558462 ] } },
{ "type": "Feature", "properties": { "正式名称": "新海薬局", "機関区分": 5, "都道府県コード": 9, "市区町村コード": 201, "所在地": "栃木県宇都宮市鶴田町２１２６－５", "緯度": 36.564512, "経度": 139.854553, "url": "https://www.iryou.teikyouseido.mhlw.go.jp/znk-web/juminkanja/S2430/initialize?prefCd=09&kikanCd=5E1498&kikanKbn=5", "url2": "https://dpc-net.ne.jp/storeinfo/tochigi/tochigi-shinkai/", "内容": "新海薬局【5:薬局】栃木県宇都宮市鶴田町２１２６－５" }, "geometry": { "type": "Point", "coordinates": [ 139.854553, 36.564512 ] } },
{ "type": "Feature", "properties": { "正式名称": "薬局マツモトキヨシ　ミライト一条店", "機関区分": 5, "都道府県コード": 9, "市区町村コード": 201, "所在地": "栃木県宇都宮市一条", "緯度": 36.552956, "経度": 139.87949, "url": "https://www.iryou.teikyouseido.mhlw.go.jp/znk-web/juminkanja/S2430/initialize?prefCd=09&kikanCd=5E1502&kikanKbn=5", "url2": null, "内容": "薬局マツモトキヨシ　ミライト一条店【5:薬局】栃木県宇都宮市一条" }, "geometry": { "type": "Point", "coordinates": [ 139.87949, 36.552956 ] } },
{ "type": "Feature", "properties": { "正式名称": "ハミング薬局　鶴田店", "機関区分": 5, "都道府県コード": 9, "市区町村コード": 201, "所在地": "栃木県宇都宮市鶴田町３０５８番地１４", "緯度": 36.549891, "経度": 139.861829, "url": "https://www.iryou.teikyouseido.mhlw.go.jp/znk-web/juminkanja/S2430/initialize?prefCd=09&kikanCd=5E1507&kikanKbn=5", "url2": "https://sunpharmacies.co.jp/", "内容": "ハミング薬局　鶴田店【5:薬局】栃木県宇都宮市鶴田町３０５８番地１４" }, "geometry": { "type": "Point", "coordinates": [ 139.861829, 36.549891 ] } },
{ "type": "Feature", "properties": { "正式名称": "ウエルシア薬局　宇都宮泉が丘店", "機関区分": 5, "都道府県コード": 9, "市区町村コード": 201, "所在地": "栃木県宇都宮市泉が丘１丁目１７番１６号", "緯度": 36.5599008, "経度": 139.9168271, "url": "https://www.iryou.teikyouseido.mhlw.go.jp/znk-web/juminkanja/S2430/initialize?prefCd=09&kikanCd=5E1508&kikanKbn=5", "url2": null, "内容": "ウエルシア薬局　宇都宮泉が丘店【5:薬局】栃木県宇都宮市泉が丘１丁目１７番１６号" }, "geometry": { "type": "Point", "coordinates": [ 139.9168271, 36.5599008 ] } },
{ "type": "Feature", "properties": { "正式名称": "ブルーベリー薬局", "機関区分": 5, "都道府県コード": 9, "市区町村コード": 201, "所在地": "栃木県宇都宮市西川田町", "緯度": 36.510923, "経度": 139.839964, "url": "https://www.iryou.teikyouseido.mhlw.go.jp/znk-web/juminkanja/S2430/initialize?prefCd=09&kikanCd=5E1509&kikanKbn=5", "url2": null, "内容": "ブルーベリー薬局【5:薬局】栃木県宇都宮市西川田町" }, "geometry": { "type": "Point", "coordinates": [ 139.839964, 36.510923 ] } },
{ "type": "Feature", "properties": { "正式名称": "きのみ薬局", "機関区分": 5, "都道府県コード": 9, "市区町村コード": 201, "所在地": "栃木県宇都宮市兵庫塚町２０７番地１", "緯度": 36.500313, "経度": 139.854183, "url": "https://www.iryou.teikyouseido.mhlw.go.jp/znk-web/juminkanja/S2430/initialize?prefCd=09&kikanCd=5E1510&kikanKbn=5", "url2": "https://e-bond.info/withs/", "内容": "きのみ薬局【5:薬局】栃木県宇都宮市兵庫塚町２０７番地１" }, "geometry": { "type": "Point", "coordinates": [ 139.854183, 36.500313 ] } },
{ "type": "Feature", "properties": { "正式名称": "アルファーム薬局フレスポうつのみや市場店", "機関区分": 5, "都道府県コード": 9, "市区町村コード": 201, "所在地": "栃木県宇都宮市簗瀬町１５０８－２", "緯度": 36.542404, "経度": 139.8897, "url": "https://www.iryou.teikyouseido.mhlw.go.jp/znk-web/juminkanja/S2430/initialize?prefCd=09&kikanCd=5E1512&kikanKbn=5", "url2": "https://www.alpharm.co.jp/", "内容": "アルファーム薬局フレスポうつのみや市場店【5:薬局】栃木県宇都宮市簗瀬町１５０８－２" }, "geometry": { "type": "Point", "coordinates": [ 139.8897, 36.542404 ] } },
{ "type": "Feature", "properties": { "正式名称": "とちぎ薬局岩曽東店", "機関区分": 5, "都道府県コード": 9, "市区町村コード": 201, "所在地": "栃木県宇都宮市岩曽町３２－２１", "緯度": 36.590851, "経度": 139.894859, "url": "https://www.iryou.teikyouseido.mhlw.go.jp/znk-web/juminkanja/S2430/initialize?prefCd=09&kikanCd=5E1513&kikanKbn=5", "url2": "https://jp-group.co.jp/", "内容": "とちぎ薬局岩曽東店【5:薬局】栃木県宇都宮市岩曽町３２－２１" }, "geometry": { "type": "Point", "coordinates": [ 139.894859, 36.590851 ] } },
{ "type": "Feature", "properties": { "正式名称": "有限会社ふれあい薬局", "機関区分": 5, "都道府県コード": 9, "市区町村コード": 203, "所在地": "栃木県栃木市西方町金崎３０４ー６", "緯度": 36.468694, "経度": 139.747198, "url": "https://www.iryou.teikyouseido.mhlw.go.jp/znk-web/juminkanja/S2430/initialize?prefCd=09&kikanCd=5E2046&kikanKbn=5", "url2": "http://www.fureai-ph-nakayoshi.jp/", "内容": "有限会社ふれあい薬局【5:薬局】栃木県栃木市西方町金崎３０４ー６" }, "geometry": { "type": "Point", "coordinates": [ 139.747198, 36.468694 ] } },
{ "type": "Feature", "properties": { "正式名称": "せんど薬局", "機関区分": 5, "都道府県コード": 9, "市区町村コード": 205, "所在地": "栃木県鹿沼市千渡１８６８番１", "緯度": 36.56362, "経度": 139.78181, "url": "https://www.iryou.teikyouseido.mhlw.go.jp/znk-web/juminkanja/S2430/initialize?prefCd=09&kikanCd=5E2149&kikanKbn=5", "url2": null, "内容": "せんど薬局【5:薬局】栃木県鹿沼市千渡１８６８番１" }, "geometry": { "type": "Point", "coordinates": [ 139.78181, 36.56362 ] } },
{ "type": "Feature", "properties": { "正式名称": "コスモス調剤薬局　千渡店", "機関区分": 5, "都道府県コード": 9, "市区町村コード": 205, "所在地": "栃木県鹿沼市千渡１０９９", "緯度": 36.567701, "経度": 139.781787, "url": "https://www.iryou.teikyouseido.mhlw.go.jp/znk-web/juminkanja/S2430/initialize?prefCd=09&kikanCd=5E2152&kikanKbn=5", "url2": "https://www.cosmospc.co.jp/shop/kanto/tochigi/15462.html", "内容": "コスモス調剤薬局　千渡店【5:薬局】栃木県鹿沼市千渡１０９９" }, "geometry": { "type": "Point", "coordinates": [ 139.781787, 36.567701 ] } },
{ "type": "Feature", "properties": { "正式名称": "アルファーム薬局土沢店", "機関区分": 5, "都道府県コード": 9, "市区町村コード": 206, "所在地": "栃木県日光市土沢１３５２－１０", "緯度": 36.698944, "経度": 139.72844, "url": "https://www.iryou.teikyouseido.mhlw.go.jp/znk-web/juminkanja/S2430/initialize?prefCd=09&kikanCd=5E2153&kikanKbn=5", "url2": "https://www.alpharm.co.jp/store/dosawa/", "内容": "アルファーム薬局土沢店【5:薬局】栃木県日光市土沢１３５２－１０" }, "geometry": { "type": "Point", "coordinates": [ 139.72844, 36.698944 ] } },
{ "type": "Feature", "properties": { "正式名称": "しらゆり薬局", "機関区分": 5, "都道府県コード": 9, "市区町村コード": 206, "所在地": "栃木県日光市吉沢２３９－１０", "緯度": 36.716167, "経度": 139.70023, "url": "https://www.iryou.teikyouseido.mhlw.go.jp/znk-web/juminkanja/S2430/initialize?prefCd=09&kikanCd=5E2154&kikanKbn=5", "url2": null, "内容": "しらゆり薬局【5:薬局】栃木県日光市吉沢２３９－１０" }, "geometry": { "type": "Point", "coordinates": [ 139.70023, 36.716167 ] } },
{ "type": "Feature", "properties": { "正式名称": "つくも薬局下田町", "機関区分": 5, "都道府県コード": 9, "市区町村コード": 205, "所在地": "栃木県鹿沼市下田町二丁目１０５２番７７", "緯度": 36.563161, "経度": 139.751492, "url": "https://www.iryou.teikyouseido.mhlw.go.jp/znk-web/juminkanja/S2430/initialize?prefCd=09&kikanCd=5E2155&kikanKbn=5", "url2": "https://tsukumoyakkyoku.co.jp/", "内容": "つくも薬局下田町【5:薬局】栃木県鹿沼市下田町二丁目１０５２番７７" }, "geometry": { "type": "Point", "coordinates": [ 139.751492, 36.563161 ] } },
{ "type": "Feature", "properties": { "正式名称": "フクシ鹿沼薬局", "機関区分": 5, "都道府県コード": 9, "市区町村コード": 205, "所在地": "栃木県鹿沼市府所町１３９－３", "緯度": 36.566942, "経度": 139.7582, "url": "https://www.iryou.teikyouseido.mhlw.go.jp/znk-web/juminkanja/S2430/initialize?prefCd=09&kikanCd=5E2156&kikanKbn=5", "url2": "https://www.qol-net.co.jp/pharmacy/map/detail.php?id=696", "内容": "フクシ鹿沼薬局【5:薬局】栃木県鹿沼市府所町１３９－３" }, "geometry": { "type": "Point", "coordinates": [ 139.7582, 36.566942 ] } },
{ "type": "Feature", "properties": { "正式名称": "フクシ千渡薬局", "機関区分": 5, "都道府県コード": 9, "市区町村コード": 205, "所在地": "栃木県鹿沼市千渡１６７０－５", "緯度": 36.559271, "経度": 139.789153, "url": "https://www.iryou.teikyouseido.mhlw.go.jp/znk-web/juminkanja/S2430/initialize?prefCd=09&kikanCd=5E2157&kikanKbn=5", "url2": "https://www.qol-net.co.jp/pharmacy/map/detail.php?id=698", "内容": "フクシ千渡薬局【5:薬局】栃木県鹿沼市千渡１６７０－５" }, "geometry": { "type": "Point", "coordinates": [ 139.789153, 36.559271 ] } },
{ "type": "Feature", "properties": { "正式名称": "クスリのアオキ鹿沼栄町薬局", "機関区分": 5, "都道府県コード": 9, "市区町村コード": 205, "所在地": "栃木県鹿沼市栄町２丁目１番地２６", "緯度": 36.554934, "経度": 139.77626, "url": "https://www.iryou.teikyouseido.mhlw.go.jp/znk-web/juminkanja/S2430/initialize?prefCd=09&kikanCd=5E2158&kikanKbn=5", "url2": "https://www.kusuri-aoki.co.jp/", "内容": "クスリのアオキ鹿沼栄町薬局【5:薬局】栃木県鹿沼市栄町２丁目１番地２６" }, "geometry": { "type": "Point", "coordinates": [ 139.77626, 36.554934 ] } },
{ "type": "Feature", "properties": { "正式名称": "さつき薬局", "機関区分": 5, "都道府県コード": 9, "市区町村コード": 205, "所在地": "栃木県鹿沼市栄町１丁目３番１２", "緯度": 36.555532, "経度": 139.774513, "url": "https://www.iryou.teikyouseido.mhlw.go.jp/znk-web/juminkanja/S2430/initialize?prefCd=09&kikanCd=5E2159&kikanKbn=5", "url2": "https://power-p.co.jp/4025", "内容": "さつき薬局【5:薬局】栃木県鹿沼市栄町１丁目３番１２" }, "geometry": { "type": "Point", "coordinates": [ 139.774513, 36.555532 ] } },
{ "type": "Feature", "properties": { "正式名称": "たかとく薬局　今市店", "機関区分": 5, "都道府県コード": 9, "市区町村コード": 206, "所在地": "栃木県日光市今市９７６－５", "緯度": 36.723732, "経度": 139.68875, "url": "https://www.iryou.teikyouseido.mhlw.go.jp/znk-web/juminkanja/S2430/initialize?prefCd=09&kikanCd=5E2161&kikanKbn=5", "url2": "https://www.pharmarise.com/company/store/store.php?store_id=173", "内容": "たかとく薬局　今市店【5:薬局】栃木県日光市今市９７６－５" }, "geometry": { "type": "Point", "coordinates": [ 139.68875, 36.723732 ] } },
{ "type": "Feature", "properties": { "正式名称": "ゲート薬局小林店", "機関区分": 5, "都道府県コード": 9, "市区町村コード": 206, "所在地": "栃木県日光市小林２４５３－２", "緯度": 36.725204, "経度": 139.83295, "url": "https://www.iryou.teikyouseido.mhlw.go.jp/znk-web/juminkanja/S2430/initialize?prefCd=09&kikanCd=5E2162&kikanKbn=5", "url2": "https://www.gatepharmacy.jp/", "内容": "ゲート薬局小林店【5:薬局】栃木県日光市小林２４５３－２" }, "geometry": { "type": "Point", "coordinates": [ 139.83295, 36.725204 ] } },
{ "type": "Feature", "properties": { "正式名称": "ひばり調剤薬局", "機関区分": 5, "都道府県コード": 9, "市区町村コード": 209, "所在地": "栃木県真岡市中萩二丁目１２番地１１", "緯度": 36.453687, "経度": 140.017482, "url": "https://www.iryou.teikyouseido.mhlw.go.jp/znk-web/juminkanja/S2430/initialize?prefCd=09&kikanCd=5E3153&kikanKbn=5", "url2": "https://e-bond.info/withs/", "内容": "ひばり調剤薬局【5:薬局】栃木県真岡市中萩二丁目１２番地１１" }, "geometry": { "type": "Point", "coordinates": [ 140.017482, 36.453687 ] } },
{ "type": "Feature", "properties": { "正式名称": "くまさん薬局", "機関区分": 5, "都道府県コード": 9, "市区町村コード": 209, "所在地": "栃木県真岡市熊倉３丁目１６番１５", "緯度": 36.4409165, "経度": 139.9919843, "url": "https://www.iryou.teikyouseido.mhlw.go.jp/znk-web/juminkanja/S2430/initialize?prefCd=09&kikanCd=5E3154&kikanKbn=5", "url2": "https://e-bond.info/withs/", "内容": "くまさん薬局【5:薬局】栃木県真岡市熊倉３丁目１６番１５" }, "geometry": { "type": "Point", "coordinates": [ 139.991984300000013, 36.4409165 ] } },
{ "type": "Feature", "properties": { "正式名称": "さわやか薬局", "機関区分": 5, "都道府県コード": 9, "市区町村コード": 209, "所在地": "栃木県真岡市熊倉２－２０－１", "緯度": 36.445735, "経度": 139.992322, "url": "https://www.iryou.teikyouseido.mhlw.go.jp/znk-web/juminkanja/S2430/initialize?prefCd=09&kikanCd=5E3155&kikanKbn=5", "url2": null, "内容": "さわやか薬局【5:薬局】栃木県真岡市熊倉２－２０－１" }, "geometry": { "type": "Point", "coordinates": [ 139.992322, 36.445735 ] } },
{ "type": "Feature", "properties": { "正式名称": "もおかベリー薬局", "機関区分": 5, "都道府県コード": 9, "市区町村コード": 209, "所在地": "栃木県真岡市荒町３－４９－８", "緯度": 36.4456482, "経度": 140.015726, "url": "https://www.iryou.teikyouseido.mhlw.go.jp/znk-web/juminkanja/S2430/initialize?prefCd=09&kikanCd=5E3156&kikanKbn=5", "url2": null, "内容": "もおかベリー薬局【5:薬局】栃木県真岡市荒町３－４９－８" }, "geometry": { "type": "Point", "coordinates": [ 140.015726, 36.4456482 ] } },
{ "type": "Feature", "properties": { "正式名称": "ハート薬局", "機関区分": 5, "都道府県コード": 9, "市区町村コード": 209, "所在地": "栃木県真岡市高田１５７７－８", "緯度": 36.40071, "経度": 140.02337, "url": "https://www.iryou.teikyouseido.mhlw.go.jp/znk-web/juminkanja/S2430/initialize?prefCd=09&kikanCd=5E3157&kikanKbn=5", "url2": null, "内容": "ハート薬局【5:薬局】栃木県真岡市高田１５７７－８" }, "geometry": { "type": "Point", "coordinates": [ 140.02337, 36.40071 ] } },
{ "type": "Feature", "properties": { "正式名称": "スマイル薬局", "機関区分": 5, "都道府県コード": 9, "市区町村コード": 209, "所在地": "栃木県真岡市熊倉３－３７－１　コーポラスクマクラ１０１", "緯度": 36.43757, "経度": 139.989236, "url": "https://www.iryou.teikyouseido.mhlw.go.jp/znk-web/juminkanja/S2430/initialize?prefCd=09&kikanCd=5E3158&kikanKbn=5", "url2": "https://e-bond.info/withs/", "内容": "スマイル薬局【5:薬局】栃木県真岡市熊倉３－３７－１　コーポラスクマクラ１０１" }, "geometry": { "type": "Point", "coordinates": [ 139.989236, 36.43757 ] } },
{ "type": "Feature", "properties": { "正式名称": "たまち薬局", "機関区分": 5, "都道府県コード": 9, "市区町村コード": 209, "所在地": "栃木県真岡市田町奉行松１３５２番地５", "緯度": 36.436242, "経度": 140.016623, "url": "https://www.iryou.teikyouseido.mhlw.go.jp/znk-web/juminkanja/S2430/initialize?prefCd=09&kikanCd=5E3159&kikanKbn=5", "url2": "https//e-bond.info/withs/", "内容": "たまち薬局【5:薬局】栃木県真岡市田町奉行松１３５２番地５" }, "geometry": { "type": "Point", "coordinates": [ 140.016623, 36.436242 ] } },
{ "type": "Feature", "properties": { "正式名称": "なでしこ薬局", "機関区分": 5, "都道府県コード": 9, "市区町村コード": 209, "所在地": "栃木県真岡市熊倉３－１２－１８", "緯度": 36.4403039, "経度": 139.993428, "url": "https://www.iryou.teikyouseido.mhlw.go.jp/znk-web/juminkanja/S2430/initialize?prefCd=09&kikanCd=5E3160&kikanKbn=5", "url2": null, "内容": "なでしこ薬局【5:薬局】栃木県真岡市熊倉３－１２－１８" }, "geometry": { "type": "Point", "coordinates": [ 139.993428, 36.4403039 ] } },
{ "type": "Feature", "properties": { "正式名称": "ウエルシア薬局真岡亀山店", "機関区分": 5, "都道府県コード": 9, "市区町村コード": 209, "所在地": "栃木県真岡市亀山１ー１９ー１", "緯度": 36.451153, "経度": 139.98755, "url": "https://www.iryou.teikyouseido.mhlw.go.jp/znk-web/juminkanja/S2430/initialize?prefCd=09&kikanCd=5E3161&kikanKbn=5", "url2": "https://store.welcia.co.jp/welcia/spot/detail?code=5107D&category=01.02.06.12.18.20", "内容": "ウエルシア薬局真岡亀山店【5:薬局】栃木県真岡市亀山１ー１９ー１" }, "geometry": { "type": "Point", "coordinates": [ 139.98755, 36.451153 ] } },
{ "type": "Feature", "properties": { "正式名称": "クスリのアオキ真岡亀山薬局", "機関区分": 5, "都道府県コード": 9, "市区町村コード": 209, "所在地": "栃木県真岡市亀山北土地区画整理事業地内２８街区１４番", "緯度": 36.459697, "経度": 139.990292, "url": "https://www.iryou.teikyouseido.mhlw.go.jp/znk-web/juminkanja/S2430/initialize?prefCd=09&kikanCd=5E3162&kikanKbn=5", "url2": "https://www.kusuri-aoki.co.jp/", "内容": "クスリのアオキ真岡亀山薬局【5:薬局】栃木県真岡市亀山北土地区画整理事業地内２８街区１４番" }, "geometry": { "type": "Point", "coordinates": [ 139.990292, 36.459697 ] } },
{ "type": "Feature", "properties": { "正式名称": "有限会社　伯林堂薬局", "機関区分": 5, "都道府県コード": 9, "市区町村コード": 203, "所在地": "栃木県栃木市泉町２－２１", "緯度": 36.385584, "経度": 139.733508, "url": "https://www.iryou.teikyouseido.mhlw.go.jp/znk-web/juminkanja/S2430/initialize?prefCd=09&kikanCd=5E4001&kikanKbn=5", "url2": null, "内容": "有限会社　伯林堂薬局【5:薬局】栃木県栃木市泉町２－２１" }, "geometry": { "type": "Point", "coordinates": [ 139.733508, 36.385584 ] } },
{ "type": "Feature", "properties": { "正式名称": "有限会社高橋薬局", "機関区分": 5, "都道府県コード": 9, "市区町村コード": 364, "所在地": "栃木県下都賀郡野木町丸林４２１－１", "緯度": 36.231946, "経度": 139.738983, "url": "https://www.iryou.teikyouseido.mhlw.go.jp/znk-web/juminkanja/S2430/initialize?prefCd=09&kikanCd=5E4020&kikanKbn=5", "url2": "http://www.takahashiph.co.jp/", "内容": "有限会社高橋薬局【5:薬局】栃木県下都賀郡野木町丸林４２１－１" }, "geometry": { "type": "Point", "coordinates": [ 139.738983, 36.231946 ] } },
{ "type": "Feature", "properties": { "正式名称": "神山薬局", "機関区分": 5, "都道府県コード": 9, "市区町村コード": 203, "所在地": "栃木県栃木市川原田町１３６－４", "緯度": 36.405653, "経度": 139.735575, "url": "https://www.iryou.teikyouseido.mhlw.go.jp/znk-web/juminkanja/S2430/initialize?prefCd=09&kikanCd=5E4035&kikanKbn=5", "url2": null, "内容": "神山薬局【5:薬局】栃木県栃木市川原田町１３６－４" }, "geometry": { "type": "Point", "coordinates": [ 139.735575, 36.405653 ] } },
{ "type": "Feature", "properties": { "正式名称": "有限会社　小山調剤センター　小山調剤薬局", "機関区分": 5, "都道府県コード": 9, "市区町村コード": 208, "所在地": "栃木県小山市駅東通り２−１８−１８", "緯度": 36.312566, "経度": 139.809794, "url": "https://www.iryou.teikyouseido.mhlw.go.jp/znk-web/juminkanja/S2430/initialize?prefCd=09&kikanCd=5E4036&kikanKbn=5", "url2": null, "内容": "有限会社　小山調剤センター　小山調剤薬局【5:薬局】栃木県小山市駅東通り２−１８−１８" }, "geometry": { "type": "Point", "coordinates": [ 139.809794, 36.312566 ] } },
{ "type": "Feature", "properties": { "正式名称": "ひろみ薬局", "機関区分": 5, "都道府県コード": 9, "市区町村コード": 364, "所在地": "栃木県下都賀郡野木町丸林字芝山２００－１１", "緯度": 36.229543, "経度": 139.731854, "url": "https://www.iryou.teikyouseido.mhlw.go.jp/znk-web/juminkanja/S2430/initialize?prefCd=09&kikanCd=5E4038&kikanKbn=5", "url2": "http://hiromi-pharmacy.jp", "内容": "ひろみ薬局【5:薬局】栃木県下都賀郡野木町丸林字芝山２００－１１" }, "geometry": { "type": "Point", "coordinates": [ 139.731854, 36.229543 ] } },
{ "type": "Feature", "properties": { "正式名称": "フレンド　羽川薬局", "機関区分": 5, "都道府県コード": 9, "市区町村コード": 208, "所在地": "栃木県小山市羽川５２４－２", "緯度": 36.367106, "経度": 139.836874, "url": "https://www.iryou.teikyouseido.mhlw.go.jp/znk-web/juminkanja/S2430/initialize?prefCd=09&kikanCd=5E4047&kikanKbn=5", "url2": "http://www.f-pw.jp/", "内容": "フレンド　羽川薬局【5:薬局】栃木県小山市羽川５２４－２" }, "geometry": { "type": "Point", "coordinates": [ 139.836874, 36.367106 ] } },
{ "type": "Feature", "properties": { "正式名称": "エイケン調剤薬局", "機関区分": 5, "都道府県コード": 9, "市区町村コード": 203, "所在地": "栃木県栃木市岩舟町静５５０－７", "緯度": 36.321287, "経度": 139.660666, "url": "https://www.iryou.teikyouseido.mhlw.go.jp/znk-web/juminkanja/S2430/initialize?prefCd=09&kikanCd=5E4053&kikanKbn=5", "url2": "https://www.daitoku-pharmacy.com", "内容": "エイケン調剤薬局【5:薬局】栃木県栃木市岩舟町静５５０－７" }, "geometry": { "type": "Point", "coordinates": [ 139.660666, 36.321287 ] } },
{ "type": "Feature", "properties": { "正式名称": "有限会社桜本薬局", "機関区分": 5, "都道府県コード": 9, "市区町村コード": 203, "所在地": "栃木県栃木市大平町富田２８２", "緯度": 36.333141, "経度": 139.698401, "url": "https://www.iryou.teikyouseido.mhlw.go.jp/znk-web/juminkanja/S2430/initialize?prefCd=09&kikanCd=5E4062&kikanKbn=5", "url2": "sakuramoto-yakkyoku-tochigi.com", "内容": "有限会社桜本薬局【5:薬局】栃木県栃木市大平町富田２８２" }, "geometry": { "type": "Point", "coordinates": [ 139.698401, 36.333141 ] } },
{ "type": "Feature", "properties": { "正式名称": "株式会社フレンド　南部調剤薬局", "機関区分": 5, "都道府県コード": 9, "市区町村コード": 208, "所在地": "栃木県小山市西城南２－１８－１０", "緯度": 36.296785, "経度": 139.803625, "url": "https://www.iryou.teikyouseido.mhlw.go.jp/znk-web/juminkanja/S2430/initialize?prefCd=09&kikanCd=5E4068&kikanKbn=5", "url2": "http://www.f-pw.jp/", "内容": "株式会社フレンド　南部調剤薬局【5:薬局】栃木県小山市西城南２－１８－１０" }, "geometry": { "type": "Point", "coordinates": [ 139.803625, 36.296785 ] } },
{ "type": "Feature", "properties": { "正式名称": "セイムス　上三川薬局", "機関区分": 5, "都道府県コード": 9, "市区町村コード": 301, "所在地": "栃木県河内郡上三川町上蒲生２２００", "緯度": 36.4485, "経度": 139.904677, "url": "https://www.iryou.teikyouseido.mhlw.go.jp/znk-web/juminkanja/S2430/initialize?prefCd=09&kikanCd=5E4069&kikanKbn=5", "url2": null, "内容": "セイムス　上三川薬局【5:薬局】栃木県河内郡上三川町上蒲生２２００" }, "geometry": { "type": "Point", "coordinates": [ 139.904677, 36.4485 ] } },
{ "type": "Feature", "properties": { "正式名称": "株式会社フレンド　薬師寺調剤薬局", "機関区分": 5, "都道府県コード": 9, "市区町村コード": 216, "所在地": "栃木県下野市祇園１－１０－５", "緯度": 36.397183, "経度": 139.859021, "url": "https://www.iryou.teikyouseido.mhlw.go.jp/znk-web/juminkanja/S2430/initialize?prefCd=09&kikanCd=5E4070&kikanKbn=5", "url2": "https://f-pw.jp", "内容": "株式会社フレンド　薬師寺調剤薬局【5:薬局】栃木県下野市祇園１－１０－５" }, "geometry": { "type": "Point", "coordinates": [ 139.859021, 36.397183 ] } },
{ "type": "Feature", "properties": { "正式名称": "アップル薬局", "機関区分": 5, "都道府県コード": 9, "市区町村コード": 216, "所在地": "栃木県下野市祇園２－３－３　ＳＡＫＡ自治医大前ビル", "緯度": 36.394089, "経度": 139.858799, "url": "https://www.iryou.teikyouseido.mhlw.go.jp/znk-web/juminkanja/S2430/initialize?prefCd=09&kikanCd=5E4071&kikanKbn=5", "url2": "http://www.ddc.co.jp/applecarenet/index.html", "内容": "アップル薬局【5:薬局】栃木県下野市祇園２－３－３　ＳＡＫＡ自治医大前ビル" }, "geometry": { "type": "Point", "coordinates": [ 139.858799, 36.394089 ] } },
{ "type": "Feature", "properties": { "正式名称": "グレープ調剤薬局", "機関区分": 5, "都道府県コード": 9, "市区町村コード": 203, "所在地": "栃木県栃木市岩舟町畳岡５３４－６", "緯度": 36.323872, "経度": 139.640332, "url": "https://www.iryou.teikyouseido.mhlw.go.jp/znk-web/juminkanja/S2430/initialize?prefCd=09&kikanCd=5E4077&kikanKbn=5", "url2": "https://www.daitoku-pharmacy.com/", "内容": "グレープ調剤薬局【5:薬局】栃木県栃木市岩舟町畳岡５３４－６" }, "geometry": { "type": "Point", "coordinates": [ 139.640332, 36.323872 ] } },
{ "type": "Feature", "properties": { "正式名称": "有限会社小林薬局", "機関区分": 5, "都道府県コード": 9, "市区町村コード": 203, "所在地": "栃木県栃木市河合町９－９", "緯度": 36.374554, "経度": 139.733984, "url": "https://www.iryou.teikyouseido.mhlw.go.jp/znk-web/juminkanja/S2430/initialize?prefCd=09&kikanCd=5E4079&kikanKbn=5", "url2": null, "内容": "有限会社小林薬局【5:薬局】栃木県栃木市河合町９－９" }, "geometry": { "type": "Point", "coordinates": [ 139.733984, 36.374554 ] } },
{ "type": "Feature", "properties": { "正式名称": "つくし調剤薬局", "機関区分": 5, "都道府県コード": 9, "市区町村コード": 203, "所在地": "栃木県栃木市万町１７－１１", "緯度": 36.384164, "経度": 139.736858, "url": "https://www.iryou.teikyouseido.mhlw.go.jp/znk-web/juminkanja/S2430/initialize?prefCd=09&kikanCd=5E4083&kikanKbn=5", "url2": "https://www.daitoku-pharmacy.com", "内容": "つくし調剤薬局【5:薬局】栃木県栃木市万町１７－１１" }, "geometry": { "type": "Point", "coordinates": [ 139.736858, 36.384164 ] } },
{ "type": "Feature", "properties": { "正式名称": "有限会社　ディ・カスターニエ　くら薬局", "機関区分": 5, "都道府県コード": 9, "市区町村コード": 203, "所在地": "栃木県栃木市箱森町２５－６９", "緯度": 36.393217, "経度": 139.720173, "url": "https://www.iryou.teikyouseido.mhlw.go.jp/znk-web/juminkanja/S2430/initialize?prefCd=09&kikanCd=5E4084&kikanKbn=5", "url2": null, "内容": "有限会社　ディ・カスターニエ　くら薬局【5:薬局】栃木県栃木市箱森町２５－６９" }, "geometry": { "type": "Point", "coordinates": [ 139.720173, 36.393217 ] } },
{ "type": "Feature", "properties": { "正式名称": "セイムス　おもちゃのまち　薬局", "機関区分": 5, "都道府県コード": 9, "市区町村コード": 361, "所在地": "栃木県下都賀郡壬生町おもちゃのまち１－８－１", "緯度": 36.465441, "経度": 139.833864, "url": "https://www.iryou.teikyouseido.mhlw.go.jp/znk-web/juminkanja/S2430/initialize?prefCd=09&kikanCd=5E4085&kikanKbn=5", "url2": null, "内容": "セイムス　おもちゃのまち　薬局【5:薬局】栃木県下都賀郡壬生町おもちゃのまち１－８－１" }, "geometry": { "type": "Point", "coordinates": [ 139.833864, 36.465441 ] } },
{ "type": "Feature", "properties": { "正式名称": "あすなろ薬局", "機関区分": 5, "都道府県コード": 9, "市区町村コード": 208, "所在地": "栃木県小山市間々田１６－２", "緯度": 36.257586, "経度": 139.778807, "url": "https://www.iryou.teikyouseido.mhlw.go.jp/znk-web/juminkanja/S2430/initialize?prefCd=09&kikanCd=5E4092&kikanKbn=5", "url2": null, "内容": "あすなろ薬局【5:薬局】栃木県小山市間々田１６－２" }, "geometry": { "type": "Point", "coordinates": [ 139.778807, 36.257586 ] } },
{ "type": "Feature", "properties": { "正式名称": "すみれ薬局　石橋店", "機関区分": 5, "都道府県コード": 9, "市区町村コード": 216, "所在地": "栃木県下野市石橋２３８－７", "緯度": 36.436382, "経度": 139.867705, "url": "https://www.iryou.teikyouseido.mhlw.go.jp/znk-web/juminkanja/S2430/initialize?prefCd=09&kikanCd=5E4100&kikanKbn=5", "url2": "http://www.pinokio-pharmacy.com/", "内容": "すみれ薬局　石橋店【5:薬局】栃木県下野市石橋２３８－７" }, "geometry": { "type": "Point", "coordinates": [ 139.867705, 36.436382 ] } },
{ "type": "Feature", "properties": { "正式名称": "わかば薬局　石橋店", "機関区分": 5, "都道府県コード": 9, "市区町村コード": 216, "所在地": "栃木県下野市文教３－１０－３", "緯度": 36.448802, "経度": 139.861774, "url": "https://www.iryou.teikyouseido.mhlw.go.jp/znk-web/juminkanja/S2430/initialize?prefCd=09&kikanCd=5E4113&kikanKbn=5", "url2": "http://www.pinokio-pharmacy.com/", "内容": "わかば薬局　石橋店【5:薬局】栃木県下野市文教３－１０－３" }, "geometry": { "type": "Point", "coordinates": [ 139.861774, 36.448802 ] } },
{ "type": "Feature", "properties": { "正式名称": "ピノキオ薬局自治店", "機関区分": 5, "都道府県コード": 9, "市区町村コード": 216, "所在地": "栃木県下野市祇園１－１３－２", "緯度": 36.396061, "経度": 139.859293, "url": "https://www.iryou.teikyouseido.mhlw.go.jp/znk-web/juminkanja/S2430/initialize?prefCd=09&kikanCd=5E4120&kikanKbn=5", "url2": "http://www.pinokio-pharmacy.com/", "内容": "ピノキオ薬局自治店【5:薬局】栃木県下野市祇園１－１３－２" }, "geometry": { "type": "Point", "coordinates": [ 139.859293, 36.396061 ] } },
{ "type": "Feature", "properties": { "正式名称": "かりん調剤薬局", "機関区分": 5, "都道府県コード": 9, "市区町村コード": 216, "所在地": "栃木県下野市緑５－１７－１３", "緯度": 36.384313, "経度": 139.85731, "url": "https://www.iryou.teikyouseido.mhlw.go.jp/znk-web/juminkanja/S2430/initialize?prefCd=09&kikanCd=5E4124&kikanKbn=5", "url2": null, "内容": "かりん調剤薬局【5:薬局】栃木県下野市緑５－１７－１３" }, "geometry": { "type": "Point", "coordinates": [ 139.85731, 36.384313 ] } },
{ "type": "Feature", "properties": { "正式名称": "銀星薬局　西口店", "機関区分": 5, "都道府県コード": 9, "市区町村コード": 208, "所在地": "栃木県小山市城山町３－４－１", "緯度": 36.313999, "経度": 139.806105, "url": "https://www.iryou.teikyouseido.mhlw.go.jp/znk-web/juminkanja/S2430/initialize?prefCd=09&kikanCd=5E4130&kikanKbn=5", "url2": null, "内容": "銀星薬局　西口店【5:薬局】栃木県小山市城山町３－４－１" }, "geometry": { "type": "Point", "coordinates": [ 139.806105, 36.313999 ] } },
{ "type": "Feature", "properties": { "正式名称": "ひまわり薬局", "機関区分": 5, "都道府県コード": 9, "市区町村コード": 203, "所在地": "栃木県栃木市大森町４４４－７", "緯度": 36.415273, "経度": 139.697299, "url": "https://www.iryou.teikyouseido.mhlw.go.jp/znk-web/juminkanja/S2430/initialize?prefCd=09&kikanCd=5E4131&kikanKbn=5", "url2": "http://e-ff.jp/", "内容": "ひまわり薬局【5:薬局】栃木県栃木市大森町４４４－７" }, "geometry": { "type": "Point", "coordinates": [ 139.697299, 36.415273 ] } },
{ "type": "Feature", "properties": { "正式名称": "エンゼル調剤薬局　岩舟店", "機関区分": 5, "都道府県コード": 9, "市区町村コード": 203, "所在地": "栃木県栃木市岩舟町下津原１８９－６", "緯度": 36.318349, "経度": 139.649514, "url": "https://www.iryou.teikyouseido.mhlw.go.jp/znk-web/juminkanja/S2430/initialize?prefCd=09&kikanCd=5E4133&kikanKbn=5", "url2": "http://www.mirai-ph.co.jp/", "内容": "エンゼル調剤薬局　岩舟店【5:薬局】栃木県栃木市岩舟町下津原１８９－６" }, "geometry": { "type": "Point", "coordinates": [ 139.649514, 36.318349 ] } },
{ "type": "Feature", "properties": { "正式名称": "（有）メディカ　東雲薬局", "機関区分": 5, "都道府県コード": 9, "市区町村コード": 361, "所在地": "栃木県下都賀郡壬生町通町１－２５", "緯度": 36.429224, "経度": 139.804226, "url": "https://www.iryou.teikyouseido.mhlw.go.jp/znk-web/juminkanja/S2430/initialize?prefCd=09&kikanCd=5E4143&kikanKbn=5", "url2": "http://homepage3.nifty.com/medica/", "内容": "（有）メディカ　東雲薬局【5:薬局】栃木県下都賀郡壬生町通町１－２５" }, "geometry": { "type": "Point", "coordinates": [ 139.804226, 36.429224 ] } },
{ "type": "Feature", "properties": { "正式名称": "品田薬局", "機関区分": 5, "都道府県コード": 9, "市区町村コード": 203, "所在地": "栃木県栃木市嘉右衛門町５－２２", "緯度": 36.390071, "経度": 139.734207, "url": "https://www.iryou.teikyouseido.mhlw.go.jp/znk-web/juminkanja/S2430/initialize?prefCd=09&kikanCd=5E4147&kikanKbn=5", "url2": "https://www.kusurinomadoguchi.com/tochigi/s117048", "内容": "品田薬局【5:薬局】栃木県栃木市嘉右衛門町５－２２" }, "geometry": { "type": "Point", "coordinates": [ 139.734207, 36.390071 ] } },
{ "type": "Feature", "properties": { "正式名称": "株式会社フレンド　南河内調剤薬局", "機関区分": 5, "都道府県コード": 9, "市区町村コード": 216, "所在地": "栃木県下野市祇園１－２５－４", "緯度": 36.3924, "経度": 139.857268, "url": "https://www.iryou.teikyouseido.mhlw.go.jp/znk-web/juminkanja/S2430/initialize?prefCd=09&kikanCd=5E4149&kikanKbn=5", "url2": "http://www.f-pw.jp/", "内容": "株式会社フレンド　南河内調剤薬局【5:薬局】栃木県下野市祇園１－２５－４" }, "geometry": { "type": "Point", "coordinates": [ 139.857268, 36.3924 ] } },
{ "type": "Feature", "properties": { "正式名称": "あすか薬局", "機関区分": 5, "都道府県コード": 9, "市区町村コード": 361, "所在地": "栃木県下都賀郡壬生町幸町２－１１－３", "緯度": 36.467007, "経度": 139.833431, "url": "https://www.iryou.teikyouseido.mhlw.go.jp/znk-web/juminkanja/S2430/initialize?prefCd=09&kikanCd=5E4150&kikanKbn=5", "url2": "http://www.pinokio-pharmacy.com/", "内容": "あすか薬局【5:薬局】栃木県下都賀郡壬生町幸町２－１１－３" }, "geometry": { "type": "Point", "coordinates": [ 139.833431, 36.467007 ] } },
{ "type": "Feature", "properties": { "正式名称": "ピノキオ薬局　南河内店", "機関区分": 5, "都道府県コード": 9, "市区町村コード": 216, "所在地": "栃木県下野市薬師寺３１７１－３１", "緯度": 36.397208, "経度": 139.862445, "url": "https://www.iryou.teikyouseido.mhlw.go.jp/znk-web/juminkanja/S2430/initialize?prefCd=09&kikanCd=5E4154&kikanKbn=5", "url2": "http://www.pinokio-pharmacy.com", "内容": "ピノキオ薬局　南河内店【5:薬局】栃木県下野市薬師寺３１７１－３１" }, "geometry": { "type": "Point", "coordinates": [ 139.862445, 36.397208 ] } },
{ "type": "Feature", "properties": { "正式名称": "めぐみ薬局　卒島店", "機関区分": 5, "都道府県コード": 9, "市区町村コード": 208, "所在地": "栃木県小山市卒島１０５－２", "緯度": 36.338926, "経度": 139.777879, "url": "https://www.iryou.teikyouseido.mhlw.go.jp/znk-web/juminkanja/S2430/initialize?prefCd=09&kikanCd=5E4156&kikanKbn=5", "url2": "http://www.megumi-pharmacy.com", "内容": "めぐみ薬局　卒島店【5:薬局】栃木県小山市卒島１０５－２" }, "geometry": { "type": "Point", "coordinates": [ 139.777879, 36.338926 ] } },
{ "type": "Feature", "properties": { "正式名称": "ひばり薬局　藤岡店", "機関区分": 5, "都道府県コード": 9, "市区町村コード": 203, "所在地": "栃木県栃木市藤岡町藤岡字羽黒５００６", "緯度": 36.25496, "経度": 139.644887, "url": "https://www.iryou.teikyouseido.mhlw.go.jp/znk-web/juminkanja/S2430/initialize?prefCd=09&kikanCd=5E4161&kikanKbn=5", "url2": "http://www.sanshindrug.co.jp", "内容": "ひばり薬局　藤岡店【5:薬局】栃木県栃木市藤岡町藤岡字羽黒５００６" }, "geometry": { "type": "Point", "coordinates": [ 139.644887, 36.25496 ] } },
{ "type": "Feature", "properties": { "正式名称": "株式会社フレンド　本郷台調剤薬局", "機関区分": 5, "都道府県コード": 9, "市区町村コード": 301, "所在地": "栃木県河内郡上三川町西汗１７０１－４５", "緯度": 36.480822, "経度": 139.919706, "url": "https://www.iryou.teikyouseido.mhlw.go.jp/znk-web/juminkanja/S2430/initialize?prefCd=09&kikanCd=5E4163&kikanKbn=5", "url2": "http://www.f-pw.jp/index.html", "内容": "株式会社フレンド　本郷台調剤薬局【5:薬局】栃木県河内郡上三川町西汗１７０１－４５" }, "geometry": { "type": "Point", "coordinates": [ 139.919706, 36.480822 ] } },
{ "type": "Feature", "properties": { "正式名称": "有限会社　伊澤薬局", "機関区分": 5, "都道府県コード": 9, "市区町村コード": 301, "所在地": "栃木県河内郡上三川町上三川４９７３", "緯度": 36.434861, "経度": 139.91235, "url": "https://www.iryou.teikyouseido.mhlw.go.jp/znk-web/juminkanja/S2430/initialize?prefCd=09&kikanCd=5E4164&kikanKbn=5", "url2": "https://ec.tsuku2.jp/shop/0000214549", "内容": "有限会社　伊澤薬局【5:薬局】栃木県河内郡上三川町上三川４９７３" }, "geometry": { "type": "Point", "coordinates": [ 139.91235, 36.434861 ] } },
{ "type": "Feature", "properties": { "正式名称": "雙玉堂滝澤薬局", "機関区分": 5, "都道府県コード": 9, "市区町村コード": 208, "所在地": "栃木県小山市宮本町３－１－１０", "緯度": 36.31158, "経度": 139.803791, "url": "https://www.iryou.teikyouseido.mhlw.go.jp/znk-web/juminkanja/S2430/initialize?prefCd=09&kikanCd=5E4167&kikanKbn=5", "url2": "http://www.sougyokudo.jp", "内容": "雙玉堂滝澤薬局【5:薬局】栃木県小山市宮本町３－１－１０" }, "geometry": { "type": "Point", "coordinates": [ 139.803791, 36.31158 ] } },
{ "type": "Feature", "properties": { "正式名称": "有限会社小山メディカル　暁薬局", "機関区分": 5, "都道府県コード": 9, "市区町村コード": 208, "所在地": "栃木県小山市粟宮２－１－２５", "緯度": 36.293502, "経度": 139.789587, "url": "https://www.iryou.teikyouseido.mhlw.go.jp/znk-web/juminkanja/S2430/initialize?prefCd=09&kikanCd=5E4168&kikanKbn=5", "url2": null, "内容": "有限会社小山メディカル　暁薬局【5:薬局】栃木県小山市粟宮２－１－２５" }, "geometry": { "type": "Point", "coordinates": [ 139.789587, 36.293502 ] } },
{ "type": "Feature", "properties": { "正式名称": "銀星薬局　東口店", "機関区分": 5, "都道府県コード": 9, "市区町村コード": 208, "所在地": "栃木県小山市駅東通り１丁目２－２０", "緯度": 36.310264, "経度": 139.805864, "url": "https://www.iryou.teikyouseido.mhlw.go.jp/znk-web/juminkanja/S2430/initialize?prefCd=09&kikanCd=5E4170&kikanKbn=5", "url2": null, "内容": "銀星薬局　東口店【5:薬局】栃木県小山市駅東通り１丁目２－２０" }, "geometry": { "type": "Point", "coordinates": [ 139.805864, 36.310264 ] } },
{ "type": "Feature", "properties": { "正式名称": "ワイアンドワイ薬局", "機関区分": 5, "都道府県コード": 9, "市区町村コード": 361, "所在地": "栃木県下都賀郡壬生町大字福和田１００３－７", "緯度": 36.445239, "経度": 139.797807, "url": "https://www.iryou.teikyouseido.mhlw.go.jp/znk-web/juminkanja/S2430/initialize?prefCd=09&kikanCd=5E4172&kikanKbn=5", "url2": null, "内容": "ワイアンドワイ薬局【5:薬局】栃木県下都賀郡壬生町大字福和田１００３－７" }, "geometry": { "type": "Point", "coordinates": [ 139.797807, 36.445239 ] } },
{ "type": "Feature", "properties": { "正式名称": "アップル薬局　はこのもり店", "機関区分": 5, "都道府県コード": 9, "市区町村コード": 203, "所在地": "栃木県栃木市箱森町５３－３０", "緯度": 36.398915, "経度": 139.734004, "url": "https://www.iryou.teikyouseido.mhlw.go.jp/znk-web/juminkanja/S2430/initialize?prefCd=09&kikanCd=5E4173&kikanKbn=5", "url2": "http://www.ddc.co.jp/applecarenet/index.html", "内容": "アップル薬局　はこのもり店【5:薬局】栃木県栃木市箱森町５３－３０" }, "geometry": { "type": "Point", "coordinates": [ 139.734004, 36.398915 ] } },
{ "type": "Feature", "properties": { "正式名称": "有限会社デイ・カスターニエ　おやま薬局", "機関区分": 5, "都道府県コード": 9, "市区町村コード": 208, "所在地": "栃木県小山市下石塚４７４－３", "緯度": 36.314459, "経度": 139.769844, "url": "https://www.iryou.teikyouseido.mhlw.go.jp/znk-web/juminkanja/S2430/initialize?prefCd=09&kikanCd=5E4187&kikanKbn=5", "url2": null, "内容": "有限会社デイ・カスターニエ　おやま薬局【5:薬局】栃木県小山市下石塚４７４－３" }, "geometry": { "type": "Point", "coordinates": [ 139.769844, 36.314459 ] } },
{ "type": "Feature", "properties": { "正式名称": "有限会社オリーブ調剤薬局", "機関区分": 5, "都道府県コード": 9, "市区町村コード": 208, "所在地": "栃木県小山市中央町２－８－２７", "緯度": 36.313438, "経度": 139.802788, "url": "https://www.iryou.teikyouseido.mhlw.go.jp/znk-web/juminkanja/S2430/initialize?prefCd=09&kikanCd=5E4188&kikanKbn=5", "url2": null, "内容": "有限会社オリーブ調剤薬局【5:薬局】栃木県小山市中央町２－８－２７" }, "geometry": { "type": "Point", "coordinates": [ 139.802788, 36.313438 ] } },
{ "type": "Feature", "properties": { "正式名称": "もり調剤薬局", "機関区分": 5, "都道府県コード": 9, "市区町村コード": 361, "所在地": "栃木県下都賀郡壬生町通町１８－４８", "緯度": 36.426556, "経度": 139.807137, "url": "https://www.iryou.teikyouseido.mhlw.go.jp/znk-web/juminkanja/S2430/initialize?prefCd=09&kikanCd=5E4190&kikanKbn=5", "url2": null, "内容": "もり調剤薬局【5:薬局】栃木県下都賀郡壬生町通町１８－４８" }, "geometry": { "type": "Point", "coordinates": [ 139.807137, 36.426556 ] } },
{ "type": "Feature", "properties": { "正式名称": "有限会社小林薬局箱森店", "機関区分": 5, "都道府県コード": 9, "市区町村コード": 203, "所在地": "栃木県栃木市箱森町３４ー１８", "緯度": 36.392177, "経度": 139.729322, "url": "https://www.iryou.teikyouseido.mhlw.go.jp/znk-web/juminkanja/S2430/initialize?prefCd=09&kikanCd=5E4191&kikanKbn=5", "url2": null, "内容": "有限会社小林薬局箱森店【5:薬局】栃木県栃木市箱森町３４ー１８" }, "geometry": { "type": "Point", "coordinates": [ 139.729322, 36.392177 ] } },
{ "type": "Feature", "properties": { "正式名称": "小山調剤薬局　　駅東通り店", "機関区分": 5, "都道府県コード": 9, "市区町村コード": 208, "所在地": "栃木県小山市駅東通り２－２８－１９－２", "緯度": 36.312697, "経度": 139.810771, "url": "https://www.iryou.teikyouseido.mhlw.go.jp/znk-web/juminkanja/S2430/initialize?prefCd=09&kikanCd=5E4193&kikanKbn=5", "url2": null, "内容": "小山調剤薬局　　駅東通り店【5:薬局】栃木県小山市駅東通り２－２８－１９－２" }, "geometry": { "type": "Point", "coordinates": [ 139.810771, 36.312697 ] } },
{ "type": "Feature", "properties": { "正式名称": "ウエルシア薬局　小山花垣店", "機関区分": 5, "都道府県コード": 9, "市区町村コード": 208, "所在地": "栃木県小山市花垣町１ー４ー２９", "緯度": 36.322374, "経度": 139.806194, "url": "https://www.iryou.teikyouseido.mhlw.go.jp/znk-web/juminkanja/S2430/initialize?prefCd=09&kikanCd=5E4194&kikanKbn=5", "url2": "https://stores.welcia.co.jp/1051D", "内容": "ウエルシア薬局　小山花垣店【5:薬局】栃木県小山市花垣町１ー４ー２９" }, "geometry": { "type": "Point", "coordinates": [ 139.806194, 36.322374 ] } },
{ "type": "Feature", "properties": { "正式名称": "カワチ薬局　栃木インター店", "機関区分": 5, "都道府県コード": 9, "市区町村コード": 203, "所在地": "栃木県栃木市箱森町３８－６３", "緯度": 36.392082, "経度": 139.725325, "url": "https://www.iryou.teikyouseido.mhlw.go.jp/znk-web/juminkanja/S2430/initialize?prefCd=09&kikanCd=5E4198&kikanKbn=5", "url2": "http://www.cawachi.co.jp", "内容": "カワチ薬局　栃木インター店【5:薬局】栃木県栃木市箱森町３８－６３" }, "geometry": { "type": "Point", "coordinates": [ 139.725325, 36.392082 ] } },
{ "type": "Feature", "properties": { "正式名称": "有限会社　富士ファーマシー　ちとせ薬局", "機関区分": 5, "都道府県コード": 9, "市区町村コード": 301, "所在地": "栃木県河内郡上三川町大字上三川字富士山３３５７－９", "緯度": 36.427548, "経度": 139.910489, "url": "https://www.iryou.teikyouseido.mhlw.go.jp/znk-web/juminkanja/S2430/initialize?prefCd=09&kikanCd=5E4199&kikanKbn=5", "url2": "http://www.fuji-pharm.com/", "内容": "有限会社　富士ファーマシー　ちとせ薬局【5:薬局】栃木県河内郡上三川町大字上三川字富士山３３５７－９" }, "geometry": { "type": "Point", "coordinates": [ 139.910489, 36.427548 ] } },
{ "type": "Feature", "properties": { "正式名称": "花・花薬局しらさぎ店", "機関区分": 5, "都道府県コード": 9, "市区町村コード": 301, "所在地": "栃木県河内郡上三川町しらさぎ１－１８－９", "緯度": 36.441526, "経度": 139.908584, "url": "https://www.iryou.teikyouseido.mhlw.go.jp/znk-web/juminkanja/S2430/initialize?prefCd=09&kikanCd=5E4200&kikanKbn=5", "url2": "http://www.e-ff.jp", "内容": "花・花薬局しらさぎ店【5:薬局】栃木県河内郡上三川町しらさぎ１－１８－９" }, "geometry": { "type": "Point", "coordinates": [ 139.908584, 36.441526 ] } },
{ "type": "Feature", "properties": { "正式名称": "めぐみ薬局　片柳店", "機関区分": 5, "都道府県コード": 9, "市区町村コード": 203, "所在地": "栃木県栃木市片柳町一丁目字塚田９０５ー５", "緯度": 36.37277, "経度": 139.723527, "url": "https://www.iryou.teikyouseido.mhlw.go.jp/znk-web/juminkanja/S2430/initialize?prefCd=09&kikanCd=5E4207&kikanKbn=5", "url2": "https://www.megumi-pharmacy.com/", "内容": "めぐみ薬局　片柳店【5:薬局】栃木県栃木市片柳町一丁目字塚田９０５ー５" }, "geometry": { "type": "Point", "coordinates": [ 139.723527, 36.37277 ] } },
{ "type": "Feature", "properties": { "正式名称": "ウエルシア薬局　小山羽川店", "機関区分": 5, "都道府県コード": 9, "市区町村コード": 208, "所在地": "栃木県小山市羽川字下田５７", "緯度": 36.34977, "経度": 139.824622, "url": "https://www.iryou.teikyouseido.mhlw.go.jp/znk-web/juminkanja/S2430/initialize?prefCd=09&kikanCd=5E4210&kikanKbn=5", "url2": "http://www.welcia-yakkyoku.co.jp/", "内容": "ウエルシア薬局　小山羽川店【5:薬局】栃木県小山市羽川字下田５７" }, "geometry": { "type": "Point", "coordinates": [ 139.824622, 36.34977 ] } },
{ "type": "Feature", "properties": { "正式名称": "カワチ薬局　自治医大店", "機関区分": 5, "都道府県コード": 9, "市区町村コード": 216, "所在地": "栃木県下野市祇園１－８", "緯度": 36.396494, "経度": 139.858335, "url": "https://www.iryou.teikyouseido.mhlw.go.jp/znk-web/juminkanja/S2430/initialize?prefCd=09&kikanCd=5E4213&kikanKbn=5", "url2": "http://www.cawachi.co.jp", "内容": "カワチ薬局　自治医大店【5:薬局】栃木県下野市祇園１－８" }, "geometry": { "type": "Point", "coordinates": [ 139.858335, 36.396494 ] } },
{ "type": "Feature", "properties": { "正式名称": "平田薬局　　大平店", "機関区分": 5, "都道府県コード": 9, "市区町村コード": 203, "所在地": "栃木県栃木市大平町西野田６４１－４", "緯度": 36.334425, "経度": 139.715065, "url": "https://www.iryou.teikyouseido.mhlw.go.jp/znk-web/juminkanja/S2430/initialize?prefCd=09&kikanCd=5E4215&kikanKbn=5", "url2": "http://hirata-yakkyoku.co.jp/", "内容": "平田薬局　　大平店【5:薬局】栃木県栃木市大平町西野田６４１－４" }, "geometry": { "type": "Point", "coordinates": [ 139.715065, 36.334425 ] } },
{ "type": "Feature", "properties": { "正式名称": "中央薬局　岩舟店", "機関区分": 5, "都道府県コード": 9, "市区町村コード": 203, "所在地": "栃木県栃木市岩舟町小野寺２５７４－１０", "緯度": 36.372941, "経度": 139.636697, "url": "https://www.iryou.teikyouseido.mhlw.go.jp/znk-web/juminkanja/S2430/initialize?prefCd=09&kikanCd=5E4216&kikanKbn=5", "url2": "http://www.power-p.co.jp", "内容": "中央薬局　岩舟店【5:薬局】栃木県栃木市岩舟町小野寺２５７４－１０" }, "geometry": { "type": "Point", "coordinates": [ 139.636697, 36.372941 ] } },
{ "type": "Feature", "properties": { "正式名称": "ウイン調剤　城内町薬局", "機関区分": 5, "都道府県コード": 9, "市区町村コード": 203, "所在地": "栃木県栃木市城内町２－２５－２３", "緯度": 36.370799, "経度": 139.746086, "url": "https://www.iryou.teikyouseido.mhlw.go.jp/znk-web/juminkanja/S2430/initialize?prefCd=09&kikanCd=5E4221&kikanKbn=5", "url2": "https://win-ohana.jp/", "内容": "ウイン調剤　城内町薬局【5:薬局】栃木県栃木市城内町２－２５－２３" }, "geometry": { "type": "Point", "coordinates": [ 139.746086, 36.370799 ] } },
{ "type": "Feature", "properties": { "正式名称": "ピーチ薬局", "機関区分": 5, "都道府県コード": 9, "市区町村コード": 203, "所在地": "栃木県栃木市平柳町２－９－１７", "緯度": 36.390213, "経度": 139.745156, "url": "https://www.iryou.teikyouseido.mhlw.go.jp/znk-web/juminkanja/S2430/initialize?prefCd=09&kikanCd=5E4222&kikanKbn=5", "url2": "http://www.e-ff.jp/tenpo/peach.html", "内容": "ピーチ薬局【5:薬局】栃木県栃木市平柳町２－９－１７" }, "geometry": { "type": "Point", "coordinates": [ 139.745156, 36.390213 ] } },
{ "type": "Feature", "properties": { "正式名称": "アストラル調剤薬局", "機関区分": 5, "都道府県コード": 9, "市区町村コード": 203, "所在地": "栃木県栃木市岩舟町静和２１１４－５", "緯度": 36.319272, "経度": 139.684399, "url": "https://www.iryou.teikyouseido.mhlw.go.jp/znk-web/juminkanja/S2430/initialize?prefCd=09&kikanCd=5E4226&kikanKbn=5", "url2": null, "内容": "アストラル調剤薬局【5:薬局】栃木県栃木市岩舟町静和２１１４－５" }, "geometry": { "type": "Point", "coordinates": [ 139.684399, 36.319272 ] } },
{ "type": "Feature", "properties": { "正式名称": "しらかば薬局", "機関区分": 5, "都道府県コード": 9, "市区町村コード": 203, "所在地": "栃木県栃木市錦町７－４８", "緯度": 36.385667, "経度": 139.730081, "url": "https://www.iryou.teikyouseido.mhlw.go.jp/znk-web/juminkanja/S2430/initialize?prefCd=09&kikanCd=5E4229&kikanKbn=5", "url2": "http://www.p-nakayama.com/", "内容": "しらかば薬局【5:薬局】栃木県栃木市錦町７－４８" }, "geometry": { "type": "Point", "coordinates": [ 139.730081, 36.385667 ] } },
{ "type": "Feature", "properties": { "正式名称": "ワイアンドワイ薬局　栃木店", "機関区分": 5, "都道府県コード": 9, "市区町村コード": 203, "所在地": "栃木県栃木市大町２２－６０", "緯度": 36.39712, "経度": 139.733299, "url": "https://www.iryou.teikyouseido.mhlw.go.jp/znk-web/juminkanja/S2430/initialize?prefCd=09&kikanCd=5E4232&kikanKbn=5", "url2": null, "内容": "ワイアンドワイ薬局　栃木店【5:薬局】栃木県栃木市大町２２－６０" }, "geometry": { "type": "Point", "coordinates": [ 139.733299, 36.39712 ] } },
{ "type": "Feature", "properties": { "正式名称": "共創未来岩舟薬局", "機関区分": 5, "都道府県コード": 9, "市区町村コード": 203, "所在地": "栃木県栃木市岩舟町和泉１４５７－６", "緯度": 36.319438, "経度": 139.67315, "url": "https://www.iryou.teikyouseido.mhlw.go.jp/znk-web/juminkanja/S2430/initialize?prefCd=09&kikanCd=5E4234&kikanKbn=5", "url2": "http://phmirai.co.jp/shops/detail.php?id=161", "内容": "共創未来岩舟薬局【5:薬局】栃木県栃木市岩舟町和泉１４５７－６" }, "geometry": { "type": "Point", "coordinates": [ 139.67315, 36.319438 ] } },
{ "type": "Feature", "properties": { "正式名称": "ラベンダー薬局", "機関区分": 5, "都道府県コード": 9, "市区町村コード": 203, "所在地": "栃木県栃木市岩舟町新里１８１－３", "緯度": 36.327895, "経度": 139.637598, "url": "https://www.iryou.teikyouseido.mhlw.go.jp/znk-web/juminkanja/S2430/initialize?prefCd=09&kikanCd=5E4239&kikanKbn=5", "url2": "http://www.mc-kanto.co.jp/", "内容": "ラベンダー薬局【5:薬局】栃木県栃木市岩舟町新里１８１－３" }, "geometry": { "type": "Point", "coordinates": [ 139.637598, 36.327895 ] } },
{ "type": "Feature", "properties": { "正式名称": "中央薬局　国分寺店", "機関区分": 5, "都道府県コード": 9, "市区町村コード": 216, "所在地": "栃木県下野市小金井７７６－１", "緯度": 36.386159, "経度": 139.837328, "url": "https://www.iryou.teikyouseido.mhlw.go.jp/znk-web/juminkanja/S2430/initialize?prefCd=09&kikanCd=5E4242&kikanKbn=5", "url2": "http://www.power-p.co.jp/shop/kokubunji/", "内容": "中央薬局　国分寺店【5:薬局】栃木県下野市小金井７７６－１" }, "geometry": { "type": "Point", "coordinates": [ 139.837328, 36.386159 ] } },
{ "type": "Feature", "properties": { "正式名称": "コスモ薬局", "機関区分": 5, "都道府県コード": 9, "市区町村コード": 203, "所在地": "栃木県栃木市川原田町１９９－７", "緯度": 36.399415, "経度": 139.7343, "url": "https://www.iryou.teikyouseido.mhlw.go.jp/znk-web/juminkanja/S2430/initialize?prefCd=09&kikanCd=5E4243&kikanKbn=5", "url2": "http://www.p-nakayama.com", "内容": "コスモ薬局【5:薬局】栃木県栃木市川原田町１９９－７" }, "geometry": { "type": "Point", "coordinates": [ 139.7343, 36.399415 ] } },
{ "type": "Feature", "properties": { "正式名称": "ウエルシア薬局　小山天神店", "機関区分": 5, "都道府県コード": 9, "市区町村コード": 208, "所在地": "栃木県小山市天神町２－８－５２", "緯度": 36.306108, "経度": 139.800183, "url": "https://www.iryou.teikyouseido.mhlw.go.jp/znk-web/juminkanja/S2430/initialize?prefCd=09&kikanCd=5E4254&kikanKbn=5", "url2": "https://store.welcia.co.jp/welcia/spot/detail?code=1137D", "内容": "ウエルシア薬局　小山天神店【5:薬局】栃木県小山市天神町２－８－５２" }, "geometry": { "type": "Point", "coordinates": [ 139.800183, 36.306108 ] } },
{ "type": "Feature", "properties": { "正式名称": "アーチ薬局", "機関区分": 5, "都道府県コード": 9, "市区町村コード": 203, "所在地": "栃木県栃木市野中町１３８１－１４", "緯度": 36.398503, "経度": 139.723819, "url": "https://www.iryou.teikyouseido.mhlw.go.jp/znk-web/juminkanja/S2430/initialize?prefCd=09&kikanCd=5E4255&kikanKbn=5", "url2": "http://www.m-medical.co.jp", "内容": "アーチ薬局【5:薬局】栃木県栃木市野中町１３８１－１４" }, "geometry": { "type": "Point", "coordinates": [ 139.723819, 36.398503 ] } },
{ "type": "Feature", "properties": { "正式名称": "ウエルシア薬局大平店", "機関区分": 5, "都道府県コード": 9, "市区町村コード": 203, "所在地": "栃木県栃木市大平町西野田１５２", "緯度": 36.328339, "経度": 139.71403, "url": "https://www.iryou.teikyouseido.mhlw.go.jp/znk-web/juminkanja/S2430/initialize?prefCd=09&kikanCd=5E4256&kikanKbn=5", "url2": "http://welcia-kanto.jp/", "内容": "ウエルシア薬局大平店【5:薬局】栃木県栃木市大平町西野田１５２" }, "geometry": { "type": "Point", "coordinates": [ 139.71403, 36.328339 ] } },
{ "type": "Feature", "properties": { "正式名称": "アイン薬局栃木岩舟店", "機関区分": 5, "都道府県コード": 9, "市区町村コード": 203, "所在地": "栃木県栃木市岩舟町古江８３６－５", "緯度": 36.333954, "経度": 139.629093, "url": "https://www.iryou.teikyouseido.mhlw.go.jp/znk-web/juminkanja/S2430/initialize?prefCd=09&kikanCd=5E4258&kikanKbn=5", "url2": "https://www.ainj.co.jp/", "内容": "アイン薬局栃木岩舟店【5:薬局】栃木県栃木市岩舟町古江８３６－５" }, "geometry": { "type": "Point", "coordinates": [ 139.629093, 36.333954 ] } },
{ "type": "Feature", "properties": { "正式名称": "ワイアンドワイ薬局　栃木南店", "機関区分": 5, "都道府県コード": 9, "市区町村コード": 203, "所在地": "栃木県栃木市樋ノ口町３９６－１７", "緯度": 36.363837, "経度": 139.755113, "url": "https://www.iryou.teikyouseido.mhlw.go.jp/znk-web/juminkanja/S2430/initialize?prefCd=09&kikanCd=5E4262&kikanKbn=5", "url2": null, "内容": "ワイアンドワイ薬局　栃木南店【5:薬局】栃木県栃木市樋ノ口町３９６－１７" }, "geometry": { "type": "Point", "coordinates": [ 139.755113, 36.363837 ] } },
{ "type": "Feature", "properties": { "正式名称": "ライズ薬局", "機関区分": 5, "都道府県コード": 9, "市区町村コード": 208, "所在地": "栃木県小山市乙女２－１０４－１１", "緯度": 36.262865, "経度": 139.761927, "url": "https://www.iryou.teikyouseido.mhlw.go.jp/znk-web/juminkanja/S2430/initialize?prefCd=09&kikanCd=5E4264&kikanKbn=5", "url2": "http://www.m-medical.co.jp", "内容": "ライズ薬局【5:薬局】栃木県小山市乙女２－１０４－１１" }, "geometry": { "type": "Point", "coordinates": [ 139.761927, 36.262865 ] } },
{ "type": "Feature", "properties": { "正式名称": "銀星薬局　喜沢店", "機関区分": 5, "都道府県コード": 9, "市区町村コード": 208, "所在地": "栃木県小山市喜沢６５２－１２", "緯度": 36.347099, "経度": 139.823723, "url": "https://www.iryou.teikyouseido.mhlw.go.jp/znk-web/juminkanja/S2430/initialize?prefCd=09&kikanCd=5E4265&kikanKbn=5", "url2": null, "内容": "銀星薬局　喜沢店【5:薬局】栃木県小山市喜沢６５２－１２" }, "geometry": { "type": "Point", "coordinates": [ 139.823723, 36.347099 ] } },
{ "type": "Feature", "properties": { "正式名称": "フラワー薬局", "機関区分": 5, "都道府県コード": 9, "市区町村コード": 208, "所在地": "栃木県小山市本郷町２－５－１０ラーゴム・ヒュース１０５", "緯度": 36.318758, "経度": 139.80391, "url": "https://www.iryou.teikyouseido.mhlw.go.jp/znk-web/juminkanja/S2430/initialize?prefCd=09&kikanCd=5E4266&kikanKbn=5", "url2": null, "内容": "フラワー薬局【5:薬局】栃木県小山市本郷町２－５－１０ラーゴム・ヒュース１０５" }, "geometry": { "type": "Point", "coordinates": [ 139.80391, 36.318758 ] } },
{ "type": "Feature", "properties": { "正式名称": "ウエルシア薬局　小山犬塚店", "機関区分": 5, "都道府県コード": 9, "市区町村コード": 208, "所在地": "栃木県小山市犬塚６－８－２", "緯度": 36.301305, "経度": 139.833392, "url": "https://www.iryou.teikyouseido.mhlw.go.jp/znk-web/juminkanja/S2430/initialize?prefCd=09&kikanCd=5E4268&kikanKbn=5", "url2": "https://store.welcia.co.jp/welcia/spot/detail?code=1149D", "内容": "ウエルシア薬局　小山犬塚店【5:薬局】栃木県小山市犬塚６－８－２" }, "geometry": { "type": "Point", "coordinates": [ 139.833392, 36.301305 ] } },
{ "type": "Feature", "properties": { "正式名称": "イオン薬局小山店", "機関区分": 5, "都道府県コード": 9, "市区町村コード": 208, "所在地": "栃木県小山市中久喜１４６７－１", "緯度": 36.321642, "経度": 139.840816, "url": "https://www.iryou.teikyouseido.mhlw.go.jp/znk-web/juminkanja/S2430/initialize?prefCd=09&kikanCd=5E4274&kikanKbn=5", "url2": "https://www.aeonretail.jp/syohousen/", "内容": "イオン薬局小山店【5:薬局】栃木県小山市中久喜１４６７－１" }, "geometry": { "type": "Point", "coordinates": [ 139.840816, 36.321642 ] } },
{ "type": "Feature", "properties": { "正式名称": "めぐみ薬局　横堀店", "機関区分": 5, "都道府県コード": 9, "市区町村コード": 203, "所在地": "栃木県栃木市大平町横堀字西８５０－１", "緯度": 36.355023, "経度": 139.733394, "url": "https://www.iryou.teikyouseido.mhlw.go.jp/znk-web/juminkanja/S2430/initialize?prefCd=09&kikanCd=5E4282&kikanKbn=5", "url2": "http://www.megumi-pharmacy.com", "内容": "めぐみ薬局　横堀店【5:薬局】栃木県栃木市大平町横堀字西８５０－１" }, "geometry": { "type": "Point", "coordinates": [ 139.733394, 36.355023 ] } },
{ "type": "Feature", "properties": { "正式名称": "つくし薬局", "機関区分": 5, "都道府県コード": 9, "市区町村コード": 208, "所在地": "栃木県小山市中久喜字陣場１１１５－１", "緯度": 36.317878, "経度": 139.846999, "url": "https://www.iryou.teikyouseido.mhlw.go.jp/znk-web/juminkanja/S2430/initialize?prefCd=09&kikanCd=5E4285&kikanKbn=5", "url2": null, "内容": "つくし薬局【5:薬局】栃木県小山市中久喜字陣場１１１５－１" }, "geometry": { "type": "Point", "coordinates": [ 139.846999, 36.317878 ] } },
{ "type": "Feature", "properties": { "正式名称": "ミント薬局　本郷台店", "機関区分": 5, "都道府県コード": 9, "市区町村コード": 301, "所在地": "栃木県河内郡上三川町大字西汗字中赤堀１７０６－１２", "緯度": 36.479992, "経度": 139.920369, "url": "https://www.iryou.teikyouseido.mhlw.go.jp/znk-web/juminkanja/S2430/initialize?prefCd=09&kikanCd=5E4291&kikanKbn=5", "url2": "https://www.kurata-web.co.jp/shop_info/minto_f_hongoudai.html", "内容": "ミント薬局　本郷台店【5:薬局】栃木県河内郡上三川町大字西汗字中赤堀１７０６－１２" }, "geometry": { "type": "Point", "coordinates": [ 139.920369, 36.479992 ] } },
{ "type": "Feature", "properties": { "正式名称": "さくら薬局　壬生店", "機関区分": 5, "都道府県コード": 9, "市区町村コード": 361, "所在地": "栃木県下都賀郡壬生町通町７－１", "緯度": 36.428227, "経度": 139.800857, "url": "https://www.iryou.teikyouseido.mhlw.go.jp/znk-web/juminkanja/S2430/initialize?prefCd=09&kikanCd=5E4297&kikanKbn=5", "url2": "https://www.kraft-net.co.jp/sakura/store/3306/", "内容": "さくら薬局　壬生店【5:薬局】栃木県下都賀郡壬生町通町７－１" }, "geometry": { "type": "Point", "coordinates": [ 139.800857, 36.428227 ] } },
{ "type": "Feature", "properties": { "正式名称": "さくら薬局　自治医大前店", "機関区分": 5, "都道府県コード": 9, "市区町村コード": 216, "所在地": "栃木県下野市医大前３－１２－１", "緯度": 36.397444, "経度": 139.85801, "url": "https://www.iryou.teikyouseido.mhlw.go.jp/znk-web/juminkanja/S2430/initialize?prefCd=09&kikanCd=5E4298&kikanKbn=5", "url2": "http://www.kraft-net.co.jp/sakura/", "内容": "さくら薬局　自治医大前店【5:薬局】栃木県下野市医大前３－１２－１" }, "geometry": { "type": "Point", "coordinates": [ 139.85801, 36.397444 ] } },
{ "type": "Feature", "properties": { "正式名称": "アルファーム薬局　野木店", "機関区分": 5, "都道府県コード": 9, "市区町村コード": 364, "所在地": "栃木県下都賀郡野木町丸林５８３－１９", "緯度": 36.235048, "経度": 139.735694, "url": "https://www.iryou.teikyouseido.mhlw.go.jp/znk-web/juminkanja/S2430/initialize?prefCd=09&kikanCd=5E4299&kikanKbn=5", "url2": "https://www.alpharm.co.jp/", "内容": "アルファーム薬局　野木店【5:薬局】栃木県下都賀郡野木町丸林５８３－１９" }, "geometry": { "type": "Point", "coordinates": [ 139.735694, 36.235048 ] } },
{ "type": "Feature", "properties": { "正式名称": "なごみ薬局", "機関区分": 5, "都道府県コード": 9, "市区町村コード": 203, "所在地": "栃木県栃木市嘉右衛門町１０－１９", "緯度": 36.388195, "経度": 139.73326, "url": "https://www.iryou.teikyouseido.mhlw.go.jp/znk-web/juminkanja/S2430/initialize?prefCd=09&kikanCd=5E4300&kikanKbn=5", "url2": "https://e-classa.net/b-nagomi/information.html", "内容": "なごみ薬局【5:薬局】栃木県栃木市嘉右衛門町１０－１９" }, "geometry": { "type": "Point", "coordinates": [ 139.73326, 36.388195 ] } },
{ "type": "Feature", "properties": { "正式名称": "中央薬局　壬生店", "機関区分": 5, "都道府県コード": 9, "市区町村コード": 361, "所在地": "栃木県下都賀郡壬生町駅東町５－４", "緯度": 36.42275, "経度": 139.806185, "url": "https://www.iryou.teikyouseido.mhlw.go.jp/znk-web/juminkanja/S2430/initialize?prefCd=09&kikanCd=5E4307&kikanKbn=5", "url2": "http://www.power-p.co.jp/", "内容": "中央薬局　壬生店【5:薬局】栃木県下都賀郡壬生町駅東町５－４" }, "geometry": { "type": "Point", "coordinates": [ 139.806185, 36.42275 ] } },
{ "type": "Feature", "properties": { "正式名称": "コスモ薬局大平店", "機関区分": 5, "都道府県コード": 9, "市区町村コード": 203, "所在地": "栃木県栃木市大平町富田５⁻２２７", "緯度": 36.3361, "経度": 139.70473, "url": "https://www.iryou.teikyouseido.mhlw.go.jp/znk-web/juminkanja/S2430/initialize?prefCd=09&kikanCd=5E4311&kikanKbn=5", "url2": "http://www.p-nakayama.com", "内容": "コスモ薬局大平店【5:薬局】栃木県栃木市大平町富田５⁻２２７" }, "geometry": { "type": "Point", "coordinates": [ 139.70473, 36.3361 ] } },
{ "type": "Feature", "properties": { "正式名称": "伊沢薬局", "機関区分": 5, "都道府県コード": 9, "市区町村コード": 216, "所在地": "栃木県下野市石橋５７３−１", "緯度": 36.43561, "経度": 139.858496, "url": "https://www.iryou.teikyouseido.mhlw.go.jp/znk-web/juminkanja/S2430/initialize?prefCd=09&kikanCd=5E4315&kikanKbn=5", "url2": "https://www.e-classa.net/izawa/index.html", "内容": "伊沢薬局【5:薬局】栃木県下野市石橋５７３−１" }, "geometry": { "type": "Point", "coordinates": [ 139.858496, 36.43561 ] } },
{ "type": "Feature", "properties": { "正式名称": "イオン薬局栃木店", "機関区分": 5, "都道府県コード": 9, "市区町村コード": 203, "所在地": "栃木県栃木市箱森町３７－９", "緯度": 36.395187, "経度": 139.724117, "url": "https://www.iryou.teikyouseido.mhlw.go.jp/znk-web/juminkanja/S2430/initialize?prefCd=09&kikanCd=5E4318&kikanKbn=5", "url2": null, "内容": "イオン薬局栃木店【5:薬局】栃木県栃木市箱森町３７－９" }, "geometry": { "type": "Point", "coordinates": [ 139.724117, 36.395187 ] } },
{ "type": "Feature", "properties": { "正式名称": "恵花堂薬局", "機関区分": 5, "都道府県コード": 9, "市区町村コード": 216, "所在地": "栃木県下野市緑５丁目２０番地１", "緯度": 36.385302, "経度": 139.861357, "url": "https://www.iryou.teikyouseido.mhlw.go.jp/znk-web/juminkanja/S2430/initialize?prefCd=09&kikanCd=5E4322&kikanKbn=5", "url2": "http://keikado.tasuke.club/", "内容": "恵花堂薬局【5:薬局】栃木県下野市緑５丁目２０番地１" }, "geometry": { "type": "Point", "coordinates": [ 139.861357, 36.385302 ] } },
{ "type": "Feature", "properties": { "正式名称": "アイン薬局自治医大店", "機関区分": 5, "都道府県コード": 9, "市区町村コード": 216, "所在地": "栃木県下野市祇園２丁目３６－１", "緯度": 36.397047, "経度": 139.860454, "url": "https://www.iryou.teikyouseido.mhlw.go.jp/znk-web/juminkanja/S2430/initialize?prefCd=09&kikanCd=5E4323&kikanKbn=5", "url2": "http://www.ainj.co.jp/asahi-ph/", "内容": "アイン薬局自治医大店【5:薬局】栃木県下野市祇園２丁目３６－１" }, "geometry": { "type": "Point", "coordinates": [ 139.860454, 36.397047 ] } },
{ "type": "Feature", "properties": { "正式名称": "おおるり薬局", "機関区分": 5, "都道府県コード": 9, "市区町村コード": 203, "所在地": "栃木県栃木市泉町２１番３－１", "緯度": 36.385437, "経度": 139.736849, "url": "https://www.iryou.teikyouseido.mhlw.go.jp/znk-web/juminkanja/S2430/initialize?prefCd=09&kikanCd=5E4324&kikanKbn=5", "url2": null, "内容": "おおるり薬局【5:薬局】栃木県栃木市泉町２１番３－１" }, "geometry": { "type": "Point", "coordinates": [ 139.736849, 36.385437 ] } },
{ "type": "Feature", "properties": { "正式名称": "日の出薬局", "機関区分": 5, "都道府県コード": 9, "市区町村コード": 203, "所在地": "栃木県栃木市日ノ出町１番４号", "緯度": 36.382281, "経度": 139.738208, "url": "https://www.iryou.teikyouseido.mhlw.go.jp/znk-web/juminkanja/S2430/initialize?prefCd=09&kikanCd=5E4325&kikanKbn=5", "url2": null, "内容": "日の出薬局【5:薬局】栃木県栃木市日ノ出町１番４号" }, "geometry": { "type": "Point", "coordinates": [ 139.738208, 36.382281 ] } },
{ "type": "Feature", "properties": { "正式名称": "中央薬局　小山城北店", "機関区分": 5, "都道府県コード": 9, "市区町村コード": 208, "所在地": "栃木県小山市城北６丁目３１番２", "緯度": 36.318847, "経度": 139.81759, "url": "https://www.iryou.teikyouseido.mhlw.go.jp/znk-web/juminkanja/S2430/initialize?prefCd=09&kikanCd=5E4326&kikanKbn=5", "url2": "http://www.power-p.co.jp", "内容": "中央薬局　小山城北店【5:薬局】栃木県小山市城北６丁目３１番２" }, "geometry": { "type": "Point", "coordinates": [ 139.81759, 36.318847 ] } },
{ "type": "Feature", "properties": { "正式名称": "カワチ薬局　大平店", "機関区分": 5, "都道府県コード": 9, "市区町村コード": 203, "所在地": "栃木県栃木市大平町下皆川２１０５－２８", "緯度": 36.350279, "経度": 139.70773, "url": "https://www.iryou.teikyouseido.mhlw.go.jp/znk-web/juminkanja/S2430/initialize?prefCd=09&kikanCd=5E4329&kikanKbn=5", "url2": "http://www.cawachi.co.jp", "内容": "カワチ薬局　大平店【5:薬局】栃木県栃木市大平町下皆川２１０５－２８" }, "geometry": { "type": "Point", "coordinates": [ 139.70773, 36.350279 ] } },
{ "type": "Feature", "properties": { "正式名称": "パイン薬局", "機関区分": 5, "都道府県コード": 9, "市区町村コード": 216, "所在地": "栃木県下野市文教一丁目１１番２６", "緯度": 36.441669, "経度": 139.860229, "url": "https://www.iryou.teikyouseido.mhlw.go.jp/znk-web/juminkanja/S2430/initialize?prefCd=09&kikanCd=5E4333&kikanKbn=5", "url2": null, "内容": "パイン薬局【5:薬局】栃木県下野市文教一丁目１１番２６" }, "geometry": { "type": "Point", "coordinates": [ 139.860229, 36.441669 ] } },
{ "type": "Feature", "properties": { "正式名称": "カワチ薬局　おもちゃのまち東店", "機関区分": 5, "都道府県コード": 9, "市区町村コード": 361, "所在地": "栃木県下都賀郡壬生町おもちゃのまち３－１－３０", "緯度": 36.462752, "経度": 139.838883, "url": "https://www.iryou.teikyouseido.mhlw.go.jp/znk-web/juminkanja/S2430/initialize?prefCd=09&kikanCd=5E4334&kikanKbn=5", "url2": "http://www.cawachi.co.jp", "内容": "カワチ薬局　おもちゃのまち東店【5:薬局】栃木県下都賀郡壬生町おもちゃのまち３－１－３０" }, "geometry": { "type": "Point", "coordinates": [ 139.838883, 36.462752 ] } },
{ "type": "Feature", "properties": { "正式名称": "ユニスマイル薬局　片柳店", "機関区分": 5, "都道府県コード": 9, "市区町村コード": 203, "所在地": "栃木県栃木市片柳町４丁目１５番地２９号", "緯度": 36.367955, "経度": 139.715472, "url": "https://www.iryou.teikyouseido.mhlw.go.jp/znk-web/juminkanja/S2430/initialize?prefCd=09&kikanCd=5E4336&kikanKbn=5", "url2": "https://unismile.co.jp/shop/katayanagi/", "内容": "ユニスマイル薬局　片柳店【5:薬局】栃木県栃木市片柳町４丁目１５番地２９号" }, "geometry": { "type": "Point", "coordinates": [ 139.715472, 36.367955 ] } },
{ "type": "Feature", "properties": { "正式名称": "ワイアンドワイ薬局　神田町店", "機関区分": 5, "都道府県コード": 9, "市区町村コード": 203, "所在地": "栃木県栃木市神田町字神田７７９－３４", "緯度": 36.378127, "経度": 139.744739, "url": "https://www.iryou.teikyouseido.mhlw.go.jp/znk-web/juminkanja/S2430/initialize?prefCd=09&kikanCd=5E4337&kikanKbn=5", "url2": null, "内容": "ワイアンドワイ薬局　神田町店【5:薬局】栃木県栃木市神田町字神田７７９－３４" }, "geometry": { "type": "Point", "coordinates": [ 139.744739, 36.378127 ] } },
{ "type": "Feature", "properties": { "正式名称": "なごみ薬局　壬生店", "機関区分": 5, "都道府県コード": 9, "市区町村コード": 361, "所在地": "栃木県下都賀郡壬生町壬生甲車塚３１４７番３", "緯度": 36.431296, "経度": 139.809207, "url": "https://www.iryou.teikyouseido.mhlw.go.jp/znk-web/juminkanja/S2430/initialize?prefCd=09&kikanCd=5E4338&kikanKbn=5", "url2": null, "内容": "なごみ薬局　壬生店【5:薬局】栃木県下都賀郡壬生町壬生甲車塚３１４７番３" }, "geometry": { "type": "Point", "coordinates": [ 139.809207, 36.431296 ] } },
{ "type": "Feature", "properties": { "正式名称": "そうごう薬局　栃木店", "機関区分": 5, "都道府県コード": 9, "市区町村コード": 203, "所在地": "栃木県栃木市大宮町中古洞５１－４", "緯度": 36.38702, "経度": 139.76967, "url": "https://www.iryou.teikyouseido.mhlw.go.jp/znk-web/juminkanja/S2430/initialize?prefCd=09&kikanCd=5E4339&kikanKbn=5", "url2": "http://www.sogo-medical.co.jp/sogopharmacy/shop/view/303", "内容": "そうごう薬局　栃木店【5:薬局】栃木県栃木市大宮町中古洞５１－４" }, "geometry": { "type": "Point", "coordinates": [ 139.76967, 36.38702 ] } },
{ "type": "Feature", "properties": { "正式名称": "ウエルシア薬局　小山雨ヶ谷店", "機関区分": 5, "都道府県コード": 9, "市区町村コード": 208, "所在地": "栃木県小山市雨ケ谷８０２－３", "緯度": 36.282751, "経度": 139.818277, "url": "https://www.iryou.teikyouseido.mhlw.go.jp/znk-web/juminkanja/S2430/initialize?prefCd=09&kikanCd=5E4340&kikanKbn=5", "url2": "https://stores.welcia.co.jp/1189D", "内容": "ウエルシア薬局　小山雨ヶ谷店【5:薬局】栃木県小山市雨ケ谷８０２－３" }, "geometry": { "type": "Point", "coordinates": [ 139.818277, 36.282751 ] } },
{ "type": "Feature", "properties": { "正式名称": "フレンド薬局　小金井店", "機関区分": 5, "都道府県コード": 9, "市区町村コード": 216, "所在地": "栃木県下野市小金井５－２６－４", "緯度": 36.375044, "経度": 139.839668, "url": "https://www.iryou.teikyouseido.mhlw.go.jp/znk-web/juminkanja/S2430/initialize?prefCd=09&kikanCd=5E4341&kikanKbn=5", "url2": "https://f-pw.jp/", "内容": "フレンド薬局　小金井店【5:薬局】栃木県下野市小金井５－２６－４" }, "geometry": { "type": "Point", "coordinates": [ 139.839668, 36.375044 ] } },
{ "type": "Feature", "properties": { "正式名称": "アズサ薬局", "機関区分": 5, "都道府県コード": 9, "市区町村コード": 208, "所在地": "栃木県小山市城東５－１－１１", "緯度": 36.313192, "経度": 139.819485, "url": "https://www.iryou.teikyouseido.mhlw.go.jp/znk-web/juminkanja/S2430/initialize?prefCd=09&kikanCd=5E4342&kikanKbn=5", "url2": "https://azusapharmacy.jimdo.com/", "内容": "アズサ薬局【5:薬局】栃木県小山市城東５－１－１１" }, "geometry": { "type": "Point", "coordinates": [ 139.819485, 36.313192 ] } },
{ "type": "Feature", "properties": { "正式名称": "ユニスマイル薬局　のぎ店", "機関区分": 5, "都道府県コード": 9, "市区町村コード": 364, "所在地": "栃木県下都賀郡野木町丸林４２０番６", "緯度": 36.231707, "経度": 139.738795, "url": "https://www.iryou.teikyouseido.mhlw.go.jp/znk-web/juminkanja/S2430/initialize?prefCd=09&kikanCd=5E4343&kikanKbn=5", "url2": "https://unismile.co.jp/", "内容": "ユニスマイル薬局　のぎ店【5:薬局】栃木県下都賀郡野木町丸林４２０番６" }, "geometry": { "type": "Point", "coordinates": [ 139.738795, 36.231707 ] } },
{ "type": "Feature", "properties": { "正式名称": "ピノキオ薬局乙女店", "機関区分": 5, "都道府県コード": 9, "市区町村コード": 208, "所在地": "栃木県小山市乙女２－１－２２", "緯度": 36.263793, "経度": 139.76028, "url": "https://www.iryou.teikyouseido.mhlw.go.jp/znk-web/juminkanja/S2430/initialize?prefCd=09&kikanCd=5E4348&kikanKbn=5", "url2": "http://www.pinokio-pharmacy.com/", "内容": "ピノキオ薬局乙女店【5:薬局】栃木県小山市乙女２－１－２２" }, "geometry": { "type": "Point", "coordinates": [ 139.76028, 36.263793 ] } },
{ "type": "Feature", "properties": { "正式名称": "共創未来小山薬局", "機関区分": 5, "都道府県コード": 9, "市区町村コード": 208, "所在地": "栃木県小山市八幡町２－７－１５", "緯度": 36.307883, "経度": 139.798033, "url": "https://www.iryou.teikyouseido.mhlw.go.jp/znk-web/juminkanja/S2430/initialize?prefCd=09&kikanCd=5E4350&kikanKbn=5", "url2": "http://www.phmirai.co.jp/", "内容": "共創未来小山薬局【5:薬局】栃木県小山市八幡町２－７－１５" }, "geometry": { "type": "Point", "coordinates": [ 139.798033, 36.307883 ] } },
{ "type": "Feature", "properties": { "正式名称": "フレンド薬局　自治医大駅前店", "機関区分": 5, "都道府県コード": 9, "市区町村コード": 216, "所在地": "栃木県下野市医大前３－２－１８", "緯度": 36.395485, "経度": 139.855457, "url": "https://www.iryou.teikyouseido.mhlw.go.jp/znk-web/juminkanja/S2430/initialize?prefCd=09&kikanCd=5E4353&kikanKbn=5", "url2": "http://www.f-pw.jp/", "内容": "フレンド薬局　自治医大駅前店【5:薬局】栃木県下野市医大前３－２－１８" }, "geometry": { "type": "Point", "coordinates": [ 139.855457, 36.395485 ] } },
{ "type": "Feature", "properties": { "正式名称": "みずしろ調剤薬局", "機関区分": 5, "都道府県コード": 9, "市区町村コード": 203, "所在地": "栃木県栃木市大平町西水代１８３４－１", "緯度": 36.31765, "経度": 139.714138, "url": "https://www.iryou.teikyouseido.mhlw.go.jp/znk-web/juminkanja/S2430/initialize?prefCd=09&kikanCd=5E4357&kikanKbn=5", "url2": "https://www.daitoku-pharmacy.com", "内容": "みずしろ調剤薬局【5:薬局】栃木県栃木市大平町西水代１８３４－１" }, "geometry": { "type": "Point", "coordinates": [ 139.714138, 36.31765 ] } },
{ "type": "Feature", "properties": { "正式名称": "カワチ薬局　東城南店", "機関区分": 5, "都道府県コード": 9, "市区町村コード": 208, "所在地": "栃木県小山市東城南１－３３－１", "緯度": 36.294915, "経度": 139.810586, "url": "https://www.iryou.teikyouseido.mhlw.go.jp/znk-web/juminkanja/S2430/initialize?prefCd=09&kikanCd=5E4358&kikanKbn=5", "url2": "http://www.cawachi.co.jp", "内容": "カワチ薬局　東城南店【5:薬局】栃木県小山市東城南１－３３－１" }, "geometry": { "type": "Point", "coordinates": [ 139.810586, 36.294915 ] } },
{ "type": "Feature", "properties": { "正式名称": "花・花薬局上三川大山店", "機関区分": 5, "都道府県コード": 9, "市区町村コード": 301, "所在地": "栃木県河内郡上三川町大山字上ノ原４６８－１", "緯度": 36.450418, "経度": 139.875467, "url": "https://www.iryou.teikyouseido.mhlw.go.jp/znk-web/juminkanja/S2430/initialize?prefCd=09&kikanCd=5E4359&kikanKbn=5", "url2": "https://e-ff.jp", "内容": "花・花薬局上三川大山店【5:薬局】栃木県河内郡上三川町大山字上ノ原４６８－１" }, "geometry": { "type": "Point", "coordinates": [ 139.875467, 36.450418 ] } },
{ "type": "Feature", "properties": { "正式名称": "あい調剤薬局", "機関区分": 5, "都道府県コード": 9, "市区町村コード": 203, "所在地": "栃木県栃木市箱森町３８ー７３", "緯度": 36.391921, "経度": 139.726605, "url": "https://www.iryou.teikyouseido.mhlw.go.jp/znk-web/juminkanja/S2430/initialize?prefCd=09&kikanCd=5E4363&kikanKbn=5", "url2": null, "内容": "あい調剤薬局【5:薬局】栃木県栃木市箱森町３８ー７３" }, "geometry": { "type": "Point", "coordinates": [ 139.726605, 36.391921 ] } },
{ "type": "Feature", "properties": { "正式名称": "コスモ薬局大平南店", "機関区分": 5, "都道府県コード": 9, "市区町村コード": 203, "所在地": "栃木県栃木市大平町新１４７１－４", "緯度": 36.329611, "経度": 139.711041, "url": "https://www.iryou.teikyouseido.mhlw.go.jp/znk-web/juminkanja/S2430/initialize?prefCd=09&kikanCd=5E4367&kikanKbn=5", "url2": "http://www.p-nakayama.com", "内容": "コスモ薬局大平南店【5:薬局】栃木県栃木市大平町新１４７１－４" }, "geometry": { "type": "Point", "coordinates": [ 139.711041, 36.329611 ] } },
{ "type": "Feature", "properties": { "正式名称": "綿屋薬局　南河内店", "機関区分": 5, "都道府県コード": 9, "市区町村コード": 216, "所在地": "栃木県下野市仁良川１５２１番１", "緯度": 36.383124, "経度": 139.875409, "url": "https://www.iryou.teikyouseido.mhlw.go.jp/znk-web/juminkanja/S2430/initialize?prefCd=09&kikanCd=5E4368&kikanKbn=5", "url2": "https://wataya.tasuke.club/", "内容": "綿屋薬局　南河内店【5:薬局】栃木県下野市仁良川１５２１番１" }, "geometry": { "type": "Point", "coordinates": [ 139.875409, 36.383124 ] } },
{ "type": "Feature", "properties": { "正式名称": "ウエルシア薬局　栃木日の出町店", "機関区分": 5, "都道府県コード": 9, "市区町村コード": 203, "所在地": "栃木県栃木市日ノ出町５－１４", "緯度": 36.38522, "経度": 139.740605, "url": "https://www.iryou.teikyouseido.mhlw.go.jp/znk-web/juminkanja/S2430/initialize?prefCd=09&kikanCd=5E4369&kikanKbn=5", "url2": "https://store.welcia.co.jp/welcia/spot/detail?code=1228D", "内容": "ウエルシア薬局　栃木日の出町店【5:薬局】栃木県栃木市日ノ出町５－１４" }, "geometry": { "type": "Point", "coordinates": [ 139.740605, 36.38522 ] } },
{ "type": "Feature", "properties": { "正式名称": "株式会社フレンド　グリーンタウン調剤薬局", "機関区分": 5, "都道府県コード": 9, "市区町村コード": 216, "所在地": "栃木県下野市祇園１－１３－６　Ｓ・Ｅ・Ｋ　ＢＬＤ１階", "緯度": 36.395674, "経度": 139.858921, "url": "https://www.iryou.teikyouseido.mhlw.go.jp/znk-web/juminkanja/S2430/initialize?prefCd=09&kikanCd=5E4371&kikanKbn=5", "url2": "http://www.f-pw.jp/", "内容": "株式会社フレンド　グリーンタウン調剤薬局【5:薬局】栃木県下野市祇園１－１３－６　Ｓ・Ｅ・Ｋ　ＢＬＤ１階" }, "geometry": { "type": "Point", "coordinates": [ 139.858921, 36.395674 ] } },
{ "type": "Feature", "properties": { "正式名称": "中央薬局　上三川店", "機関区分": 5, "都道府県コード": 9, "市区町村コード": 301, "所在地": "栃木県河内郡上三川町大字上蒲生２３１２番４", "緯度": 36.444529, "経度": 139.902554, "url": "https://www.iryou.teikyouseido.mhlw.go.jp/znk-web/juminkanja/S2430/initialize?prefCd=09&kikanCd=5E4372&kikanKbn=5", "url2": "http://www.power-p.co.jp", "内容": "中央薬局　上三川店【5:薬局】栃木県河内郡上三川町大字上蒲生２３１２番４" }, "geometry": { "type": "Point", "coordinates": [ 139.902554, 36.444529 ] } },
{ "type": "Feature", "properties": { "正式名称": "ウエルシア薬局　下野小金井店", "機関区分": 5, "都道府県コード": 9, "市区町村コード": 216, "所在地": "栃木県下野市柴８３０－９", "緯度": 36.37921, "経度": 139.848775, "url": "https://www.iryou.teikyouseido.mhlw.go.jp/znk-web/juminkanja/S2430/initialize?prefCd=09&kikanCd=5E4373&kikanKbn=5", "url2": "https://store.welcia.co.jp/welcia/spot/detail?code=1254D", "内容": "ウエルシア薬局　下野小金井店【5:薬局】栃木県下野市柴８３０－９" }, "geometry": { "type": "Point", "coordinates": [ 139.848775, 36.37921 ] } },
{ "type": "Feature", "properties": { "正式名称": "カワチ薬局　都賀インター店", "機関区分": 5, "都道府県コード": 9, "市区町村コード": 203, "所在地": "栃木県栃木市大宮町２８１５", "緯度": 36.405575, "経度": 139.749355, "url": "https://www.iryou.teikyouseido.mhlw.go.jp/znk-web/juminkanja/S2430/initialize?prefCd=09&kikanCd=5E4376&kikanKbn=5", "url2": "http://www.cawachi.co.jp", "内容": "カワチ薬局　都賀インター店【5:薬局】栃木県栃木市大宮町２８１５" }, "geometry": { "type": "Point", "coordinates": [ 139.749355, 36.405575 ] } },
{ "type": "Feature", "properties": { "正式名称": "さくら新上三川病院前薬局", "機関区分": 5, "都道府県コード": 9, "市区町村コード": 301, "所在地": "栃木県河内郡上三川町上三川２３６０－１", "緯度": 36.435419, "経度": 139.920897, "url": "https://www.iryou.teikyouseido.mhlw.go.jp/znk-web/juminkanja/S2430/initialize?prefCd=09&kikanCd=5E4377&kikanKbn=5", "url2": "https://www.nanohana-ph.jp/shop/kanto-koshinetsu/tochigi/kawachi/sakurashinkami.php", "内容": "さくら新上三川病院前薬局【5:薬局】栃木県河内郡上三川町上三川２３６０－１" }, "geometry": { "type": "Point", "coordinates": [ 139.920897, 36.435419 ] } },
{ "type": "Feature", "properties": { "正式名称": "ビオラ薬局", "機関区分": 5, "都道府県コード": 9, "市区町村コード": 364, "所在地": "栃木県下都賀郡野木町野渡２７９６－５", "緯度": 36.207551, "経度": 139.722386, "url": "https://www.iryou.teikyouseido.mhlw.go.jp/znk-web/juminkanja/S2430/initialize?prefCd=09&kikanCd=5E4379&kikanKbn=5", "url2": "http://www.mc-kanto.co.jp/", "内容": "ビオラ薬局【5:薬局】栃木県下都賀郡野木町野渡２７９６－５" }, "geometry": { "type": "Point", "coordinates": [ 139.722386, 36.207551 ] } },
{ "type": "Feature", "properties": { "正式名称": "ウイン調剤薬局小山店", "機関区分": 5, "都道府県コード": 9, "市区町村コード": 208, "所在地": "栃木県小山市大字神鳥谷字足形２２５１番８", "緯度": 36.274652, "経度": 139.803278, "url": "https://www.iryou.teikyouseido.mhlw.go.jp/znk-web/juminkanja/S2430/initialize?prefCd=09&kikanCd=5E4381&kikanKbn=5", "url2": "https://win-ohana.jp/", "内容": "ウイン調剤薬局小山店【5:薬局】栃木県小山市大字神鳥谷字足形２２５１番８" }, "geometry": { "type": "Point", "coordinates": [ 139.803278, 36.274652 ] } },
{ "type": "Feature", "properties": { "正式名称": "第一調剤薬局", "機関区分": 5, "都道府県コード": 9, "市区町村コード": 208, "所在地": "栃木県小山市神鳥谷２２５１－８", "緯度": 36.274652, "経度": 139.803278, "url": "https://www.iryou.teikyouseido.mhlw.go.jp/znk-web/juminkanja/S2430/initialize?prefCd=09&kikanCd=5E4382&kikanKbn=5", "url2": "http://www.daiichi-chouzai.com", "内容": "第一調剤薬局【5:薬局】栃木県小山市神鳥谷２２５１－８" }, "geometry": { "type": "Point", "coordinates": [ 139.803278, 36.274652 ] } },
{ "type": "Feature", "properties": { "正式名称": "ピノキオ薬局小山店", "機関区分": 5, "都道府県コード": 9, "市区町村コード": 208, "所在地": "栃木県小山市神鳥谷２２５１－８", "緯度": 36.274652, "経度": 139.803278, "url": "https://www.iryou.teikyouseido.mhlw.go.jp/znk-web/juminkanja/S2430/initialize?prefCd=09&kikanCd=5E4384&kikanKbn=5", "url2": null, "内容": "ピノキオ薬局小山店【5:薬局】栃木県小山市神鳥谷２２５１－８" }, "geometry": { "type": "Point", "coordinates": [ 139.803278, 36.274652 ] } },
{ "type": "Feature", "properties": { "正式名称": "さくら薬局　栃木日ノ出店", "機関区分": 5, "都道府県コード": 9, "市区町村コード": 203, "所在地": "栃木県栃木市日ノ出町６－６", "緯度": 36.386026, "経度": 139.74061, "url": "https://www.iryou.teikyouseido.mhlw.go.jp/znk-web/juminkanja/S2430/initialize?prefCd=09&kikanCd=5E4385&kikanKbn=5", "url2": "https://www.kraft-net.co.jp/sakura/store/3924/", "内容": "さくら薬局　栃木日ノ出店【5:薬局】栃木県栃木市日ノ出町６－６" }, "geometry": { "type": "Point", "coordinates": [ 139.74061, 36.386026 ] } },
{ "type": "Feature", "properties": { "正式名称": "さくら薬局　下野下古山店", "機関区分": 5, "都道府県コード": 9, "市区町村コード": 216, "所在地": "栃木県下野市下古山８８番地９", "緯度": 36.447149, "経度": 139.865076, "url": "https://www.iryou.teikyouseido.mhlw.go.jp/znk-web/juminkanja/S2430/initialize?prefCd=09&kikanCd=5E4386&kikanKbn=5", "url2": "http://www.kraft-net.co.jp/sakura/", "内容": "さくら薬局　下野下古山店【5:薬局】栃木県下野市下古山８８番地９" }, "geometry": { "type": "Point", "coordinates": [ 139.865076, 36.447149 ] } },
{ "type": "Feature", "properties": { "正式名称": "あすなろ薬局", "機関区分": 5, "都道府県コード": 9, "市区町村コード": 203, "所在地": "栃木県栃木市大平町川連４１９－１０", "緯度": 36.365794, "経度": 139.727179, "url": "https://www.iryou.teikyouseido.mhlw.go.jp/znk-web/juminkanja/S2430/initialize?prefCd=09&kikanCd=5E4388&kikanKbn=5", "url2": null, "内容": "あすなろ薬局【5:薬局】栃木県栃木市大平町川連４１９－１０" }, "geometry": { "type": "Point", "coordinates": [ 139.727179, 36.365794 ] } },
{ "type": "Feature", "properties": { "正式名称": "プライム薬局　自治医大店", "機関区分": 5, "都道府県コード": 9, "市区町村コード": 216, "所在地": "栃木県下野市祇園２－３６－３", "緯度": 36.396983, "経度": 139.860776, "url": "https://www.iryou.teikyouseido.mhlw.go.jp/znk-web/juminkanja/S2430/initialize?prefCd=09&kikanCd=5E4390&kikanKbn=5", "url2": "http://www.prime-ph.co.jp/", "内容": "プライム薬局　自治医大店【5:薬局】栃木県下野市祇園２－３６－３" }, "geometry": { "type": "Point", "coordinates": [ 139.860776, 36.396983 ] } },
{ "type": "Feature", "properties": { "正式名称": "ウイン調剤薬局小山城南店", "機関区分": 5, "都道府県コード": 9, "市区町村コード": 208, "所在地": "栃木県小山市雨ケ谷町４０ー３", "緯度": 36.285676, "経度": 139.809042, "url": "https://www.iryou.teikyouseido.mhlw.go.jp/znk-web/juminkanja/S2430/initialize?prefCd=09&kikanCd=5E4392&kikanKbn=5", "url2": "https://win-ohana.jp/drugstore/%E3%82%A6%E3%82%A4%E3%83%B3%E8%AA%BF%E5%89%A4%E8%96%AC%E5%B1%80-%E5%B0%8F%E5%B1%B1%E5%9F%8E%E5%8D%97%E5%BA%97/", "内容": "ウイン調剤薬局小山城南店【5:薬局】栃木県小山市雨ケ谷町４０ー３" }, "geometry": { "type": "Point", "coordinates": [ 139.809042, 36.285676 ] } },
{ "type": "Feature", "properties": { "正式名称": "日本調剤　しもつが薬局", "機関区分": 5, "都道府県コード": 9, "市区町村コード": 203, "所在地": "栃木県栃木市大平町牛久４７１－１", "緯度": 36.36663, "経度": 139.728127, "url": "https://www.iryou.teikyouseido.mhlw.go.jp/znk-web/juminkanja/S2430/initialize?prefCd=09&kikanCd=5E4393&kikanKbn=5", "url2": "http://www.nicho.co.jp/", "内容": "日本調剤　しもつが薬局【5:薬局】栃木県栃木市大平町牛久４７１－１" }, "geometry": { "type": "Point", "coordinates": [ 139.728127, 36.36663 ] } },
{ "type": "Feature", "properties": { "正式名称": "スマイル薬局", "機関区分": 5, "都道府県コード": 9, "市区町村コード": 216, "所在地": "栃木県下野市下古山３３７８－１", "緯度": 36.469708, "経度": 139.869989, "url": "https://www.iryou.teikyouseido.mhlw.go.jp/znk-web/juminkanja/S2430/initialize?prefCd=09&kikanCd=5E4395&kikanKbn=5", "url2": "http://thp-smile.com/", "内容": "スマイル薬局【5:薬局】栃木県下野市下古山３３７８－１" }, "geometry": { "type": "Point", "coordinates": [ 139.869989, 36.469708 ] } },
{ "type": "Feature", "properties": { "正式名称": "サン薬局　上三川店", "機関区分": 5, "都道府県コード": 9, "市区町村コード": 301, "所在地": "栃木県河内郡上三川町しらさぎ１－４３－２　第二高橋ハイツ１１１", "緯度": 36.439882, "経度": 139.913886, "url": "https://www.iryou.teikyouseido.mhlw.go.jp/znk-web/juminkanja/S2430/initialize?prefCd=09&kikanCd=5E4398&kikanKbn=5", "url2": null, "内容": "サン薬局　上三川店【5:薬局】栃木県河内郡上三川町しらさぎ１－４３－２　第二高橋ハイツ１１１" }, "geometry": { "type": "Point", "coordinates": [ 139.913886, 36.439882 ] } },
{ "type": "Feature", "properties": { "正式名称": "ドン薬局", "機関区分": 5, "都道府県コード": 9, "市区町村コード": 208, "所在地": "栃木県小山市駅東通り１－９－７", "緯度": 36.309328, "経度": 139.807358, "url": "https://www.iryou.teikyouseido.mhlw.go.jp/znk-web/juminkanja/S2430/initialize?prefCd=09&kikanCd=5E4399&kikanKbn=5", "url2": null, "内容": "ドン薬局【5:薬局】栃木県小山市駅東通り１－９－７" }, "geometry": { "type": "Point", "coordinates": [ 139.807358, 36.309328 ] } },
{ "type": "Feature", "properties": { "正式名称": "そらいろ調剤薬局", "機関区分": 5, "都道府県コード": 9, "市区町村コード": 203, "所在地": "栃木県栃木市大平町新１０６５－２", "緯度": 36.329161, "経度": 139.705383, "url": "https://www.iryou.teikyouseido.mhlw.go.jp/znk-web/juminkanja/S2430/initialize?prefCd=09&kikanCd=5E4400&kikanKbn=5", "url2": null, "内容": "そらいろ調剤薬局【5:薬局】栃木県栃木市大平町新１０６５－２" }, "geometry": { "type": "Point", "coordinates": [ 139.705383, 36.329161 ] } },
{ "type": "Feature", "properties": { "正式名称": "とちぎ薬局石橋店", "機関区分": 5, "都道府県コード": 9, "市区町村コード": 216, "所在地": "栃木県下野市石橋９６４－１", "緯度": 36.441078, "経度": 139.855308, "url": "https://www.iryou.teikyouseido.mhlw.go.jp/znk-web/juminkanja/S2430/initialize?prefCd=09&kikanCd=5E4402&kikanKbn=5", "url2": null, "内容": "とちぎ薬局石橋店【5:薬局】栃木県下野市石橋９６４－１" }, "geometry": { "type": "Point", "coordinates": [ 139.855308, 36.441078 ] } },
{ "type": "Feature", "properties": { "正式名称": "石橋調剤薬局", "機関区分": 5, "都道府県コード": 9, "市区町村コード": 216, "所在地": "栃木県下野市石橋９６６－１", "緯度": 36.441005, "経度": 139.856747, "url": "https://www.iryou.teikyouseido.mhlw.go.jp/znk-web/juminkanja/S2430/initialize?prefCd=09&kikanCd=5E4403&kikanKbn=5", "url2": "http://www.e-classa.net/ishibashi/", "内容": "石橋調剤薬局【5:薬局】栃木県下野市石橋９６６－１" }, "geometry": { "type": "Point", "coordinates": [ 139.856747, 36.441005 ] } },
{ "type": "Feature", "properties": { "正式名称": "わかば薬局壬生店", "機関区分": 5, "都道府県コード": 9, "市区町村コード": 361, "所在地": "栃木県下都賀郡壬生町大師町３８－３", "緯度": 36.431896, "経度": 139.802337, "url": "https://www.iryou.teikyouseido.mhlw.go.jp/znk-web/juminkanja/S2430/initialize?prefCd=09&kikanCd=5E4405&kikanKbn=5", "url2": null, "内容": "わかば薬局壬生店【5:薬局】栃木県下都賀郡壬生町大師町３８－３" }, "geometry": { "type": "Point", "coordinates": [ 139.802337, 36.431896 ] } },
{ "type": "Feature", "properties": { "正式名称": "あかり薬局", "機関区分": 5, "都道府県コード": 9, "市区町村コード": 208, "所在地": "栃木県小山市出井１９３５－１１", "緯度": 36.335641, "経度": 139.835155, "url": "https://www.iryou.teikyouseido.mhlw.go.jp/znk-web/juminkanja/S2430/initialize?prefCd=09&kikanCd=5E4414&kikanKbn=5", "url2": null, "内容": "あかり薬局【5:薬局】栃木県小山市出井１９３５－１１" }, "geometry": { "type": "Point", "coordinates": [ 139.835155, 36.335641 ] } },
{ "type": "Feature", "properties": { "正式名称": "セイムスふじ薬局", "機関区分": 5, "都道府県コード": 9, "市区町村コード": 216, "所在地": "栃木県下野市石橋９６８－８", "緯度": 36.441216, "経度": 139.855588, "url": "https://www.iryou.teikyouseido.mhlw.go.jp/znk-web/juminkanja/S2430/initialize?prefCd=09&kikanCd=5E4415&kikanKbn=5", "url2": "https://www.fujiyakuhin.co.jp/", "内容": "セイムスふじ薬局【5:薬局】栃木県下野市石橋９６８－８" }, "geometry": { "type": "Point", "coordinates": [ 139.855588, 36.441216 ] } },
{ "type": "Feature", "properties": { "正式名称": "マロニエ薬局", "機関区分": 5, "都道府県コード": 9, "市区町村コード": 208, "所在地": "栃木県小山市中久喜１６１５－１", "緯度": 36.322353, "経度": 139.834308, "url": "https://www.iryou.teikyouseido.mhlw.go.jp/znk-web/juminkanja/S2430/initialize?prefCd=09&kikanCd=5E4416&kikanKbn=5", "url2": "http://star-corporation.com/", "内容": "マロニエ薬局【5:薬局】栃木県小山市中久喜１６１５－１" }, "geometry": { "type": "Point", "coordinates": [ 139.834308, 36.322353 ] } },
{ "type": "Feature", "properties": { "正式名称": "そうごう薬局　ロブレ小山店", "機関区分": 5, "都道府県コード": 9, "市区町村コード": 208, "所在地": "栃木県小山市中央町　３－７－１ロブレ７階", "緯度": 36.312588, "経度": 139.805266, "url": "https://www.iryou.teikyouseido.mhlw.go.jp/znk-web/juminkanja/S2430/initialize?prefCd=09&kikanCd=5E4417&kikanKbn=5", "url2": "http://www.sogo-medical.co.jp/", "内容": "そうごう薬局　ロブレ小山店【5:薬局】栃木県小山市中央町　３－７－１ロブレ７階" }, "geometry": { "type": "Point", "coordinates": [ 139.805266, 36.312588 ] } },
{ "type": "Feature", "properties": { "正式名称": "祝町薬局", "機関区分": 5, "都道府県コード": 9, "市区町村コード": 203, "所在地": "栃木県栃木市祝町４－３０", "緯度": 36.378769, "経度": 139.72562, "url": "https://www.iryou.teikyouseido.mhlw.go.jp/znk-web/juminkanja/S2430/initialize?prefCd=09&kikanCd=5E4418&kikanKbn=5", "url2": "http://www.power-p.co.jp", "内容": "祝町薬局【5:薬局】栃木県栃木市祝町４－３０" }, "geometry": { "type": "Point", "coordinates": [ 139.72562, 36.378769 ] } },
{ "type": "Feature", "properties": { "正式名称": "コムファ薬局しもつが", "機関区分": 5, "都道府県コード": 9, "市区町村コード": 203, "所在地": "栃木県栃木市大平町牛久１９９－５", "緯度": 36.358287, "経度": 139.728216, "url": "https://www.iryou.teikyouseido.mhlw.go.jp/znk-web/juminkanja/S2430/initialize?prefCd=09&kikanCd=5E4420&kikanKbn=5", "url2": "http://www.power-p.co.jp", "内容": "コムファ薬局しもつが【5:薬局】栃木県栃木市大平町牛久１９９－５" }, "geometry": { "type": "Point", "coordinates": [ 139.728216, 36.358287 ] } },
{ "type": "Feature", "properties": { "正式名称": "文教薬局", "機関区分": 5, "都道府県コード": 9, "市区町村コード": 216, "所在地": "栃木県下野市文教２－８－２", "緯度": 36.445591, "経度": 139.861068, "url": "https://www.iryou.teikyouseido.mhlw.go.jp/znk-web/juminkanja/S2430/initialize?prefCd=09&kikanCd=5E4421&kikanKbn=5", "url2": "https://www.umedica.jp/store#ttl-navi05", "内容": "文教薬局【5:薬局】栃木県下野市文教２－８－２" }, "geometry": { "type": "Point", "coordinates": [ 139.861068, 36.445591 ] } },
{ "type": "Feature", "properties": { "正式名称": "みのり薬局", "機関区分": 5, "都道府県コード": 9, "市区町村コード": 301, "所在地": "栃木県河内郡上三川町しらさぎ２－２５－７", "緯度": 36.446267, "経度": 139.90995, "url": "https://www.iryou.teikyouseido.mhlw.go.jp/znk-web/juminkanja/S2430/initialize?prefCd=09&kikanCd=5E4424&kikanKbn=5", "url2": "http://www.fohuman-minori.jp", "内容": "みのり薬局【5:薬局】栃木県河内郡上三川町しらさぎ２－２５－７" }, "geometry": { "type": "Point", "coordinates": [ 139.90995, 36.446267 ] } },
{ "type": "Feature", "properties": { "正式名称": "有限会社　富士ファーマシー　中里調剤薬局", "機関区分": 5, "都道府県コード": 9, "市区町村コード": 208, "所在地": "栃木県小山市乙女１－２４－１０", "緯度": 36.262181, "経度": 139.75792, "url": "https://www.iryou.teikyouseido.mhlw.go.jp/znk-web/juminkanja/S2430/initialize?prefCd=09&kikanCd=5E4425&kikanKbn=5", "url2": "https://www.fuji-pharm.com", "内容": "有限会社　富士ファーマシー　中里調剤薬局【5:薬局】栃木県小山市乙女１－２４－１０" }, "geometry": { "type": "Point", "coordinates": [ 139.75792, 36.262181 ] } },
{ "type": "Feature", "properties": { "正式名称": "ピノキオファーマシーズ東間々田店", "機関区分": 5, "都道府県コード": 9, "市区町村コード": 208, "所在地": "栃木県小山市東間々田２－３６－１", "緯度": 36.262776, "経度": 139.768113, "url": "https://www.iryou.teikyouseido.mhlw.go.jp/znk-web/juminkanja/S2430/initialize?prefCd=09&kikanCd=5E4426&kikanKbn=5", "url2": "https://pinokio-pharmacy.com/", "内容": "ピノキオファーマシーズ東間々田店【5:薬局】栃木県小山市東間々田２－３６－１" }, "geometry": { "type": "Point", "coordinates": [ 139.768113, 36.262776 ] } },
{ "type": "Feature", "properties": { "正式名称": "ひばり薬局", "機関区分": 5, "都道府県コード": 9, "市区町村コード": 203, "所在地": "栃木県栃木市都賀町家中５９８６－１５", "緯度": 36.428068, "経度": 139.74793, "url": "https://www.iryou.teikyouseido.mhlw.go.jp/znk-web/juminkanja/S2430/initialize?prefCd=09&kikanCd=5E4427&kikanKbn=5", "url2": "https://www.sanshindrug.co.jp/", "内容": "ひばり薬局【5:薬局】栃木県栃木市都賀町家中５９８６－１５" }, "geometry": { "type": "Point", "coordinates": [ 139.74793, 36.428068 ] } },
{ "type": "Feature", "properties": { "正式名称": "しもつが薬局　大平町店", "機関区分": 5, "都道府県コード": 9, "市区町村コード": 203, "所在地": "栃木県栃木市大平町川連４１９－９", "緯度": 36.365794, "経度": 139.727179, "url": "https://www.iryou.teikyouseido.mhlw.go.jp/znk-web/juminkanja/S2430/initialize?prefCd=09&kikanCd=5E4429&kikanKbn=5", "url2": "https://www.ichiyama-ph.com/", "内容": "しもつが薬局　大平町店【5:薬局】栃木県栃木市大平町川連４１９－９" }, "geometry": { "type": "Point", "coordinates": [ 139.727179, 36.365794 ] } },
{ "type": "Feature", "properties": { "正式名称": "ＳＦＣ薬局　箱森店", "機関区分": 5, "都道府県コード": 9, "市区町村コード": 203, "所在地": "栃木県栃木市箱森町５１－３８", "緯度": 36.397951, "経度": 139.730521, "url": "https://www.iryou.teikyouseido.mhlw.go.jp/znk-web/juminkanja/S2430/initialize?prefCd=09&kikanCd=5E4430&kikanKbn=5", "url2": "https://store.qol-net.co.jp/detail/625", "内容": "ＳＦＣ薬局　箱森店【5:薬局】栃木県栃木市箱森町５１－３８" }, "geometry": { "type": "Point", "coordinates": [ 139.730521, 36.397951 ] } },
{ "type": "Feature", "properties": { "正式名称": "クオール薬局　小山駅南店", "機関区分": 5, "都道府県コード": 9, "市区町村コード": 208, "所在地": "栃木県小山市駅南町５－１７－８", "緯度": 36.302027, "経度": 139.814593, "url": "https://www.iryou.teikyouseido.mhlw.go.jp/znk-web/juminkanja/S2430/initialize?prefCd=09&kikanCd=5E4432&kikanKbn=5", "url2": "https://www.qol-net.co.jp/pharmacy/map/detail.php?id=139", "内容": "クオール薬局　小山駅南店【5:薬局】栃木県小山市駅南町５－１７－８" }, "geometry": { "type": "Point", "coordinates": [ 139.814593, 36.302027 ] } },
{ "type": "Feature", "properties": { "正式名称": "クオール薬局　石橋店", "機関区分": 5, "都道府県コード": 9, "市区町村コード": 216, "所在地": "栃木県下野市石橋８１２－２", "緯度": 36.434995, "経度": 139.856878, "url": "https://www.iryou.teikyouseido.mhlw.go.jp/znk-web/juminkanja/S2430/initialize?prefCd=09&kikanCd=5E4433&kikanKbn=5", "url2": "https://www.qol-net.co.jp/pharmacy/map/detail.php?id=146", "内容": "クオール薬局　石橋店【5:薬局】栃木県下野市石橋８１２－２" }, "geometry": { "type": "Point", "coordinates": [ 139.856878, 36.434995 ] } },
{ "type": "Feature", "properties": { "正式名称": "クオール薬局　小山城東店", "機関区分": 5, "都道府県コード": 9, "市区町村コード": 208, "所在地": "栃木県小山市城東１－２－２４", "緯度": 36.307284, "経度": 139.815038, "url": "https://www.iryou.teikyouseido.mhlw.go.jp/znk-web/juminkanja/S2430/initialize?prefCd=09&kikanCd=5E4434&kikanKbn=5", "url2": "https://www.qol-net.co.jp/pharmacy/map/detail.php?id=142", "内容": "クオール薬局　小山城東店【5:薬局】栃木県小山市城東１－２－２４" }, "geometry": { "type": "Point", "coordinates": [ 139.815038, 36.307284 ] } },
{ "type": "Feature", "properties": { "正式名称": "ＳＦＣ薬局　天神店", "機関区分": 5, "都道府県コード": 9, "市区町村コード": 208, "所在地": "栃木県小山市天神町１－８－１６", "緯度": 36.306317, "経度": 139.798972, "url": "https://www.iryou.teikyouseido.mhlw.go.jp/znk-web/juminkanja/S2430/initialize?prefCd=09&kikanCd=5E4435&kikanKbn=5", "url2": "http://www.qol-net.co.jp/", "内容": "ＳＦＣ薬局　天神店【5:薬局】栃木県小山市天神町１－８－１６" }, "geometry": { "type": "Point", "coordinates": [ 139.798972, 36.306317 ] } },
{ "type": "Feature", "properties": { "正式名称": "ミドリ調剤薬局", "機関区分": 5, "都道府県コード": 9, "市区町村コード": 208, "所在地": "栃木県小山市乙女７９４－５", "緯度": 36.251783, "経度": 139.746105, "url": "https://www.iryou.teikyouseido.mhlw.go.jp/znk-web/juminkanja/S2430/initialize?prefCd=09&kikanCd=5E4436&kikanKbn=5", "url2": "https://www.qol-net.co.jp/pharmacy/map/detail.php?id=141", "内容": "ミドリ調剤薬局【5:薬局】栃木県小山市乙女７９４－５" }, "geometry": { "type": "Point", "coordinates": [ 139.746105, 36.251783 ] } },
{ "type": "Feature", "properties": { "正式名称": "クオール薬局　雨ヶ谷店", "機関区分": 5, "都道府県コード": 9, "市区町村コード": 208, "所在地": "栃木県小山市大字雨ケ谷８２４－４６", "緯度": 36.281382, "経度": 139.817635, "url": "https://www.iryou.teikyouseido.mhlw.go.jp/znk-web/juminkanja/S2430/initialize?prefCd=09&kikanCd=5E4437&kikanKbn=5", "url2": "https://www.qol-net.co.jp/pharmacy/map/detail.php?id=140", "内容": "クオール薬局　雨ヶ谷店【5:薬局】栃木県小山市大字雨ケ谷８２４－４６" }, "geometry": { "type": "Point", "coordinates": [ 139.817635, 36.281382 ] } },
{ "type": "Feature", "properties": { "正式名称": "ＳＦＣ薬局　東城南店", "機関区分": 5, "都道府県コード": 9, "市区町村コード": 208, "所在地": "栃木県小山市東城南５－６－２８", "緯度": 36.288292, "経度": 139.81128, "url": "https://www.iryou.teikyouseido.mhlw.go.jp/znk-web/juminkanja/S2430/initialize?prefCd=09&kikanCd=5E4438&kikanKbn=5", "url2": "https://www.qol-net.co.jp/pharmacy/map/detail.php?id=623", "内容": "ＳＦＣ薬局　東城南店【5:薬局】栃木県小山市東城南５－６－２８" }, "geometry": { "type": "Point", "coordinates": [ 139.81128, 36.288292 ] } },
{ "type": "Feature", "properties": { "正式名称": "ウエルシア薬局　小山駅南町店", "機関区分": 5, "都道府県コード": 9, "市区町村コード": 208, "所在地": "栃木県小山市駅南町２－６－１", "緯度": 36.303132, "経度": 139.808927, "url": "https://www.iryou.teikyouseido.mhlw.go.jp/znk-web/juminkanja/S2430/initialize?prefCd=09&kikanCd=5E4440&kikanKbn=5", "url2": null, "内容": "ウエルシア薬局　小山駅南町店【5:薬局】栃木県小山市駅南町２－６－１" }, "geometry": { "type": "Point", "coordinates": [ 139.808927, 36.303132 ] } },
{ "type": "Feature", "properties": { "正式名称": "ウエルシア薬局　上三川しらさぎ店", "機関区分": 5, "都道府県コード": 9, "市区町村コード": 301, "所在地": "栃木県河内郡上三川町しらさぎ２丁目３２番地２３", "緯度": 36.44214, "経度": 139.912184, "url": "https://www.iryou.teikyouseido.mhlw.go.jp/znk-web/juminkanja/S2430/initialize?prefCd=09&kikanCd=5E4442&kikanKbn=5", "url2": "https://www.welcia-yakkyoku.co.jp", "内容": "ウエルシア薬局　上三川しらさぎ店【5:薬局】栃木県河内郡上三川町しらさぎ２丁目３２番地２３" }, "geometry": { "type": "Point", "coordinates": [ 139.912184, 36.44214 ] } },
{ "type": "Feature", "properties": { "正式名称": "クスリのアオキ丸林薬局", "機関区分": 5, "都道府県コード": 9, "市区町村コード": 364, "所在地": "栃木県下都賀郡野木町大字丸林６７６番地９", "緯度": 36.226321, "経度": 139.735045, "url": "https://www.iryou.teikyouseido.mhlw.go.jp/znk-web/juminkanja/S2430/initialize?prefCd=09&kikanCd=5E4443&kikanKbn=5", "url2": "https://www.kusuri-aoki.co.jp/", "内容": "クスリのアオキ丸林薬局【5:薬局】栃木県下都賀郡野木町大字丸林６７６番地９" }, "geometry": { "type": "Point", "coordinates": [ 139.735045, 36.226321 ] } },
{ "type": "Feature", "properties": { "正式名称": "カワチ薬局　城内店", "機関区分": 5, "都道府県コード": 9, "市区町村コード": 203, "所在地": "栃木県栃木市城内町２－２－１７", "緯度": 36.373434, "経度": 139.739487, "url": "https://www.iryou.teikyouseido.mhlw.go.jp/znk-web/juminkanja/S2430/initialize?prefCd=09&kikanCd=5E4444&kikanKbn=5", "url2": "http://www.cawachi.co.jp", "内容": "カワチ薬局　城内店【5:薬局】栃木県栃木市城内町２－２－１７" }, "geometry": { "type": "Point", "coordinates": [ 139.739487, 36.373434 ] } },
{ "type": "Feature", "properties": { "正式名称": "ファミリア薬局", "機関区分": 5, "都道府県コード": 9, "市区町村コード": 208, "所在地": "栃木県小山市粟宮４９９－２２", "緯度": 36.287452, "経度": 139.78053, "url": "https://www.iryou.teikyouseido.mhlw.go.jp/znk-web/juminkanja/S2430/initialize?prefCd=09&kikanCd=5E4445&kikanKbn=5", "url2": "https://familia-yakkyoku.com", "内容": "ファミリア薬局【5:薬局】栃木県小山市粟宮４９９－２２" }, "geometry": { "type": "Point", "coordinates": [ 139.78053, 36.287452 ] } },
{ "type": "Feature", "properties": { "正式名称": "いわぶち調剤薬局", "機関区分": 5, "都道府県コード": 9, "市区町村コード": 216, "所在地": "栃木県下野市下古山一丁目６番地２２", "緯度": 36.441894, "経度": 139.858962, "url": "https://www.iryou.teikyouseido.mhlw.go.jp/znk-web/juminkanja/S2430/initialize?prefCd=09&kikanCd=5E4446&kikanKbn=5", "url2": null, "内容": "いわぶち調剤薬局【5:薬局】栃木県下野市下古山一丁目６番地２２" }, "geometry": { "type": "Point", "coordinates": [ 139.858962, 36.441894 ] } },
{ "type": "Feature", "properties": { "正式名称": "カケル薬局　大平店", "機関区分": 5, "都道府県コード": 9, "市区町村コード": 203, "所在地": "栃木県栃木市大平町富田５２１０－６", "緯度": 36.337828, "経度": 139.700131, "url": "https://www.iryou.teikyouseido.mhlw.go.jp/znk-web/juminkanja/S2430/initialize?prefCd=09&kikanCd=5E4447&kikanKbn=5", "url2": "https://stm-group.jp/", "内容": "カケル薬局　大平店【5:薬局】栃木県栃木市大平町富田５２１０－６" }, "geometry": { "type": "Point", "coordinates": [ 139.700131, 36.337828 ] } },
{ "type": "Feature", "properties": { "正式名称": "コスモス薬局", "機関区分": 5, "都道府県コード": 9, "市区町村コード": 361, "所在地": "栃木県下都賀郡壬生町おもちゃのまち２丁目４番６号", "緯度": 36.463449, "経度": 139.836761, "url": "https://www.iryou.teikyouseido.mhlw.go.jp/znk-web/juminkanja/S2430/initialize?prefCd=09&kikanCd=5E4448&kikanKbn=5", "url2": "https://www.umedica.jp/", "内容": "コスモス薬局【5:薬局】栃木県下都賀郡壬生町おもちゃのまち２丁目４番６号" }, "geometry": { "type": "Point", "coordinates": [ 139.836761, 36.463449 ] } },
{ "type": "Feature", "properties": { "正式名称": "ニコニコ薬局　石橋店", "機関区分": 5, "都道府県コード": 9, "市区町村コード": 216, "所在地": "栃木県下野市下古山３２９４－５", "緯度": 36.457394, "経度": 139.862642, "url": "https://www.iryou.teikyouseido.mhlw.go.jp/znk-web/juminkanja/S2430/initialize?prefCd=09&kikanCd=5E4450&kikanKbn=5", "url2": "http://nikoniko-pharmacy.com", "内容": "ニコニコ薬局　石橋店【5:薬局】栃木県下野市下古山３２９４－５" }, "geometry": { "type": "Point", "coordinates": [ 139.862642, 36.457394 ] } },
{ "type": "Feature", "properties": { "正式名称": "椎名調剤薬局", "機関区分": 5, "都道府県コード": 9, "市区町村コード": 208, "所在地": "栃木県小山市駅東通り１－１９－６", "緯度": 36.308132, "経度": 139.808371, "url": "https://www.iryou.teikyouseido.mhlw.go.jp/znk-web/juminkanja/S2430/initialize?prefCd=09&kikanCd=5E4451&kikanKbn=5", "url2": null, "内容": "椎名調剤薬局【5:薬局】栃木県小山市駅東通り１－１９－６" }, "geometry": { "type": "Point", "coordinates": [ 139.808371, 36.308132 ] } },
{ "type": "Feature", "properties": { "正式名称": "そらいろ調剤薬局　栃木駅前店", "機関区分": 5, "都道府県コード": 9, "市区町村コード": 203, "所在地": "栃木県栃木市境町２１－２７", "緯度": 36.37276, "経度": 139.730331, "url": "https://www.iryou.teikyouseido.mhlw.go.jp/znk-web/juminkanja/S2430/initialize?prefCd=09&kikanCd=5E4454&kikanKbn=5", "url2": null, "内容": "そらいろ調剤薬局　栃木駅前店【5:薬局】栃木県栃木市境町２１－２７" }, "geometry": { "type": "Point", "coordinates": [ 139.730331, 36.37276 ] } },
{ "type": "Feature", "properties": { "正式名称": "ウエルシア薬局小山神鳥谷店", "機関区分": 5, "都道府県コード": 9, "市区町村コード": 208, "所在地": "栃木県小山市神鳥谷５丁目１７番２３号", "緯度": 36.294847, "経度": 139.788498, "url": "https://www.iryou.teikyouseido.mhlw.go.jp/znk-web/juminkanja/S2430/initialize?prefCd=09&kikanCd=5E4455&kikanKbn=5", "url2": "https://www.welcia-yakkyoku.co.jp/", "内容": "ウエルシア薬局小山神鳥谷店【5:薬局】栃木県小山市神鳥谷５丁目１７番２３号" }, "geometry": { "type": "Point", "coordinates": [ 139.788498, 36.294847 ] } },
{ "type": "Feature", "properties": { "正式名称": "カワチ薬局　おもちゃのまち店", "機関区分": 5, "都道府県コード": 9, "市区町村コード": 361, "所在地": "栃木県下都賀郡壬生町緑町２－１５－１５", "緯度": 36.468779, "経度": 139.827593, "url": "https://www.iryou.teikyouseido.mhlw.go.jp/znk-web/juminkanja/S2430/initialize?prefCd=09&kikanCd=5E4456&kikanKbn=5", "url2": "http://www.cawachi.co.jp", "内容": "カワチ薬局　おもちゃのまち店【5:薬局】栃木県下都賀郡壬生町緑町２－１５－１５" }, "geometry": { "type": "Point", "coordinates": [ 139.827593, 36.468779 ] } },
{ "type": "Feature", "properties": { "正式名称": "薬局くすりのひろば", "機関区分": 5, "都道府県コード": 9, "市区町村コード": 216, "所在地": "栃木県下野市薬師寺２８６６－５", "緯度": 36.396003, "経度": 139.867957, "url": "https://www.iryou.teikyouseido.mhlw.go.jp/znk-web/juminkanja/S2430/initialize?prefCd=09&kikanCd=5E4457&kikanKbn=5", "url2": "https://www.f-pw.jp/", "内容": "薬局くすりのひろば【5:薬局】栃木県下野市薬師寺２８６６－５" }, "geometry": { "type": "Point", "coordinates": [ 139.867957, 36.396003 ] } },
{ "type": "Feature", "properties": { "正式名称": "アイン薬局　獨協医大店", "機関区分": 5, "都道府県コード": 9, "市区町村コード": 361, "所在地": "栃木県下都賀郡壬生町北小林８８０アメニティ棟１Ｆ", "緯度": 36.471327, "経度": 139.824854, "url": "https://www.iryou.teikyouseido.mhlw.go.jp/znk-web/juminkanja/S2430/initialize?prefCd=09&kikanCd=5E4459&kikanKbn=5", "url2": "https://www.ainj.co.jp/", "内容": "アイン薬局　獨協医大店【5:薬局】栃木県下都賀郡壬生町北小林８８０アメニティ棟１Ｆ" }, "geometry": { "type": "Point", "coordinates": [ 139.824854, 36.471327 ] } },
{ "type": "Feature", "properties": { "正式名称": "とちの木薬局　小山南店", "機関区分": 5, "都道府県コード": 9, "市区町村コード": 208, "所在地": "栃木県小山市塚崎１５０３－２", "緯度": 36.285249, "経度": 139.805506, "url": "https://www.iryou.teikyouseido.mhlw.go.jp/znk-web/juminkanja/S2430/initialize?prefCd=09&kikanCd=5E4460&kikanKbn=5", "url2": null, "内容": "とちの木薬局　小山南店【5:薬局】栃木県小山市塚崎１５０３－２" }, "geometry": { "type": "Point", "coordinates": [ 139.805506, 36.285249 ] } },
{ "type": "Feature", "properties": { "正式名称": "さくら薬局", "機関区分": 5, "都道府県コード": 9, "市区町村コード": 203, "所在地": "栃木県栃木市片柳町一丁目１５番２３号", "緯度": 36.375856, "経度": 139.719888, "url": "https://www.iryou.teikyouseido.mhlw.go.jp/znk-web/juminkanja/S2430/initialize?prefCd=09&kikanCd=5E4461&kikanKbn=5", "url2": null, "内容": "さくら薬局【5:薬局】栃木県栃木市片柳町一丁目１５番２３号" }, "geometry": { "type": "Point", "coordinates": [ 139.719888, 36.375856 ] } },
{ "type": "Feature", "properties": { "正式名称": "そらいろ調剤薬局　間々田店", "機関区分": 5, "都道府県コード": 9, "市区町村コード": 208, "所在地": "栃木県小山市東間々田２丁目３－１６", "緯度": 36.26966, "経度": 139.772817, "url": "https://www.iryou.teikyouseido.mhlw.go.jp/znk-web/juminkanja/S2430/initialize?prefCd=09&kikanCd=5E4462&kikanKbn=5", "url2": null, "内容": "そらいろ調剤薬局　間々田店【5:薬局】栃木県小山市東間々田２丁目３－１６" }, "geometry": { "type": "Point", "coordinates": [ 139.772817, 36.26966 ] } },
{ "type": "Feature", "properties": { "正式名称": "クレマチス薬局", "機関区分": 5, "都道府県コード": 9, "市区町村コード": 203, "所在地": "栃木県栃木市平柳町２丁目１２番４０－５号", "緯度": 36.392255, "経度": 139.73917, "url": "https://www.iryou.teikyouseido.mhlw.go.jp/znk-web/juminkanja/S2430/initialize?prefCd=09&kikanCd=5E4463&kikanKbn=5", "url2": "http://www.mc-kanto.co.jp/", "内容": "クレマチス薬局【5:薬局】栃木県栃木市平柳町２丁目１２番４０－５号" }, "geometry": { "type": "Point", "coordinates": [ 139.73917, 36.392255 ] } },
{ "type": "Feature", "properties": { "正式名称": "レモン薬局静和店", "機関区分": 5, "都道府県コード": 9, "市区町村コード": 203, "所在地": "栃木県栃木市岩舟町静和２１６５番地２", "緯度": 36.315701, "経度": 139.683647, "url": "https://www.iryou.teikyouseido.mhlw.go.jp/znk-web/juminkanja/S2430/initialize?prefCd=09&kikanCd=5E4466&kikanKbn=5", "url2": null, "内容": "レモン薬局静和店【5:薬局】栃木県栃木市岩舟町静和２１６５番地２" }, "geometry": { "type": "Point", "coordinates": [ 139.683647, 36.315701 ] } },
{ "type": "Feature", "properties": { "正式名称": "ことのは薬局", "機関区分": 5, "都道府県コード": 9, "市区町村コード": 203, "所在地": "栃木県栃木市都賀町合戦場２１２－６", "緯度": 36.403972, "経度": 139.743272, "url": "https://www.iryou.teikyouseido.mhlw.go.jp/znk-web/juminkanja/S2430/initialize?prefCd=09&kikanCd=5E4469&kikanKbn=5", "url2": null, "内容": "ことのは薬局【5:薬局】栃木県栃木市都賀町合戦場２１２－６" }, "geometry": { "type": "Point", "coordinates": [ 139.743272, 36.403972 ] } },
{ "type": "Feature", "properties": { "正式名称": "ピノキオ薬局城山店", "機関区分": 5, "都道府県コード": 9, "市区町村コード": 208, "所在地": "栃木県小山市城山町２丁目９番２３号　アトラスタワー小山城山町１０１", "緯度": 36.316083, "経度": 139.803801, "url": "https://www.iryou.teikyouseido.mhlw.go.jp/znk-web/juminkanja/S2430/initialize?prefCd=09&kikanCd=5E4470&kikanKbn=5", "url2": "https://pinokio-pharmacy.com", "内容": "ピノキオ薬局城山店【5:薬局】栃木県小山市城山町２丁目９番２３号　アトラスタワー小山城山町１０１" }, "geometry": { "type": "Point", "coordinates": [ 139.803801, 36.316083 ] } },
{ "type": "Feature", "properties": { "正式名称": "間々田調剤薬局", "機関区分": 5, "都道府県コード": 9, "市区町村コード": 208, "所在地": "栃木県小山市間々田１６２７－１", "緯度": 36.267487, "経度": 139.762027, "url": "https://www.iryou.teikyouseido.mhlw.go.jp/znk-web/juminkanja/S2430/initialize?prefCd=09&kikanCd=5E4471&kikanKbn=5", "url2": "https://tsp-mamada.com/", "内容": "間々田調剤薬局【5:薬局】栃木県小山市間々田１６２７－１" }, "geometry": { "type": "Point", "coordinates": [ 139.762027, 36.267487 ] } },
{ "type": "Feature", "properties": { "正式名称": "ピノキオ薬局喜沢店", "機関区分": 5, "都道府県コード": 9, "市区町村コード": 208, "所在地": "栃木県小山市喜沢３９９－５", "緯度": 36.329274, "経度": 139.822213, "url": "https://www.iryou.teikyouseido.mhlw.go.jp/znk-web/juminkanja/S2430/initialize?prefCd=09&kikanCd=5E4472&kikanKbn=5", "url2": "https://pinokio-pharmacy.com/", "内容": "ピノキオ薬局喜沢店【5:薬局】栃木県小山市喜沢３９９－５" }, "geometry": { "type": "Point", "coordinates": [ 139.822213, 36.329274 ] } },
{ "type": "Feature", "properties": { "正式名称": "ウエルシア薬局小山城北店", "機関区分": 5, "都道府県コード": 9, "市区町村コード": 208, "所在地": "栃木県小山市城北３丁目２番地８", "緯度": 36.326157, "経度": 139.818122, "url": "https://www.iryou.teikyouseido.mhlw.go.jp/znk-web/juminkanja/S2430/initialize?prefCd=09&kikanCd=5E4473&kikanKbn=5", "url2": "https://stores.welcia.co.jp/1358D", "内容": "ウエルシア薬局小山城北店【5:薬局】栃木県小山市城北３丁目２番地８" }, "geometry": { "type": "Point", "coordinates": [ 139.818122, 36.326157 ] } },
{ "type": "Feature", "properties": { "正式名称": "セイムス小山桜通り薬局", "機関区分": 5, "都道府県コード": 9, "市区町村コード": 208, "所在地": "栃木県小山市中久喜４－１－１８", "緯度": 36.324288, "経度": 139.832378, "url": "https://www.iryou.teikyouseido.mhlw.go.jp/znk-web/juminkanja/S2430/initialize?prefCd=09&kikanCd=5E4474&kikanKbn=5", "url2": null, "内容": "セイムス小山桜通り薬局【5:薬局】栃木県小山市中久喜４－１－１８" }, "geometry": { "type": "Point", "coordinates": [ 139.832378, 36.324288 ] } },
{ "type": "Feature", "properties": { "正式名称": "セイムス小山駅南薬局", "機関区分": 5, "都道府県コード": 9, "市区町村コード": 208, "所在地": "栃木県小山市駅南町１－１５－５", "緯度": 36.304595, "経度": 139.807577, "url": "https://www.iryou.teikyouseido.mhlw.go.jp/znk-web/juminkanja/S2430/initialize?prefCd=09&kikanCd=5E4475&kikanKbn=5", "url2": "https://www.fujiyakuhin.co.jp/", "内容": "セイムス小山駅南薬局【5:薬局】栃木県小山市駅南町１－１５－５" }, "geometry": { "type": "Point", "coordinates": [ 139.807577, 36.304595 ] } },
{ "type": "Feature", "properties": { "正式名称": "セイムス小山城東薬局", "機関区分": 5, "都道府県コード": 9, "市区町村コード": 208, "所在地": "栃木県小山市城東６－６－２５", "緯度": 36.311099, "経度": 139.818318, "url": "https://www.iryou.teikyouseido.mhlw.go.jp/znk-web/juminkanja/S2430/initialize?prefCd=09&kikanCd=5E4476&kikanKbn=5", "url2": "https://www.fujiyakuhin.co.jp/", "内容": "セイムス小山城東薬局【5:薬局】栃木県小山市城東６－６－２５" }, "geometry": { "type": "Point", "coordinates": [ 139.818318, 36.311099 ] } },
{ "type": "Feature", "properties": { "正式名称": "調剤薬局ツルハドラッグ石橋店", "機関区分": 5, "都道府県コード": 9, "市区町村コード": 216, "所在地": "栃木県下野市下古山３３２７－３", "緯度": 36.45175, "経度": 139.86424, "url": "https://www.iryou.teikyouseido.mhlw.go.jp/znk-web/juminkanja/S2430/initialize?prefCd=09&kikanCd=5E4477&kikanKbn=5", "url2": "https://www.tsuruha.co.jp/", "内容": "調剤薬局ツルハドラッグ石橋店【5:薬局】栃木県下野市下古山３３２７－３" }, "geometry": { "type": "Point", "coordinates": [ 139.86424, 36.45175 ] } },
{ "type": "Feature", "properties": { "正式名称": "銀星薬局　粟宮店", "機関区分": 5, "都道府県コード": 9, "市区町村コード": 208, "所在地": "栃木県小山市粟宮４９４－１", "緯度": 36.281277, "経度": 139.787053, "url": "https://www.iryou.teikyouseido.mhlw.go.jp/znk-web/juminkanja/S2430/initialize?prefCd=09&kikanCd=5E4478&kikanKbn=5", "url2": null, "内容": "銀星薬局　粟宮店【5:薬局】栃木県小山市粟宮４９４－１" }, "geometry": { "type": "Point", "coordinates": [ 139.787053, 36.281277 ] } },
{ "type": "Feature", "properties": { "正式名称": "あおば薬局", "機関区分": 5, "都道府県コード": 9, "市区町村コード": 208, "所在地": "栃木県小山市花垣町１－４－４０", "緯度": 36.326121, "経度": 139.808163, "url": "https://www.iryou.teikyouseido.mhlw.go.jp/znk-web/juminkanja/S2430/initialize?prefCd=09&kikanCd=5E4481&kikanKbn=5", "url2": null, "内容": "あおば薬局【5:薬局】栃木県小山市花垣町１－４－４０" }, "geometry": { "type": "Point", "coordinates": [ 139.808163, 36.326121 ] } },
{ "type": "Feature", "properties": { "正式名称": "クスリのアオキ城北薬局", "機関区分": 5, "都道府県コード": 9, "市区町村コード": 208, "所在地": "栃木県小山市城北６丁目１番地８", "緯度": 36.323668, "経度": 139.814732, "url": "https://www.iryou.teikyouseido.mhlw.go.jp/znk-web/juminkanja/S2430/initialize?prefCd=09&kikanCd=5E4482&kikanKbn=5", "url2": "https://www.kusuri-aoki.co.jp/", "内容": "クスリのアオキ城北薬局【5:薬局】栃木県小山市城北６丁目１番地８" }, "geometry": { "type": "Point", "coordinates": [ 139.814732, 36.323668 ] } },
{ "type": "Feature", "properties": { "正式名称": "そらいろ調剤薬局　入舟店", "機関区分": 5, "都道府県コード": 9, "市区町村コード": 203, "所在地": "栃木県栃木市入舟町４－４", "緯度": 36.382328, "経度": 139.730789, "url": "https://www.iryou.teikyouseido.mhlw.go.jp/znk-web/juminkanja/S2430/initialize?prefCd=09&kikanCd=5E4484&kikanKbn=5", "url2": null, "内容": "そらいろ調剤薬局　入舟店【5:薬局】栃木県栃木市入舟町４－４" }, "geometry": { "type": "Point", "coordinates": [ 139.730789, 36.382328 ] } },
{ "type": "Feature", "properties": { "正式名称": "スギ薬局　小山若木店", "機関区分": 5, "都道府県コード": 9, "市区町村コード": 208, "所在地": "栃木県小山市若木町１－６－４１", "緯度": 36.327168, "経度": 139.804835, "url": "https://www.iryou.teikyouseido.mhlw.go.jp/znk-web/juminkanja/S2430/initialize?prefCd=09&kikanCd=5E4486&kikanKbn=5", "url2": "https://www.sugi-net.jp", "内容": "スギ薬局　小山若木店【5:薬局】栃木県小山市若木町１－６－４１" }, "geometry": { "type": "Point", "coordinates": [ 139.804835, 36.327168 ] } },
{ "type": "Feature", "properties": { "正式名称": "マロニエシンケア薬局", "機関区分": 5, "都道府県コード": 9, "市区町村コード": 208, "所在地": "栃木県小山市中久喜１４７５－９", "緯度": 36.321507, "経度": 139.837452, "url": "https://www.iryou.teikyouseido.mhlw.go.jp/znk-web/juminkanja/S2430/initialize?prefCd=09&kikanCd=5E4487&kikanKbn=5", "url2": null, "内容": "マロニエシンケア薬局【5:薬局】栃木県小山市中久喜１４７５－９" }, "geometry": { "type": "Point", "coordinates": [ 139.837452, 36.321507 ] } },
{ "type": "Feature", "properties": { "正式名称": "祇園薬局", "機関区分": 5, "都道府県コード": 9, "市区町村コード": 216, "所在地": "栃木県下野市祇園１－２－１", "緯度": 36.39315, "経度": 139.861126, "url": "https://www.iryou.teikyouseido.mhlw.go.jp/znk-web/juminkanja/S2430/initialize?prefCd=09&kikanCd=5E4490&kikanKbn=5", "url2": "https://www.kusurinomadoguchi.com/tochigi/s116986", "内容": "祇園薬局【5:薬局】栃木県下野市祇園１－２－１" }, "geometry": { "type": "Point", "coordinates": [ 139.861126, 36.39315 ] } },
{ "type": "Feature", "properties": { "正式名称": "ユニスマイル薬局　いしばし店", "機関区分": 5, "都道府県コード": 9, "市区町村コード": 216, "所在地": "栃木県下野市石橋８３８－３", "緯度": 36.437676, "経度": 139.858566, "url": "https://www.iryou.teikyouseido.mhlw.go.jp/znk-web/juminkanja/S2430/initialize?prefCd=09&kikanCd=5E4493&kikanKbn=5", "url2": null, "内容": "ユニスマイル薬局　いしばし店【5:薬局】栃木県下野市石橋８３８－３" }, "geometry": { "type": "Point", "coordinates": [ 139.858566, 36.437676 ] } },
{ "type": "Feature", "properties": { "正式名称": "ユニスマイル薬局　壬生おちあい店", "機関区分": 5, "都道府県コード": 9, "市区町村コード": 361, "所在地": "栃木県下都賀郡壬生町落合２－１２－２", "緯度": 36.454068, "経度": 139.820182, "url": "https://www.iryou.teikyouseido.mhlw.go.jp/znk-web/juminkanja/S2430/initialize?prefCd=09&kikanCd=5E4495&kikanKbn=5", "url2": "https://unismile.co.jp/", "内容": "ユニスマイル薬局　壬生おちあい店【5:薬局】栃木県下都賀郡壬生町落合２－１２－２" }, "geometry": { "type": "Point", "coordinates": [ 139.820182, 36.454068 ] } },
{ "type": "Feature", "properties": { "正式名称": "みぶ薬局", "機関区分": 5, "都道府県コード": 9, "市区町村コード": 361, "所在地": "栃木県下都賀郡壬生町中央町５－２７", "緯度": 36.42386, "経度": 139.80278, "url": "https://www.iryou.teikyouseido.mhlw.go.jp/znk-web/juminkanja/S2430/initialize?prefCd=09&kikanCd=5E4497&kikanKbn=5", "url2": null, "内容": "みぶ薬局【5:薬局】栃木県下都賀郡壬生町中央町５－２７" }, "geometry": { "type": "Point", "coordinates": [ 139.80278, 36.42386 ] } },
{ "type": "Feature", "properties": { "正式名称": "ラパン薬局", "機関区分": 5, "都道府県コード": 9, "市区町村コード": 216, "所在地": "栃木県下野市駅東１－１０－５", "緯度": 36.373293, "経度": 139.845769, "url": "https://www.iryou.teikyouseido.mhlw.go.jp/znk-web/juminkanja/S2430/initialize?prefCd=09&kikanCd=5E4499&kikanKbn=5", "url2": "https://lapinpharmacy.com", "内容": "ラパン薬局【5:薬局】栃木県下野市駅東１－１０－５" }, "geometry": { "type": "Point", "coordinates": [ 139.845769, 36.373293 ] } },
{ "type": "Feature", "properties": { "正式名称": "コストコホールセール壬生倉庫店薬局", "機関区分": 5, "都道府県コード": 9, "市区町村コード": 361, "所在地": "栃木県下都賀郡壬生町安塚３３６０", "緯度": 36.482609, "経度": 139.831695, "url": "https://www.iryou.teikyouseido.mhlw.go.jp/znk-web/juminkanja/S2430/initialize?prefCd=09&kikanCd=5E4500&kikanKbn=5", "url2": "https://www.costco.co.jp/", "内容": "コストコホールセール壬生倉庫店薬局【5:薬局】栃木県下都賀郡壬生町安塚３３６０" }, "geometry": { "type": "Point", "coordinates": [ 139.831695, 36.482609 ] } },
{ "type": "Feature", "properties": { "正式名称": "クスリのアオキ薗部薬局", "機関区分": 5, "都道府県コード": 9, "市区町村コード": 203, "所在地": "栃木県栃木市薗部町３丁目５番２号", "緯度": 36.375923, "経度": 139.714115, "url": "https://www.iryou.teikyouseido.mhlw.go.jp/znk-web/juminkanja/S2430/initialize?prefCd=09&kikanCd=5E4501&kikanKbn=5", "url2": "https://www.kusuri-aoki.co.jp/", "内容": "クスリのアオキ薗部薬局【5:薬局】栃木県栃木市薗部町３丁目５番２号" }, "geometry": { "type": "Point", "coordinates": [ 139.714115, 36.375923 ] } },
{ "type": "Feature", "properties": { "正式名称": "フレンド薬局　自治医大東店", "機関区分": 5, "都道府県コード": 9, "市区町村コード": 216, "所在地": "栃木県下野市薬師寺３１７１－２７", "緯度": 36.39688, "経度": 139.86327, "url": "https://www.iryou.teikyouseido.mhlw.go.jp/znk-web/juminkanja/S2430/initialize?prefCd=09&kikanCd=5E4502&kikanKbn=5", "url2": "https://f-pw.jp/", "内容": "フレンド薬局　自治医大東店【5:薬局】栃木県下野市薬師寺３１７１－２７" }, "geometry": { "type": "Point", "coordinates": [ 139.86327, 36.39688 ] } },
{ "type": "Feature", "properties": { "正式名称": "しずく薬局", "機関区分": 5, "都道府県コード": 9, "市区町村コード": 216, "所在地": "栃木県下野市小金井１－３４－７", "緯度": 36.391113, "経度": 139.84193, "url": "https://www.iryou.teikyouseido.mhlw.go.jp/znk-web/juminkanja/S2430/initialize?prefCd=09&kikanCd=5E4503&kikanKbn=5", "url2": "https://forhuman.jp/", "内容": "しずく薬局【5:薬局】栃木県下野市小金井１－３４－７" }, "geometry": { "type": "Point", "coordinates": [ 139.84193, 36.391113 ] } },
{ "type": "Feature", "properties": { "正式名称": "ピノキオ薬局東城南店", "機関区分": 5, "都道府県コード": 9, "市区町村コード": 208, "所在地": "栃木県小山市東城南５－４－３", "緯度": 36.292131, "経度": 139.811229, "url": "https://www.iryou.teikyouseido.mhlw.go.jp/znk-web/juminkanja/S2430/initialize?prefCd=09&kikanCd=5E4504&kikanKbn=5", "url2": null, "内容": "ピノキオ薬局東城南店【5:薬局】栃木県小山市東城南５－４－３" }, "geometry": { "type": "Point", "coordinates": [ 139.811229, 36.292131 ] } },
{ "type": "Feature", "properties": { "正式名称": "カワチ薬局　石橋店", "機関区分": 5, "都道府県コード": 9, "市区町村コード": 216, "所在地": "栃木県下野市石橋字牛井戸６２７", "緯度": 36.43565, "経度": 139.858518, "url": "https://www.iryou.teikyouseido.mhlw.go.jp/znk-web/juminkanja/S2430/initialize?prefCd=09&kikanCd=5E4505&kikanKbn=5", "url2": "https://www.cawachi.co.jp/", "内容": "カワチ薬局　石橋店【5:薬局】栃木県下野市石橋字牛井戸６２７" }, "geometry": { "type": "Point", "coordinates": [ 139.858518, 36.43565 ] } },
{ "type": "Feature", "properties": { "正式名称": "クスリのアオキ合戦場薬局", "機関区分": 5, "都道府県コード": 9, "市区町村コード": 203, "所在地": "栃木県栃木市都賀町合戦場１００９番地４", "緯度": 36.407151, "経度": 139.743488, "url": "https://www.iryou.teikyouseido.mhlw.go.jp/znk-web/juminkanja/S2430/initialize?prefCd=09&kikanCd=5E4506&kikanKbn=5", "url2": "https://www.kusuri-aoki.co.jp/", "内容": "クスリのアオキ合戦場薬局【5:薬局】栃木県栃木市都賀町合戦場１００９番地４" }, "geometry": { "type": "Point", "coordinates": [ 139.743488, 36.407151 ] } },
{ "type": "Feature", "properties": { "正式名称": "ウエルシア薬局　小山城東店", "機関区分": 5, "都道府県コード": 9, "市区町村コード": 208, "所在地": "栃木県小山市城東３－２３－４", "緯度": 36.31375, "経度": 139.817721, "url": "https://www.iryou.teikyouseido.mhlw.go.jp/znk-web/juminkanja/S2430/initialize?prefCd=09&kikanCd=5E4507&kikanKbn=5", "url2": "https://www.welcia-yakkyoku.co.jp", "内容": "ウエルシア薬局　小山城東店【5:薬局】栃木県小山市城東３－２３－４" }, "geometry": { "type": "Point", "coordinates": [ 139.817721, 36.31375 ] } },
{ "type": "Feature", "properties": { "正式名称": "花・花薬局藤岡店", "機関区分": 5, "都道府県コード": 9, "市区町村コード": 203, "所在地": "栃木県栃木市藤岡町藤岡新町１８４５－２３", "緯度": 36.252052, "経度": 139.648182, "url": "https://www.iryou.teikyouseido.mhlw.go.jp/znk-web/juminkanja/S2430/initialize?prefCd=09&kikanCd=5E4508&kikanKbn=5", "url2": "http://www.e-ff.jp", "内容": "花・花薬局藤岡店【5:薬局】栃木県栃木市藤岡町藤岡新町１８４５－２３" }, "geometry": { "type": "Point", "coordinates": [ 139.648182, 36.252052 ] } },
{ "type": "Feature", "properties": { "正式名称": "リブラ薬局　小山店", "機関区分": 5, "都道府県コード": 9, "市区町村コード": 208, "所在地": "栃木県小山市雨ケ谷７３８－１", "緯度": 36.28228, "経度": 139.816851, "url": "https://www.iryou.teikyouseido.mhlw.go.jp/znk-web/juminkanja/S2430/initialize?prefCd=09&kikanCd=5E4509&kikanKbn=5", "url2": "https://www.libra-pharma.com/", "内容": "リブラ薬局　小山店【5:薬局】栃木県小山市雨ケ谷７３８－１" }, "geometry": { "type": "Point", "coordinates": [ 139.816851, 36.28228 ] } },
{ "type": "Feature", "properties": { "正式名称": "あいも薬局", "機関区分": 5, "都道府県コード": 9, "市区町村コード": 361, "所在地": "栃木県下都賀郡壬生町安塚７６４－１４", "緯度": 36.470149, "経度": 139.833352, "url": "https://www.iryou.teikyouseido.mhlw.go.jp/znk-web/juminkanja/S2430/initialize?prefCd=09&kikanCd=5E4510&kikanKbn=5", "url2": "https://www.itosim.com/", "内容": "あいも薬局【5:薬局】栃木県下都賀郡壬生町安塚７６４－１４" }, "geometry": { "type": "Point", "coordinates": [ 139.833352, 36.470149 ] } },
{ "type": "Feature", "properties": { "正式名称": "ウエルシア薬局下野石橋店", "機関区分": 5, "都道府県コード": 9, "市区町村コード": 216, "所在地": "栃木県下野市下古山３ー１５ー１", "緯度": 36.44968, "経度": 139.861369, "url": "https://www.iryou.teikyouseido.mhlw.go.jp/znk-web/juminkanja/S2430/initialize?prefCd=09&kikanCd=5E4511&kikanKbn=5", "url2": "https://store.welcia.co.jp/welcia/spot/detail?code=6028D", "内容": "ウエルシア薬局下野石橋店【5:薬局】栃木県下野市下古山３ー１５ー１" }, "geometry": { "type": "Point", "coordinates": [ 139.861369, 36.44968 ] } },
{ "type": "Feature", "properties": { "正式名称": "アスピオ薬局　小山城東店", "機関区分": 5, "都道府県コード": 9, "市区町村コード": 208, "所在地": "栃木県小山市城東２－１９－３", "緯度": 36.314081, "経度": 139.815819, "url": "https://www.iryou.teikyouseido.mhlw.go.jp/znk-web/juminkanja/S2430/initialize?prefCd=09&kikanCd=5E4512&kikanKbn=5", "url2": null, "内容": "アスピオ薬局　小山城東店【5:薬局】栃木県小山市城東２－１９－３" }, "geometry": { "type": "Point", "coordinates": [ 139.815819, 36.314081 ] } },
{ "type": "Feature", "properties": { "正式名称": "みぶ駅前薬局", "機関区分": 5, "都道府県コード": 9, "市区町村コード": 361, "所在地": "栃木県下都賀郡壬生町中央町４－１３", "緯度": 36.42364, "経度": 139.803718, "url": "https://www.iryou.teikyouseido.mhlw.go.jp/znk-web/juminkanja/S2430/initialize?prefCd=09&kikanCd=5E4513&kikanKbn=5", "url2": "https://fureai-ph-nakayoshi.jp/shop-list/mibuekimae-yakkyokku", "内容": "みぶ駅前薬局【5:薬局】栃木県下都賀郡壬生町中央町４－１３" }, "geometry": { "type": "Point", "coordinates": [ 139.803718, 36.42364 ] } },
{ "type": "Feature", "properties": { "正式名称": "大沢調剤薬局　万町店", "機関区分": 5, "都道府県コード": 9, "市区町村コード": 203, "所在地": "栃木県栃木市万町１８－１", "緯度": 36.383209, "経度": 139.735838, "url": "https://www.iryou.teikyouseido.mhlw.go.jp/znk-web/juminkanja/S2430/initialize?prefCd=09&kikanCd=5E4514&kikanKbn=5", "url2": null, "内容": "大沢調剤薬局　万町店【5:薬局】栃木県栃木市万町１８－１" }, "geometry": { "type": "Point", "coordinates": [ 139.735838, 36.383209 ] } },
{ "type": "Feature", "properties": { "正式名称": "あゆみ薬局", "機関区分": 5, "都道府県コード": 9, "市区町村コード": 203, "所在地": "栃木県栃木市今泉町１－５－１１", "緯度": 36.3869765, "経度": 139.7481072, "url": "https://www.iryou.teikyouseido.mhlw.go.jp/znk-web/juminkanja/S2430/initialize?prefCd=09&kikanCd=5E4515&kikanKbn=5", "url2": null, "内容": "あゆみ薬局【5:薬局】栃木県栃木市今泉町１－５－１１" }, "geometry": { "type": "Point", "coordinates": [ 139.7481072, 36.3869765 ] } },
{ "type": "Feature", "properties": { "正式名称": "大沢調剤薬局　神田町店", "機関区分": 5, "都道府県コード": 9, "市区町村コード": 203, "所在地": "栃木県栃木市神田町２１－１７", "緯度": 36.380726, "経度": 139.748421, "url": "https://www.iryou.teikyouseido.mhlw.go.jp/znk-web/juminkanja/S2430/initialize?prefCd=09&kikanCd=5E4517&kikanKbn=5", "url2": null, "内容": "大沢調剤薬局　神田町店【5:薬局】栃木県栃木市神田町２１－１７" }, "geometry": { "type": "Point", "coordinates": [ 139.748421, 36.380726 ] } },
{ "type": "Feature", "properties": { "正式名称": "大沢調剤薬局　本町店", "機関区分": 5, "都道府県コード": 9, "市区町村コード": 203, "所在地": "栃木県栃木市本町１６－６", "緯度": 36.379712, "経度": 139.738672, "url": "https://www.iryou.teikyouseido.mhlw.go.jp/znk-web/juminkanja/S2430/initialize?prefCd=09&kikanCd=5E4518&kikanKbn=5", "url2": null, "内容": "大沢調剤薬局　本町店【5:薬局】栃木県栃木市本町１６－６" }, "geometry": { "type": "Point", "coordinates": [ 139.738672, 36.379712 ] } },
{ "type": "Feature", "properties": { "正式名称": "大沢調剤薬局　日ノ出町店", "機関区分": 5, "都道府県コード": 9, "市区町村コード": 203, "所在地": "栃木県栃木市日ノ出町９－１０", "緯度": 36.385424, "経度": 139.741338, "url": "https://www.iryou.teikyouseido.mhlw.go.jp/znk-web/juminkanja/S2430/initialize?prefCd=09&kikanCd=5E4519&kikanKbn=5", "url2": "https://e-bond.info/withs/", "内容": "大沢調剤薬局　日ノ出町店【5:薬局】栃木県栃木市日ノ出町９－１０" }, "geometry": { "type": "Point", "coordinates": [ 139.741338, 36.385424 ] } },
{ "type": "Feature", "properties": { "正式名称": "大沢調剤薬局　片柳店", "機関区分": 5, "都道府県コード": 9, "市区町村コード": 203, "所在地": "栃木県栃木市片柳町１－６－３５", "緯度": 36.374048, "経度": 139.723518, "url": "https://www.iryou.teikyouseido.mhlw.go.jp/znk-web/juminkanja/S2430/initialize?prefCd=09&kikanCd=5E4520&kikanKbn=5", "url2": null, "内容": "大沢調剤薬局　片柳店【5:薬局】栃木県栃木市片柳町１－６－３５" }, "geometry": { "type": "Point", "coordinates": [ 139.723518, 36.374048 ] } },
{ "type": "Feature", "properties": { "正式名称": "大沢調剤薬局　駅南店", "機関区分": 5, "都道府県コード": 9, "市区町村コード": 203, "所在地": "栃木県栃木市沼和田町１０－１５", "緯度": 36.368588, "経度": 139.730136, "url": "https://www.iryou.teikyouseido.mhlw.go.jp/znk-web/juminkanja/S2430/initialize?prefCd=09&kikanCd=5E4521&kikanKbn=5", "url2": null, "内容": "大沢調剤薬局　駅南店【5:薬局】栃木県栃木市沼和田町１０－１５" }, "geometry": { "type": "Point", "coordinates": [ 139.730136, 36.368588 ] } },
{ "type": "Feature", "properties": { "正式名称": "大沢調剤薬局　薗部店", "機関区分": 5, "都道府県コード": 9, "市区町村コード": 203, "所在地": "栃木県栃木市薗部町１－１－４", "緯度": 36.377644, "経度": 139.723329, "url": "https://www.iryou.teikyouseido.mhlw.go.jp/znk-web/juminkanja/S2430/initialize?prefCd=09&kikanCd=5E4522&kikanKbn=5", "url2": null, "内容": "大沢調剤薬局　薗部店【5:薬局】栃木県栃木市薗部町１－１－４" }, "geometry": { "type": "Point", "coordinates": [ 139.723329, 36.377644 ] } },
{ "type": "Feature", "properties": { "正式名称": "大沢調剤薬局大平店", "機関区分": 5, "都道府県コード": 9, "市区町村コード": 203, "所在地": "栃木県栃木市大平町新１５４０－１８３", "緯度": 36.332548, "経度": 139.710435, "url": "https://www.iryou.teikyouseido.mhlw.go.jp/znk-web/juminkanja/S2430/initialize?prefCd=09&kikanCd=5E4523&kikanKbn=5", "url2": null, "内容": "大沢調剤薬局大平店【5:薬局】栃木県栃木市大平町新１５４０－１８３" }, "geometry": { "type": "Point", "coordinates": [ 139.710435, 36.332548 ] } },
{ "type": "Feature", "properties": { "正式名称": "大沢調剤薬局　西支店", "機関区分": 5, "都道府県コード": 9, "市区町村コード": 203, "所在地": "栃木県栃木市片柳町１ー３ー５", "緯度": 36.372804, "経度": 139.726132, "url": "https://www.iryou.teikyouseido.mhlw.go.jp/znk-web/juminkanja/S2430/initialize?prefCd=09&kikanCd=5E4524&kikanKbn=5", "url2": "https://e-bond.info/withs/", "内容": "大沢調剤薬局　西支店【5:薬局】栃木県栃木市片柳町１ー３ー５" }, "geometry": { "type": "Point", "coordinates": [ 139.726132, 36.372804 ] } },
{ "type": "Feature", "properties": { "正式名称": "ココカラファイン薬局自治医大前店", "機関区分": 5, "都道府県コード": 9, "市区町村コード": 216, "所在地": "栃木県下野市薬師寺３３１１－１", "緯度": 36.397894, "経度": 139.860776, "url": "https://www.iryou.teikyouseido.mhlw.go.jp/znk-web/juminkanja/S2430/initialize?prefCd=09&kikanCd=5E4525&kikanKbn=5", "url2": "https://www.matsukiyococokara-online.com/map?kid=20002783", "内容": "ココカラファイン薬局自治医大前店【5:薬局】栃木県下野市薬師寺３３１１－１" }, "geometry": { "type": "Point", "coordinates": [ 139.860776, 36.397894 ] } },
{ "type": "Feature", "properties": { "正式名称": "日本調剤自治医大前薬局", "機関区分": 5, "都道府県コード": 9, "市区町村コード": 216, "所在地": "栃木県下野市薬師寺３３１１－１", "緯度": 36.397946, "経度": 139.860397, "url": "https://www.iryou.teikyouseido.mhlw.go.jp/znk-web/juminkanja/S2430/initialize?prefCd=09&kikanCd=5E4526&kikanKbn=5", "url2": "https://www.nicho.co.jp/tenpo/jichiidaimae/", "内容": "日本調剤自治医大前薬局【5:薬局】栃木県下野市薬師寺３３１１－１" }, "geometry": { "type": "Point", "coordinates": [ 139.860397, 36.397946 ] } },
{ "type": "Feature", "properties": { "正式名称": "パンダ薬局", "機関区分": 5, "都道府県コード": 9, "市区町村コード": 208, "所在地": "栃木県小山市神鳥谷１８４７－３", "緯度": 36.290995, "経度": 139.803839, "url": "https://www.iryou.teikyouseido.mhlw.go.jp/znk-web/juminkanja/S2430/initialize?prefCd=09&kikanCd=5E4527&kikanKbn=5", "url2": "https://f-pw.jp", "内容": "パンダ薬局【5:薬局】栃木県小山市神鳥谷１８４７－３" }, "geometry": { "type": "Point", "coordinates": [ 139.803839, 36.290995 ] } },
{ "type": "Feature", "properties": { "正式名称": "ゼラニウム薬局　栃木店", "機関区分": 5, "都道府県コード": 9, "市区町村コード": 203, "所在地": "栃木県栃木市片柳町１丁目２６ー２１－１号", "緯度": 36.3770191, "経度": 139.7248227, "url": "https://www.iryou.teikyouseido.mhlw.go.jp/znk-web/juminkanja/S2430/initialize?prefCd=09&kikanCd=5E4529&kikanKbn=5", "url2": "https://www.u-style-pharmacy.jp/store", "内容": "ゼラニウム薬局　栃木店【5:薬局】栃木県栃木市片柳町１丁目２６ー２１－１号" }, "geometry": { "type": "Point", "coordinates": [ 139.7248227, 36.3770191 ] } },
{ "type": "Feature", "properties": { "正式名称": "いずみ薬局", "機関区分": 5, "都道府県コード": 9, "市区町村コード": 216, "所在地": "栃木県下野市小金井２９７７‐２", "緯度": 36.382429, "経度": 139.844156, "url": "https://www.iryou.teikyouseido.mhlw.go.jp/znk-web/juminkanja/S2430/initialize?prefCd=09&kikanCd=5E4530&kikanKbn=5", "url2": "https://e-bond.info/withs/", "内容": "いずみ薬局【5:薬局】栃木県下野市小金井２９７７‐２" }, "geometry": { "type": "Point", "coordinates": [ 139.844156, 36.382429 ] } },
{ "type": "Feature", "properties": { "正式名称": "あおぞら薬局", "機関区分": 5, "都道府県コード": 9, "市区町村コード": 216, "所在地": "栃木県下野市小金井４－１－１５", "緯度": 36.381813, "経度": 139.839085, "url": "https://www.iryou.teikyouseido.mhlw.go.jp/znk-web/juminkanja/S2430/initialize?prefCd=09&kikanCd=5E4531&kikanKbn=5", "url2": "https://e-bond.info/withs/", "内容": "あおぞら薬局【5:薬局】栃木県下野市小金井４－１－１５" }, "geometry": { "type": "Point", "coordinates": [ 139.839085, 36.381813 ] } },
{ "type": "Feature", "properties": { "正式名称": "ふきあげ薬局", "機関区分": 5, "都道府県コード": 9, "市区町村コード": 203, "所在地": "栃木県栃木市吹上町１６４２－２１", "緯度": 36.411634, "経度": 139.703889, "url": "https://www.iryou.teikyouseido.mhlw.go.jp/znk-web/juminkanja/S2430/initialize?prefCd=09&kikanCd=5E4533&kikanKbn=5", "url2": "https://www.p-leaf.jp/", "内容": "ふきあげ薬局【5:薬局】栃木県栃木市吹上町１６４２－２１" }, "geometry": { "type": "Point", "coordinates": [ 139.703889, 36.411634 ] } },
{ "type": "Feature", "properties": { "正式名称": "グレイス薬局", "機関区分": 5, "都道府県コード": 9, "市区町村コード": 203, "所在地": "栃木県栃木市嘉右衛門町６－９", "緯度": 36.389588, "経度": 139.731991, "url": "https://www.iryou.teikyouseido.mhlw.go.jp/znk-web/juminkanja/S2430/initialize?prefCd=09&kikanCd=5E4534&kikanKbn=5", "url2": "https://e-bond.info/withs/", "内容": "グレイス薬局【5:薬局】栃木県栃木市嘉右衛門町６－９" }, "geometry": { "type": "Point", "coordinates": [ 139.731991, 36.389588 ] } },
{ "type": "Feature", "properties": { "正式名称": "おおるり薬局", "機関区分": 5, "都道府県コード": 9, "市区町村コード": 203, "所在地": "栃木県栃木市泉町２１番３－１号", "緯度": 36.385646, "経度": 139.736677, "url": "https://www.iryou.teikyouseido.mhlw.go.jp/znk-web/juminkanja/S2430/initialize?prefCd=09&kikanCd=5E4535&kikanKbn=5", "url2": null, "内容": "おおるり薬局【5:薬局】栃木県栃木市泉町２１番３－１号" }, "geometry": { "type": "Point", "coordinates": [ 139.736677, 36.385646 ] } },
{ "type": "Feature", "properties": { "正式名称": "ぽぷら薬局", "機関区分": 5, "都道府県コード": 9, "市区町村コード": 208, "所在地": "栃木県小山市城東６丁目１９－２１", "緯度": 36.309043, "経度": 139.820132, "url": "https://www.iryou.teikyouseido.mhlw.go.jp/znk-web/juminkanja/S2430/initialize?prefCd=09&kikanCd=5E4536&kikanKbn=5", "url2": "http://www.p-leaf.jp/shop/popura.html", "内容": "ぽぷら薬局【5:薬局】栃木県小山市城東６丁目１９－２１" }, "geometry": { "type": "Point", "coordinates": [ 139.820132, 36.309043 ] } },
{ "type": "Feature", "properties": { "正式名称": "ふじいろ薬局", "機関区分": 5, "都道府県コード": 9, "市区町村コード": 208, "所在地": "栃木県小山市東城南４－６－４", "緯度": 36.294228, "経度": 139.811218, "url": "https://www.iryou.teikyouseido.mhlw.go.jp/znk-web/juminkanja/S2430/initialize?prefCd=09&kikanCd=5E4537&kikanKbn=5", "url2": "https://e-bond.info/withs/", "内容": "ふじいろ薬局【5:薬局】栃木県小山市東城南４－６－４" }, "geometry": { "type": "Point", "coordinates": [ 139.811218, 36.294228 ] } },
{ "type": "Feature", "properties": { "正式名称": "そよ風薬局", "機関区分": 5, "都道府県コード": 9, "市区町村コード": 208, "所在地": "栃木県小山市神鳥谷１丁目１７－１７", "緯度": 36.300262, "経度": 139.790229, "url": "https://www.iryou.teikyouseido.mhlw.go.jp/znk-web/juminkanja/S2430/initialize?prefCd=09&kikanCd=5E4538&kikanKbn=5", "url2": "https://e-bond.info/withs/", "内容": "そよ風薬局【5:薬局】栃木県小山市神鳥谷１丁目１７－１７" }, "geometry": { "type": "Point", "coordinates": [ 139.790229, 36.300262 ] } },
{ "type": "Feature", "properties": { "正式名称": "和み薬局", "機関区分": 5, "都道府県コード": 9, "市区町村コード": 216, "所在地": "栃木県下野市柴２９１－９", "緯度": 36.370764, "経度": 139.860745, "url": "https://www.iryou.teikyouseido.mhlw.go.jp/znk-web/juminkanja/S2430/initialize?prefCd=09&kikanCd=5E4540&kikanKbn=5", "url2": null, "内容": "和み薬局【5:薬局】栃木県下野市柴２９１－９" }, "geometry": { "type": "Point", "coordinates": [ 139.860745, 36.370764 ] } },
{ "type": "Feature", "properties": { "正式名称": "フレンド薬局　下野笹原店", "機関区分": 5, "都道府県コード": 9, "市区町村コード": 216, "所在地": "栃木県下野市笹原２３０－７", "緯度": 36.398389, "経度": 139.851774, "url": "https://www.iryou.teikyouseido.mhlw.go.jp/znk-web/juminkanja/S2430/initialize?prefCd=09&kikanCd=5E4541&kikanKbn=5", "url2": "http://www.f-pw.jp", "内容": "フレンド薬局　下野笹原店【5:薬局】栃木県下野市笹原２３０－７" }, "geometry": { "type": "Point", "coordinates": [ 139.851774, 36.398389 ] } },
{ "type": "Feature", "properties": { "正式名称": "はこの森調剤薬局", "機関区分": 5, "都道府県コード": 9, "市区町村コード": 203, "所在地": "栃木県栃木市箱森町１－２７", "緯度": 36.385385, "経度": 139.7279051, "url": "https://www.iryou.teikyouseido.mhlw.go.jp/znk-web/juminkanja/S2430/initialize?prefCd=09&kikanCd=5E4542&kikanKbn=5", "url2": null, "内容": "はこの森調剤薬局【5:薬局】栃木県栃木市箱森町１－２７" }, "geometry": { "type": "Point", "coordinates": [ 139.727905099999987, 36.385385 ] } },
{ "type": "Feature", "properties": { "正式名称": "クスリのアオキ小金井薬局", "機関区分": 5, "都道府県コード": 9, "市区町村コード": 216, "所在地": "栃木県下野市川中子３３２９番地７", "緯度": 36.369982, "経度": 139.837423, "url": "https://www.iryou.teikyouseido.mhlw.go.jp/znk-web/juminkanja/S2430/initialize?prefCd=09&kikanCd=5E4543&kikanKbn=5", "url2": "https://www.kusuri-aoki.co.jp/", "内容": "クスリのアオキ小金井薬局【5:薬局】栃木県下野市川中子３３２９番地７" }, "geometry": { "type": "Point", "coordinates": [ 139.837423, 36.369982 ] } },
{ "type": "Feature", "properties": { "正式名称": "フクシ小金井薬局", "機関区分": 5, "都道府県コード": 9, "市区町村コード": 216, "所在地": "栃木県下野市小金井１－１４－１４", "緯度": 36.384686, "経度": 139.84131, "url": "https://www.iryou.teikyouseido.mhlw.go.jp/znk-web/juminkanja/S2430/initialize?prefCd=09&kikanCd=5E4544&kikanKbn=5", "url2": "https://www.qol-net.co.jp/pharmacy/map/detail.php?id=691", "内容": "フクシ小金井薬局【5:薬局】栃木県下野市小金井１－１４－１４" }, "geometry": { "type": "Point", "coordinates": [ 139.84131, 36.384686 ] } },
{ "type": "Feature", "properties": { "正式名称": "ウエルシア薬局小山西城南店", "機関区分": 5, "都道府県コード": 9, "市区町村コード": 208, "所在地": "栃木県小山市西城南６－１１－６", "緯度": 36.2885188, "経度": 139.8055251, "url": "https://www.iryou.teikyouseido.mhlw.go.jp/znk-web/juminkanja/S2430/initialize?prefCd=09&kikanCd=5E4545&kikanKbn=5", "url2": null, "内容": "ウエルシア薬局小山西城南店【5:薬局】栃木県小山市西城南６－１１－６" }, "geometry": { "type": "Point", "coordinates": [ 139.805525100000011, 36.2885188 ] } },
{ "type": "Feature", "properties": { "正式名称": "フレンド薬局　小山粟宮店", "機関区分": 5, "都道府県コード": 9, "市区町村コード": 208, "所在地": "栃木県小山市粟宮９２７－８", "緯度": 36.293602, "経度": 139.786, "url": "https://www.iryou.teikyouseido.mhlw.go.jp/znk-web/juminkanja/S2430/initialize?prefCd=09&kikanCd=5E4546&kikanKbn=5", "url2": "https://f-pw.jp/pharmacy/", "内容": "フレンド薬局　小山粟宮店【5:薬局】栃木県小山市粟宮９２７－８" }, "geometry": { "type": "Point", "coordinates": [ 139.786, 36.293602 ] } },
{ "type": "Feature", "properties": { "正式名称": "レモン薬局　小山店", "機関区分": 5, "都道府県コード": 9, "市区町村コード": 208, "所在地": "栃木県小山市宮本町二丁目３番１４号", "緯度": 36.312541, "経度": 139.798822, "url": "https://www.iryou.teikyouseido.mhlw.go.jp/znk-web/juminkanja/S2430/initialize?prefCd=09&kikanCd=5E4548&kikanKbn=5", "url2": null, "内容": "レモン薬局　小山店【5:薬局】栃木県小山市宮本町二丁目３番１４号" }, "geometry": { "type": "Point", "coordinates": [ 139.798822, 36.312541 ] } },
{ "type": "Feature", "properties": { "正式名称": "フレンド薬局小山喜沢店", "機関区分": 5, "都道府県コード": 9, "市区町村コード": 208, "所在地": "栃木県小山市喜沢", "緯度": 36.333332, "経度": 139.80746, "url": "https://www.iryou.teikyouseido.mhlw.go.jp/znk-web/juminkanja/S2430/initialize?prefCd=09&kikanCd=5E4549&kikanKbn=5", "url2": null, "内容": "フレンド薬局小山喜沢店【5:薬局】栃木県小山市喜沢" }, "geometry": { "type": "Point", "coordinates": [ 139.80746, 36.333332 ] } },
{ "type": "Feature", "properties": { "正式名称": "クスリのアオキ大平薬局", "機関区分": 5, "都道府県コード": 9, "市区町村コード": 203, "所在地": "栃木県栃木市大平町西野田２５０番地４", "緯度": 36.322586, "経度": 139.712269, "url": "https://www.iryou.teikyouseido.mhlw.go.jp/znk-web/juminkanja/S2430/initialize?prefCd=09&kikanCd=5E4550&kikanKbn=5", "url2": "https://www.kusuri-aoki.co.jp/", "内容": "クスリのアオキ大平薬局【5:薬局】栃木県栃木市大平町西野田２５０番地４" }, "geometry": { "type": "Point", "coordinates": [ 139.712269, 36.322586 ] } },
{ "type": "Feature", "properties": { "正式名称": "クスリのアオキ犬塚薬局", "機関区分": 5, "都道府県コード": 9, "市区町村コード": 208, "所在地": "栃木県小山市大字犬塚５０番地７３４", "緯度": 36.324273, "経度": 139.830472, "url": "https://www.iryou.teikyouseido.mhlw.go.jp/znk-web/juminkanja/S2430/initialize?prefCd=09&kikanCd=5E4552&kikanKbn=5", "url2": "https://www.kusuri-aoki.co.jp/", "内容": "クスリのアオキ犬塚薬局【5:薬局】栃木県小山市大字犬塚５０番地７３４" }, "geometry": { "type": "Point", "coordinates": [ 139.830472, 36.324273 ] } },
{ "type": "Feature", "properties": { "正式名称": "アイン薬局　大平店", "機関区分": 5, "都道府県コード": 9, "市区町村コード": 203, "所在地": "栃木県栃木市大平町西水代１９３８－３", "緯度": 36.31952, "経度": 139.711052, "url": "https://www.iryou.teikyouseido.mhlw.go.jp/znk-web/juminkanja/S2430/initialize?prefCd=09&kikanCd=5E4553&kikanKbn=5", "url2": "https://store.ainj.co.jp/detail/1101052/", "内容": "アイン薬局　大平店【5:薬局】栃木県栃木市大平町西水代１９３８－３" }, "geometry": { "type": "Point", "coordinates": [ 139.711052, 36.31952 ] } },
{ "type": "Feature", "properties": { "正式名称": "カワチ薬局　小山雨ケ谷店", "機関区分": 5, "都道府県コード": 9, "市区町村コード": 208, "所在地": "栃木県小山市雨ケ谷町５０", "緯度": 36.283834, "経度": 139.813187, "url": "https://www.iryou.teikyouseido.mhlw.go.jp/znk-web/juminkanja/S2430/initialize?prefCd=09&kikanCd=5E4554&kikanKbn=5", "url2": "https://www.cawachi.co.jp/", "内容": "カワチ薬局　小山雨ケ谷店【5:薬局】栃木県小山市雨ケ谷町５０" }, "geometry": { "type": "Point", "coordinates": [ 139.813187, 36.283834 ] } },
{ "type": "Feature", "properties": { "正式名称": "カワチ薬局　小山喜沢店", "機関区分": 5, "都道府県コード": 9, "市区町村コード": 208, "所在地": "栃木県小山市喜沢６５３－９", "緯度": 36.34585, "経度": 139.823784, "url": "https://www.iryou.teikyouseido.mhlw.go.jp/znk-web/juminkanja/S2430/initialize?prefCd=09&kikanCd=5E4556&kikanKbn=5", "url2": "https://www.cawachi.co.jp/", "内容": "カワチ薬局　小山喜沢店【5:薬局】栃木県小山市喜沢６５３－９" }, "geometry": { "type": "Point", "coordinates": [ 139.823784, 36.34585 ] } },
{ "type": "Feature", "properties": { "正式名称": "クスリのアオキ栃木今泉薬局", "機関区分": 5, "都道府県コード": 9, "市区町村コード": 203, "所在地": "栃木県栃木市今泉町１丁目３番１３号", "緯度": 36.3853829, "経度": 139.749706, "url": "https://www.iryou.teikyouseido.mhlw.go.jp/znk-web/juminkanja/S2430/initialize?prefCd=09&kikanCd=5E4557&kikanKbn=5", "url2": "https://www.kusuri-aoki.co.jp/", "内容": "クスリのアオキ栃木今泉薬局【5:薬局】栃木県栃木市今泉町１丁目３番１３号" }, "geometry": { "type": "Point", "coordinates": [ 139.749706, 36.3853829 ] } },
{ "type": "Feature", "properties": { "正式名称": "大沢調剤薬局　万町店", "機関区分": 5, "都道府県コード": 9, "市区町村コード": 203, "所在地": "栃木県栃木市万町１８－１", "緯度": 36.3833132, "経度": 139.7357843, "url": "https://www.iryou.teikyouseido.mhlw.go.jp/znk-web/juminkanja/S2430/initialize?prefCd=09&kikanCd=5E4562&kikanKbn=5", "url2": null, "内容": "大沢調剤薬局　万町店【5:薬局】栃木県栃木市万町１８－１" }, "geometry": { "type": "Point", "coordinates": [ 139.7357843, 36.3833132 ] } },
{ "type": "Feature", "properties": { "正式名称": "クオール薬局大谷東店", "機関区分": 5, "都道府県コード": 9, "市区町村コード": 208, "所在地": "栃木県小山市雨ケ谷５０７番４", "緯度": 36.284317, "経度": 139.8206, "url": "https://www.iryou.teikyouseido.mhlw.go.jp/znk-web/juminkanja/S2430/initialize?prefCd=09&kikanCd=5E4568&kikanKbn=5", "url2": "https://store.qol-net.co.jp/detail/1240/", "内容": "クオール薬局大谷東店【5:薬局】栃木県小山市雨ケ谷５０７番４" }, "geometry": { "type": "Point", "coordinates": [ 139.8206, 36.284317 ] } },
{ "type": "Feature", "properties": { "正式名称": "花の木薬局", "機関区分": 5, "都道府県コード": 9, "市区町村コード": 216, "所在地": "栃木県下野市花の木２－６６３－２０", "緯度": 36.431076, "経度": 139.86055, "url": "https://www.iryou.teikyouseido.mhlw.go.jp/znk-web/juminkanja/S2430/initialize?prefCd=09&kikanCd=5E4569&kikanKbn=5", "url2": null, "内容": "花の木薬局【5:薬局】栃木県下野市花の木２－６６３－２０" }, "geometry": { "type": "Point", "coordinates": [ 139.86055, 36.431076 ] } },
{ "type": "Feature", "properties": { "正式名称": "そらいろ調剤薬局　緑町店", "機関区分": 5, "都道府県コード": 9, "市区町村コード": 361, "所在地": "栃木県下都賀郡壬生町緑町３丁目９番１７号銀河ビル１Ｆ－１", "緯度": 36.4712332, "経度": 139.8284044, "url": "https://www.iryou.teikyouseido.mhlw.go.jp/znk-web/juminkanja/S2430/initialize?prefCd=09&kikanCd=5E4571&kikanKbn=5", "url2": null, "内容": "そらいろ調剤薬局　緑町店【5:薬局】栃木県下都賀郡壬生町緑町３丁目９番１７号銀河ビル１Ｆ－１" }, "geometry": { "type": "Point", "coordinates": [ 139.828404400000011, 36.4712332 ] } },
{ "type": "Feature", "properties": { "正式名称": "なすの薬局", "機関区分": 5, "都道府県コード": 9, "市区町村コード": 213, "所在地": "栃木県那須塩原市井口４８９－１", "緯度": 36.912773, "経度": 139.98213, "url": "https://www.iryou.teikyouseido.mhlw.go.jp/znk-web/juminkanja/S2430/initialize?prefCd=09&kikanCd=5E5070&kikanKbn=5", "url2": null, "内容": "なすの薬局【5:薬局】栃木県那須塩原市井口４８９－１" }, "geometry": { "type": "Point", "coordinates": [ 139.98213, 36.912773 ] } },
{ "type": "Feature", "properties": { "正式名称": "大貫薬局", "機関区分": 5, "都道府県コード": 9, "市区町村コード": 213, "所在地": "栃木県那須塩原市太夫塚６－２３２－９３", "緯度": 36.886164, "経度": 139.975504, "url": "https://www.iryou.teikyouseido.mhlw.go.jp/znk-web/juminkanja/S2430/initialize?prefCd=09&kikanCd=5E5273&kikanKbn=5", "url2": null, "内容": "大貫薬局【5:薬局】栃木県那須塩原市太夫塚６－２３２－９３" }, "geometry": { "type": "Point", "coordinates": [ 139.975504, 36.886164 ] } },
{ "type": "Feature", "properties": { "正式名称": "株式会社フィールドファーマシー　わかば薬局", "機関区分": 5, "都道府県コード": 9, "市区町村コード": 213, "所在地": "栃木県那須塩原市東三島４－５４－１２", "緯度": 36.89959, "経度": 139.9782, "url": "https://www.iryou.teikyouseido.mhlw.go.jp/znk-web/juminkanja/S2430/initialize?prefCd=09&kikanCd=5E5287&kikanKbn=5", "url2": null, "内容": "株式会社フィールドファーマシー　わかば薬局【5:薬局】栃木県那須塩原市東三島４－５４－１２" }, "geometry": { "type": "Point", "coordinates": [ 139.9782, 36.89959 ] } },
{ "type": "Feature", "properties": { "正式名称": "快生堂薬局", "機関区分": 5, "都道府県コード": 9, "市区町村コード": 210, "所在地": "栃木県大田原市野崎二丁目１０－４", "緯度": 36.844282, "経度": 139.957178, "url": "https://www.iryou.teikyouseido.mhlw.go.jp/znk-web/juminkanja/S2430/initialize?prefCd=09&kikanCd=5E5289&kikanKbn=5", "url2": "https://www.instagram.com/kaiseido_pharmacy/", "内容": "快生堂薬局【5:薬局】栃木県大田原市野崎二丁目１０－４" }, "geometry": { "type": "Point", "coordinates": [ 139.957178, 36.844282 ] } },
{ "type": "Feature", "properties": { "正式名称": "ミキ薬局　那須南店", "機関区分": 5, "都道府県コード": 9, "市区町村コード": 215, "所在地": "栃木県那須烏山市中央３－１－１４", "緯度": 36.660267, "経度": 140.15197, "url": "https://www.iryou.teikyouseido.mhlw.go.jp/znk-web/juminkanja/S2430/initialize?prefCd=09&kikanCd=5E5290&kikanKbn=5", "url2": "https://www.ichiyama-ph.com/", "内容": "ミキ薬局　那須南店【5:薬局】栃木県那須烏山市中央３－１－１４" }, "geometry": { "type": "Point", "coordinates": [ 140.15197, 36.660267 ] } },
{ "type": "Feature", "properties": { "正式名称": "ココ薬局", "機関区分": 5, "都道府県コード": 9, "市区町村コード": 213, "所在地": "栃木県那須塩原市沓掛１丁目１１－８", "緯度": 36.935665, "経度": 140.022205, "url": "https://www.iryou.teikyouseido.mhlw.go.jp/znk-web/juminkanja/S2430/initialize?prefCd=09&kikanCd=5E5291&kikanKbn=5", "url2": null, "内容": "ココ薬局【5:薬局】栃木県那須塩原市沓掛１丁目１１－８" }, "geometry": { "type": "Point", "coordinates": [ 140.022205, 36.935665 ] } },
{ "type": "Feature", "properties": { "正式名称": "にこにこ薬局", "機関区分": 5, "都道府県コード": 9, "市区町村コード": 215, "所在地": "栃木県那須烏山市野上　６３７－１５", "緯度": 36.642307, "経度": 140.1541, "url": "https://www.iryou.teikyouseido.mhlw.go.jp/znk-web/juminkanja/S2430/initialize?prefCd=09&kikanCd=5E5292&kikanKbn=5", "url2": null, "内容": "にこにこ薬局【5:薬局】栃木県那須烏山市野上　６３７－１５" }, "geometry": { "type": "Point", "coordinates": [ 140.1541, 36.642307 ] } },
{ "type": "Feature", "properties": { "正式名称": "フクシ矢板薬局", "機関区分": 5, "都道府県コード": 9, "市区町村コード": 211, "所在地": "栃木県矢板市土屋６８－１", "緯度": 36.831525, "経度": 139.949446, "url": "https://www.iryou.teikyouseido.mhlw.go.jp/znk-web/juminkanja/S2430/initialize?prefCd=09&kikanCd=5E5293&kikanKbn=5", "url2": null, "内容": "フクシ矢板薬局【5:薬局】栃木県矢板市土屋６８－１" }, "geometry": { "type": "Point", "coordinates": [ 139.949446, 36.831525 ] } },
{ "type": "Feature", "properties": { "正式名称": "フクシ烏山薬局", "機関区分": 5, "都道府県コード": 9, "市区町村コード": 215, "所在地": "栃木県那須烏山市滝田９９６－１０", "緯度": 36.67656, "経度": 140.148343, "url": "https://www.iryou.teikyouseido.mhlw.go.jp/znk-web/juminkanja/S2430/initialize?prefCd=09&kikanCd=5E5294&kikanKbn=5", "url2": null, "内容": "フクシ烏山薬局【5:薬局】栃木県那須烏山市滝田９９６－１０" }, "geometry": { "type": "Point", "coordinates": [ 140.148343, 36.67656 ] } },
{ "type": "Feature", "properties": { "正式名称": "フクシ塩原薬局", "機関区分": 5, "都道府県コード": 9, "市区町村コード": 213, "所在地": "栃木県那須塩原市塩原１２６６", "緯度": 36.967547, "経度": 139.835151, "url": "https://www.iryou.teikyouseido.mhlw.go.jp/znk-web/juminkanja/S2430/initialize?prefCd=09&kikanCd=5E5295&kikanKbn=5", "url2": "https://www.qol-net.co.jp/pharmacy/map/detail.php?id=694", "内容": "フクシ塩原薬局【5:薬局】栃木県那須塩原市塩原１２６６" }, "geometry": { "type": "Point", "coordinates": [ 139.835151, 36.967547 ] } },
{ "type": "Feature", "properties": { "正式名称": "だるま薬局　北草川店", "機関区分": 5, "都道府県コード": 9, "市区町村コード": 214, "所在地": "栃木県さくら市北草川２－１０－１", "緯度": 36.68809, "経度": 139.954237, "url": "https://www.iryou.teikyouseido.mhlw.go.jp/znk-web/juminkanja/S2430/initialize?prefCd=09&kikanCd=5E5296&kikanKbn=5", "url2": "https://daruma-sakura.jp/", "内容": "だるま薬局　北草川店【5:薬局】栃木県さくら市北草川２－１０－１" }, "geometry": { "type": "Point", "coordinates": [ 139.954237, 36.68809 ] } },
{ "type": "Feature", "properties": { "正式名称": "ほうせきだい薬局", "機関区分": 5, "都道府県コード": 9, "市区町村コード": 386, "所在地": "栃木県塩谷郡高根沢町宝石台４丁目１番２７", "緯度": 36.61853, "経度": 139.99057, "url": "https://www.iryou.teikyouseido.mhlw.go.jp/znk-web/juminkanja/S2430/initialize?prefCd=09&kikanCd=5E5297&kikanKbn=5", "url2": "https://pinokio-pharmacy.com/shop/shop-10092/", "内容": "ほうせきだい薬局【5:薬局】栃木県塩谷郡高根沢町宝石台４丁目１番２７" }, "geometry": { "type": "Point", "coordinates": [ 139.99057, 36.61853 ] } },
{ "type": "Feature", "properties": { "正式名称": "調剤薬局ツルハドラッグ那須塩原島方店", "機関区分": 5, "都道府県コード": 9, "市区町村コード": 213, "所在地": "栃木県那須塩原市島方字中町５９７－１", "緯度": 36.925725, "経度": 140.009782, "url": "https://www.iryou.teikyouseido.mhlw.go.jp/znk-web/juminkanja/S2430/initialize?prefCd=09&kikanCd=5E5298&kikanKbn=5", "url2": null, "内容": "調剤薬局ツルハドラッグ那須塩原島方店【5:薬局】栃木県那須塩原市島方字中町５９７－１" }, "geometry": { "type": "Point", "coordinates": [ 140.009782, 36.925725 ] } },
{ "type": "Feature", "properties": { "正式名称": "なすふれあい薬局", "機関区分": 5, "都道府県コード": 9, "市区町村コード": 213, "所在地": "栃木県那須塩原市沓掛２丁目１９－１８", "緯度": 36.938272, "経度": 140.023955, "url": "https://www.iryou.teikyouseido.mhlw.go.jp/znk-web/juminkanja/S2430/initialize?prefCd=09&kikanCd=5E5299&kikanKbn=5", "url2": null, "内容": "なすふれあい薬局【5:薬局】栃木県那須塩原市沓掛２丁目１９－１８" }, "geometry": { "type": "Point", "coordinates": [ 140.023955, 36.938272 ] } },
{ "type": "Feature", "properties": { "正式名称": "かりん薬局足利店", "機関区分": 5, "都道府県コード": 9, "市区町村コード": 202, "所在地": "栃木県足利市五十部町７１９－１", "緯度": 36.351612, "経度": 139.42789, "url": "https://www.iryou.teikyouseido.mhlw.go.jp/znk-web/juminkanja/S2430/initialize?prefCd=09&kikanCd=5E6272&kikanKbn=5", "url2": "https://www.chcp.jp/business/chcp-p/id137/", "内容": "かりん薬局足利店【5:薬局】栃木県足利市五十部町７１９－１" }, "geometry": { "type": "Point", "coordinates": [ 139.42789, 36.351612 ] } },
{ "type": "Feature", "properties": { "正式名称": "クローバー薬局　佐野店", "機関区分": 5, "都道府県コード": 9, "市区町村コード": 204, "所在地": "栃木県佐野市高萩町１３３２－５　ガーデンパレス高萩Ⅱ　１階", "緯度": 36.299387, "経度": 139.601394, "url": "https://www.iryou.teikyouseido.mhlw.go.jp/znk-web/juminkanja/S2430/initialize?prefCd=09&kikanCd=5E6274&kikanKbn=5", "url2": "https://www.m-style-ph.com/", "内容": "クローバー薬局　佐野店【5:薬局】栃木県佐野市高萩町１３３２－５　ガーデンパレス高萩Ⅱ　１階" }, "geometry": { "type": "Point", "coordinates": [ 139.601394, 36.299387 ] } },
{ "type": "Feature", "properties": { "正式名称": "花・花薬局江川店", "機関区分": 5, "都道府県コード": 9, "市区町村コード": 202, "所在地": "栃木県足利市江川町２丁目６－２７", "緯度": 36.352539, "経度": 139.465032, "url": "https://www.iryou.teikyouseido.mhlw.go.jp/znk-web/juminkanja/S2430/initialize?prefCd=09&kikanCd=5E6275&kikanKbn=5", "url2": null, "内容": "花・花薬局江川店【5:薬局】栃木県足利市江川町２丁目６－２７" }, "geometry": { "type": "Point", "coordinates": [ 139.465032, 36.352539 ] } },
{ "type": "Feature", "properties": { "正式名称": "藤の花薬局", "機関区分": 5, "都道府県コード": 9, "市区町村コード": 202, "所在地": "栃木県足利市常見町２－８－４", "緯度": 36.319533, "経度": 139.48506, "url": "https://www.iryou.teikyouseido.mhlw.go.jp/znk-web/juminkanja/S2430/initialize?prefCd=09&kikanCd=5E6276&kikanKbn=5", "url2": "https://mc-kanto.co.jp/pharmacy/introduction/#1-5", "内容": "藤の花薬局【5:薬局】栃木県足利市常見町２－８－４" }, "geometry": { "type": "Point", "coordinates": [ 139.48506, 36.319533 ] } },
{ "type": "Feature", "properties": { "正式名称": "とわい薬局", "機関区分": 5, "都道府県コード": 9, "市区町村コード": 202, "所在地": "栃木県足利市朝倉町３－１０－６", "緯度": 36.319489, "経度": 139.444691, "url": "https://www.iryou.teikyouseido.mhlw.go.jp/znk-web/juminkanja/S2430/initialize?prefCd=09&kikanCd=5E6277&kikanKbn=5", "url2": null, "内容": "とわい薬局【5:薬局】栃木県足利市朝倉町３－１０－６" }, "geometry": { "type": "Point", "coordinates": [ 139.444691, 36.319489 ] } },
{ "type": "Feature", "properties": { "正式名称": "シリウス薬局", "機関区分": 5, "都道府県コード": 9, "市区町村コード": 202, "所在地": "栃木県足利市堀込町９２－３", "緯度": 36.257491, "経度": 139.427053, "url": "https://www.iryou.teikyouseido.mhlw.go.jp/znk-web/juminkanja/S2430/initialize?prefCd=09&kikanCd=5E6278&kikanKbn=5", "url2": "https://e-bondo info/withs/", "内容": "シリウス薬局【5:薬局】栃木県足利市堀込町９２－３" }, "geometry": { "type": "Point", "coordinates": [ 139.427053, 36.257491 ] } },
{ "type": "Feature", "properties": { "正式名称": "花・花薬局昭和通り店", "機関区分": 5, "都道府県コード": 9, "市区町村コード": 202, "所在地": "栃木県足利市西砂原後町１１８０番地１", "緯度": 36.347513, "経度": 139.459043, "url": "https://www.iryou.teikyouseido.mhlw.go.jp/znk-web/juminkanja/S2430/initialize?prefCd=09&kikanCd=5E6280&kikanKbn=5", "url2": "https://e-ff.jp/store/hanahana_syouwadori/", "内容": "花・花薬局昭和通り店【5:薬局】栃木県足利市西砂原後町１１８０番地１" }, "geometry": { "type": "Point", "coordinates": [ 139.459043, 36.347513 ] } },
{ "type": "Feature", "properties": { "正式名称": "有限会社すけど薬局大町店", "機関区分": 5, "都道府県コード": 9, "市区町村コード": 202, "所在地": "栃木県足利市大町１３－３", "緯度": 36.313686, "経度": 139.57077, "url": "https://www.iryou.teikyouseido.mhlw.go.jp/znk-web/juminkanja/S2430/initialize?prefCd=09&kikanCd=5E6281&kikanKbn=5", "url2": "https://www.ichiyama-ph.com/", "内容": "有限会社すけど薬局大町店【5:薬局】栃木県足利市大町１３－３" }, "geometry": { "type": "Point", "coordinates": [ 139.57077, 36.313686 ] } },
{ "type": "Feature", "properties": { "正式名称": "天狗薬局足利店", "機関区分": 5, "都道府県コード": 9, "市区町村コード": 202, "所在地": "栃木県足利市山下町２４５９　レジデンスシュドー１０１号室", "緯度": 36.349213, "経度": 139.412516, "url": "https://www.iryou.teikyouseido.mhlw.go.jp/znk-web/juminkanja/S2430/initialize?prefCd=09&kikanCd=5E6283&kikanKbn=5", "url2": null, "内容": "天狗薬局足利店【5:薬局】栃木県足利市山下町２４５９　レジデンスシュドー１０１号室" }, "geometry": { "type": "Point", "coordinates": [ 139.412516, 36.349213 ] } },
{ "type": "Feature", "properties": { "正式名称": "いちょう薬局", "機関区分": 5, "都道府県コード": 9, "市区町村コード": 204, "所在地": "栃木県佐野市田沼町６５７番地５", "緯度": 36.366696, "経度": 139.576352, "url": "https://www.iryou.teikyouseido.mhlw.go.jp/znk-web/juminkanja/S2430/initialize?prefCd=09&kikanCd=5E6284&kikanKbn=5", "url2": null, "内容": "いちょう薬局【5:薬局】栃木県佐野市田沼町６５７番地５" }, "geometry": { "type": "Point", "coordinates": [ 139.576352, 36.366696 ] } }
]
}
