{
"type": "FeatureCollection",
"name": "geo_9_2",
"crs": { "type": "name", "properties": { "name": "urn:ogc:def:crs:OGC:1.3:CRS84" } },
"features": [
{ "type": "Feature", "properties": { "ID": 920028627005, "正式名称": "ＡＢＣクリニック美容外科　宇都宮院", "機関区分": 2, "都道府県コード": 9, "市区町村コード": 201, "所在地": "栃木県宇都宮市駅前通り１－５－６白木屋ビルディング６Ｆ", "緯度": 36.5595674, "経度": 139.8972865, "url": "https://www.iryou.teikyouseido.mhlw.go.jp/znk-web/juminkanja/S2430/initialize?prefCd=09&kikanCd=20028627005&kikanKbn=2", "url2": null, "内容": "ＡＢＣクリニック美容外科　宇都宮院【2:診療所】【診療科目:0】栃木県宇都宮市駅前通り１－５－６白木屋ビルディング６Ｆ" }, "geometry": { "type": "Point", "coordinates": [ 139.8972865, 36.5595674 ] } },
{ "type": "Feature", "properties": { "ID": 920090001881, "正式名称": "栃木県精神保健福祉センター", "機関区分": 2, "都道府県コード": 9, "市区町村コード": 201, "所在地": "栃木県宇都宮市下岡本町２１４５－１３", "緯度": 36.600418, "経度": 139.940491, "url": "https://www.iryou.teikyouseido.mhlw.go.jp/znk-web/juminkanja/S2430/initialize?prefCd=09&kikanCd=20090001881&kikanKbn=2", "url2": "http://www.pref.tochigi.lg.jp/e67/welfare/hoken-eisei/seishin/1282106649278.html", "内容": "栃木県精神保健福祉センター【2:診療所】【診療科目:0】栃木県宇都宮市下岡本町２１４５－１３" }, "geometry": { "type": "Point", "coordinates": [ 139.940491, 36.600418 ] } },
{ "type": "Feature", "properties": { "ID": 920090004550, "正式名称": "サンフラワー療護園医務室", "機関区分": 2, "都道府県コード": 9, "市区町村コード": 208, "所在地": "栃木県小山市出井１９３６", "緯度": 36.335319, "経度": 139.836236, "url": "https://www.iryou.teikyouseido.mhlw.go.jp/znk-web/juminkanja/S2430/initialize?prefCd=09&kikanCd=20090004550&kikanKbn=2", "url2": null, "内容": "サンフラワー療護園医務室【2:診療所】【診療科目:0】栃木県小山市出井１９３６" }, "geometry": { "type": "Point", "coordinates": [ 139.836236, 36.335319 ] } },
{ "type": "Feature", "properties": { "ID": 920090004573, "正式名称": "特別養護老人ホーム　穂の香苑医務室", "機関区分": 2, "都道府県コード": 9, "市区町村コード": 208, "所在地": "栃木県小山市間々田１４４２", "緯度": 36.267965, "経度": 139.762927, "url": "https://www.iryou.teikyouseido.mhlw.go.jp/znk-web/juminkanja/S2430/initialize?prefCd=09&kikanCd=20090004573&kikanKbn=2", "url2": null, "内容": "特別養護老人ホーム　穂の香苑医務室【2:診療所】【診療科目:0】栃木県小山市間々田１４４２" }, "geometry": { "type": "Point", "coordinates": [ 139.762927, 36.267965 ] } },
{ "type": "Feature", "properties": { "ID": 920090006511, "正式名称": "株式会社栃木ニコン診療所", "機関区分": 2, "都道府県コード": 9, "市区町村コード": 210, "所在地": "栃木県大田原市実取７７０", "緯度": 36.841601, "経度": 139.992862, "url": "https://www.iryou.teikyouseido.mhlw.go.jp/znk-web/juminkanja/S2430/initialize?prefCd=09&kikanCd=20090006511&kikanKbn=2", "url2": null, "内容": "株式会社栃木ニコン診療所【2:診療所】【診療科目:0】栃木県大田原市実取７７０" }, "geometry": { "type": "Point", "coordinates": [ 139.992862, 36.841601 ] } },
{ "type": "Feature", "properties": { "ID": 920090006561, "正式名称": "特別養護老人ホーム那須順天荘", "機関区分": 2, "都道府県コード": 9, "市区町村コード": 213, "所在地": "栃木県那須塩原市上赤田", "緯度": 36.907561, "経度": 139.947654, "url": "https://www.iryou.teikyouseido.mhlw.go.jp/znk-web/juminkanja/S2430/initialize?prefCd=09&kikanCd=20090006561&kikanKbn=2", "url2": null, "内容": "特別養護老人ホーム那須順天荘【2:診療所】【診療科目:0】栃木県那須塩原市上赤田" }, "geometry": { "type": "Point", "coordinates": [ 139.947654, 36.907561 ] } },
{ "type": "Feature", "properties": { "ID": 920090006574, "正式名称": "大田原市保健福祉センター", "機関区分": 2, "都道府県コード": 9, "市区町村コード": 210, "所在地": "栃木県大田原市浅香３－３５７８－７４７", "緯度": 36.855758, "経度": 140.014996, "url": "https://www.iryou.teikyouseido.mhlw.go.jp/znk-web/juminkanja/S2430/initialize?prefCd=09&kikanCd=20090006574&kikanKbn=2", "url2": "http://www.city.ohtawara.tochigi.jp/", "内容": "大田原市保健福祉センター【2:診療所】【診療科目:0】栃木県大田原市浅香３－３５７８－７４７" }, "geometry": { "type": "Point", "coordinates": [ 140.014996, 36.855758 ] } },
{ "type": "Feature", "properties": { "ID": 920090007511, "正式名称": "日産自動車健康保険組合　栃木地区診療所　栃木地区健康推進センター", "機関区分": 2, "都道府県コード": 9, "市区町村コード": 301, "所在地": "栃木県河内郡上三川町大字上蒲生２５００", "緯度": 36.455141, "経度": 139.911947, "url": "https://www.iryou.teikyouseido.mhlw.go.jp/znk-web/juminkanja/S2430/initialize?prefCd=09&kikanCd=20090007511&kikanKbn=2", "url2": null, "内容": "日産自動車健康保険組合　栃木地区診療所　栃木地区健康推進センター【2:診療所】【診療科目:0】栃木県河内郡上三川町大字上蒲生２５００" }, "geometry": { "type": "Point", "coordinates": [ 139.911947, 36.455141 ] } },
{ "type": "Feature", "properties": { "ID": 920090010530, "正式名称": "社会福祉法人昭仁会特別養護老人ホームレユーナ", "機関区分": 2, "都道府県コード": 9, "市区町村コード": 203, "所在地": "栃木県栃木市箱森町１番１４号", "緯度": 36.385139, "経度": 139.727283, "url": "https://www.iryou.teikyouseido.mhlw.go.jp/znk-web/juminkanja/S2430/initialize?prefCd=09&kikanCd=20090010530&kikanKbn=2", "url2": "http://www.reyuna.com", "内容": "社会福祉法人昭仁会特別養護老人ホームレユーナ【2:診療所】【診療科目:0】栃木県栃木市箱森町１番１４号" }, "geometry": { "type": "Point", "coordinates": [ 139.727283, 36.385139 ] } },
{ "type": "Feature", "properties": { "ID": 920090010532, "正式名称": "社会福祉法人幸生会特別養護老人ホームうづま荘", "機関区分": 2, "都道府県コード": 9, "市区町村コード": 203, "所在地": "栃木県栃木市川原田町", "緯度": 36.406964, "経度": 139.738364, "url": "https://www.iryou.teikyouseido.mhlw.go.jp/znk-web/juminkanja/S2430/initialize?prefCd=09&kikanCd=20090010532&kikanKbn=2", "url2": null, "内容": "社会福祉法人幸生会特別養護老人ホームうづま荘【2:診療所】【診療科目:0】栃木県栃木市川原田町" }, "geometry": { "type": "Point", "coordinates": [ 139.738364, 36.406964 ] } },
{ "type": "Feature", "properties": { "ID": 920090010533, "正式名称": "身体障害者療護施設　悦山荘診療所", "機関区分": 2, "都道府県コード": 9, "市区町村コード": 203, "所在地": "栃木県栃木市田村町９２８", "緯度": 36.392776, "経度": 139.783016, "url": "https://www.iryou.teikyouseido.mhlw.go.jp/znk-web/juminkanja/S2430/initialize?prefCd=09&kikanCd=20090010533&kikanKbn=2", "url2": null, "内容": "身体障害者療護施設　悦山荘診療所【2:診療所】【診療科目:0】栃木県栃木市田村町９２８" }, "geometry": { "type": "Point", "coordinates": [ 139.783016, 36.392776 ] } },
{ "type": "Feature", "properties": { "ID": 920090010583, "正式名称": "社会福祉法人東風会特別養護老人ホーム幸寿苑医務室", "機関区分": 2, "都道府県コード": 9, "市区町村コード": 203, "所在地": "栃木県栃木市大平町上高島７７４", "緯度": 36.347613, "経度": 139.731941, "url": "https://www.iryou.teikyouseido.mhlw.go.jp/znk-web/juminkanja/S2430/initialize?prefCd=09&kikanCd=20090010583&kikanKbn=2", "url2": null, "内容": "社会福祉法人東風会特別養護老人ホーム幸寿苑医務室【2:診療所】【診療科目:0】栃木県栃木市大平町上高島７７４" }, "geometry": { "type": "Point", "coordinates": [ 139.731941, 36.347613 ] } },
{ "type": "Feature", "properties": { "ID": 920090010610, "正式名称": "かわたクリニック", "機関区分": 2, "都道府県コード": 9, "市区町村コード": 203, "所在地": "栃木県栃木市大平町西野田６４０－１", "緯度": 36.334261, "経度": 139.715079, "url": "https://www.iryou.teikyouseido.mhlw.go.jp/znk-web/juminkanja/S2430/initialize?prefCd=09&kikanCd=20090010610&kikanKbn=2", "url2": "http://www.kawataclinic.com", "内容": "かわたクリニック【2:診療所】【診療科目:0】栃木県栃木市大平町西野田６４０－１" }, "geometry": { "type": "Point", "coordinates": [ 139.715079, 36.334261 ] } },
{ "type": "Feature", "properties": { "ID": 920090011534, "正式名称": "桜ふれあいの郷診療室", "機関区分": 2, "都道府県コード": 9, "市区町村コード": 214, "所在地": "栃木県さくら市鍛冶ケ澤２６９－１", "緯度": 36.691758, "経度": 140.031926, "url": "https://www.iryou.teikyouseido.mhlw.go.jp/znk-web/juminkanja/S2430/initialize?prefCd=09&kikanCd=20090011534&kikanKbn=2", "url2": "http://homepage2.nifty.com/sakurafureainosato/", "内容": "桜ふれあいの郷診療室【2:診療所】【診療科目:0】栃木県さくら市鍛冶ケ澤２６９－１" }, "geometry": { "type": "Point", "coordinates": [ 140.031926, 36.691758 ] } },
{ "type": "Feature", "properties": { "ID": 920090011535, "正式名称": "社会福祉法人　とちぎ健康福祉協会　清風園", "機関区分": 2, "都道府県コード": 9, "市区町村コード": 214, "所在地": "栃木県さくら市押上１７１４", "緯度": 36.702821, "経度": 139.934529, "url": "https://www.iryou.teikyouseido.mhlw.go.jp/znk-web/juminkanja/S2430/initialize?prefCd=09&kikanCd=20090011535&kikanKbn=2", "url2": "http://www.sakura-seifuuen.com/", "内容": "社会福祉法人　とちぎ健康福祉協会　清風園【2:診療所】【診療科目:0】栃木県さくら市押上１７１４" }, "geometry": { "type": "Point", "coordinates": [ 139.934529, 36.702821 ] } },
{ "type": "Feature", "properties": { "ID": 920090012515, "正式名称": "養護老人ホーム鹿沼市千寿荘診療所", "機関区分": 2, "都道府県コード": 9, "市区町村コード": 205, "所在地": "栃木県鹿沼市日吉町３８６", "緯度": 36.559475, "経度": 139.732211, "url": "https://www.iryou.teikyouseido.mhlw.go.jp/znk-web/juminkanja/S2430/initialize?prefCd=09&kikanCd=20090012515&kikanKbn=2", "url2": null, "内容": "養護老人ホーム鹿沼市千寿荘診療所【2:診療所】【診療科目:0】栃木県鹿沼市日吉町３８６" }, "geometry": { "type": "Point", "coordinates": [ 139.732211, 36.559475 ] } },
{ "type": "Feature", "properties": { "ID": 920090012532, "正式名称": "特別養護老人ホーム　オレンジホーム", "機関区分": 2, "都道府県コード": 9, "市区町村コード": 205, "所在地": "栃木県鹿沼市富岡４９２－２", "緯度": 36.615719, "経度": 139.734988, "url": "https://www.iryou.teikyouseido.mhlw.go.jp/znk-web/juminkanja/S2430/initialize?prefCd=09&kikanCd=20090012532&kikanKbn=2", "url2": "http://www.ryokufukai.jp/", "内容": "特別養護老人ホーム　オレンジホーム【2:診療所】【診療科目:0】栃木県鹿沼市富岡４９２－２" }, "geometry": { "type": "Point", "coordinates": [ 139.734988, 36.615719 ] } },
{ "type": "Feature", "properties": { "ID": 920090012533, "正式名称": "特別養護老人ホームグリーンホーム", "機関区分": 2, "都道府県コード": 9, "市区町村コード": 205, "所在地": "栃木県鹿沼市下日向４３８－１", "緯度": 36.550239, "経度": 139.717468, "url": "https://www.iryou.teikyouseido.mhlw.go.jp/znk-web/juminkanja/S2430/initialize?prefCd=09&kikanCd=20090012533&kikanKbn=2", "url2": null, "内容": "特別養護老人ホームグリーンホーム【2:診療所】【診療科目:0】栃木県鹿沼市下日向４３８－１" }, "geometry": { "type": "Point", "coordinates": [ 139.717468, 36.550239 ] } },
{ "type": "Feature", "properties": { "ID": 920090012535, "正式名称": "特別養護老人ホーム　ハーモニー", "機関区分": 2, "都道府県コード": 9, "市区町村コード": 205, "所在地": "栃木県鹿沼市村井町１４６番地６", "緯度": 36.548337, "経度": 139.746204, "url": "https://www.iryou.teikyouseido.mhlw.go.jp/znk-web/juminkanja/S2430/initialize?prefCd=09&kikanCd=20090012535&kikanKbn=2", "url2": "https://kyuujyu.com/", "内容": "特別養護老人ホーム　ハーモニー【2:診療所】【診療科目:0】栃木県鹿沼市村井町１４６番地６" }, "geometry": { "type": "Point", "coordinates": [ 139.746204, 36.548337 ] } },
{ "type": "Feature", "properties": { "ID": 920090100695, "正式名称": "章佑会　養護老人ホーム　若草園", "機関区分": 2, "都道府県コード": 9, "市区町村コード": 210, "所在地": "栃木県大田原市若草１－１４７０－４", "緯度": 36.852799, "経度": 140.035495, "url": "https://www.iryou.teikyouseido.mhlw.go.jp/znk-web/juminkanja/S2430/initialize?prefCd=09&kikanCd=20090100695&kikanKbn=2", "url2": null, "内容": "章佑会　養護老人ホーム　若草園【2:診療所】【診療科目:0】栃木県大田原市若草１－１４７０－４" }, "geometry": { "type": "Point", "coordinates": [ 140.035495, 36.852799 ] } },
{ "type": "Feature", "properties": { "ID": 920090100696, "正式名称": "特別養護老人ホーム　晴風園診療所", "機関区分": 2, "都道府県コード": 9, "市区町村コード": 210, "所在地": "栃木県大田原市下石上１２５８", "緯度": 36.852079, "経度": 139.945927, "url": "https://www.iryou.teikyouseido.mhlw.go.jp/znk-web/juminkanja/S2430/initialize?prefCd=09&kikanCd=20090100696&kikanKbn=2", "url2": null, "内容": "特別養護老人ホーム　晴風園診療所【2:診療所】【診療科目:0】栃木県大田原市下石上１２５８" }, "geometry": { "type": "Point", "coordinates": [ 139.945927, 36.852079 ] } },
{ "type": "Feature", "properties": { "ID": 920090100698, "正式名称": "特別養護老人ホーム　八汐苑医務室", "機関区分": 2, "都道府県コード": 9, "市区町村コード": 211, "所在地": "栃木県矢板市平野１３６２－１２", "緯度": 36.866259, "経度": 139.886457, "url": "https://www.iryou.teikyouseido.mhlw.go.jp/znk-web/juminkanja/S2430/initialize?prefCd=09&kikanCd=20090100698&kikanKbn=2", "url2": null, "内容": "特別養護老人ホーム　八汐苑医務室【2:診療所】【診療科目:0】栃木県矢板市平野１３６２－１２" }, "geometry": { "type": "Point", "coordinates": [ 139.886457, 36.866259 ] } },
{ "type": "Feature", "properties": { "ID": 920090100699, "正式名称": "栃木県県北保健所矢板支所", "機関区分": 2, "都道府県コード": 9, "市区町村コード": 211, "所在地": "栃木県矢板市鹿島町２０－２２塩谷庁舎１階", "緯度": 36.799432, "経度": 139.924758, "url": "https://www.iryou.teikyouseido.mhlw.go.jp/znk-web/juminkanja/S2430/initialize?prefCd=09&kikanCd=20090100699&kikanKbn=2", "url2": null, "内容": "栃木県県北保健所矢板支所【2:診療所】【診療科目:0】栃木県矢板市鹿島町２０－２２塩谷庁舎１階" }, "geometry": { "type": "Point", "coordinates": [ 139.924758, 36.799432 ] } },
{ "type": "Feature", "properties": { "ID": 920090100704, "正式名称": "国立きぬ川学院診療所", "機関区分": 2, "都道府県コード": 9, "市区町村コード": 214, "所在地": "栃木県さくら市押上２８８", "緯度": 36.717031, "経度": 139.942628, "url": "https://www.iryou.teikyouseido.mhlw.go.jp/znk-web/juminkanja/S2430/initialize?prefCd=09&kikanCd=20090100704&kikanKbn=2", "url2": null, "内容": "国立きぬ川学院診療所【2:診療所】【診療科目:0】栃木県さくら市押上２８８" }, "geometry": { "type": "Point", "coordinates": [ 139.942628, 36.717031 ] } },
{ "type": "Feature", "properties": { "ID": 920090100707, "正式名称": "特別養護老人ホーム　さくらの杜", "機関区分": 2, "都道府県コード": 9, "市区町村コード": 201, "所在地": "栃木県宇都宮市逆面町２６１－１", "緯度": 36.658087, "経度": 139.898922, "url": "https://www.iryou.teikyouseido.mhlw.go.jp/znk-web/juminkanja/S2430/initialize?prefCd=09&kikanCd=20090100707&kikanKbn=2", "url2": "https://www.sakura-mori.jp/", "内容": "特別養護老人ホーム　さくらの杜【2:診療所】【診療科目:0】栃木県宇都宮市逆面町２６１－１" }, "geometry": { "type": "Point", "coordinates": [ 139.898922, 36.658087 ] } },
{ "type": "Feature", "properties": { "ID": 920090100709, "正式名称": "特別養護老人ホーム　高根沢のぞみ苑診療所", "機関区分": 2, "都道府県コード": 9, "市区町村コード": 386, "所在地": "栃木県塩谷郡高根沢町花岡２１５８－１０", "緯度": 36.640795, "経度": 140.005464, "url": "https://www.iryou.teikyouseido.mhlw.go.jp/znk-web/juminkanja/S2430/initialize?prefCd=09&kikanCd=20090100709&kikanKbn=2", "url2": "http://kuntoukai.sakura.ne.jp", "内容": "特別養護老人ホーム　高根沢のぞみ苑診療所【2:診療所】【診療科目:0】栃木県塩谷郡高根沢町花岡２１５８－１０" }, "geometry": { "type": "Point", "coordinates": [ 140.005464, 36.640795 ] } },
{ "type": "Feature", "properties": { "ID": 920090100715, "正式名称": "小山市保健センター", "機関区分": 2, "都道府県コード": 9, "市区町村コード": 208, "所在地": "栃木県小山市中央町１－１－１", "緯度": 36.314714, "経度": 139.800169, "url": "https://www.iryou.teikyouseido.mhlw.go.jp/znk-web/juminkanja/S2430/initialize?prefCd=09&kikanCd=20090100715&kikanKbn=2", "url2": null, "内容": "小山市保健センター【2:診療所】【診療科目:0】栃木県小山市中央町１－１－１" }, "geometry": { "type": "Point", "coordinates": [ 139.800169, 36.314714 ] } },
{ "type": "Feature", "properties": { "ID": 920090100716, "正式名称": "サンフラワーガーデン", "機関区分": 2, "都道府県コード": 9, "市区町村コード": 208, "所在地": "栃木県小山市出井１９３８", "緯度": 36.335319, "経度": 139.836236, "url": "https://www.iryou.teikyouseido.mhlw.go.jp/znk-web/juminkanja/S2430/initialize?prefCd=09&kikanCd=20090100716&kikanKbn=2", "url2": null, "内容": "サンフラワーガーデン【2:診療所】【診療科目:0】栃木県小山市出井１９３８" }, "geometry": { "type": "Point", "coordinates": [ 139.836236, 36.335319 ] } },
{ "type": "Feature", "properties": { "ID": 920090100717, "正式名称": "特別養護老人ホーム　しょうし苑医務室", "機関区分": 2, "都道府県コード": 9, "市区町村コード": 208, "所在地": "栃木県小山市中久喜１２７３－１", "緯度": 36.323642, "経度": 139.834391, "url": "https://www.iryou.teikyouseido.mhlw.go.jp/znk-web/juminkanja/S2430/initialize?prefCd=09&kikanCd=20090100717&kikanKbn=2", "url2": null, "内容": "特別養護老人ホーム　しょうし苑医務室【2:診療所】【診療科目:0】栃木県小山市中久喜１２７３－１" }, "geometry": { "type": "Point", "coordinates": [ 139.834391, 36.323642 ] } },
{ "type": "Feature", "properties": { "ID": 920090100721, "正式名称": "特別養護老人ホーム　友愛苑医務室", "機関区分": 2, "都道府県コード": 9, "市区町村コード": 301, "所在地": "栃木県河内郡上三川町上三川１６３６－２", "緯度": 36.433759, "経度": 139.929885, "url": "https://www.iryou.teikyouseido.mhlw.go.jp/znk-web/juminkanja/S2430/initialize?prefCd=09&kikanCd=20090100721&kikanKbn=2", "url2": null, "内容": "特別養護老人ホーム　友愛苑医務室【2:診療所】【診療科目:0】栃木県河内郡上三川町上三川１６３６－２" }, "geometry": { "type": "Point", "coordinates": [ 139.929885, 36.433759 ] } },
{ "type": "Feature", "properties": { "ID": 920090100722, "正式名称": "特別養護老人ホーム天寿荘医務室", "機関区分": 2, "都道府県コード": 9, "市区町村コード": 216, "所在地": "栃木県下野市薬師寺１１３１－１０", "緯度": 36.383338, "経度": 139.864654, "url": "https://www.iryou.teikyouseido.mhlw.go.jp/znk-web/juminkanja/S2430/initialize?prefCd=09&kikanCd=20090100722&kikanKbn=2", "url2": null, "内容": "特別養護老人ホーム天寿荘医務室【2:診療所】【診療科目:0】栃木県下野市薬師寺１１３１－１０" }, "geometry": { "type": "Point", "coordinates": [ 139.864654, 36.383338 ] } },
{ "type": "Feature", "properties": { "ID": 920090100724, "正式名称": "特別養護老人ホームしもつけ荘医務室", "機関区分": 2, "都道府県コード": 9, "市区町村コード": 361, "所在地": "栃木県下都賀郡壬生町北小林８１２", "緯度": 36.47515, "経度": 139.820882, "url": "https://www.iryou.teikyouseido.mhlw.go.jp/znk-web/juminkanja/S2430/initialize?prefCd=09&kikanCd=20090100724&kikanKbn=2", "url2": null, "内容": "特別養護老人ホームしもつけ荘医務室【2:診療所】【診療科目:0】栃木県下都賀郡壬生町北小林８１２" }, "geometry": { "type": "Point", "coordinates": [ 139.820882, 36.47515 ] } },
{ "type": "Feature", "properties": { "ID": 920090100726, "正式名称": "特別養護老人ホームいしばし", "機関区分": 2, "都道府県コード": 9, "市区町村コード": 216, "所在地": "栃木県下野市下古山１１７４", "緯度": 36.445001, "経度": 139.844836, "url": "https://www.iryou.teikyouseido.mhlw.go.jp/znk-web/juminkanja/S2430/initialize?prefCd=09&kikanCd=20090100726&kikanKbn=2", "url2": null, "内容": "特別養護老人ホームいしばし【2:診療所】【診療科目:0】栃木県下野市下古山１１７４" }, "geometry": { "type": "Point", "coordinates": [ 139.844836, 36.445001 ] } },
{ "type": "Feature", "properties": { "ID": 920090100728, "正式名称": "特別養護老人ホームまほろばの里医務室", "機関区分": 2, "都道府県コード": 9, "市区町村コード": 216, "所在地": "栃木県下野市箕輪", "緯度": 36.396532, "経度": 139.828767, "url": "https://www.iryou.teikyouseido.mhlw.go.jp/znk-web/juminkanja/S2430/initialize?prefCd=09&kikanCd=20090100728&kikanKbn=2", "url2": null, "内容": "特別養護老人ホームまほろばの里医務室【2:診療所】【診療科目:0】栃木県下野市箕輪" }, "geometry": { "type": "Point", "coordinates": [ 139.828767, 36.396532 ] } },
{ "type": "Feature", "properties": { "ID": 920090100729, "正式名称": "特別養護老人ホーム虹の舎　医務室", "機関区分": 2, "都道府県コード": 9, "市区町村コード": 364, "所在地": "栃木県下都賀郡野木町佐川野１７８５－１", "緯度": 36.234914, "経度": 139.767856, "url": "https://www.iryou.teikyouseido.mhlw.go.jp/znk-web/juminkanja/S2430/initialize?prefCd=09&kikanCd=20090100729&kikanKbn=2", "url2": "http://www.nogihosp.or.jp/", "内容": "特別養護老人ホーム虹の舎　医務室【2:診療所】【診療科目:0】栃木県下都賀郡野木町佐川野１７８５－１" }, "geometry": { "type": "Point", "coordinates": [ 139.767856, 36.234914 ] } },
{ "type": "Feature", "properties": { "ID": 920090100730, "正式名称": "野木町保健センター", "機関区分": 2, "都道府県コード": 9, "市区町村コード": 364, "所在地": "栃木県下都賀郡野木町大字丸林５７１", "緯度": 36.233165, "経度": 139.74075, "url": "https://www.iryou.teikyouseido.mhlw.go.jp/znk-web/juminkanja/S2430/initialize?prefCd=09&kikanCd=20090100730&kikanKbn=2", "url2": null, "内容": "野木町保健センター【2:診療所】【診療科目:0】栃木県下都賀郡野木町大字丸林５７１" }, "geometry": { "type": "Point", "coordinates": [ 139.74075, 36.233165 ] } },
{ "type": "Feature", "properties": { "ID": 920090100731, "正式名称": "ホーム宙医務室", "機関区分": 2, "都道府県コード": 9, "市区町村コード": 364, "所在地": "栃木県下都賀郡野木町若林４４３－１", "緯度": 36.247408, "経度": 139.759137, "url": "https://www.iryou.teikyouseido.mhlw.go.jp/znk-web/juminkanja/S2430/initialize?prefCd=09&kikanCd=20090100731&kikanKbn=2", "url2": "http://fukushi-pastel.jp", "内容": "ホーム宙医務室【2:診療所】【診療科目:0】栃木県下都賀郡野木町若林４４３－１" }, "geometry": { "type": "Point", "coordinates": [ 139.759137, 36.247408 ] } },
{ "type": "Feature", "properties": { "ID": 920090100739, "正式名称": "栃木県県東保健所", "機関区分": 2, "都道府県コード": 9, "市区町村コード": 209, "所在地": "栃木県真岡市荒町１１６－１", "緯度": 36.439616, "経度": 140.018221, "url": "https://www.iryou.teikyouseido.mhlw.go.jp/znk-web/juminkanja/S2430/initialize?prefCd=09&kikanCd=20090100739&kikanKbn=2", "url2": "http://www.pref.tochigi.lg.jp/e52/system/desaki/desaki/kentou_index.html", "内容": "栃木県県東保健所【2:診療所】【診療科目:0】栃木県真岡市荒町１１６－１" }, "geometry": { "type": "Point", "coordinates": [ 140.018221, 36.439616 ] } },
{ "type": "Feature", "properties": { "ID": 920090100742, "正式名称": "社会福祉法人　明照協会附属診療所", "機関区分": 2, "都道府県コード": 9, "市区町村コード": 342, "所在地": "栃木県芳賀郡益子町大沢１７７０", "緯度": 36.485116, "経度": 140.10089, "url": "https://www.iryou.teikyouseido.mhlw.go.jp/znk-web/juminkanja/S2430/initialize?prefCd=09&kikanCd=20090100742&kikanKbn=2", "url2": null, "内容": "社会福祉法人　明照協会附属診療所【2:診療所】【診療科目:0】栃木県芳賀郡益子町大沢１７７０" }, "geometry": { "type": "Point", "coordinates": [ 140.10089, 36.485116 ] } },
{ "type": "Feature", "properties": { "ID": 920090100743, "正式名称": "身体障害者療護施設　光輝舎診療所", "機関区分": 2, "都道府県コード": 9, "市区町村コード": 342, "所在地": "栃木県芳賀郡益子町北中", "緯度": 36.481471, "経度": 140.10659, "url": "https://www.iryou.teikyouseido.mhlw.go.jp/znk-web/juminkanja/S2430/initialize?prefCd=09&kikanCd=20090100743&kikanKbn=2", "url2": null, "内容": "身体障害者療護施設　光輝舎診療所【2:診療所】【診療科目:0】栃木県芳賀郡益子町北中" }, "geometry": { "type": "Point", "coordinates": [ 140.10659, 36.481471 ] } },
{ "type": "Feature", "properties": { "ID": 920090100745, "正式名称": "社会福祉法人茂木福寿会　特別養護老人ホームききょうの里", "機関区分": 2, "都道府県コード": 9, "市区町村コード": 343, "所在地": "栃木県芳賀郡茂木町飯１６９４", "緯度": 36.474548, "経度": 140.17064, "url": "https://www.iryou.teikyouseido.mhlw.go.jp/znk-web/juminkanja/S2430/initialize?prefCd=09&kikanCd=20090100745&kikanKbn=2", "url2": null, "内容": "社会福祉法人茂木福寿会　特別養護老人ホームききょうの里【2:診療所】【診療科目:0】栃木県芳賀郡茂木町飯１６９４" }, "geometry": { "type": "Point", "coordinates": [ 140.17064, 36.474548 ] } },
{ "type": "Feature", "properties": { "ID": 920090100748, "正式名称": "特別養護老人ホーム　愛和苑医務室", "機関区分": 2, "都道府県コード": 9, "市区町村コード": 215, "所在地": "栃木県那須烏山市三箇１８３－１", "緯度": 36.691301, "経度": 140.074166, "url": "https://www.iryou.teikyouseido.mhlw.go.jp/znk-web/juminkanja/S2430/initialize?prefCd=09&kikanCd=20090100748&kikanKbn=2", "url2": "https://seisyu-kai.or.jp", "内容": "特別養護老人ホーム　愛和苑医務室【2:診療所】【診療科目:0】栃木県那須烏山市三箇１８３－１" }, "geometry": { "type": "Point", "coordinates": [ 140.074166, 36.691301 ] } },
{ "type": "Feature", "properties": { "ID": 920090100749, "正式名称": "特別養護老人ホーム敬愛荘医務室", "機関区分": 2, "都道府県コード": 9, "市区町村コード": 215, "所在地": "栃木県那須烏山市滝田１８６７－３", "緯度": 36.676941, "経度": 140.145603, "url": "https://www.iryou.teikyouseido.mhlw.go.jp/znk-web/juminkanja/S2430/initialize?prefCd=09&kikanCd=20090100749&kikanKbn=2", "url2": "https://keiaikai-nasukarasuyama.com", "内容": "特別養護老人ホーム敬愛荘医務室【2:診療所】【診療科目:0】栃木県那須烏山市滝田１８６７－３" }, "geometry": { "type": "Point", "coordinates": [ 140.145603, 36.676941 ] } },
{ "type": "Feature", "properties": { "ID": 920090100752, "正式名称": "特別養護老人ホーム八溝の里医務室", "機関区分": 2, "都道府県コード": 9, "市区町村コード": 411, "所在地": "栃木県那須郡那珂川町久那瀬５４４－１", "緯度": 36.726285, "経度": 140.1515, "url": "https://www.iryou.teikyouseido.mhlw.go.jp/znk-web/juminkanja/S2430/initialize?prefCd=09&kikanCd=20090100752&kikanKbn=2", "url2": null, "内容": "特別養護老人ホーム八溝の里医務室【2:診療所】【診療科目:0】栃木県那須郡那珂川町久那瀬５４４－１" }, "geometry": { "type": "Point", "coordinates": [ 140.1515, 36.726285 ] } },
{ "type": "Feature", "properties": { "ID": 920090100753, "正式名称": "栃木県県西保健所", "機関区分": 2, "都道府県コード": 9, "市区町村コード": 205, "所在地": "栃木県鹿沼市今宮町１６６４－１", "緯度": 36.566308, "経度": 139.742348, "url": "https://www.iryou.teikyouseido.mhlw.go.jp/znk-web/juminkanja/S2430/initialize?prefCd=09&kikanCd=20090100753&kikanKbn=2", "url2": "http://www.pref.tochigi.lg.jp/e51/system/desaki/desaki/kensai-index.html", "内容": "栃木県県西保健所【2:診療所】【診療科目:0】栃木県鹿沼市今宮町１６６４－１" }, "geometry": { "type": "Point", "coordinates": [ 139.742348, 36.566308 ] } },
{ "type": "Feature", "properties": { "ID": 920090100754, "正式名称": "特別養護老人ホームきびたき荘医務室", "機関区分": 2, "都道府県コード": 9, "市区町村コード": 206, "所在地": "栃木県日光市細尾町９５", "緯度": 36.729972, "経度": 139.550601, "url": "https://www.iryou.teikyouseido.mhlw.go.jp/znk-web/juminkanja/S2430/initialize?prefCd=09&kikanCd=20090100754&kikanKbn=2", "url2": null, "内容": "特別養護老人ホームきびたき荘医務室【2:診療所】【診療科目:0】栃木県日光市細尾町９５" }, "geometry": { "type": "Point", "coordinates": [ 139.550601, 36.729972 ] } },
{ "type": "Feature", "properties": { "ID": 920090100756, "正式名称": "特別養護老人ホ－ム　今市ホーム", "機関区分": 2, "都道府県コード": 9, "市区町村コード": 206, "所在地": "栃木県日光市板橋２１９０－２", "緯度": 36.649207, "経度": 139.73521, "url": "https://www.iryou.teikyouseido.mhlw.go.jp/znk-web/juminkanja/S2430/initialize?prefCd=09&kikanCd=20090100756&kikanKbn=2", "url2": null, "内容": "特別養護老人ホ－ム　今市ホーム【2:診療所】【診療科目:0】栃木県日光市板橋２１９０－２" }, "geometry": { "type": "Point", "coordinates": [ 139.73521, 36.649207 ] } },
{ "type": "Feature", "properties": { "ID": 920090100757, "正式名称": "特別養護老人ホ－ム　大室さくら苑", "機関区分": 2, "都道府県コード": 9, "市区町村コード": 206, "所在地": "栃木県日光市大室８６３－７", "緯度": 36.722876, "経度": 139.75029, "url": "https://www.iryou.teikyouseido.mhlw.go.jp/znk-web/juminkanja/S2430/initialize?prefCd=09&kikanCd=20090100757&kikanKbn=2", "url2": "https://www.oomurosakuraen.jp", "内容": "特別養護老人ホ－ム　大室さくら苑【2:診療所】【診療科目:0】栃木県日光市大室８６３－７" }, "geometry": { "type": "Point", "coordinates": [ 139.75029, 36.722876 ] } },
{ "type": "Feature", "properties": { "ID": 920090100760, "正式名称": "養護老人ホーム晃明荘診療所", "機関区分": 2, "都道府県コード": 9, "市区町村コード": 206, "所在地": "栃木県日光市明神２４５３", "緯度": 36.679038, "経度": 139.713986, "url": "https://www.iryou.teikyouseido.mhlw.go.jp/znk-web/juminkanja/S2430/initialize?prefCd=09&kikanCd=20090100760&kikanKbn=2", "url2": null, "内容": "養護老人ホーム晃明荘診療所【2:診療所】【診療科目:0】栃木県日光市明神２４５３" }, "geometry": { "type": "Point", "coordinates": [ 139.713986, 36.679038 ] } },
{ "type": "Feature", "properties": { "ID": 920090100762, "正式名称": "障害者支援施設シンフォニーあわの", "機関区分": 2, "都道府県コード": 9, "市区町村コード": 205, "所在地": "栃木県鹿沼市下永野２３６－５", "緯度": 36.477215, "経度": 139.619887, "url": "https://www.iryou.teikyouseido.mhlw.go.jp/znk-web/juminkanja/S2430/initialize?prefCd=09&kikanCd=20090100762&kikanKbn=2", "url2": null, "内容": "障害者支援施設シンフォニーあわの【2:診療所】【診療科目:0】栃木県鹿沼市下永野２３６－５" }, "geometry": { "type": "Point", "coordinates": [ 139.619887, 36.477215 ] } },
{ "type": "Feature", "properties": { "ID": 920090100764, "正式名称": "特別養護老人ホームきぬ川苑診療所", "機関区分": 2, "都道府県コード": 9, "市区町村コード": 206, "所在地": "栃木県日光市高徳６１９ー３", "緯度": 36.782445, "経度": 139.706823, "url": "https://www.iryou.teikyouseido.mhlw.go.jp/znk-web/juminkanja/S2430/initialize?prefCd=09&kikanCd=20090100764&kikanKbn=2", "url2": null, "内容": "特別養護老人ホームきぬ川苑診療所【2:診療所】【診療科目:0】栃木県日光市高徳６１９ー３" }, "geometry": { "type": "Point", "coordinates": [ 139.706823, 36.782445 ] } },
{ "type": "Feature", "properties": { "ID": 920090100769, "正式名称": "宇都宮市保健所", "機関区分": 2, "都道府県コード": 9, "市区町村コード": 201, "所在地": "栃木県宇都宮市竹林町９７２", "緯度": 36.577483, "経度": 139.895485, "url": "https://www.iryou.teikyouseido.mhlw.go.jp/znk-web/juminkanja/S2430/initialize?prefCd=09&kikanCd=20090100769&kikanKbn=2", "url2": null, "内容": "宇都宮市保健所【2:診療所】【診療科目:0】栃木県宇都宮市竹林町９７２" }, "geometry": { "type": "Point", "coordinates": [ 139.895485, 36.577483 ] } },
{ "type": "Feature", "properties": { "ID": 920090100770, "正式名称": "宇都宮市保健センター", "機関区分": 2, "都道府県コード": 9, "市区町村コード": 201, "所在地": "栃木県宇都宮市駅前通り１丁目４－６　トナリエ宇都宮９階", "緯度": 36.560897, "経度": 139.897296, "url": "https://www.iryou.teikyouseido.mhlw.go.jp/znk-web/juminkanja/S2430/initialize?prefCd=09&kikanCd=20090100770&kikanKbn=2", "url2": "http://www.city.utsunomiya.tochigi.jp/", "内容": "宇都宮市保健センター【2:診療所】【診療科目:0】栃木県宇都宮市駅前通り１丁目４－６　トナリエ宇都宮９階" }, "geometry": { "type": "Point", "coordinates": [ 139.897296, 36.560897 ] } },
{ "type": "Feature", "properties": { "ID": 920090100772, "正式名称": "特別養護老人ホーム敬祥苑診療所", "機関区分": 2, "都道府県コード": 9, "市区町村コード": 201, "所在地": "栃木県宇都宮市宝木本町２１４１", "緯度": 36.629686, "経度": 139.843109, "url": "https://www.iryou.teikyouseido.mhlw.go.jp/znk-web/juminkanja/S2430/initialize?prefCd=09&kikanCd=20090100772&kikanKbn=2", "url2": null, "内容": "特別養護老人ホーム敬祥苑診療所【2:診療所】【診療科目:0】栃木県宇都宮市宝木本町２１４１" }, "geometry": { "type": "Point", "coordinates": [ 139.843109, 36.629686 ] } },
{ "type": "Feature", "properties": { "ID": 920090100773, "正式名称": "障害者支援施設ひばり医務室", "機関区分": 2, "都道府県コード": 9, "市区町村コード": 201, "所在地": "栃木県宇都宮市竹下町４３５番地１５９", "緯度": 36.550847, "経度": 139.966152, "url": "https://www.iryou.teikyouseido.mhlw.go.jp/znk-web/juminkanja/S2430/initialize?prefCd=09&kikanCd=20090100773&kikanKbn=2", "url2": null, "内容": "障害者支援施設ひばり医務室【2:診療所】【診療科目:0】栃木県宇都宮市竹下町４３５番地１５９" }, "geometry": { "type": "Point", "coordinates": [ 139.966152, 36.550847 ] } },
{ "type": "Feature", "properties": { "ID": 920090100774, "正式名称": "特別養護老人ホーム梅の里医務室", "機関区分": 2, "都道府県コード": 9, "市区町村コード": 201, "所在地": "栃木県宇都宮市南一の沢町２－２３", "緯度": 36.563428, "経度": 139.862949, "url": "https://www.iryou.teikyouseido.mhlw.go.jp/znk-web/juminkanja/S2430/initialize?prefCd=09&kikanCd=20090100774&kikanKbn=2", "url2": "http://www.umenosato.jp/", "内容": "特別養護老人ホーム梅の里医務室【2:診療所】【診療科目:0】栃木県宇都宮市南一の沢町２－２３" }, "geometry": { "type": "Point", "coordinates": [ 139.862949, 36.563428 ] } },
{ "type": "Feature", "properties": { "ID": 920090100775, "正式名称": "社会福祉法人蓬愛会特別養護老人ホームケアプラザ而今医務室", "機関区分": 2, "都道府県コード": 9, "市区町村コード": 201, "所在地": "栃木県宇都宮市砥上町５４－１", "緯度": 36.544174, "経度": 139.84531, "url": "https://www.iryou.teikyouseido.mhlw.go.jp/znk-web/juminkanja/S2430/initialize?prefCd=09&kikanCd=20090100775&kikanKbn=2", "url2": null, "内容": "社会福祉法人蓬愛会特別養護老人ホームケアプラザ而今医務室【2:診療所】【診療科目:0】栃木県宇都宮市砥上町５４－１" }, "geometry": { "type": "Point", "coordinates": [ 139.84531, 36.544174 ] } },
{ "type": "Feature", "properties": { "ID": 920090100776, "正式名称": "特別養護老人ホーム元気の里医務室", "機関区分": 2, "都道府県コード": 9, "市区町村コード": 201, "所在地": "栃木県宇都宮市幕田町１４５６－１", "緯度": 36.496579, "経度": 139.851742, "url": "https://www.iryou.teikyouseido.mhlw.go.jp/znk-web/juminkanja/S2430/initialize?prefCd=09&kikanCd=20090100776&kikanKbn=2", "url2": null, "内容": "特別養護老人ホーム元気の里医務室【2:診療所】【診療科目:0】栃木県宇都宮市幕田町１４５６－１" }, "geometry": { "type": "Point", "coordinates": [ 139.851742, 36.496579 ] } },
{ "type": "Feature", "properties": { "ID": 920090100777, "正式名称": "特別養護老人ホーム瑞寿苑　医務室", "機関区分": 2, "都道府県コード": 9, "市区町村コード": 201, "所在地": "栃木県宇都宮市上桑島町１４７６－２", "緯度": 36.518964, "経度": 139.928275, "url": "https://www.iryou.teikyouseido.mhlw.go.jp/znk-web/juminkanja/S2430/initialize?prefCd=09&kikanCd=20090100777&kikanKbn=2", "url2": null, "内容": "特別養護老人ホーム瑞寿苑　医務室【2:診療所】【診療科目:0】栃木県宇都宮市上桑島町１４７６－２" }, "geometry": { "type": "Point", "coordinates": [ 139.928275, 36.518964 ] } },
{ "type": "Feature", "properties": { "ID": 920090100779, "正式名称": "特別養護老人ホーム　滝の原苑医務室", "機関区分": 2, "都道府県コード": 9, "市区町村コード": 201, "所在地": "栃木県宇都宮市鶴田町３３８１番地", "緯度": 36.544508, "経度": 139.861678, "url": "https://www.iryou.teikyouseido.mhlw.go.jp/znk-web/juminkanja/S2430/initialize?prefCd=09&kikanCd=20090100779&kikanKbn=2", "url2": null, "内容": "特別養護老人ホーム　滝の原苑医務室【2:診療所】【診療科目:0】栃木県宇都宮市鶴田町３３８１番地" }, "geometry": { "type": "Point", "coordinates": [ 139.861678, 36.544508 ] } },
{ "type": "Feature", "properties": { "ID": 920090100780, "正式名称": "特別養護老人ホームとちの木荘　医務室", "機関区分": 2, "都道府県コード": 9, "市区町村コード": 201, "所在地": "栃木県宇都宮市徳次郎町２４７９－１", "緯度": 36.657761, "経度": 139.840703, "url": "https://www.iryou.teikyouseido.mhlw.go.jp/znk-web/juminkanja/S2430/initialize?prefCd=09&kikanCd=20090100780&kikanKbn=2", "url2": null, "内容": "特別養護老人ホームとちの木荘　医務室【2:診療所】【診療科目:0】栃木県宇都宮市徳次郎町２４７９－１" }, "geometry": { "type": "Point", "coordinates": [ 139.840703, 36.657761 ] } },
{ "type": "Feature", "properties": { "ID": 920090100783, "正式名称": "特別養護老人ホームはりがや医務室", "機関区分": 2, "都道府県コード": 9, "市区町村コード": 201, "所在地": "栃木県宇都宮市針ケ谷町６５５番地", "緯度": 36.489687, "経度": 139.851589, "url": "https://www.iryou.teikyouseido.mhlw.go.jp/znk-web/juminkanja/S2430/initialize?prefCd=09&kikanCd=20090100783&kikanKbn=2", "url2": "http://www.fukushi-asahikai.or.jp", "内容": "特別養護老人ホームはりがや医務室【2:診療所】【診療科目:0】栃木県宇都宮市針ケ谷町６５５番地" }, "geometry": { "type": "Point", "coordinates": [ 139.851589, 36.489687 ] } },
{ "type": "Feature", "properties": { "ID": 920090100784, "正式名称": "特別養護老人ホーム宝寿苑医務室", "機関区分": 2, "都道府県コード": 9, "市区町村コード": 201, "所在地": "栃木県宇都宮市宝木本町１７６８", "緯度": 36.607997, "経度": 139.835213, "url": "https://www.iryou.teikyouseido.mhlw.go.jp/znk-web/juminkanja/S2430/initialize?prefCd=09&kikanCd=20090100784&kikanKbn=2", "url2": null, "内容": "特別養護老人ホーム宝寿苑医務室【2:診療所】【診療科目:0】栃木県宇都宮市宝木本町１７６８" }, "geometry": { "type": "Point", "coordinates": [ 139.835213, 36.607997 ] } },
{ "type": "Feature", "properties": { "ID": 920090100786, "正式名称": "特別養護老人ホーム宮の里医務室", "機関区分": 2, "都道府県コード": 9, "市区町村コード": 201, "所在地": "栃木県宇都宮市田野町６６６－２", "緯度": 36.5949, "経度": 139.806927, "url": "https://www.iryou.teikyouseido.mhlw.go.jp/znk-web/juminkanja/S2430/initialize?prefCd=09&kikanCd=20090100786&kikanKbn=2", "url2": "http://www.miyanosato.net/", "内容": "特別養護老人ホーム宮の里医務室【2:診療所】【診療科目:0】栃木県宇都宮市田野町６６６－２" }, "geometry": { "type": "Point", "coordinates": [ 139.806927, 36.5949 ] } },
{ "type": "Feature", "properties": { "ID": 920090100788, "正式名称": "ビ・ブライト医務室", "機関区分": 2, "都道府県コード": 9, "市区町村コード": 201, "所在地": "栃木県宇都宮市西刑部町３１４－６", "緯度": 36.490835, "経度": 139.934351, "url": "https://www.iryou.teikyouseido.mhlw.go.jp/znk-web/juminkanja/S2430/initialize?prefCd=09&kikanCd=20090100788&kikanKbn=2", "url2": null, "内容": "ビ・ブライト医務室【2:診療所】【診療科目:0】栃木県宇都宮市西刑部町３１４－６" }, "geometry": { "type": "Point", "coordinates": [ 139.934351, 36.490835 ] } },
{ "type": "Feature", "properties": { "ID": 920090100789, "正式名称": "共生の杜附属診療所", "機関区分": 2, "都道府県コード": 9, "市区町村コード": 201, "所在地": "栃木県宇都宮市飯田町２６１", "緯度": 36.563677, "経度": 139.813675, "url": "https://www.iryou.teikyouseido.mhlw.go.jp/znk-web/juminkanja/S2430/initialize?prefCd=09&kikanCd=20090100789&kikanKbn=2", "url2": null, "内容": "共生の杜附属診療所【2:診療所】【診療科目:0】栃木県宇都宮市飯田町２６１" }, "geometry": { "type": "Point", "coordinates": [ 139.813675, 36.563677 ] } },
{ "type": "Feature", "properties": { "ID": 920090100792, "正式名称": "特別養護老人ホーム　義明苑　医務室", "機関区分": 2, "都道府県コード": 9, "市区町村コード": 202, "所在地": "栃木県足利市久保田町１２２３", "緯度": 36.295521, "経度": 139.494734, "url": "https://www.iryou.teikyouseido.mhlw.go.jp/znk-web/juminkanja/S2430/initialize?prefCd=09&kikanCd=20090100792&kikanKbn=2", "url2": "http://www.mimeikai.com/", "内容": "特別養護老人ホーム　義明苑　医務室【2:診療所】【診療科目:0】栃木県足利市久保田町１２２３" }, "geometry": { "type": "Point", "coordinates": [ 139.494734, 36.295521 ] } },
{ "type": "Feature", "properties": { "ID": 920090100793, "正式名称": "特別養護老人ホーム　清明苑　医務室", "機関区分": 2, "都道府県コード": 9, "市区町村コード": 202, "所在地": "栃木県足利市大月町１０４２－２", "緯度": 36.349379, "経度": 139.475157, "url": "https://www.iryou.teikyouseido.mhlw.go.jp/znk-web/juminkanja/S2430/initialize?prefCd=09&kikanCd=20090100793&kikanKbn=2", "url2": null, "内容": "特別養護老人ホーム　清明苑　医務室【2:診療所】【診療科目:0】栃木県足利市大月町１０４２－２" }, "geometry": { "type": "Point", "coordinates": [ 139.475157, 36.349379 ] } },
{ "type": "Feature", "properties": { "ID": 920090100795, "正式名称": "特別養護老人ホームたんぽぽ　医務室", "機関区分": 2, "都道府県コード": 9, "市区町村コード": 202, "所在地": "栃木県足利市通", "緯度": 36.335937, "経度": 139.442193, "url": "https://www.iryou.teikyouseido.mhlw.go.jp/znk-web/juminkanja/S2430/initialize?prefCd=09&kikanCd=20090100795&kikanKbn=2", "url2": "http://www.tanpopo-net.or.jp", "内容": "特別養護老人ホームたんぽぽ　医務室【2:診療所】【診療科目:0】栃木県足利市通" }, "geometry": { "type": "Point", "coordinates": [ 139.442193, 36.335937 ] } },
{ "type": "Feature", "properties": { "ID": 920090100799, "正式名称": "社会福祉法人東徳会特別養護老人ホーム和見山苑診療所", "機関区分": 2, "都道府県コード": 9, "市区町村コード": 202, "所在地": "栃木県足利市稲岡町１０８３－１", "緯度": 36.334122, "経度": 139.53266, "url": "https://www.iryou.teikyouseido.mhlw.go.jp/znk-web/juminkanja/S2430/initialize?prefCd=09&kikanCd=20090100799&kikanKbn=2", "url2": "http://www.wamiyama.jp/", "内容": "社会福祉法人東徳会特別養護老人ホーム和見山苑診療所【2:診療所】【診療科目:0】栃木県足利市稲岡町１０８３－１" }, "geometry": { "type": "Point", "coordinates": [ 139.53266, 36.334122 ] } },
{ "type": "Feature", "properties": { "ID": 920090100800, "正式名称": "栃木県安足保健所", "機関区分": 2, "都道府県コード": 9, "市区町村コード": 202, "所在地": "栃木県足利市真砂町１－１", "緯度": 36.339397, "経度": 139.474932, "url": "https://www.iryou.teikyouseido.mhlw.go.jp/znk-web/juminkanja/S2430/initialize?prefCd=09&kikanCd=20090100800&kikanKbn=2", "url2": "http://www.pref.tochigi.lg.jp/e55/ansoku-index.html", "内容": "栃木県安足保健所【2:診療所】【診療科目:0】栃木県足利市真砂町１－１" }, "geometry": { "type": "Point", "coordinates": [ 139.474932, 36.339397 ] } },
{ "type": "Feature", "properties": { "ID": 920090100801, "正式名称": "特別養護老人ホーム大栗の里医務室", "機関区分": 2, "都道府県コード": 9, "市区町村コード": 204, "所在地": "栃木県佐野市犬伏中町２４４１－１", "緯度": 36.329898, "経度": 139.597602, "url": "https://www.iryou.teikyouseido.mhlw.go.jp/znk-web/juminkanja/S2430/initialize?prefCd=09&kikanCd=20090100801&kikanKbn=2", "url2": null, "内容": "特別養護老人ホーム大栗の里医務室【2:診療所】【診療科目:0】栃木県佐野市犬伏中町２４４１－１" }, "geometry": { "type": "Point", "coordinates": [ 139.597602, 36.329898 ] } },
{ "type": "Feature", "properties": { "ID": 920090100802, "正式名称": "軽費老人ホーム　唐沢グリーンビラ附属診療所", "機関区分": 2, "都道府県コード": 9, "市区町村コード": 204, "所在地": "栃木県佐野市奈良渕町７０３－１", "緯度": 36.340747, "経度": 139.587177, "url": "https://www.iryou.teikyouseido.mhlw.go.jp/znk-web/juminkanja/S2430/initialize?prefCd=09&kikanCd=20090100802&kikanKbn=2", "url2": null, "内容": "軽費老人ホーム　唐沢グリーンビラ附属診療所【2:診療所】【診療科目:0】栃木県佐野市奈良渕町７０３－１" }, "geometry": { "type": "Point", "coordinates": [ 139.587177, 36.340747 ] } },
{ "type": "Feature", "properties": { "ID": 920090100804, "正式名称": "特別養護老人ホーム唐沢静山荘診療所", "機関区分": 2, "都道府県コード": 9, "市区町村コード": 204, "所在地": "栃木県佐野市奈良渕町７０１－２", "緯度": 36.340852, "経度": 139.587711, "url": "https://www.iryou.teikyouseido.mhlw.go.jp/znk-web/juminkanja/S2430/initialize?prefCd=09&kikanCd=20090100804&kikanKbn=2", "url2": "http://www.karasawaseizan.jp", "内容": "特別養護老人ホーム唐沢静山荘診療所【2:診療所】【診療科目:0】栃木県佐野市奈良渕町７０１－２" }, "geometry": { "type": "Point", "coordinates": [ 139.587711, 36.340852 ] } },
{ "type": "Feature", "properties": { "ID": 920090100805, "正式名称": "特別養護老人ホーム　佐野サンリバー附属診療所", "機関区分": 2, "都道府県コード": 9, "市区町村コード": 204, "所在地": "栃木県佐野市小中町１８２０－４", "緯度": 36.33734, "経度": 139.548408, "url": "https://www.iryou.teikyouseido.mhlw.go.jp/znk-web/juminkanja/S2430/initialize?prefCd=09&kikanCd=20090100805&kikanKbn=2", "url2": null, "内容": "特別養護老人ホーム　佐野サンリバー附属診療所【2:診療所】【診療科目:0】栃木県佐野市小中町１８２０－４" }, "geometry": { "type": "Point", "coordinates": [ 139.548408, 36.33734 ] } },
{ "type": "Feature", "properties": { "ID": 920090100806, "正式名称": "特別養護老人ホーム　蓬莱荘附属診療所", "機関区分": 2, "都道府県コード": 9, "市区町村コード": 204, "所在地": "栃木県佐野市長谷場町１７９８－１", "緯度": 36.429779, "経度": 139.549955, "url": "https://www.iryou.teikyouseido.mhlw.go.jp/znk-web/juminkanja/S2430/initialize?prefCd=09&kikanCd=20090100806&kikanKbn=2", "url2": null, "内容": "特別養護老人ホーム　蓬莱荘附属診療所【2:診療所】【診療科目:0】栃木県佐野市長谷場町１７９８－１" }, "geometry": { "type": "Point", "coordinates": [ 139.549955, 36.429779 ] } },
{ "type": "Feature", "properties": { "ID": 920090100809, "正式名称": "養護老人ホーム悠生園診療所", "機関区分": 2, "都道府県コード": 9, "市区町村コード": 204, "所在地": "栃木県佐野市寺久保町", "緯度": 36.376111, "経度": 139.526826, "url": "https://www.iryou.teikyouseido.mhlw.go.jp/znk-web/juminkanja/S2430/initialize?prefCd=09&kikanCd=20090100809&kikanKbn=2", "url2": null, "内容": "養護老人ホーム悠生園診療所【2:診療所】【診療科目:0】栃木県佐野市寺久保町" }, "geometry": { "type": "Point", "coordinates": [ 139.526826, 36.376111 ] } },
{ "type": "Feature", "properties": { "ID": 920210574, "正式名称": "医療法人柊門会阿部医院本院", "機関区分": 2, "都道府県コード": 9, "市区町村コード": 202, "所在地": "栃木県足利市葉鹿町１－１０－８", "緯度": 36.417208, "経度": 139.347958, "url": "https://www.iryou.teikyouseido.mhlw.go.jp/znk-web/juminkanja/S2430/initialize?prefCd=09&kikanCd=20210574&kikanKbn=2", "url2": null, "内容": "医療法人柊門会阿部医院本院【2:診療所】【診療科目:0】栃木県足利市葉鹿町１－１０－８" }, "geometry": { "type": "Point", "coordinates": [ 139.347958, 36.417208 ] } },
{ "type": "Feature", "properties": { "ID": 920210772, "正式名称": "医療法人社団　西田医院", "機関区分": 2, "都道府県コード": 9, "市区町村コード": 202, "所在地": "栃木県足利市小俣町１７８９－１", "緯度": 36.373522, "経度": 139.379555, "url": "https://www.iryou.teikyouseido.mhlw.go.jp/znk-web/juminkanja/S2430/initialize?prefCd=09&kikanCd=20210772&kikanKbn=2", "url2": "https://www.nishidaiin.info/", "内容": "医療法人社団　西田医院【2:診療所】【診療科目:0】栃木県足利市小俣町１７８９－１" }, "geometry": { "type": "Point", "coordinates": [ 139.379555, 36.373522 ] } },
{ "type": "Feature", "properties": { "ID": 920211226, "正式名称": "足利整形外科はしもとクリニック", "機関区分": 2, "都道府県コード": 9, "市区町村コード": 202, "所在地": "栃木県足利市小俣町５２０ー１", "緯度": 36.396713, "経度": 139.38365, "url": "https://www.iryou.teikyouseido.mhlw.go.jp/znk-web/juminkanja/S2430/initialize?prefCd=09&kikanCd=20211226&kikanKbn=2", "url2": "https://ashisei-hashimoto.com/", "内容": "足利整形外科はしもとクリニック【2:診療所】【診療科目:0】栃木県足利市小俣町５２０ー１" }, "geometry": { "type": "Point", "coordinates": [ 139.38365, 36.396713 ] } },
{ "type": "Feature", "properties": { "ID": 920283003170, "正式名称": "みらいとクリニック", "機関区分": 2, "都道府県コード": 9, "市区町村コード": 201, "所在地": "栃木県宇都宮市一条１丁目４番１７号", "緯度": 36.553878, "経度": 139.879994, "url": "https://www.iryou.teikyouseido.mhlw.go.jp/znk-web/juminkanja/S2430/initialize?prefCd=09&kikanCd=20283003170&kikanKbn=2", "url2": "https://miraito-clinic.com/", "内容": "みらいとクリニック【2:診療所】【診療科目:0】栃木県宇都宮市一条１丁目４番１７号" }, "geometry": { "type": "Point", "coordinates": [ 139.879994, 36.553878 ] } },
{ "type": "Feature", "properties": { "ID": 920284640765, "正式名称": "社会福祉法人　幸梅会　特別養護老人ホーム盛雄苑", "機関区分": 2, "都道府県コード": 9, "市区町村コード": 202, "所在地": "栃木県足利市山下町", "緯度": 36.350822, "経度": 139.40605, "url": "https://www.iryou.teikyouseido.mhlw.go.jp/znk-web/juminkanja/S2430/initialize?prefCd=09&kikanCd=20284640765&kikanKbn=2", "url2": null, "内容": "社会福祉法人　幸梅会　特別養護老人ホーム盛雄苑【2:診療所】【診療科目:0】栃木県足利市山下町" }, "geometry": { "type": "Point", "coordinates": [ 139.40605, 36.350822 ] } },
{ "type": "Feature", "properties": { "ID": 920284651387, "正式名称": "ふじさわみみはなのどクリニック", "機関区分": 2, "都道府県コード": 9, "市区町村コード": 202, "所在地": "栃木県足利市葉鹿町３２４－５", "緯度": 36.360347, "経度": 139.38751, "url": "https://www.iryou.teikyouseido.mhlw.go.jp/znk-web/juminkanja/S2430/initialize?prefCd=09&kikanCd=20284651387&kikanKbn=2", "url2": null, "内容": "ふじさわみみはなのどクリニック【2:診療所】【診療科目:0】栃木県足利市葉鹿町３２４－５" }, "geometry": { "type": "Point", "coordinates": [ 139.38751, 36.360347 ] } },
{ "type": "Feature", "properties": { "ID": 920285837298, "正式名称": "真岡アイクリニック", "機関区分": 2, "都道府県コード": 9, "市区町村コード": 209, "所在地": "栃木県真岡市並木町１－８－５", "緯度": 36.4385955, "経度": 140.0009758, "url": "https://www.iryou.teikyouseido.mhlw.go.jp/znk-web/juminkanja/S2430/initialize?prefCd=09&kikanCd=20285837298&kikanKbn=2", "url2": null, "内容": "真岡アイクリニック【2:診療所】【診療科目:0】栃木県真岡市並木町１－８－５" }, "geometry": { "type": "Point", "coordinates": [ 140.0009758, 36.4385955 ] } },
{ "type": "Feature", "properties": { "ID": 92028612286, "正式名称": "ＴＣＢ　東京中央美容外科・ＴＣＢ　スキンクリニック　ＢＳクリニック　宇都宮院", "機関区分": 2, "都道府県コード": 9, "市区町村コード": 201, "所在地": "栃木県宇都宮市駅前通り１－４－６トナリエ宇都宮５階", "緯度": 36.5602135, "経度": 139.896968, "url": "https://www.iryou.teikyouseido.mhlw.go.jp/znk-web/juminkanja/S2430/initialize?prefCd=09&kikanCd=2028612286&kikanKbn=2", "url2": "https://aoki-tsuyoshi.com/", "内容": "ＴＣＢ　東京中央美容外科・ＴＣＢ　スキンクリニック　ＢＳクリニック　宇都宮院【2:診療所】【診療科目:0】栃木県宇都宮市駅前通り１－４－６トナリエ宇都宮５階" }, "geometry": { "type": "Point", "coordinates": [ 139.896968, 36.5602135 ] } },
{ "type": "Feature", "properties": { "ID": 920287236989, "正式名称": "富士見アイクリニック", "機関区分": 2, "都道府県コード": 9, "市区町村コード": 210, "所在地": "栃木県大田原市富士見１－１６２６", "緯度": 36.855633, "経度": 140.02623, "url": "https://www.iryou.teikyouseido.mhlw.go.jp/znk-web/juminkanja/S2430/initialize?prefCd=09&kikanCd=20287236989&kikanKbn=2", "url2": null, "内容": "富士見アイクリニック【2:診療所】【診療科目:0】栃木県大田原市富士見１－１６２６" }, "geometry": { "type": "Point", "coordinates": [ 140.02623, 36.855633 ] } },
{ "type": "Feature", "properties": { "ID": 920287725858, "正式名称": "那須町保健センター", "機関区分": 2, "都道府県コード": 9, "市区町村コード": 407, "所在地": "栃木県那須郡那須町寺子乙２５６６－１ゆめプラザ・那須内", "緯度": 37.00387, "経度": 140.12215, "url": "https://www.iryou.teikyouseido.mhlw.go.jp/znk-web/juminkanja/S2430/initialize?prefCd=09&kikanCd=20287725858&kikanKbn=2", "url2": null, "内容": "那須町保健センター【2:診療所】【診療科目:0】栃木県那須郡那須町寺子乙２５６６－１ゆめプラザ・那須内" }, "geometry": { "type": "Point", "coordinates": [ 140.12215, 37.00387 ] } },
{ "type": "Feature", "properties": { "ID": 920289021015, "正式名称": "メンズライフクリニック宇都宮院", "機関区分": 2, "都道府県コード": 9, "市区町村コード": 201, "所在地": "栃木県宇都宮市駅前通り１丁目５番６号白木屋ビル３階Ｂ号室", "緯度": 36.559576, "経度": 139.897285, "url": "https://www.iryou.teikyouseido.mhlw.go.jp/znk-web/juminkanja/S2430/initialize?prefCd=09&kikanCd=20289021015&kikanKbn=2", "url2": "https://www.mens-life-clinic.com/clinic/utsunomiya/", "内容": "メンズライフクリニック宇都宮院【2:診療所】【診療科目:0】栃木県宇都宮市駅前通り１丁目５番６号白木屋ビル３階Ｂ号室" }, "geometry": { "type": "Point", "coordinates": [ 139.897285, 36.559576 ] } },
{ "type": "Feature", "properties": { "ID": 920510726, "正式名称": "かぬま泌尿器科クリニック", "機関区分": 2, "都道府県コード": 9, "市区町村コード": 205, "所在地": "栃木県鹿沼市千渡１８６８－２", "緯度": 36.567702, "経度": 139.776971, "url": "https://www.iryou.teikyouseido.mhlw.go.jp/znk-web/juminkanja/S2430/initialize?prefCd=09&kikanCd=20510726&kikanKbn=2", "url2": "kanuma-uro.com", "内容": "かぬま泌尿器科クリニック【2:診療所】【診療科目:0】栃木県鹿沼市千渡１８６８－２" }, "geometry": { "type": "Point", "coordinates": [ 139.776971, 36.567702 ] } },
{ "type": "Feature", "properties": { "ID": 920802172, "正式名称": "五十嵐医院", "機関区分": 2, "都道府県コード": 9, "市区町村コード": 208, "所在地": "栃木県小山市本郷町", "緯度": 36.319195, "経度": 139.80283, "url": "https://www.iryou.teikyouseido.mhlw.go.jp/znk-web/juminkanja/S2430/initialize?prefCd=09&kikanCd=20802172&kikanKbn=2", "url2": null, "内容": "五十嵐医院【2:診療所】【診療科目:0】栃木県小山市本郷町" }, "geometry": { "type": "Point", "coordinates": [ 139.80283, 36.319195 ] } },
{ "type": "Feature", "properties": { "ID": 920812403, "正式名称": "医療法人淳誠会　あんざいキッズクリニック", "機関区分": 2, "都道府県コード": 9, "市区町村コード": 208, "所在地": "栃木県小山市粟宮９２７－６", "緯度": 36.293602, "経度": 139.786, "url": "https://www.iryou.teikyouseido.mhlw.go.jp/znk-web/juminkanja/S2430/initialize?prefCd=09&kikanCd=20812403&kikanKbn=2", "url2": "anzai-kids.com", "内容": "医療法人淳誠会　あんざいキッズクリニック【2:診療所】【診療科目:0】栃木県小山市粟宮９２７－６" }, "geometry": { "type": "Point", "coordinates": [ 139.786, 36.293602 ] } },
{ "type": "Feature", "properties": { "ID": 920910118165, "正式名称": "さくら循環器内科", "機関区分": 2, "都道府県コード": 9, "市区町村コード": 201, "所在地": "栃木県宇都宮市桜４ー１ー１０", "緯度": 36.567848, "経度": 139.868286, "url": "https://www.iryou.teikyouseido.mhlw.go.jp/znk-web/juminkanja/S2430/initialize?prefCd=09&kikanCd=20910118165&kikanKbn=2", "url2": "https://www.sakura-junkanki.com/", "内容": "さくら循環器内科【2:診療所】【診療科目:0】栃木県宇都宮市桜４ー１ー１０" }, "geometry": { "type": "Point", "coordinates": [ 139.868286, 36.567848 ] } },
{ "type": "Feature", "properties": { "ID": 920910118173, "正式名称": "森島小児科　宇都宮", "機関区分": 2, "都道府県コード": 9, "市区町村コード": 201, "所在地": "栃木県宇都宮市桜４－１－１０", "緯度": 36.567848, "経度": 139.868286, "url": "https://www.iryou.teikyouseido.mhlw.go.jp/znk-web/juminkanja/S2430/initialize?prefCd=09&kikanCd=20910118173&kikanKbn=2", "url2": "https://morishima-cl.com", "内容": "森島小児科　宇都宮【2:診療所】【診療科目:0】栃木県宇都宮市桜４－１－１０" }, "geometry": { "type": "Point", "coordinates": [ 139.868286, 36.567848 ] } },
{ "type": "Feature", "properties": { "ID": 920910118280, "正式名称": "池田呼吸器アレルギー内科クリニック", "機関区分": 2, "都道府県コード": 9, "市区町村コード": 201, "所在地": "栃木県宇都宮市鶴田町２１２６－５", "緯度": 36.564512, "経度": 139.854553, "url": "https://www.iryou.teikyouseido.mhlw.go.jp/znk-web/juminkanja/S2430/initialize?prefCd=09&kikanCd=20910118280&kikanKbn=2", "url2": "https://ikeda-rac.com", "内容": "池田呼吸器アレルギー内科クリニック【2:診療所】【診療科目:0】栃木県宇都宮市鶴田町２１２６－５" }, "geometry": { "type": "Point", "coordinates": [ 139.854553, 36.564512 ] } },
{ "type": "Feature", "properties": { "ID": 920910118371, "正式名称": "とちのきこころのクリニック", "機関区分": 2, "都道府県コード": 9, "市区町村コード": 201, "所在地": "栃木県宇都宮市東宿郷２丁目３－１２ＩＲビル宇都宮フロア３Ｆ", "緯度": 36.557479, "経度": 139.901123, "url": "https://www.iryou.teikyouseido.mhlw.go.jp/znk-web/juminkanja/S2430/initialize?prefCd=09&kikanCd=20910118371&kikanKbn=2", "url2": "https://tochinoki-kokoro.jp", "内容": "とちのきこころのクリニック【2:診療所】【診療科目:0】栃木県宇都宮市東宿郷２丁目３－１２ＩＲビル宇都宮フロア３Ｆ" }, "geometry": { "type": "Point", "coordinates": [ 139.901123, 36.557479 ] } },
{ "type": "Feature", "properties": { "ID": 920910202530, "正式名称": "整形外科かないクリニック", "機関区分": 2, "都道府県コード": 9, "市区町村コード": 202, "所在地": "栃木県足利市葉鹿南町１３－９", "緯度": 36.358032, "経度": 139.39044, "url": "https://www.iryou.teikyouseido.mhlw.go.jp/znk-web/juminkanja/S2430/initialize?prefCd=09&kikanCd=20910202530&kikanKbn=2", "url2": null, "内容": "整形外科かないクリニック【2:診療所】【診療科目:0】栃木県足利市葉鹿南町１３－９" }, "geometry": { "type": "Point", "coordinates": [ 139.39044, 36.358032 ] } },
{ "type": "Feature", "properties": { "ID": 920910210251, "正式名称": "医療法人東洞会筑波医院", "機関区分": 2, "都道府県コード": 9, "市区町村コード": 202, "所在地": "栃木県足利市羽刈町５７", "緯度": 36.272026, "経度": 139.468908, "url": "https://www.iryou.teikyouseido.mhlw.go.jp/znk-web/juminkanja/S2430/initialize?prefCd=09&kikanCd=20910210251&kikanKbn=2", "url2": "tukubaclinic.jp", "内容": "医療法人東洞会筑波医院【2:診療所】【診療科目:0】栃木県足利市羽刈町５７" }, "geometry": { "type": "Point", "coordinates": [ 139.468908, 36.272026 ] } },
{ "type": "Feature", "properties": { "ID": 920910210319, "正式名称": "医療法人矢部　柴田クリニック", "機関区分": 2, "都道府県コード": 9, "市区町村コード": 202, "所在地": "栃木県足利市千歳町６７－７", "緯度": 36.327004, "経度": 139.465885, "url": "https://www.iryou.teikyouseido.mhlw.go.jp/znk-web/juminkanja/S2430/initialize?prefCd=09&kikanCd=20910210319&kikanKbn=2", "url2": "http://shibata-clinic.webmedipr.jp", "内容": "医療法人矢部　柴田クリニック【2:診療所】【診療科目:0】栃木県足利市千歳町６７－７" }, "geometry": { "type": "Point", "coordinates": [ 139.465885, 36.327004 ] } },
{ "type": "Feature", "properties": { "ID": 920910210707, "正式名称": "医療法人　小松原ペインクリニック", "機関区分": 2, "都道府県コード": 9, "市区町村コード": 202, "所在地": "栃木県足利市南大町４５１－１", "緯度": 36.323142, "経度": 139.420432, "url": "https://www.iryou.teikyouseido.mhlw.go.jp/znk-web/juminkanja/S2430/initialize?prefCd=09&kikanCd=20910210707&kikanKbn=2", "url2": "https://komatsubara1374.com", "内容": "医療法人　小松原ペインクリニック【2:診療所】【診療科目:0】栃木県足利市南大町４５１－１" }, "geometry": { "type": "Point", "coordinates": [ 139.420432, 36.323142 ] } },
{ "type": "Feature", "properties": { "ID": 920910211267, "正式名称": "医療法人　美秀会　なかじま救急科・内科クリニック", "機関区分": 2, "都道府県コード": 9, "市区町村コード": 202, "所在地": "栃木県足利市江川町２－６－３４", "緯度": 36.351944, "経度": 139.4635963, "url": "https://www.iryou.teikyouseido.mhlw.go.jp/znk-web/juminkanja/S2430/initialize?prefCd=09&kikanCd=20910211267&kikanKbn=2", "url2": null, "内容": "医療法人　美秀会　なかじま救急科・内科クリニック【2:診療所】【診療科目:0】栃木県足利市江川町２－６－３４" }, "geometry": { "type": "Point", "coordinates": [ 139.4635963, 36.351944 ] } },
{ "type": "Feature", "properties": { "ID": 920910211283, "正式名称": "医療法人社団医正会オトクリニックわたらせ", "機関区分": 2, "都道府県コード": 9, "市区町村コード": 202, "所在地": "栃木県足利市借宿町１－１９－９", "緯度": 36.329722, "経度": 139.430909, "url": "https://www.iryou.teikyouseido.mhlw.go.jp/znk-web/juminkanja/S2430/initialize?prefCd=09&kikanCd=20910211283&kikanKbn=2", "url2": "https://otoclinic-watarase.com/", "内容": "医療法人社団医正会オトクリニックわたらせ【2:診療所】【診療科目:0】栃木県足利市借宿町１－１９－９" }, "geometry": { "type": "Point", "coordinates": [ 139.430909, 36.329722 ] } },
{ "type": "Feature", "properties": { "ID": 920910301712, "正式名称": "好生医院", "機関区分": 2, "都道府県コード": 9, "市区町村コード": 203, "所在地": "栃木県栃木市倭町２－２５", "緯度": 36.377943, "経度": 139.731289, "url": "https://www.iryou.teikyouseido.mhlw.go.jp/znk-web/juminkanja/S2430/initialize?prefCd=09&kikanCd=20910301712&kikanKbn=2", "url2": "koseiiin.com", "内容": "好生医院【2:診療所】【診療科目:0】栃木県栃木市倭町２－２５" }, "geometry": { "type": "Point", "coordinates": [ 139.731289, 36.377943 ] } },
{ "type": "Feature", "properties": { "ID": 920910310820, "正式名称": "金子内科医院", "機関区分": 2, "都道府県コード": 9, "市区町村コード": 203, "所在地": "栃木県栃木市吹上町１６４２－１", "緯度": 36.411729, "経度": 139.703678, "url": "https://www.iryou.teikyouseido.mhlw.go.jp/znk-web/juminkanja/S2430/initialize?prefCd=09&kikanCd=20910310820&kikanKbn=2", "url2": null, "内容": "金子内科医院【2:診療所】【診療科目:0】栃木県栃木市吹上町１６４２－１" }, "geometry": { "type": "Point", "coordinates": [ 139.703678, 36.411729 ] } },
{ "type": "Feature", "properties": { "ID": 920910311166, "正式名称": "にしかたホームクリニック", "機関区分": 2, "都道府県コード": 9, "市区町村コード": 203, "所在地": "栃木県栃木市西方町元６２１－１", "緯度": 36.463268, "経度": 139.736841, "url": "https://www.iryou.teikyouseido.mhlw.go.jp/znk-web/juminkanja/S2430/initialize?prefCd=09&kikanCd=20910311166&kikanKbn=2", "url2": "https://nishikata-homeclinic.com/", "内容": "にしかたホームクリニック【2:診療所】【診療科目:0】栃木県栃木市西方町元６２１－１" }, "geometry": { "type": "Point", "coordinates": [ 139.736841, 36.463268 ] } },
{ "type": "Feature", "properties": { "ID": 920910510551, "正式名称": "医療法人昌慶会　おおくぼみみはなのどクリニック", "機関区分": 2, "都道府県コード": 9, "市区町村コード": 205, "所在地": "栃木県鹿沼市西茂呂２－１１－１", "緯度": 36.5551348, "経度": 139.7687325, "url": "https://www.iryou.teikyouseido.mhlw.go.jp/znk-web/juminkanja/S2430/initialize?prefCd=09&kikanCd=20910510551&kikanKbn=2", "url2": "https://www.okbo3387.com/", "内容": "医療法人昌慶会　おおくぼみみはなのどクリニック【2:診療所】【診療科目:0】栃木県鹿沼市西茂呂２－１１－１" }, "geometry": { "type": "Point", "coordinates": [ 139.7687325, 36.5551348 ] } },
{ "type": "Feature", "properties": { "ID": 920910510759, "正式名称": "かぬま皮膚科・美容皮膚科クリニック", "機関区分": 2, "都道府県コード": 9, "市区町村コード": 205, "所在地": "栃木県鹿沼市栄町１－３－１２", "緯度": 36.555532, "経度": 139.774513, "url": "https://www.iryou.teikyouseido.mhlw.go.jp/znk-web/juminkanja/S2430/initialize?prefCd=09&kikanCd=20910510759&kikanKbn=2", "url2": "https://kanuma-clinic.com/", "内容": "かぬま皮膚科・美容皮膚科クリニック【2:診療所】【診療科目:0】栃木県鹿沼市栄町１－３－１２" }, "geometry": { "type": "Point", "coordinates": [ 139.774513, 36.555532 ] } },
{ "type": "Feature", "properties": { "ID": 920910510775, "正式名称": "さつきクリニック", "機関区分": 2, "都道府県コード": 9, "市区町村コード": 205, "所在地": "栃木県鹿沼市白桑田２５４－１１", "緯度": 36.556202, "経度": 139.80432, "url": "https://www.iryou.teikyouseido.mhlw.go.jp/znk-web/juminkanja/S2430/initialize?prefCd=09&kikanCd=20910510775&kikanKbn=2", "url2": null, "内容": "さつきクリニック【2:診療所】【診療科目:0】栃木県鹿沼市白桑田２５４－１１" }, "geometry": { "type": "Point", "coordinates": [ 139.80432, 36.556202 ] } },
{ "type": "Feature", "properties": { "ID": 920910610260, "正式名称": "日光市立湯西川診療所", "機関区分": 2, "都道府県コード": 9, "市区町村コード": 206, "所在地": "栃木県日光市湯西川１１６８－１", "緯度": 36.962472, "経度": 139.582758, "url": "https://www.iryou.teikyouseido.mhlw.go.jp/znk-web/juminkanja/S2430/initialize?prefCd=09&kikanCd=20910610260&kikanKbn=2", "url2": null, "内容": "日光市立湯西川診療所【2:診療所】【診療科目:0】栃木県日光市湯西川１１６８－１" }, "geometry": { "type": "Point", "coordinates": [ 139.582758, 36.962472 ] } },
{ "type": "Feature", "properties": { "ID": 920910812429, "正式名称": "ゆうゆうホームクリニック", "機関区分": 2, "都道府県コード": 9, "市区町村コード": 208, "所在地": "栃木県小山市東城南１－１７－１３　２Ｆ", "緯度": 36.295956, "経度": 139.813426, "url": "https://www.iryou.teikyouseido.mhlw.go.jp/znk-web/juminkanja/S2430/initialize?prefCd=09&kikanCd=20910812429&kikanKbn=2", "url2": "https://yuyuclinic.jp", "内容": "ゆうゆうホームクリニック【2:診療所】【診療科目:0】栃木県小山市東城南１－１７－１３　２Ｆ" }, "geometry": { "type": "Point", "coordinates": [ 139.813426, 36.295956 ] } },
{ "type": "Feature", "properties": { "ID": 920910910173, "正式名称": "医療法人　柳真会　柳田外科肛門科医院", "機関区分": 2, "都道府県コード": 9, "市区町村コード": 209, "所在地": "栃木県真岡市台町１５－３", "緯度": 36.4474112, "経度": 140.0092672, "url": "https://www.iryou.teikyouseido.mhlw.go.jp/znk-web/juminkanja/S2430/initialize?prefCd=09&kikanCd=20910910173&kikanKbn=2", "url2": "https://ryuusin.sakura.ne.jp/sub3.htm", "内容": "医療法人　柳真会　柳田外科肛門科医院【2:診療所】【診療科目:0】栃木県真岡市台町１５－３" }, "geometry": { "type": "Point", "coordinates": [ 140.009267200000011, 36.4474112 ] } },
{ "type": "Feature", "properties": { "ID": 920910910504, "正式名称": "医療法人いのき眼科クリニック", "機関区分": 2, "都道府県コード": 9, "市区町村コード": 209, "所在地": "栃木県真岡市下高間木１－１３－１０", "緯度": 36.43374, "経度": 139.986261, "url": "https://www.iryou.teikyouseido.mhlw.go.jp/znk-web/juminkanja/S2430/initialize?prefCd=09&kikanCd=20910910504&kikanKbn=2", "url2": null, "内容": "医療法人いのき眼科クリニック【2:診療所】【診療科目:0】栃木県真岡市下高間木１－１３－１０" }, "geometry": { "type": "Point", "coordinates": [ 139.986261, 36.43374 ] } },
{ "type": "Feature", "properties": { "ID": 920910910611, "正式名称": "真岡西部クリニック", "機関区分": 2, "都道府県コード": 9, "市区町村コード": 209, "所在地": "栃木県真岡市長田５丁目８番地１", "緯度": 36.436604, "経度": 139.961557, "url": "https://www.iryou.teikyouseido.mhlw.go.jp/znk-web/juminkanja/S2430/initialize?prefCd=09&kikanCd=20910910611&kikanKbn=2", "url2": "https://mokaseibu.jp/", "内容": "真岡西部クリニック【2:診療所】【診療科目:0】栃木県真岡市長田５丁目８番地１" }, "geometry": { "type": "Point", "coordinates": [ 139.961557, 36.436604 ] } },
{ "type": "Feature", "properties": { "ID": 920911610384, "正式名称": "道金林こでまり医院", "機関区分": 2, "都道府県コード": 9, "市区町村コード": 216, "所在地": "栃木県下野市小金井１３３４番地１", "緯度": 36.39126, "経度": 139.8442, "url": "https://www.iryou.teikyouseido.mhlw.go.jp/znk-web/juminkanja/S2430/initialize?prefCd=09&kikanCd=20911610384&kikanKbn=2", "url2": null, "内容": "道金林こでまり医院【2:診療所】【診療科目:0】栃木県下野市小金井１３３４番地１" }, "geometry": { "type": "Point", "coordinates": [ 139.8442, 36.39126 ] } },
{ "type": "Feature", "properties": { "ID": 920911610400, "正式名称": "医療法人玄医会　れもん在宅クリニック", "機関区分": 2, "都道府県コード": 9, "市区町村コード": 216, "所在地": "栃木県下野市祇園１－１３－２タカヤマビル２Ｆ", "緯度": 36.396061, "経度": 139.859292, "url": "https://www.iryou.teikyouseido.mhlw.go.jp/znk-web/juminkanja/S2430/initialize?prefCd=09&kikanCd=20911610400&kikanKbn=2", "url2": "https://r.goope.jp/lemonhcl/", "内容": "医療法人玄医会　れもん在宅クリニック【2:診療所】【診療科目:0】栃木県下野市祇園１－１３－２タカヤマビル２Ｆ" }, "geometry": { "type": "Point", "coordinates": [ 139.859292, 36.396061 ] } },
{ "type": "Feature", "properties": { "ID": 920912110129, "正式名称": "どんどんまもろうクリニックしらさぎ", "機関区分": 2, "都道府県コード": 9, "市区町村コード": 301, "所在地": "栃木県河内郡上三川町しらさぎ１丁目４１－１７", "緯度": 36.439983, "経度": 139.913685, "url": "https://www.iryou.teikyouseido.mhlw.go.jp/znk-web/juminkanja/S2430/initialize?prefCd=09&kikanCd=20912110129&kikanKbn=2", "url2": "https://ddmc.jp/", "内容": "どんどんまもろうクリニックしらさぎ【2:診療所】【診療科目:0】栃木県河内郡上三川町しらさぎ１丁目４１－１７" }, "geometry": { "type": "Point", "coordinates": [ 139.913685, 36.439983 ] } },
{ "type": "Feature", "properties": { "ID": 920912302296, "正式名称": "ちば整形外科クリニック", "機関区分": 2, "都道府県コード": 9, "市区町村コード": 216, "所在地": "栃木県下野市烏ケ森１－４", "緯度": 36.3842592, "経度": 139.854049, "url": "https://www.iryou.teikyouseido.mhlw.go.jp/znk-web/juminkanja/S2430/initialize?prefCd=09&kikanCd=20912302296&kikanKbn=2", "url2": null, "内容": "ちば整形外科クリニック【2:診療所】【診療科目:0】栃木県下野市烏ケ森１－４" }, "geometry": { "type": "Point", "coordinates": [ 139.854049, 36.3842592 ] } },
{ "type": "Feature", "properties": { "ID": 920912310224, "正式名称": "かくた呼吸器内科・乳腺クリニック", "機関区分": 2, "都道府県コード": 9, "市区町村コード": 216, "所在地": "栃木県下野市石橋５４９", "緯度": 36.436874, "経度": 139.86374, "url": "https://www.iryou.teikyouseido.mhlw.go.jp/znk-web/juminkanja/S2430/initialize?prefCd=09&kikanCd=20912310224&kikanKbn=2", "url2": null, "内容": "かくた呼吸器内科・乳腺クリニック【2:診療所】【診療科目:0】栃木県下野市石橋５４９" }, "geometry": { "type": "Point", "coordinates": [ 139.86374, 36.436874 ] } },
{ "type": "Feature", "properties": { "ID": 920912310448, "正式名称": "医療法人　宮澤クリニック", "機関区分": 2, "都道府県コード": 9, "市区町村コード": 216, "所在地": "栃木県下野市柴２９１－２", "緯度": 36.37123, "経度": 139.861211, "url": "https://www.iryou.teikyouseido.mhlw.go.jp/znk-web/juminkanja/S2430/initialize?prefCd=09&kikanCd=20912310448&kikanKbn=2", "url2": "https://miya-naika.com/", "内容": "医療法人　宮澤クリニック【2:診療所】【診療科目:0】栃木県下野市柴２９１－２" }, "geometry": { "type": "Point", "coordinates": [ 139.861211, 36.37123 ] } },
{ "type": "Feature", "properties": { "ID": 920912311008, "正式名称": "おもちゃのまち　さとう眼科", "機関区分": 2, "都道府県コード": 9, "市区町村コード": 361, "所在地": "栃木県下都賀郡壬生町北小林１０６８－１", "緯度": 36.478478, "経度": 139.821461, "url": "https://www.iryou.teikyouseido.mhlw.go.jp/znk-web/juminkanja/S2430/initialize?prefCd=09&kikanCd=20912311008&kikanKbn=2", "url2": "sato-eye.jp", "内容": "おもちゃのまち　さとう眼科【2:診療所】【診療科目:0】栃木県下都賀郡壬生町北小林１０６８－１" }, "geometry": { "type": "Point", "coordinates": [ 139.821461, 36.478478 ] } },
{ "type": "Feature", "properties": { "ID": 920912311024, "正式名称": "獨協医科大学健康管理診療所", "機関区分": 2, "都道府県コード": 9, "市区町村コード": 361, "所在地": "栃木県下都賀郡壬生町大字北小林８８０番地", "緯度": 36.47961, "経度": 139.82019, "url": "https://www.iryou.teikyouseido.mhlw.go.jp/znk-web/juminkanja/S2430/initialize?prefCd=09&kikanCd=20912311024&kikanKbn=2", "url2": "https://www.dokkyomed.ac.jp/dmu/research/facility/health.html", "内容": "獨協医科大学健康管理診療所【2:診療所】【診療科目:0】栃木県下都賀郡壬生町大字北小林８８０番地" }, "geometry": { "type": "Point", "coordinates": [ 139.82019, 36.47961 ] } },
{ "type": "Feature", "properties": { "ID": 920912510781, "正式名称": "医療法人社団　珠泉会　あしのメディカルクリニック", "機関区分": 2, "都道府県コード": 9, "市区町村コード": 407, "所在地": "栃木県那須郡那須町芦野１４６９－２６４", "緯度": 36.989279, "経度": 140.150114, "url": "https://www.iryou.teikyouseido.mhlw.go.jp/znk-web/juminkanja/S2430/initialize?prefCd=09&kikanCd=20912510781&kikanKbn=2", "url2": "http://syusenkai.or.jp/ashino-mc.html", "内容": "医療法人社団　珠泉会　あしのメディカルクリニック【2:診療所】【診療科目:0】栃木県那須郡那須町芦野１４６９－２６４" }, "geometry": { "type": "Point", "coordinates": [ 140.150114, 36.989279 ] } },
{ "type": "Feature", "properties": { "ID": 920912510815, "正式名称": "医療法人眞晴会　田﨑医院", "機関区分": 2, "都道府県コード": 9, "市区町村コード": 407, "所在地": "栃木県那須郡那須町寺子丙１－５６", "緯度": 37.04344, "経度": 140.07573, "url": "https://www.iryou.teikyouseido.mhlw.go.jp/znk-web/juminkanja/S2430/initialize?prefCd=09&kikanCd=20912510815&kikanKbn=2", "url2": null, "内容": "医療法人眞晴会　田﨑医院【2:診療所】【診療科目:0】栃木県那須郡那須町寺子丙１－５６" }, "geometry": { "type": "Point", "coordinates": [ 140.07573, 37.04344 ] } },
{ "type": "Feature", "properties": { "ID": 920912610367, "正式名称": "医療法人社団　深澤クリニック", "機関区分": 2, "都道府県コード": 9, "市区町村コード": 386, "所在地": "栃木県塩谷郡高根沢町平田１９２０－１", "緯度": 36.65654, "経度": 140.02997, "url": "https://www.iryou.teikyouseido.mhlw.go.jp/znk-web/juminkanja/S2430/initialize?prefCd=09&kikanCd=20912610367&kikanKbn=2", "url2": "http://fukasawaclinic.com/index.html", "内容": "医療法人社団　深澤クリニック【2:診療所】【診療科目:0】栃木県塩谷郡高根沢町平田１９２０－１" }, "geometry": { "type": "Point", "coordinates": [ 140.02997, 36.65654 ] } },
{ "type": "Feature", "properties": { "ID": 920912610516, "正式名称": "中川耳鼻咽喉科医院", "機関区分": 2, "都道府県コード": 9, "市区町村コード": 214, "所在地": "栃木県さくら市氏家１８１８", "緯度": 36.681946, "経度": 139.96648, "url": "https://www.iryou.teikyouseido.mhlw.go.jp/znk-web/juminkanja/S2430/initialize?prefCd=09&kikanCd=20912610516&kikanKbn=2", "url2": null, "内容": "中川耳鼻咽喉科医院【2:診療所】【診療科目:0】栃木県さくら市氏家１８１８" }, "geometry": { "type": "Point", "coordinates": [ 139.96648, 36.681946 ] } },
{ "type": "Feature", "properties": { "ID": 921310308, "正式名称": "運天眼科", "機関区分": 2, "都道府県コード": 9, "市区町村コード": 213, "所在地": "栃木県那須塩原市豊住町７９－１３", "緯度": 36.974763, "経度": 140.045099, "url": "https://www.iryou.teikyouseido.mhlw.go.jp/znk-web/juminkanja/S2430/initialize?prefCd=09&kikanCd=21310308&kikanKbn=2", "url2": "https://www.unten.or.jp/", "内容": "運天眼科【2:診療所】【診療科目:0】栃木県那須塩原市豊住町７９－１３" }, "geometry": { "type": "Point", "coordinates": [ 140.045099, 36.974763 ] } },
{ "type": "Feature", "properties": { "ID": 922090000001, "正式名称": "真岡市休日夜間急患診療所", "機関区分": 2, "都道府県コード": 9, "市区町村コード": 209, "所在地": "栃木県真岡市中萩二丁目１０番地２", "緯度": 36.450947, "経度": 140.012013, "url": "https://www.iryou.teikyouseido.mhlw.go.jp/znk-web/juminkanja/S2430/initialize?prefCd=09&kikanCd=22090000001&kikanKbn=2", "url2": "https://www.city.moka.lg.jp/kakuka/kenkozoshin/gyomu/iryo/iryokikan/3/1210.html", "内容": "真岡市休日夜間急患診療所【2:診療所】【診療科目:0】栃木県真岡市中萩二丁目１０番地２" }, "geometry": { "type": "Point", "coordinates": [ 140.012013, 36.450947 ] } },
{ "type": "Feature", "properties": { "ID": 922090000002, "正式名称": "ひらいで公園腎クリニック", "機関区分": 2, "都道府県コード": 9, "市区町村コード": 201, "所在地": "栃木県宇都宮市平出工業団地３０－１２", "緯度": 36.570406, "経度": 139.936518, "url": "https://www.iryou.teikyouseido.mhlw.go.jp/znk-web/juminkanja/S2430/initialize?prefCd=09&kikanCd=22090000002&kikanKbn=2", "url2": "http://hiraide-clinic.com", "内容": "ひらいで公園腎クリニック【2:診療所】【診療科目:0】栃木県宇都宮市平出工業団地３０－１２" }, "geometry": { "type": "Point", "coordinates": [ 139.936518, 36.570406 ] } },
{ "type": "Feature", "properties": { "ID": 922090000003, "正式名称": "ｋｅｉクリニック", "機関区分": 2, "都道府県コード": 9, "市区町村コード": 208, "所在地": "栃木県小山市中央町３丁目７番１号　ロブレ７階", "緯度": 36.312654, "経度": 139.805238, "url": "https://www.iryou.teikyouseido.mhlw.go.jp/znk-web/juminkanja/S2430/initialize?prefCd=09&kikanCd=22090000003&kikanKbn=2", "url2": "https://kei.clinic", "内容": "ｋｅｉクリニック【2:診療所】【診療科目:0】栃木県小山市中央町３丁目７番１号　ロブレ７階" }, "geometry": { "type": "Point", "coordinates": [ 139.805238, 36.312654 ] } },
{ "type": "Feature", "properties": { "ID": 922090000004, "正式名称": "菅間在宅診療所", "機関区分": 2, "都道府県コード": 9, "市区町村コード": 213, "所在地": "栃木県那須塩原市大黒町２－５", "緯度": 36.971491, "経度": 140.049359, "url": "https://www.iryou.teikyouseido.mhlw.go.jp/znk-web/juminkanja/S2430/initialize?prefCd=09&kikanCd=22090000004&kikanKbn=2", "url2": "http://www.hakuai.or.jp", "内容": "菅間在宅診療所【2:診療所】【診療科目:0】栃木県那須塩原市大黒町２－５" }, "geometry": { "type": "Point", "coordinates": [ 140.049359, 36.971491 ] } },
{ "type": "Feature", "properties": { "ID": 922090000005, "正式名称": "医療法人徳真会ましこ令和クリニック", "機関区分": 2, "都道府県コード": 9, "市区町村コード": 342, "所在地": "栃木県芳賀郡益子町北中９３５－１", "緯度": 36.478471, "経度": 140.096798, "url": "https://www.iryou.teikyouseido.mhlw.go.jp/znk-web/juminkanja/S2430/initialize?prefCd=09&kikanCd=22090000005&kikanKbn=2", "url2": null, "内容": "医療法人徳真会ましこ令和クリニック【2:診療所】【診療科目:0】栃木県芳賀郡益子町北中９３５－１" }, "geometry": { "type": "Point", "coordinates": [ 140.096798, 36.478471 ] } },
{ "type": "Feature", "properties": { "ID": 922090000007, "正式名称": "くろき内科クリニック", "機関区分": 2, "都道府県コード": 9, "市区町村コード": 203, "所在地": "栃木県栃木市大平町牛久１９９－２", "緯度": 36.360098, "経度": 139.729166, "url": "https://www.iryou.teikyouseido.mhlw.go.jp/znk-web/juminkanja/S2430/initialize?prefCd=09&kikanCd=22090000007&kikanKbn=2", "url2": "https://kuroki-naika.net/", "内容": "くろき内科クリニック【2:診療所】【診療科目:0】栃木県栃木市大平町牛久１９９－２" }, "geometry": { "type": "Point", "coordinates": [ 139.729166, 36.360098 ] } },
{ "type": "Feature", "properties": { "ID": 922090000008, "正式名称": "畠山医科歯科クリニック", "機関区分": 2, "都道府県コード": 9, "市区町村コード": 203, "所在地": "栃木県栃木市平柳町２－１２－３９", "緯度": 36.394095, "経度": 139.743204, "url": "https://www.iryou.teikyouseido.mhlw.go.jp/znk-web/juminkanja/S2430/initialize?prefCd=09&kikanCd=22090000008&kikanKbn=2", "url2": "https://www.hatakeyama-mdclinic.com/", "内容": "畠山医科歯科クリニック【2:診療所】【診療科目:0】栃木県栃木市平柳町２－１２－３９" }, "geometry": { "type": "Point", "coordinates": [ 139.743204, 36.394095 ] } },
{ "type": "Feature", "properties": { "ID": 922090000009, "正式名称": "おやまゆうえんアイクリニック", "機関区分": 2, "都道府県コード": 9, "市区町村コード": 208, "所在地": "栃木県小山市喜沢１４７５　おやまゆうえんハーヴェストウォーク２階", "緯度": 36.334217, "経度": 139.809339, "url": "https://www.iryou.teikyouseido.mhlw.go.jp/znk-web/juminkanja/S2430/initialize?prefCd=09&kikanCd=22090000009&kikanKbn=2", "url2": null, "内容": "おやまゆうえんアイクリニック【2:診療所】【診療科目:0】栃木県小山市喜沢１４７５　おやまゆうえんハーヴェストウォーク２階" }, "geometry": { "type": "Point", "coordinates": [ 139.809339, 36.334217 ] } },
{ "type": "Feature", "properties": { "ID": 922090000010, "正式名称": "しん陽東クリニック", "機関区分": 2, "都道府県コード": 9, "市区町村コード": 201, "所在地": "栃木県宇都宮市陽東７－２７７０－３", "緯度": 36.548975, "経度": 139.928256, "url": "https://www.iryou.teikyouseido.mhlw.go.jp/znk-web/juminkanja/S2430/initialize?prefCd=09&kikanCd=22090000010&kikanKbn=2", "url2": null, "内容": "しん陽東クリニック【2:診療所】【診療科目:0】栃木県宇都宮市陽東７－２７７０－３" }, "geometry": { "type": "Point", "coordinates": [ 139.928256, 36.548975 ] } },
{ "type": "Feature", "properties": { "ID": 922090000013, "正式名称": "こもりクリニック", "機関区分": 2, "都道府県コード": 9, "市区町村コード": 201, "所在地": "栃木県宇都宮市中岡本町２９８８－１", "緯度": 36.613205, "経度": 139.94386, "url": "https://www.iryou.teikyouseido.mhlw.go.jp/znk-web/juminkanja/S2430/initialize?prefCd=09&kikanCd=22090000013&kikanKbn=2", "url2": null, "内容": "こもりクリニック【2:診療所】【診療科目:0】栃木県宇都宮市中岡本町２９８８－１" }, "geometry": { "type": "Point", "coordinates": [ 139.94386, 36.613205 ] } },
{ "type": "Feature", "properties": { "ID": 922090000014, "正式名称": "特別養護老人ホーム　あしかが西の杜医務室", "機関区分": 2, "都道府県コード": 9, "市区町村コード": 202, "所在地": "栃木県足利市山下町２４２２－１", "緯度": 36.350214, "経度": 139.416273, "url": "https://www.iryou.teikyouseido.mhlw.go.jp/znk-web/juminkanja/S2430/initialize?prefCd=09&kikanCd=22090000014&kikanKbn=2", "url2": null, "内容": "特別養護老人ホーム　あしかが西の杜医務室【2:診療所】【診療科目:0】栃木県足利市山下町２４２２－１" }, "geometry": { "type": "Point", "coordinates": [ 139.416273, 36.350214 ] } },
{ "type": "Feature", "properties": { "ID": 922090000016, "正式名称": "医療法人社団廣和会　いざわ脳神経内科", "機関区分": 2, "都道府県コード": 9, "市区町村コード": 202, "所在地": "栃木県足利市中川町３６４９", "緯度": 36.331404, "経度": 139.425485, "url": "https://www.iryou.teikyouseido.mhlw.go.jp/znk-web/juminkanja/S2430/initialize?prefCd=09&kikanCd=22090000016&kikanKbn=2", "url2": "https://izawa-clinic.com", "内容": "医療法人社団廣和会　いざわ脳神経内科【2:診療所】【診療科目:0】栃木県足利市中川町３６４９" }, "geometry": { "type": "Point", "coordinates": [ 139.425485, 36.331404 ] } },
{ "type": "Feature", "properties": { "ID": 922090000018, "正式名称": "ゆはし医院", "機関区分": 2, "都道府県コード": 9, "市区町村コード": 202, "所在地": "栃木県足利市大町１２－２", "緯度": 36.334394, "経度": 139.458154, "url": "https://www.iryou.teikyouseido.mhlw.go.jp/znk-web/juminkanja/S2430/initialize?prefCd=09&kikanCd=22090000018&kikanKbn=2", "url2": "http://yuhashi-iin.com", "内容": "ゆはし医院【2:診療所】【診療科目:0】栃木県足利市大町１２－２" }, "geometry": { "type": "Point", "coordinates": [ 139.458154, 36.334394 ] } },
{ "type": "Feature", "properties": { "ID": 922090000020, "正式名称": "とちぎっ子発達クリニック", "機関区分": 2, "都道府県コード": 9, "市区町村コード": 216, "所在地": "栃木県下野市下古山３２９４－１", "緯度": 36.457118, "経度": 139.861944, "url": "https://www.iryou.teikyouseido.mhlw.go.jp/znk-web/juminkanja/S2430/initialize?prefCd=09&kikanCd=22090000020&kikanKbn=2", "url2": "https://tochigikko.com", "内容": "とちぎっ子発達クリニック【2:診療所】【診療科目:0】栃木県下野市下古山３２９４－１" }, "geometry": { "type": "Point", "coordinates": [ 139.861944, 36.457118 ] } },
{ "type": "Feature", "properties": { "ID": 922090000021, "正式名称": "内藤医院", "機関区分": 2, "都道府県コード": 9, "市区町村コード": 208, "所在地": "栃木県小山市東城南３－１２－１０", "緯度": 36.292669, "経度": 139.813102, "url": "https://www.iryou.teikyouseido.mhlw.go.jp/znk-web/juminkanja/S2430/initialize?prefCd=09&kikanCd=22090000021&kikanKbn=2", "url2": null, "内容": "内藤医院【2:診療所】【診療科目:0】栃木県小山市東城南３－１２－１０" }, "geometry": { "type": "Point", "coordinates": [ 139.813102, 36.292669 ] } },
{ "type": "Feature", "properties": { "ID": 922090000022, "正式名称": "ＡＧＡスキンクリニック宇都宮院", "機関区分": 2, "都道府県コード": 9, "市区町村コード": 201, "所在地": "栃木県宇都宮市東宿郷１－４－９　ＭＫビル６－Ａ号室", "緯度": 36.559191, "経度": 139.901835, "url": "https://www.iryou.teikyouseido.mhlw.go.jp/znk-web/juminkanja/S2430/initialize?prefCd=09&kikanCd=22090000022&kikanKbn=2", "url2": "https://www.agaskin.net/ua/", "内容": "ＡＧＡスキンクリニック宇都宮院【2:診療所】【診療科目:0】栃木県宇都宮市東宿郷１－４－９　ＭＫビル６－Ａ号室" }, "geometry": { "type": "Point", "coordinates": [ 139.901835, 36.559191 ] } },
{ "type": "Feature", "properties": { "ID": 922090000025, "正式名称": "せきやま泌尿器科内科クリニック", "機関区分": 2, "都道府県コード": 9, "市区町村コード": 201, "所在地": "栃木県宇都宮市鶴田町１２９５－２", "緯度": 36.551009, "経度": 139.855161, "url": "https://www.iryou.teikyouseido.mhlw.go.jp/znk-web/juminkanja/S2430/initialize?prefCd=09&kikanCd=22090000025&kikanKbn=2", "url2": "https://sekiyama-uro.com/", "内容": "せきやま泌尿器科内科クリニック【2:診療所】【診療科目:0】栃木県宇都宮市鶴田町１２９５－２" }, "geometry": { "type": "Point", "coordinates": [ 139.855161, 36.551009 ] } },
{ "type": "Feature", "properties": { "ID": 922090000026, "正式名称": "ゆりなメディカルパーク", "機関区分": 2, "都道府県コード": 9, "市区町村コード": 364, "所在地": "栃木県下都賀郡野木町丸林６６２－３", "緯度": 36.226546, "経度": 139.736095, "url": "https://www.iryou.teikyouseido.mhlw.go.jp/znk-web/juminkanja/S2430/initialize?prefCd=09&kikanCd=22090000026&kikanKbn=2", "url2": "https://yurina-mp.com/", "内容": "ゆりなメディカルパーク【2:診療所】【診療科目:0】栃木県下都賀郡野木町丸林６６２－３" }, "geometry": { "type": "Point", "coordinates": [ 139.736095, 36.226546 ] } },
{ "type": "Feature", "properties": { "ID": 922090000027, "正式名称": "おだかキッズクリニック", "機関区分": 2, "都道府県コード": 9, "市区町村コード": 216, "所在地": "栃木県下野市薬師寺２８６６－１", "緯度": 36.395578, "経度": 139.867869, "url": "https://www.iryou.teikyouseido.mhlw.go.jp/znk-web/juminkanja/S2430/initialize?prefCd=09&kikanCd=22090000027&kikanKbn=2", "url2": "https://odaka-kids.com", "内容": "おだかキッズクリニック【2:診療所】【診療科目:0】栃木県下野市薬師寺２８６６－１" }, "geometry": { "type": "Point", "coordinates": [ 139.867869, 36.395578 ] } },
{ "type": "Feature", "properties": { "ID": 922090000029, "正式名称": "長嶋麻酔科クリニック", "機関区分": 2, "都道府県コード": 9, "市区町村コード": 201, "所在地": "栃木県宇都宮市陽東６－７－１　ベルコート５０７合計", "緯度": 36.555207, "経度": 139.930166, "url": "https://www.iryou.teikyouseido.mhlw.go.jp/znk-web/juminkanja/S2430/initialize?prefCd=09&kikanCd=22090000029&kikanKbn=2", "url2": null, "内容": "長嶋麻酔科クリニック【2:診療所】【診療科目:0】栃木県宇都宮市陽東６－７－１　ベルコート５０７合計" }, "geometry": { "type": "Point", "coordinates": [ 139.930166, 36.555207 ] } },
{ "type": "Feature", "properties": { "ID": 922090000030, "正式名称": "医療法人中田会　中田ウィメンズ＆ＡＲＴクリニック", "機関区分": 2, "都道府県コード": 9, "市区町村コード": 201, "所在地": "栃木県宇都宮市馬場通り３－４－７　宇都宮ＰＥＡＫＳ２Ｆ", "緯度": 36.560551, "経度": 139.888353, "url": "https://www.iryou.teikyouseido.mhlw.go.jp/znk-web/juminkanja/S2430/initialize?prefCd=09&kikanCd=22090000030&kikanKbn=2", "url2": "http://nakada-clinic.net/womens-art/index.html", "内容": "医療法人中田会　中田ウィメンズ＆ＡＲＴクリニック【2:診療所】【診療科目:0】栃木県宇都宮市馬場通り３－４－７　宇都宮ＰＥＡＫＳ２Ｆ" }, "geometry": { "type": "Point", "coordinates": [ 139.888353, 36.560551 ] } },
{ "type": "Feature", "properties": { "ID": 922090000031, "正式名称": "ムラキクリニック", "機関区分": 2, "都道府県コード": 9, "市区町村コード": 213, "所在地": "栃木県那須塩原市沓掛３－８－２５", "緯度": 36.94011, "経度": 140.020731, "url": "https://www.iryou.teikyouseido.mhlw.go.jp/znk-web/juminkanja/S2430/initialize?prefCd=09&kikanCd=22090000031&kikanKbn=2", "url2": "https://www.muraki.gr.jp/", "内容": "ムラキクリニック【2:診療所】【診療科目:0】栃木県那須塩原市沓掛３－８－２５" }, "geometry": { "type": "Point", "coordinates": [ 140.020731, 36.94011 ] } },
{ "type": "Feature", "properties": { "ID": 922090000032, "正式名称": "下都賀こどもの発達とこころのクリニック", "機関区分": 2, "都道府県コード": 9, "市区町村コード": 203, "所在地": "栃木県栃木市城内町２－５１－２１", "緯度": 36.36812, "経度": 139.745583, "url": "https://www.iryou.teikyouseido.mhlw.go.jp/znk-web/juminkanja/S2430/initialize?prefCd=09&kikanCd=22090000032&kikanKbn=2", "url2": null, "内容": "下都賀こどもの発達とこころのクリニック【2:診療所】【診療科目:0】栃木県栃木市城内町２－５１－２１" }, "geometry": { "type": "Point", "coordinates": [ 139.745583, 36.36812 ] } },
{ "type": "Feature", "properties": { "ID": 922090000033, "正式名称": "芳賀メディカルクリニック", "機関区分": 2, "都道府県コード": 9, "市区町村コード": 345, "所在地": "栃木県芳賀郡芳賀町祖母井南３－１－１", "緯度": 36.544825, "経度": 140.062231, "url": "https://www.iryou.teikyouseido.mhlw.go.jp/znk-web/juminkanja/S2430/initialize?prefCd=09&kikanCd=22090000033&kikanKbn=2", "url2": "https://wano-kai.com/haga-med-clinic/", "内容": "芳賀メディカルクリニック【2:診療所】【診療科目:0】栃木県芳賀郡芳賀町祖母井南３－１－１" }, "geometry": { "type": "Point", "coordinates": [ 140.062231, 36.544825 ] } },
{ "type": "Feature", "properties": { "ID": 922090000035, "正式名称": "本田技研工業株式会社四輪事業本部ものづくりセンター管理統括部総務部西健康管理センター（ＴＷ）", "機関区分": 2, "都道府県コード": 9, "市区町村コード": 345, "所在地": "栃木県芳賀郡芳賀町芳賀台６－１", "緯度": 36.571989, "経度": 140.003766, "url": "https://www.iryou.teikyouseido.mhlw.go.jp/znk-web/juminkanja/S2430/initialize?prefCd=09&kikanCd=22090000035&kikanKbn=2", "url2": null, "内容": "本田技研工業株式会社四輪事業本部ものづくりセンター管理統括部総務部西健康管理センター（ＴＷ）【2:診療所】【診療科目:0】栃木県芳賀郡芳賀町芳賀台６－１" }, "geometry": { "type": "Point", "coordinates": [ 140.003766, 36.571989 ] } },
{ "type": "Feature", "properties": { "ID": 922090000037, "正式名称": "伊東眼科", "機関区分": 2, "都道府県コード": 9, "市区町村コード": 201, "所在地": "栃木県宇都宮市北一の沢町８－６", "緯度": 36.56922, "経度": 139.862153, "url": "https://www.iryou.teikyouseido.mhlw.go.jp/znk-web/juminkanja/S2430/initialize?prefCd=09&kikanCd=22090000037&kikanKbn=2", "url2": "https://itoh-eyeclinic.com/", "内容": "伊東眼科【2:診療所】【診療科目:0】栃木県宇都宮市北一の沢町８－６" }, "geometry": { "type": "Point", "coordinates": [ 139.862153, 36.56922 ] } },
{ "type": "Feature", "properties": { "ID": 922090000038, "正式名称": "メンタルクリニックやまざき", "機関区分": 2, "都道府県コード": 9, "市区町村コード": 201, "所在地": "栃木県宇都宮市桜５－３－１", "緯度": 36.563121, "経度": 139.866486, "url": "https://www.iryou.teikyouseido.mhlw.go.jp/znk-web/juminkanja/S2430/initialize?prefCd=09&kikanCd=22090000038&kikanKbn=2", "url2": "https://mental-clinic-yamazaki.com/", "内容": "メンタルクリニックやまざき【2:診療所】【診療科目:0】栃木県宇都宮市桜５－３－１" }, "geometry": { "type": "Point", "coordinates": [ 139.866486, 36.563121 ] } },
{ "type": "Feature", "properties": { "ID": 922090000039, "正式名称": "とちぎスポーツ医科学センターメディカルルーム", "機関区分": 2, "都道府県コード": 9, "市区町村コード": 201, "所在地": "栃木県宇都宮市西川田４－１－１　カンセキスタジアム　とちぎ内", "緯度": 36.510796, "経度": 139.859275, "url": "https://www.iryou.teikyouseido.mhlw.go.jp/znk-web/juminkanja/S2430/initialize?prefCd=09&kikanCd=22090000039&kikanKbn=2", "url2": null, "内容": "とちぎスポーツ医科学センターメディカルルーム【2:診療所】【診療科目:0】栃木県宇都宮市西川田４－１－１　カンセキスタジアム　とちぎ内" }, "geometry": { "type": "Point", "coordinates": [ 139.859275, 36.510796 ] } },
{ "type": "Feature", "properties": { "ID": 922090000040, "正式名称": "エミナルクリニック宇都宮院", "機関区分": 2, "都道府県コード": 9, "市区町村コード": 201, "所在地": "栃木県宇都宮市馬場通り２－３－６真清館３階・４階", "緯度": 36.56107, "経度": 139.885038, "url": "https://www.iryou.teikyouseido.mhlw.go.jp/znk-web/juminkanja/S2430/initialize?prefCd=09&kikanCd=22090000040&kikanKbn=2", "url2": "https://eminal-clinic.jp/clinic/c_utsunomiya/", "内容": "エミナルクリニック宇都宮院【2:診療所】【診療科目:0】栃木県宇都宮市馬場通り２－３－６真清館３階・４階" }, "geometry": { "type": "Point", "coordinates": [ 139.885038, 36.56107 ] } },
{ "type": "Feature", "properties": { "ID": 922090000042, "正式名称": "医療法人社団輝会　つばさクリニック", "機関区分": 2, "都道府県コード": 9, "市区町村コード": 216, "所在地": "栃木県下野市大光寺２－１９－７ユーミーレインボー２０４", "緯度": 36.42765, "経度": 139.851002, "url": "https://www.iryou.teikyouseido.mhlw.go.jp/znk-web/juminkanja/S2430/initialize?prefCd=09&kikanCd=22090000042&kikanKbn=2", "url2": null, "内容": "医療法人社団輝会　つばさクリニック【2:診療所】【診療科目:0】栃木県下野市大光寺２－１９－７ユーミーレインボー２０４" }, "geometry": { "type": "Point", "coordinates": [ 139.851002, 36.42765 ] } },
{ "type": "Feature", "properties": { "ID": 922090000043, "正式名称": "真岡みみ・はな・のどクリニック", "機関区分": 2, "都道府県コード": 9, "市区町村コード": 209, "所在地": "栃木県真岡市亀山３２４－８", "緯度": 36.456534, "経度": 139.988907, "url": "https://www.iryou.teikyouseido.mhlw.go.jp/znk-web/juminkanja/S2430/initialize?prefCd=09&kikanCd=22090000043&kikanKbn=2", "url2": "https://moka-ent-clinic.com/", "内容": "真岡みみ・はな・のどクリニック【2:診療所】【診療科目:0】栃木県真岡市亀山３２４－８" }, "geometry": { "type": "Point", "coordinates": [ 139.988907, 36.456534 ] } },
{ "type": "Feature", "properties": { "ID": 922090000045, "正式名称": "ＭＳＣルナクリニック", "機関区分": 2, "都道府県コード": 9, "市区町村コード": 201, "所在地": "栃木県宇都宮市インターパーク２－３－１６", "緯度": 36.501741, "経度": 139.907638, "url": "https://www.iryou.teikyouseido.mhlw.go.jp/znk-web/juminkanja/S2430/initialize?prefCd=09&kikanCd=22090000045&kikanKbn=2", "url2": null, "内容": "ＭＳＣルナクリニック【2:診療所】【診療科目:0】栃木県宇都宮市インターパーク２－３－１６" }, "geometry": { "type": "Point", "coordinates": [ 139.907638, 36.501741 ] } },
{ "type": "Feature", "properties": { "ID": 922090000046, "正式名称": "さつきホームクリニック鹿沼", "機関区分": 2, "都道府県コード": 9, "市区町村コード": 205, "所在地": "栃木県鹿沼市栄町２丁目２０番１", "緯度": 36.550739, "経度": 139.776766, "url": "https://www.iryou.teikyouseido.mhlw.go.jp/znk-web/juminkanja/S2430/initialize?prefCd=09&kikanCd=22090000046&kikanKbn=2", "url2": "https://satsuki-hc.com/", "内容": "さつきホームクリニック鹿沼【2:診療所】【診療科目:0】栃木県鹿沼市栄町２丁目２０番１" }, "geometry": { "type": "Point", "coordinates": [ 139.776766, 36.550739 ] } },
{ "type": "Feature", "properties": { "ID": 922090000047, "正式名称": "医療法人社団湘山会　とちの葉クリニック", "機関区分": 2, "都道府県コード": 9, "市区町村コード": 201, "所在地": "栃木県宇都宮市中岡本町２３８９－１", "緯度": 36.613828, "経度": 139.948343, "url": "https://www.iryou.teikyouseido.mhlw.go.jp/znk-web/juminkanja/S2430/initialize?prefCd=09&kikanCd=22090000047&kikanKbn=2", "url2": "https://tochinoha-cl.com/", "内容": "医療法人社団湘山会　とちの葉クリニック【2:診療所】【診療科目:0】栃木県宇都宮市中岡本町２３８９－１" }, "geometry": { "type": "Point", "coordinates": [ 139.948343, 36.613828 ] } },
{ "type": "Feature", "properties": { "ID": 922090000048, "正式名称": "今泉町眼科診療所", "機関区分": 2, "都道府県コード": 9, "市区町村コード": 201, "所在地": "栃木県宇都宮市今泉町２３７　福田屋３階", "緯度": 36.573542, "経度": 139.900284, "url": "https://www.iryou.teikyouseido.mhlw.go.jp/znk-web/juminkanja/S2430/initialize?prefCd=09&kikanCd=22090000048&kikanKbn=2", "url2": null, "内容": "今泉町眼科診療所【2:診療所】【診療科目:0】栃木県宇都宮市今泉町２３７　福田屋３階" }, "geometry": { "type": "Point", "coordinates": [ 139.900284, 36.573542 ] } },
{ "type": "Feature", "properties": { "ID": 922090000051, "正式名称": "石井町クリニック", "機関区分": 2, "都道府県コード": 9, "市区町村コード": 201, "所在地": "栃木県宇都宮市石井町２８００－１５５", "緯度": 36.546063, "経度": 139.928598, "url": "https://www.iryou.teikyouseido.mhlw.go.jp/znk-web/juminkanja/S2430/initialize?prefCd=09&kikanCd=22090000051&kikanKbn=2", "url2": "https://www.ishiimachi-cl.com", "内容": "石井町クリニック【2:診療所】【診療科目:0】栃木県宇都宮市石井町２８００－１５５" }, "geometry": { "type": "Point", "coordinates": [ 139.928598, 36.546063 ] } },
{ "type": "Feature", "properties": { "ID": 922090000052, "正式名称": "松が峰メンタルクリニック", "機関区分": 2, "都道府県コード": 9, "市区町村コード": 201, "所在地": "栃木県宇都宮市松が峰２－７－１３", "緯度": 36.555945, "経度": 139.880506, "url": "https://www.iryou.teikyouseido.mhlw.go.jp/znk-web/juminkanja/S2430/initialize?prefCd=09&kikanCd=22090000052&kikanKbn=2", "url2": "https://matsugamine-mc.com", "内容": "松が峰メンタルクリニック【2:診療所】【診療科目:0】栃木県宇都宮市松が峰２－７－１３" }, "geometry": { "type": "Point", "coordinates": [ 139.880506, 36.555945 ] } },
{ "type": "Feature", "properties": { "ID": 922090000053, "正式名称": "医療法人社団大衛会宇都宮駅前比企クリニック", "機関区分": 2, "都道府県コード": 9, "市区町村コード": 201, "所在地": "栃木県宇都宮市一番町２－１１", "緯度": 36.559341, "経度": 139.891089, "url": "https://www.iryou.teikyouseido.mhlw.go.jp/znk-web/juminkanja/S2430/initialize?prefCd=09&kikanCd=22090000053&kikanKbn=2", "url2": "https://hiki-hp.jp/", "内容": "医療法人社団大衛会宇都宮駅前比企クリニック【2:診療所】【診療科目:0】栃木県宇都宮市一番町２－１１" }, "geometry": { "type": "Point", "coordinates": [ 139.891089, 36.559341 ] } },
{ "type": "Feature", "properties": { "ID": 922090000054, "正式名称": "小山ステーション脳神経外科・内科", "機関区分": 2, "都道府県コード": 9, "市区町村コード": 208, "所在地": "栃木県小山市駅東通り１－２－４３小山イーストクロス１０２号室", "緯度": 36.310935, "経度": 139.806373, "url": "https://www.iryou.teikyouseido.mhlw.go.jp/znk-web/juminkanja/S2430/initialize?prefCd=09&kikanCd=22090000054&kikanKbn=2", "url2": "https://oyama-brain.com", "内容": "小山ステーション脳神経外科・内科【2:診療所】【診療科目:0】栃木県小山市駅東通り１－２－４３小山イーストクロス１０２号室" }, "geometry": { "type": "Point", "coordinates": [ 139.806373, 36.310935 ] } },
{ "type": "Feature", "properties": { "ID": 922090000056, "正式名称": "佐野新都市眼科", "機関区分": 2, "都道府県コード": 9, "市区町村コード": 204, "所在地": "栃木県佐野市高萩町１３２４－１イオンモール佐野新都市２階", "緯度": 36.299196, "経度": 139.606351, "url": "https://www.iryou.teikyouseido.mhlw.go.jp/znk-web/juminkanja/S2430/initialize?prefCd=09&kikanCd=22090000056&kikanKbn=2", "url2": "https://sanoshintoshiganka.navi-clinic.jp/", "内容": "佐野新都市眼科【2:診療所】【診療科目:0】栃木県佐野市高萩町１３２４－１イオンモール佐野新都市２階" }, "geometry": { "type": "Point", "coordinates": [ 139.606351, 36.299196 ] } },
{ "type": "Feature", "properties": { "ID": 922090000057, "正式名称": "つばさクリニック那須", "機関区分": 2, "都道府県コード": 9, "市区町村コード": 213, "所在地": "栃木県那須塩原市南郷屋１－１０６セラヴィⅢ４０６", "緯度": 36.892956, "経度": 139.980651, "url": "https://www.iryou.teikyouseido.mhlw.go.jp/znk-web/juminkanja/S2430/initialize?prefCd=09&kikanCd=22090000057&kikanKbn=2", "url2": null, "内容": "つばさクリニック那須【2:診療所】【診療科目:0】栃木県那須塩原市南郷屋１－１０６セラヴィⅢ４０６" }, "geometry": { "type": "Point", "coordinates": [ 139.980651, 36.892956 ] } },
{ "type": "Feature", "properties": { "ID": 922090000059, "正式名称": "そらまめキッズクリニック", "機関区分": 2, "都道府県コード": 9, "市区町村コード": 201, "所在地": "栃木県宇都宮市中戸祭町８２３", "緯度": 36.575194, "経度": 139.87164, "url": "https://www.iryou.teikyouseido.mhlw.go.jp/znk-web/juminkanja/S2430/initialize?prefCd=09&kikanCd=22090000059&kikanKbn=2", "url2": "http://soramamekidscl.jp", "内容": "そらまめキッズクリニック【2:診療所】【診療科目:0】栃木県宇都宮市中戸祭町８２３" }, "geometry": { "type": "Point", "coordinates": [ 139.87164, 36.575194 ] } },
{ "type": "Feature", "properties": { "ID": 922090000060, "正式名称": "ますだトータルケアクリニック", "機関区分": 2, "都道府県コード": 9, "市区町村コード": 204, "所在地": "栃木県佐野市富岡町７５３", "緯度": 36.318845, "経度": 139.598749, "url": "https://www.iryou.teikyouseido.mhlw.go.jp/znk-web/juminkanja/S2430/initialize?prefCd=09&kikanCd=22090000060&kikanKbn=2", "url2": "https://masuda-tc.com/", "内容": "ますだトータルケアクリニック【2:診療所】【診療科目:0】栃木県佐野市富岡町７５３" }, "geometry": { "type": "Point", "coordinates": [ 139.598749, 36.318845 ] } },
{ "type": "Feature", "properties": { "ID": 922090000061, "正式名称": "特別養護老人ホーム三起の花　医務室", "機関区分": 2, "都道府県コード": 9, "市区町村コード": 209, "所在地": "栃木県真岡市堀内１８９７－８", "緯度": 36.482884, "経度": 140.002813, "url": "https://www.iryou.teikyouseido.mhlw.go.jp/znk-web/juminkanja/S2430/initialize?prefCd=09&kikanCd=22090000061&kikanKbn=2", "url2": null, "内容": "特別養護老人ホーム三起の花　医務室【2:診療所】【診療科目:0】栃木県真岡市堀内１８９７－８" }, "geometry": { "type": "Point", "coordinates": [ 140.002813, 36.482884 ] } },
{ "type": "Feature", "properties": { "ID": 922090000062, "正式名称": "寺田クリニック", "機関区分": 2, "都道府県コード": 9, "市区町村コード": 208, "所在地": "栃木県小山市粟宮溜下４７", "緯度": 36.280429, "経度": 139.786624, "url": "https://www.iryou.teikyouseido.mhlw.go.jp/znk-web/juminkanja/S2430/initialize?prefCd=09&kikanCd=22090000062&kikanKbn=2", "url2": "https://www.terada-clinic.net", "内容": "寺田クリニック【2:診療所】【診療科目:0】栃木県小山市粟宮溜下４７" }, "geometry": { "type": "Point", "coordinates": [ 139.786624, 36.280429 ] } },
{ "type": "Feature", "properties": { "ID": 922090000063, "正式名称": "石田耳鼻咽喉科クリニック", "機関区分": 2, "都道府県コード": 9, "市区町村コード": 208, "所在地": "栃木県小山市乙女２－７－２", "緯度": 36.263557, "経度": 139.760129, "url": "https://www.iryou.teikyouseido.mhlw.go.jp/znk-web/juminkanja/S2430/initialize?prefCd=09&kikanCd=22090000063&kikanKbn=2", "url2": "https://www.ishida3387.com", "内容": "石田耳鼻咽喉科クリニック【2:診療所】【診療科目:0】栃木県小山市乙女２－７－２" }, "geometry": { "type": "Point", "coordinates": [ 139.760129, 36.263557 ] } },
{ "type": "Feature", "properties": { "ID": 922090000064, "正式名称": "ぽっぽクリニック", "機関区分": 2, "都道府県コード": 9, "市区町村コード": 213, "所在地": "栃木県那須塩原市石林６６０－１０", "緯度": 36.87936, "経度": 140.003037, "url": "https://www.iryou.teikyouseido.mhlw.go.jp/znk-web/juminkanja/S2430/initialize?prefCd=09&kikanCd=22090000064&kikanKbn=2", "url2": "https://www.poppo-clinic.com/", "内容": "ぽっぽクリニック【2:診療所】【診療科目:0】栃木県那須塩原市石林６６０－１０" }, "geometry": { "type": "Point", "coordinates": [ 140.003037, 36.87936 ] } },
{ "type": "Feature", "properties": { "ID": 922090000075, "正式名称": "コンフォート下野クリニック", "機関区分": 2, "都道府県コード": 9, "市区町村コード": 216, "所在地": "栃木県下野市石橋３０９", "緯度": 36.437598, "経度": 139.855894, "url": "https://www.iryou.teikyouseido.mhlw.go.jp/znk-web/juminkanja/S2430/initialize?prefCd=09&kikanCd=22090000075&kikanKbn=2", "url2": "https://comfort-houmonsinryou.jp/clinics/shimotsuke", "内容": "コンフォート下野クリニック【2:診療所】【診療科目:0】栃木県下野市石橋３０９" }, "geometry": { "type": "Point", "coordinates": [ 139.855894, 36.437598 ] } },
{ "type": "Feature", "properties": { "ID": 922090000076, "正式名称": "村田皮膚科医院", "機関区分": 2, "都道府県コード": 9, "市区町村コード": 216, "所在地": "栃木県下野市医大前３丁目１２－１　２Ｆ", "緯度": 36.397462, "経度": 139.858021, "url": "https://www.iryou.teikyouseido.mhlw.go.jp/znk-web/juminkanja/S2430/initialize?prefCd=09&kikanCd=22090000076&kikanKbn=2", "url2": "http://www.muratahifuka.com", "内容": "村田皮膚科医院【2:診療所】【診療科目:0】栃木県下野市医大前３丁目１２－１　２Ｆ" }, "geometry": { "type": "Point", "coordinates": [ 139.858021, 36.397462 ] } },
{ "type": "Feature", "properties": { "ID": 922090000079, "正式名称": "ふくだ内科クリニック", "機関区分": 2, "都道府県コード": 9, "市区町村コード": 213, "所在地": "栃木県那須塩原市新町１１５－３", "緯度": 36.977009, "経度": 140.036545, "url": "https://www.iryou.teikyouseido.mhlw.go.jp/znk-web/juminkanja/S2430/initialize?prefCd=09&kikanCd=22090000079&kikanKbn=2", "url2": "https://fukudanaika-clinic.com", "内容": "ふくだ内科クリニック【2:診療所】【診療科目:0】栃木県那須塩原市新町１１５－３" }, "geometry": { "type": "Point", "coordinates": [ 140.036545, 36.977009 ] } },
{ "type": "Feature", "properties": { "ID": 922090000081, "正式名称": "ゆいの杜ファミリークリニック", "機関区分": 2, "都道府県コード": 9, "市区町村コード": 201, "所在地": "栃木県宇都宮市ゆいの杜６－２－２８", "緯度": 36.569155, "経度": 139.992934, "url": "https://www.iryou.teikyouseido.mhlw.go.jp/znk-web/juminkanja/S2430/initialize?prefCd=09&kikanCd=22090000081&kikanKbn=2", "url2": "https://www.yuinomori-fc.com", "内容": "ゆいの杜ファミリークリニック【2:診療所】【診療科目:0】栃木県宇都宮市ゆいの杜６－２－２８" }, "geometry": { "type": "Point", "coordinates": [ 139.992934, 36.569155 ] } },
{ "type": "Feature", "properties": { "ID": 922090000082, "正式名称": "満川医院", "機関区分": 2, "都道府県コード": 9, "市区町村コード": 209, "所在地": "栃木県真岡市荒町５２０９", "緯度": 36.440741, "経度": 140.011064, "url": "https://www.iryou.teikyouseido.mhlw.go.jp/znk-web/juminkanja/S2430/initialize?prefCd=09&kikanCd=22090000082&kikanKbn=2", "url2": null, "内容": "満川医院【2:診療所】【診療科目:0】栃木県真岡市荒町５２０９" }, "geometry": { "type": "Point", "coordinates": [ 140.011064, 36.440741 ] } },
{ "type": "Feature", "properties": { "ID": 922090000083, "正式名称": "いしだ内科呼吸器内科クリニック", "機関区分": 2, "都道府県コード": 9, "市区町村コード": 201, "所在地": "栃木県宇都宮市鶴田町３０５８ー３", "緯度": 36.549822, "経度": 139.861968, "url": "https://www.iryou.teikyouseido.mhlw.go.jp/znk-web/juminkanja/S2430/initialize?prefCd=09&kikanCd=22090000083&kikanKbn=2", "url2": "https://www.ishida-naika.com", "内容": "いしだ内科呼吸器内科クリニック【2:診療所】【診療科目:0】栃木県宇都宮市鶴田町３０５８ー３" }, "geometry": { "type": "Point", "coordinates": [ 139.861968, 36.549822 ] } },
{ "type": "Feature", "properties": { "ID": 922090000084, "正式名称": "宇都宮中央眼科", "機関区分": 2, "都道府県コード": 9, "市区町村コード": 201, "所在地": "栃木県宇都宮市砥上町１５１ー４", "緯度": 36.545238, "経度": 139.846388, "url": "https://www.iryou.teikyouseido.mhlw.go.jp/znk-web/juminkanja/S2430/initialize?prefCd=09&kikanCd=22090000084&kikanKbn=2", "url2": "http://utsunimiyachuo-ganka.com", "内容": "宇都宮中央眼科【2:診療所】【診療科目:0】栃木県宇都宮市砥上町１５１ー４" }, "geometry": { "type": "Point", "coordinates": [ 139.846388, 36.545238 ] } },
{ "type": "Feature", "properties": { "ID": 922090000085, "正式名称": "一般財団法人全日本労働福祉協会鹿沼診療所", "機関区分": 2, "都道府県コード": 9, "市区町村コード": 205, "所在地": "栃木県鹿沼市栄町１ー２３ー１９ラフォーレ北原Ａ２０１", "緯度": 36.553402, "経度": 139.773982, "url": "https://www.iryou.teikyouseido.mhlw.go.jp/znk-web/juminkanja/S2430/initialize?prefCd=09&kikanCd=22090000085&kikanKbn=2", "url2": null, "内容": "一般財団法人全日本労働福祉協会鹿沼診療所【2:診療所】【診療科目:0】栃木県鹿沼市栄町１ー２３ー１９ラフォーレ北原Ａ２０１" }, "geometry": { "type": "Point", "coordinates": [ 139.773982, 36.553402 ] } },
{ "type": "Feature", "properties": { "ID": 922090000086, "正式名称": "つきみの里診療所", "機関区分": 2, "都道府県コード": 9, "市区町村コード": 214, "所在地": "栃木県さくら市氏家３２６０ー３", "緯度": 36.705104, "経度": 139.967557, "url": "https://www.iryou.teikyouseido.mhlw.go.jp/znk-web/juminkanja/S2430/initialize?prefCd=09&kikanCd=22090000086&kikanKbn=2", "url2": null, "内容": "つきみの里診療所【2:診療所】【診療科目:0】栃木県さくら市氏家３２６０ー３" }, "geometry": { "type": "Point", "coordinates": [ 139.967557, 36.705104 ] } },
{ "type": "Feature", "properties": { "ID": 922090000087, "正式名称": "横倉皮膚科", "機関区分": 2, "都道府県コード": 9, "市区町村コード": 201, "所在地": "栃木県宇都宮市鶴田町１２９６", "緯度": 36.55143, "経度": 139.855069, "url": "https://www.iryou.teikyouseido.mhlw.go.jp/znk-web/juminkanja/S2430/initialize?prefCd=09&kikanCd=22090000087&kikanKbn=2", "url2": "https://yokokura-hifuka.com", "内容": "横倉皮膚科【2:診療所】【診療科目:0】栃木県宇都宮市鶴田町１２９６" }, "geometry": { "type": "Point", "coordinates": [ 139.855069, 36.55143 ] } },
{ "type": "Feature", "properties": { "ID": 922090000088, "正式名称": "おもと乳腺外科クリニック", "機関区分": 2, "都道府県コード": 9, "市区町村コード": 364, "所在地": "栃木県下都賀郡野木町丸林６２４－１", "緯度": 36.232828, "経度": 139.74233, "url": "https://www.iryou.teikyouseido.mhlw.go.jp/znk-web/juminkanja/S2430/initialize?prefCd=09&kikanCd=22090000088&kikanKbn=2", "url2": "https://omotobreast.com", "内容": "おもと乳腺外科クリニック【2:診療所】【診療科目:0】栃木県下都賀郡野木町丸林６２４－１" }, "geometry": { "type": "Point", "coordinates": [ 139.74233, 36.232828 ] } },
{ "type": "Feature", "properties": { "ID": 922090000090, "正式名称": "あいはらクリニック", "機関区分": 2, "都道府県コード": 9, "市区町村コード": 201, "所在地": "栃木県宇都宮市インターパーク６丁目５－３", "緯度": 36.487185, "経度": 139.905274, "url": "https://www.iryou.teikyouseido.mhlw.go.jp/znk-web/juminkanja/S2430/initialize?prefCd=09&kikanCd=22090000090&kikanKbn=2", "url2": "https://aiharaclinic.jp", "内容": "あいはらクリニック【2:診療所】【診療科目:0】栃木県宇都宮市インターパーク６丁目５－３" }, "geometry": { "type": "Point", "coordinates": [ 139.905274, 36.487185 ] } },
{ "type": "Feature", "properties": { "ID": 922090000091, "正式名称": "やまかわクリニック", "機関区分": 2, "都道府県コード": 9, "市区町村コード": 202, "所在地": "栃木県足利市山川町６２－６", "緯度": 36.321346, "経度": 139.476941, "url": "https://www.iryou.teikyouseido.mhlw.go.jp/znk-web/juminkanja/S2430/initialize?prefCd=09&kikanCd=22090000091&kikanKbn=2", "url2": null, "内容": "やまかわクリニック【2:診療所】【診療科目:0】栃木県足利市山川町６２－６" }, "geometry": { "type": "Point", "coordinates": [ 139.476941, 36.321346 ] } },
{ "type": "Feature", "properties": { "ID": 922090000093, "正式名称": "特別養護老人ホーム　結和の里附属診療所", "機関区分": 2, "都道府県コード": 9, "市区町村コード": 204, "所在地": "栃木県佐野市小見町７３３", "緯度": 36.350101, "経度": 139.57215, "url": "https://www.iryou.teikyouseido.mhlw.go.jp/znk-web/juminkanja/S2430/initialize?prefCd=09&kikanCd=22090000093&kikanKbn=2", "url2": null, "内容": "特別養護老人ホーム　結和の里附属診療所【2:診療所】【診療科目:0】栃木県佐野市小見町７３３" }, "geometry": { "type": "Point", "coordinates": [ 139.57215, 36.350101 ] } },
{ "type": "Feature", "properties": { "ID": 922090000094, "正式名称": "みやの杜つむぎクリニック", "機関区分": 2, "都道府県コード": 9, "市区町村コード": 201, "所在地": "栃木県宇都宮市陽東６－１３－１６", "緯度": 36.553644, "経度": 139.929189, "url": "https://www.iryou.teikyouseido.mhlw.go.jp/znk-web/juminkanja/S2430/initialize?prefCd=09&kikanCd=22090000094&kikanKbn=2", "url2": null, "内容": "みやの杜つむぎクリニック【2:診療所】【診療科目:0】栃木県宇都宮市陽東６－１３－１６" }, "geometry": { "type": "Point", "coordinates": [ 139.929189, 36.553644 ] } },
{ "type": "Feature", "properties": { "ID": 922090000098, "正式名称": "宇都宮消化器・内視鏡内科クリニック", "機関区分": 2, "都道府県コード": 9, "市区町村コード": 201, "所在地": "栃木県宇都宮市下砥上町６９１番地４", "緯度": 36.534261, "経度": 139.849105, "url": "https://www.iryou.teikyouseido.mhlw.go.jp/znk-web/juminkanja/S2430/initialize?prefCd=09&kikanCd=22090000098&kikanKbn=2", "url2": "https://tsuchida-naika.clinic/", "内容": "宇都宮消化器・内視鏡内科クリニック【2:診療所】【診療科目:0】栃木県宇都宮市下砥上町６９１番地４" }, "geometry": { "type": "Point", "coordinates": [ 139.849105, 36.534261 ] } },
{ "type": "Feature", "properties": { "ID": 922090000099, "正式名称": "たかだ形成外科クリニック", "機関区分": 2, "都道府県コード": 9, "市区町村コード": 201, "所在地": "栃木県宇都宮市下砥上町６９１番地５", "緯度": 36.534522, "経度": 139.849352, "url": "https://www.iryou.teikyouseido.mhlw.go.jp/znk-web/juminkanja/S2430/initialize?prefCd=09&kikanCd=22090000099&kikanKbn=2", "url2": "https://takada-keisei.clinic/", "内容": "たかだ形成外科クリニック【2:診療所】【診療科目:0】栃木県宇都宮市下砥上町６９１番地５" }, "geometry": { "type": "Point", "coordinates": [ 139.849352, 36.534522 ] } },
{ "type": "Feature", "properties": { "ID": 922090000100, "正式名称": "とかみ眼科", "機関区分": 2, "都道府県コード": 9, "市区町村コード": 201, "所在地": "栃木県宇都宮市下砥上町６９１番地６", "緯度": 36.534862, "経度": 139.849298, "url": "https://www.iryou.teikyouseido.mhlw.go.jp/znk-web/juminkanja/S2430/initialize?prefCd=09&kikanCd=22090000100&kikanKbn=2", "url2": "https://tokami-eye.clinic", "内容": "とかみ眼科【2:診療所】【診療科目:0】栃木県宇都宮市下砥上町６９１番地６" }, "geometry": { "type": "Point", "coordinates": [ 139.849298, 36.534862 ] } },
{ "type": "Feature", "properties": { "ID": 922090000102, "正式名称": "栃木アーバンクリニック", "機関区分": 2, "都道府県コード": 9, "市区町村コード": 201, "所在地": "栃木県宇都宮市今泉町５９番１０　グローバル錦パーク１　１０２", "緯度": 36.569886, "経度": 139.898423, "url": "https://www.iryou.teikyouseido.mhlw.go.jp/znk-web/juminkanja/S2430/initialize?prefCd=09&kikanCd=22090000102&kikanKbn=2", "url2": null, "内容": "栃木アーバンクリニック【2:診療所】【診療科目:0】栃木県宇都宮市今泉町５９番１０　グローバル錦パーク１　１０２" }, "geometry": { "type": "Point", "coordinates": [ 139.898423, 36.569886 ] } },
{ "type": "Feature", "properties": { "ID": 922090000103, "正式名称": "小山城クリニック", "機関区分": 2, "都道府県コード": 9, "市区町村コード": 208, "所在地": "栃木県小山市城山町２丁目１０－１４　日光堂ビル３０１号室", "緯度": 36.315509, "経度": 139.804652, "url": "https://www.iryou.teikyouseido.mhlw.go.jp/znk-web/juminkanja/S2430/initialize?prefCd=09&kikanCd=22090000103&kikanKbn=2", "url2": null, "内容": "小山城クリニック【2:診療所】【診療科目:0】栃木県小山市城山町２丁目１０－１４　日光堂ビル３０１号室" }, "geometry": { "type": "Point", "coordinates": [ 139.804652, 36.315509 ] } },
{ "type": "Feature", "properties": { "ID": 922090000105, "正式名称": "ファストケアクリニック", "機関区分": 2, "都道府県コード": 9, "市区町村コード": 201, "所在地": "栃木県宇都宮市越戸２丁目１番２５号", "緯度": 36.564904, "経度": 139.922529, "url": "https://www.iryou.teikyouseido.mhlw.go.jp/znk-web/juminkanja/S2430/initialize?prefCd=09&kikanCd=22090000105&kikanKbn=2", "url2": null, "内容": "ファストケアクリニック【2:診療所】【診療科目:0】栃木県宇都宮市越戸２丁目１番２５号" }, "geometry": { "type": "Point", "coordinates": [ 139.922529, 36.564904 ] } },
{ "type": "Feature", "properties": { "ID": 922090000108, "正式名称": "栃木糖尿病内科腎臓内科クリニック", "機関区分": 2, "都道府県コード": 9, "市区町村コード": 201, "所在地": "栃木県宇都宮市中戸祭１丁目８－１４", "緯度": 36.580057, "経度": 139.868955, "url": "https://www.iryou.teikyouseido.mhlw.go.jp/znk-web/juminkanja/S2430/initialize?prefCd=09&kikanCd=22090000108&kikanKbn=2", "url2": null, "内容": "栃木糖尿病内科腎臓内科クリニック【2:診療所】【診療科目:0】栃木県宇都宮市中戸祭１丁目８－１４" }, "geometry": { "type": "Point", "coordinates": [ 139.868955, 36.580057 ] } },
{ "type": "Feature", "properties": { "ID": 922090000110, "正式名称": "はっとり糖尿病内科クリニック", "機関区分": 2, "都道府県コード": 9, "市区町村コード": 204, "所在地": "栃木県佐野市大蔵町２９６１", "緯度": 36.314789, "経度": 139.573364, "url": "https://www.iryou.teikyouseido.mhlw.go.jp/znk-web/juminkanja/S2430/initialize?prefCd=09&kikanCd=22090000110&kikanKbn=2", "url2": null, "内容": "はっとり糖尿病内科クリニック【2:診療所】【診療科目:0】栃木県佐野市大蔵町２９６１" }, "geometry": { "type": "Point", "coordinates": [ 139.573364, 36.314789 ] } },
{ "type": "Feature", "properties": { "ID": 922090000111, "正式名称": "としま内科クリニック", "機関区分": 2, "都道府県コード": 9, "市区町村コード": 208, "所在地": "栃木県小山市東城南５－４－３", "緯度": 36.289606, "経度": 139.809824, "url": "https://www.iryou.teikyouseido.mhlw.go.jp/znk-web/juminkanja/S2430/initialize?prefCd=09&kikanCd=22090000111&kikanKbn=2", "url2": "https://toshima-clinic.com/", "内容": "としま内科クリニック【2:診療所】【診療科目:0】栃木県小山市東城南５－４－３" }, "geometry": { "type": "Point", "coordinates": [ 139.809824, 36.289606 ] } },
{ "type": "Feature", "properties": { "ID": 922090000114, "正式名称": "けやきクリニック", "機関区分": 2, "都道府県コード": 9, "市区町村コード": 204, "所在地": "栃木県佐野市植下町１１６４－４", "緯度": 36.299346, "経度": 139.584789, "url": "https://www.iryou.teikyouseido.mhlw.go.jp/znk-web/juminkanja/S2430/initialize?prefCd=09&kikanCd=22090000114&kikanKbn=2", "url2": null, "内容": "けやきクリニック【2:診療所】【診療科目:0】栃木県佐野市植下町１１６４－４" }, "geometry": { "type": "Point", "coordinates": [ 139.584789, 36.299346 ] } },
{ "type": "Feature", "properties": { "ID": 922090000118, "正式名称": "エーツークリニック宇都宮院", "機関区分": 2, "都道府県コード": 9, "市区町村コード": 201, "所在地": "栃木県宇都宮市大通り３－１－２４　ＭＴビル８階", "緯度": 36.559305, "経度": 139.892928, "url": "https://www.iryou.teikyouseido.mhlw.go.jp/znk-web/juminkanja/S2430/initialize?prefCd=09&kikanCd=22090000118&kikanKbn=2", "url2": null, "内容": "エーツークリニック宇都宮院【2:診療所】【診療科目:0】栃木県宇都宮市大通り３－１－２４　ＭＴビル８階" }, "geometry": { "type": "Point", "coordinates": [ 139.892928, 36.559305 ] } },
{ "type": "Feature", "properties": { "ID": 922090000119, "正式名称": "運天眼科", "機関区分": 2, "都道府県コード": 9, "市区町村コード": 213, "所在地": "栃木県那須塩原市豊住町７９－１３", "緯度": 36.974966, "経度": 140.044596, "url": "https://www.iryou.teikyouseido.mhlw.go.jp/znk-web/juminkanja/S2430/initialize?prefCd=09&kikanCd=22090000119&kikanKbn=2", "url2": null, "内容": "運天眼科【2:診療所】【診療科目:0】栃木県那須塩原市豊住町７９－１３" }, "geometry": { "type": "Point", "coordinates": [ 140.044596, 36.974966 ] } },
{ "type": "Feature", "properties": { "ID": 922090000120, "正式名称": "宝積寺医療よろづ相談診療所", "機関区分": 2, "都道府県コード": 9, "市区町村コード": 386, "所在地": "栃木県塩谷郡高根沢町宝積寺２４３１－２２", "緯度": 36.632614, "経度": 139.980833, "url": "https://www.iryou.teikyouseido.mhlw.go.jp/znk-web/juminkanja/S2430/initialize?prefCd=09&kikanCd=22090000120&kikanKbn=2", "url2": null, "内容": "宝積寺医療よろづ相談診療所【2:診療所】【診療科目:0】栃木県塩谷郡高根沢町宝積寺２４３１－２２" }, "geometry": { "type": "Point", "coordinates": [ 139.980833, 36.632614 ] } },
{ "type": "Feature", "properties": { "ID": 922090000121, "正式名称": "鬼怒川クリニック", "機関区分": 2, "都道府県コード": 9, "市区町村コード": 206, "所在地": "栃木県日光市高徳６３２番地", "緯度": 36.787253, "経度": 139.725682, "url": "https://www.iryou.teikyouseido.mhlw.go.jp/znk-web/juminkanja/S2430/initialize?prefCd=09&kikanCd=22090000121&kikanKbn=2", "url2": null, "内容": "鬼怒川クリニック【2:診療所】【診療科目:0】栃木県日光市高徳６３２番地" }, "geometry": { "type": "Point", "coordinates": [ 139.725682, 36.787253 ] } },
{ "type": "Feature", "properties": { "ID": 922090000122, "正式名称": "医療法人博友会　日光腎クリニック", "機関区分": 2, "都道府県コード": 9, "市区町村コード": 206, "所在地": "栃木県日光市今市９８１番地１", "緯度": 36.723863, "経度": 139.705785, "url": "https://www.iryou.teikyouseido.mhlw.go.jp/znk-web/juminkanja/S2430/initialize?prefCd=09&kikanCd=22090000122&kikanKbn=2", "url2": "http://www.hakuyukai.jp", "内容": "医療法人博友会　日光腎クリニック【2:診療所】【診療科目:0】栃木県日光市今市９８１番地１" }, "geometry": { "type": "Point", "coordinates": [ 139.705785, 36.723863 ] } },
{ "type": "Feature", "properties": { "ID": 922090000123, "正式名称": "栃木県県北保健所", "機関区分": 2, "都道府県コード": 9, "市区町村コード": 210, "所在地": "栃木県大田原市本町２－２８２８－４", "緯度": 36.870263, "経度": 140.008113, "url": "https://www.iryou.teikyouseido.mhlw.go.jp/znk-web/juminkanja/S2430/initialize?prefCd=09&kikanCd=22090000123&kikanKbn=2", "url2": null, "内容": "栃木県県北保健所【2:診療所】【診療科目:0】栃木県大田原市本町２－２８２８－４" }, "geometry": { "type": "Point", "coordinates": [ 140.008113, 36.870263 ] } },
{ "type": "Feature", "properties": { "ID": 922090000124, "正式名称": "運天眼科", "機関区分": 2, "都道府県コード": 9, "市区町村コード": 213, "所在地": "栃木県那須塩原市豊住町７９－１３", "緯度": 36.974632, "経度": 140.044939, "url": "https://www.iryou.teikyouseido.mhlw.go.jp/znk-web/juminkanja/S2430/initialize?prefCd=09&kikanCd=22090000124&kikanKbn=2", "url2": null, "内容": "運天眼科【2:診療所】【診療科目:0】栃木県那須塩原市豊住町７９－１３" }, "geometry": { "type": "Point", "coordinates": [ 140.044939, 36.974632 ] } },
{ "type": "Feature", "properties": { "ID": 922090000125, "正式名称": "宝積寺医療よろづ相談診療所", "機関区分": 2, "都道府県コード": 9, "市区町村コード": 386, "所在地": "栃木県塩谷郡高根沢町宝積寺２４３１－２２", "緯度": 36.625253, "経度": 139.977969, "url": "https://www.iryou.teikyouseido.mhlw.go.jp/znk-web/juminkanja/S2430/initialize?prefCd=09&kikanCd=22090000125&kikanKbn=2", "url2": null, "内容": "宝積寺医療よろづ相談診療所【2:診療所】【診療科目:0】栃木県塩谷郡高根沢町宝積寺２４３１－２２" }, "geometry": { "type": "Point", "coordinates": [ 139.977969, 36.625253 ] } },
{ "type": "Feature", "properties": { "ID": 922090000126, "正式名称": "済心ホームクリニック", "機関区分": 2, "都道府県コード": 9, "市区町村コード": 201, "所在地": "栃木県宇都宮市元今泉７－３５－９", "緯度": 36.56821, "経度": 139.914504, "url": "https://www.iryou.teikyouseido.mhlw.go.jp/znk-web/juminkanja/S2430/initialize?prefCd=09&kikanCd=22090000126&kikanKbn=2", "url2": "https://www.saishinhome.com/", "内容": "済心ホームクリニック【2:診療所】【診療科目:0】栃木県宇都宮市元今泉７－３５－９" }, "geometry": { "type": "Point", "coordinates": [ 139.914504, 36.56821 ] } },
{ "type": "Feature", "properties": { "ID": 922090000127, "正式名称": "清原台ひまわり皮フ科アレルギー科", "機関区分": 2, "都道府県コード": 9, "市区町村コード": 201, "所在地": "栃木県宇都宮市刈沼町２５９－２", "緯度": 36.574707, "経度": 139.984126, "url": "https://www.iryou.teikyouseido.mhlw.go.jp/znk-web/juminkanja/S2430/initialize?prefCd=09&kikanCd=22090000127&kikanKbn=2", "url2": null, "内容": "清原台ひまわり皮フ科アレルギー科【2:診療所】【診療科目:0】栃木県宇都宮市刈沼町２５９－２" }, "geometry": { "type": "Point", "coordinates": [ 139.984126, 36.574707 ] } },
{ "type": "Feature", "properties": { "ID": 922090000128, "正式名称": "さくらトータルケアクリニック", "機関区分": 2, "都道府県コード": 9, "市区町村コード": 201, "所在地": "栃木県宇都宮市西一の沢町２－１０", "緯度": 36.566442, "経度": 139.860486, "url": "https://www.iryou.teikyouseido.mhlw.go.jp/znk-web/juminkanja/S2430/initialize?prefCd=09&kikanCd=22090000128&kikanKbn=2", "url2": null, "内容": "さくらトータルケアクリニック【2:診療所】【診療科目:0】栃木県宇都宮市西一の沢町２－１０" }, "geometry": { "type": "Point", "coordinates": [ 139.860486, 36.566442 ] } },
{ "type": "Feature", "properties": { "ID": 922090000129, "正式名称": "さくらトータルケアクリニック", "機関区分": 2, "都道府県コード": 9, "市区町村コード": 201, "所在地": "栃木県宇都宮市西一の沢町２－１０", "緯度": 36.566442, "経度": 139.860486, "url": "https://www.iryou.teikyouseido.mhlw.go.jp/znk-web/juminkanja/S2430/initialize?prefCd=09&kikanCd=22090000129&kikanKbn=2", "url2": null, "内容": "さくらトータルケアクリニック【2:診療所】【診療科目:0】栃木県宇都宮市西一の沢町２－１０" }, "geometry": { "type": "Point", "coordinates": [ 139.860486, 36.566442 ] } },
{ "type": "Feature", "properties": { "ID": 922090000130, "正式名称": "ふくだ泌尿器科内科クリニック", "機関区分": 2, "都道府県コード": 9, "市区町村コード": 201, "所在地": "栃木県宇都宮市インターパーク３－８－２", "緯度": 36.493857, "経度": 139.903326, "url": "https://www.iryou.teikyouseido.mhlw.go.jp/znk-web/juminkanja/S2430/initialize?prefCd=09&kikanCd=22090000130&kikanKbn=2", "url2": "https://fukuda-uro.com/", "内容": "ふくだ泌尿器科内科クリニック【2:診療所】【診療科目:0】栃木県宇都宮市インターパーク３－８－２" }, "geometry": { "type": "Point", "coordinates": [ 139.903326, 36.493857 ] } },
{ "type": "Feature", "properties": { "ID": 922090000155, "正式名称": "にしかわだキッズクリニック", "機関区分": 2, "都道府県コード": 9, "市区町村コード": 201, "所在地": "栃木県宇都宮市西川田町９２９－４", "緯度": 36.525798, "経度": 139.851895, "url": "https://www.iryou.teikyouseido.mhlw.go.jp/znk-web/juminkanja/S2430/initialize?prefCd=09&kikanCd=22090000155&kikanKbn=2", "url2": "https://nishikawada-kids.jp/", "内容": "にしかわだキッズクリニック【2:診療所】【診療科目:0】栃木県宇都宮市西川田町９２９－４" }, "geometry": { "type": "Point", "coordinates": [ 139.851895, 36.525798 ] } },
{ "type": "Feature", "properties": { "ID": 922090001251, "正式名称": "荒井胃腸科外科医院", "機関区分": 2, "都道府県コード": 9, "市区町村コード": 201, "所在地": "栃木県宇都宮市小幡２－５－１５", "緯度": 36.563617, "経度": 139.872751, "url": "https://www.iryou.teikyouseido.mhlw.go.jp/znk-web/juminkanja/S2430/initialize?prefCd=09&kikanCd=22090001251&kikanKbn=2", "url2": null, "内容": "荒井胃腸科外科医院【2:診療所】【診療科目:0】栃木県宇都宮市小幡２－５－１５" }, "geometry": { "type": "Point", "coordinates": [ 139.872751, 36.563617 ] } },
{ "type": "Feature", "properties": { "ID": 922090001253, "正式名称": "稲田整形外科医院", "機関区分": 2, "都道府県コード": 9, "市区町村コード": 201, "所在地": "栃木県宇都宮市平松本町３２６－１", "緯度": 36.545439, "経度": 139.90668, "url": "https://www.iryou.teikyouseido.mhlw.go.jp/znk-web/juminkanja/S2430/initialize?prefCd=09&kikanCd=22090001253&kikanKbn=2", "url2": null, "内容": "稲田整形外科医院【2:診療所】【診療科目:0】栃木県宇都宮市平松本町３２６－１" }, "geometry": { "type": "Point", "coordinates": [ 139.90668, 36.545439 ] } },
{ "type": "Feature", "properties": { "ID": 922090001254, "正式名称": "清原台整形外科", "機関区分": 2, "都道府県コード": 9, "市区町村コード": 201, "所在地": "栃木県宇都宮市野高谷町２９９番地３", "緯度": 36.564051, "経度": 139.992074, "url": "https://www.iryou.teikyouseido.mhlw.go.jp/znk-web/juminkanja/S2430/initialize?prefCd=09&kikanCd=22090001254&kikanKbn=2", "url2": null, "内容": "清原台整形外科【2:診療所】【診療科目:0】栃木県宇都宮市野高谷町２９９番地３" }, "geometry": { "type": "Point", "coordinates": [ 139.992074, 36.564051 ] } },
{ "type": "Feature", "properties": { "ID": 922090001256, "正式名称": "医療法人晃仁会　柴崎外科医院", "機関区分": 2, "都道府県コード": 9, "市区町村コード": 201, "所在地": "栃木県宇都宮市城東２－１３－３", "緯度": 36.552348, "経度": 139.904555, "url": "https://www.iryou.teikyouseido.mhlw.go.jp/znk-web/juminkanja/S2430/initialize?prefCd=09&kikanCd=22090001256&kikanKbn=2", "url2": "http://www.shibasakigeka.com/", "内容": "医療法人晃仁会　柴崎外科医院【2:診療所】【診療科目:0】栃木県宇都宮市城東２－１３－３" }, "geometry": { "type": "Point", "coordinates": [ 139.904555, 36.552348 ] } },
{ "type": "Feature", "properties": { "ID": 922090001257, "正式名称": "城東クリニック", "機関区分": 2, "都道府県コード": 9, "市区町村コード": 201, "所在地": "栃木県宇都宮市峰１－１－３３", "緯度": 36.5528, "経度": 139.908825, "url": "https://www.iryou.teikyouseido.mhlw.go.jp/znk-web/juminkanja/S2430/initialize?prefCd=09&kikanCd=22090001257&kikanKbn=2", "url2": "http://www.gem.hi-ho.ne.jp/~josui/", "内容": "城東クリニック【2:診療所】【診療科目:0】栃木県宇都宮市峰１－１－３３" }, "geometry": { "type": "Point", "coordinates": [ 139.908825, 36.5528 ] } },
{ "type": "Feature", "properties": { "ID": 922090001263, "正式名称": "医療法人社団水沼外科医院", "機関区分": 2, "都道府県コード": 9, "市区町村コード": 201, "所在地": "栃木県宇都宮市西大寛２－５－２０", "緯度": 36.560268, "経度": 139.868499, "url": "https://www.iryou.teikyouseido.mhlw.go.jp/znk-web/juminkanja/S2430/initialize?prefCd=09&kikanCd=22090001263&kikanKbn=2", "url2": null, "内容": "医療法人社団水沼外科医院【2:診療所】【診療科目:0】栃木県宇都宮市西大寛２－５－２０" }, "geometry": { "type": "Point", "coordinates": [ 139.868499, 36.560268 ] } },
{ "type": "Feature", "properties": { "ID": 922090001266, "正式名称": "医療法人仁慈会吉川整形外科", "機関区分": 2, "都道府県コード": 9, "市区町村コード": 201, "所在地": "栃木県宇都宮市泉が丘１－１５－２１", "緯度": 36.560647, "経度": 139.915642, "url": "https://www.iryou.teikyouseido.mhlw.go.jp/znk-web/juminkanja/S2430/initialize?prefCd=09&kikanCd=22090001266&kikanKbn=2", "url2": null, "内容": "医療法人仁慈会吉川整形外科【2:診療所】【診療科目:0】栃木県宇都宮市泉が丘１－１５－２１" }, "geometry": { "type": "Point", "coordinates": [ 139.915642, 36.560647 ] } },
{ "type": "Feature", "properties": { "ID": 922090001547, "正式名称": "いしだ整形外科", "機関区分": 2, "都道府県コード": 9, "市区町村コード": 201, "所在地": "栃木県宇都宮市石井町３２３６－１", "緯度": 36.537599, "経度": 139.927348, "url": "https://www.iryou.teikyouseido.mhlw.go.jp/znk-web/juminkanja/S2430/initialize?prefCd=09&kikanCd=22090001547&kikanKbn=2", "url2": null, "内容": "いしだ整形外科【2:診療所】【診療科目:0】栃木県宇都宮市石井町３２３６－１" }, "geometry": { "type": "Point", "coordinates": [ 139.927348, 36.537599 ] } },
{ "type": "Feature", "properties": { "ID": 922090001562, "正式名称": "医療法人　仰星会　うえの医院", "機関区分": 2, "都道府県コード": 9, "市区町村コード": 201, "所在地": "栃木県宇都宮市大寛２－５－７", "緯度": 36.558849, "経度": 139.873874, "url": "https://www.iryou.teikyouseido.mhlw.go.jp/znk-web/juminkanja/S2430/initialize?prefCd=09&kikanCd=22090001562&kikanKbn=2", "url2": "http://www.uenoiin.net/", "内容": "医療法人　仰星会　うえの医院【2:診療所】【診療科目:0】栃木県宇都宮市大寛２－５－７" }, "geometry": { "type": "Point", "coordinates": [ 139.873874, 36.558849 ] } },
{ "type": "Feature", "properties": { "ID": 922090001566, "正式名称": "宇都宮協立診療所", "機関区分": 2, "都道府県コード": 9, "市区町村コード": 201, "所在地": "栃木県宇都宮市宝木町２－１０１６－５", "緯度": 36.590958, "経度": 139.844422, "url": "https://www.iryou.teikyouseido.mhlw.go.jp/znk-web/juminkanja/S2430/initialize?prefCd=09&kikanCd=22090001566&kikanKbn=2", "url2": "http://www.u-kyoritsu.jp/", "内容": "宇都宮協立診療所【2:診療所】【診療科目:0】栃木県宇都宮市宝木町２－１０１６－５" }, "geometry": { "type": "Point", "coordinates": [ 139.844422, 36.590958 ] } },
{ "type": "Feature", "properties": { "ID": 922090001575, "正式名称": "宇都宮市夜間休日救急診療所", "機関区分": 2, "都道府県コード": 9, "市区町村コード": 201, "所在地": "栃木県宇都宮市竹林町９６８", "緯度": 36.578111, "経度": 139.895805, "url": "https://www.iryou.teikyouseido.mhlw.go.jp/znk-web/juminkanja/S2430/initialize?prefCd=09&kikanCd=22090001575&kikanKbn=2", "url2": "http://www.umth.or.jp", "内容": "宇都宮市夜間休日救急診療所【2:診療所】【診療科目:0】栃木県宇都宮市竹林町９６８" }, "geometry": { "type": "Point", "coordinates": [ 139.895805, 36.578111 ] } },
{ "type": "Feature", "properties": { "ID": 922090001579, "正式名称": "医療法人ＤＩＣ　宇都宮セントラルクリニック", "機関区分": 2, "都道府県コード": 9, "市区町村コード": 201, "所在地": "栃木県宇都宮市屋板町５６１ー３", "緯度": 36.510691, "経度": 139.89972, "url": "https://www.iryou.teikyouseido.mhlw.go.jp/znk-web/juminkanja/S2430/initialize?prefCd=09&kikanCd=22090001579&kikanKbn=2", "url2": "https://ucc.or.jp/", "内容": "医療法人ＤＩＣ　宇都宮セントラルクリニック【2:診療所】【診療科目:0】栃木県宇都宮市屋板町５６１ー３" }, "geometry": { "type": "Point", "coordinates": [ 139.89972, 36.510691 ] } },
{ "type": "Feature", "properties": { "ID": 922090001589, "正式名称": "医療法人遠藤小児科医院", "機関区分": 2, "都道府県コード": 9, "市区町村コード": 201, "所在地": "栃木県宇都宮市御幸ケ原町２２４－１０", "緯度": 36.593941, "経度": 139.925009, "url": "https://www.iryou.teikyouseido.mhlw.go.jp/znk-web/juminkanja/S2430/initialize?prefCd=09&kikanCd=22090001589&kikanKbn=2", "url2": "http://www004.upp.so-net.ne.jp/endo-kodomo/", "内容": "医療法人遠藤小児科医院【2:診療所】【診療科目:0】栃木県宇都宮市御幸ケ原町２２４－１０" }, "geometry": { "type": "Point", "coordinates": [ 139.925009, 36.593941 ] } },
{ "type": "Feature", "properties": { "ID": 922090001602, "正式名称": "医療法人　千秋会　大場医院", "機関区分": 2, "都道府県コード": 9, "市区町村コード": 201, "所在地": "栃木県宇都宮市下栗町", "緯度": 36.52282, "経度": 139.920416, "url": "https://www.iryou.teikyouseido.mhlw.go.jp/znk-web/juminkanja/S2430/initialize?prefCd=09&kikanCd=22090001602&kikanKbn=2", "url2": null, "内容": "医療法人　千秋会　大場医院【2:診療所】【診療科目:0】栃木県宇都宮市下栗町" }, "geometry": { "type": "Point", "coordinates": [ 139.920416, 36.52282 ] } },
{ "type": "Feature", "properties": { "ID": 922090001615, "正式名称": "片山医院", "機関区分": 2, "都道府県コード": 9, "市区町村コード": 201, "所在地": "栃木県宇都宮市東峰町３００８番地２１", "緯度": 36.548359, "経度": 139.924464, "url": "https://www.iryou.teikyouseido.mhlw.go.jp/znk-web/juminkanja/S2430/initialize?prefCd=09&kikanCd=22090001615&kikanKbn=2", "url2": null, "内容": "片山医院【2:診療所】【診療科目:0】栃木県宇都宮市東峰町３００８番地２１" }, "geometry": { "type": "Point", "coordinates": [ 139.924464, 36.548359 ] } },
{ "type": "Feature", "properties": { "ID": 922090001656, "正式名称": "今野内科胃腸科医院", "機関区分": 2, "都道府県コード": 9, "市区町村コード": 201, "所在地": "栃木県宇都宮市西川田町９３３－１", "緯度": 36.527324, "経度": 139.852515, "url": "https://www.iryou.teikyouseido.mhlw.go.jp/znk-web/juminkanja/S2430/initialize?prefCd=09&kikanCd=22090001656&kikanKbn=2", "url2": "http://www.konnoiin.com", "内容": "今野内科胃腸科医院【2:診療所】【診療科目:0】栃木県宇都宮市西川田町９３３－１" }, "geometry": { "type": "Point", "coordinates": [ 139.852515, 36.527324 ] } },
{ "type": "Feature", "properties": { "ID": 922090001667, "正式名称": "相良内科", "機関区分": 2, "都道府県コード": 9, "市区町村コード": 201, "所在地": "栃木県宇都宮市大通り４－１－１", "緯度": 36.560566, "経度": 139.894547, "url": "https://www.iryou.teikyouseido.mhlw.go.jp/znk-web/juminkanja/S2430/initialize?prefCd=09&kikanCd=22090001667&kikanKbn=2", "url2": null, "内容": "相良内科【2:診療所】【診療科目:0】栃木県宇都宮市大通り４－１－１" }, "geometry": { "type": "Point", "coordinates": [ 139.894547, 36.560566 ] } },
{ "type": "Feature", "properties": { "ID": 922090001673, "正式名称": "佐々木記念クリニック", "機関区分": 2, "都道府県コード": 9, "市区町村コード": 201, "所在地": "栃木県宇都宮市屋板町５７８－３８", "緯度": 36.518795, "経度": 139.900359, "url": "https://www.iryou.teikyouseido.mhlw.go.jp/znk-web/juminkanja/S2430/initialize?prefCd=09&kikanCd=22090001673&kikanKbn=2", "url2": "https://www.yokokawa-neuro.net/", "内容": "佐々木記念クリニック【2:診療所】【診療科目:0】栃木県宇都宮市屋板町５７８－３８" }, "geometry": { "type": "Point", "coordinates": [ 139.900359, 36.518795 ] } },
{ "type": "Feature", "properties": { "ID": 922090001684, "正式名称": "医療法人　篠原整形外科医院", "機関区分": 2, "都道府県コード": 9, "市区町村コード": 201, "所在地": "栃木県宇都宮市城東１丁目１１－２８", "緯度": 36.547836, "経度": 139.900603, "url": "https://www.iryou.teikyouseido.mhlw.go.jp/znk-web/juminkanja/S2430/initialize?prefCd=09&kikanCd=22090001684&kikanKbn=2", "url2": "http://sino2443.byoinnavi.jp/pc/", "内容": "医療法人　篠原整形外科医院【2:診療所】【診療科目:0】栃木県宇都宮市城東１丁目１１－２８" }, "geometry": { "type": "Point", "coordinates": [ 139.900603, 36.547836 ] } },
{ "type": "Feature", "properties": { "ID": 922090001687, "正式名称": "耳鼻咽喉科佐藤クリニック", "機関区分": 2, "都道府県コード": 9, "市区町村コード": 201, "所在地": "栃木県宇都宮市大和２－１－２３", "緯度": 36.530984, "経度": 139.864928, "url": "https://www.iryou.teikyouseido.mhlw.go.jp/znk-web/juminkanja/S2430/initialize?prefCd=09&kikanCd=22090001687&kikanKbn=2", "url2": null, "内容": "耳鼻咽喉科佐藤クリニック【2:診療所】【診療科目:0】栃木県宇都宮市大和２－１－２３" }, "geometry": { "type": "Point", "coordinates": [ 139.864928, 36.530984 ] } },
{ "type": "Feature", "properties": { "ID": 922090001695, "正式名称": "鈴木胃腸科・外科・内科", "機関区分": 2, "都道府県コード": 9, "市区町村コード": 201, "所在地": "栃木県宇都宮市瑞穂２－１５－３", "緯度": 36.508638, "経度": 139.918053, "url": "https://www.iryou.teikyouseido.mhlw.go.jp/znk-web/juminkanja/S2430/initialize?prefCd=09&kikanCd=22090001695&kikanKbn=2", "url2": null, "内容": "鈴木胃腸科・外科・内科【2:診療所】【診療科目:0】栃木県宇都宮市瑞穂２－１５－３" }, "geometry": { "type": "Point", "coordinates": [ 139.918053, 36.508638 ] } },
{ "type": "Feature", "properties": { "ID": 922090001708, "正式名称": "医療法人恒心会　高橋レディスクリニック", "機関区分": 2, "都道府県コード": 9, "市区町村コード": 201, "所在地": "栃木県宇都宮市東塙田", "緯度": 36.565887, "経度": 139.889828, "url": "https://www.iryou.teikyouseido.mhlw.go.jp/znk-web/juminkanja/S2430/initialize?prefCd=09&kikanCd=22090001708&kikanKbn=2", "url2": "http://www.takahashi-lc.or.jp/", "内容": "医療法人恒心会　高橋レディスクリニック【2:診療所】【診療科目:0】栃木県宇都宮市東塙田" }, "geometry": { "type": "Point", "coordinates": [ 139.889828, 36.565887 ] } },
{ "type": "Feature", "properties": { "ID": 922090001724, "正式名称": "てらもと小児科", "機関区分": 2, "都道府県コード": 9, "市区町村コード": 201, "所在地": "栃木県宇都宮市関堀町９７１－６", "緯度": 36.603313, "経度": 139.897647, "url": "https://www.iryou.teikyouseido.mhlw.go.jp/znk-web/juminkanja/S2430/initialize?prefCd=09&kikanCd=22090001724&kikanKbn=2", "url2": null, "内容": "てらもと小児科【2:診療所】【診療科目:0】栃木県宇都宮市関堀町９７１－６" }, "geometry": { "type": "Point", "coordinates": [ 139.897647, 36.603313 ] } },
{ "type": "Feature", "properties": { "ID": 922090001756, "正式名称": "医療法人　永福会　永田皮膚科医院", "機関区分": 2, "都道府県コード": 9, "市区町村コード": 201, "所在地": "栃木県宇都宮市御幸ケ原町１３６－９", "緯度": 36.592666, "経度": 139.922695, "url": "https://www.iryou.teikyouseido.mhlw.go.jp/znk-web/juminkanja/S2430/initialize?prefCd=09&kikanCd=22090001756&kikanKbn=2", "url2": "http://nagata-naikahifuka.net", "内容": "医療法人　永福会　永田皮膚科医院【2:診療所】【診療科目:0】栃木県宇都宮市御幸ケ原町１３６－９" }, "geometry": { "type": "Point", "coordinates": [ 139.922695, 36.592666 ] } },
{ "type": "Feature", "properties": { "ID": 922090001775, "正式名称": "野口内科医院", "機関区分": 2, "都道府県コード": 9, "市区町村コード": 201, "所在地": "栃木県宇都宮市駒生町２４２８", "緯度": 36.586358, "経度": 139.829167, "url": "https://www.iryou.teikyouseido.mhlw.go.jp/znk-web/juminkanja/S2430/initialize?prefCd=09&kikanCd=22090001775&kikanKbn=2", "url2": null, "内容": "野口内科医院【2:診療所】【診療科目:0】栃木県宇都宮市駒生町２４２８" }, "geometry": { "type": "Point", "coordinates": [ 139.829167, 36.586358 ] } },
{ "type": "Feature", "properties": { "ID": 922090001782, "正式名称": "医療法人社団尚仁会　早津眼科医院", "機関区分": 2, "都道府県コード": 9, "市区町村コード": 201, "所在地": "栃木県宇都宮市東宿郷５－４－５", "緯度": 36.55858, "経度": 139.912622, "url": "https://www.iryou.teikyouseido.mhlw.go.jp/znk-web/juminkanja/S2430/initialize?prefCd=09&kikanCd=22090001782&kikanKbn=2", "url2": "http://www.hayatsu-ganka.com/", "内容": "医療法人社団尚仁会　早津眼科医院【2:診療所】【診療科目:0】栃木県宇都宮市東宿郷５－４－５" }, "geometry": { "type": "Point", "coordinates": [ 139.912622, 36.55858 ] } },
{ "type": "Feature", "properties": { "ID": 922090001784, "正式名称": "医療法人東宇都宮クリニック　東宇都宮クリニック", "機関区分": 2, "都道府県コード": 9, "市区町村コード": 201, "所在地": "栃木県宇都宮市今泉町３００９－１", "緯度": 36.573501, "経度": 139.916825, "url": "https://www.iryou.teikyouseido.mhlw.go.jp/znk-web/juminkanja/S2430/initialize?prefCd=09&kikanCd=22090001784&kikanKbn=2", "url2": null, "内容": "医療法人東宇都宮クリニック　東宇都宮クリニック【2:診療所】【診療科目:0】栃木県宇都宮市今泉町３００９－１" }, "geometry": { "type": "Point", "coordinates": [ 139.916825, 36.573501 ] } },
{ "type": "Feature", "properties": { "ID": 922090001786, "正式名称": "平尾産婦人科医院", "機関区分": 2, "都道府県コード": 9, "市区町村コード": 201, "所在地": "栃木県宇都宮市鶴田３丁目１－４", "緯度": 36.563378, "経度": 139.849405, "url": "https://www.iryou.teikyouseido.mhlw.go.jp/znk-web/juminkanja/S2430/initialize?prefCd=09&kikanCd=22090001786&kikanKbn=2", "url2": "http://www.hirao.jp", "内容": "平尾産婦人科医院【2:診療所】【診療科目:0】栃木県宇都宮市鶴田３丁目１－４" }, "geometry": { "type": "Point", "coordinates": [ 139.849405, 36.563378 ] } },
{ "type": "Feature", "properties": { "ID": 922090001795, "正式名称": "福田循環器科・内科医院", "機関区分": 2, "都道府県コード": 9, "市区町村コード": 201, "所在地": "栃木県宇都宮市若草３－１１－１１", "緯度": 36.587786, "経度": 139.863262, "url": "https://www.iryou.teikyouseido.mhlw.go.jp/znk-web/juminkanja/S2430/initialize?prefCd=09&kikanCd=22090001795&kikanKbn=2", "url2": null, "内容": "福田循環器科・内科医院【2:診療所】【診療科目:0】栃木県宇都宮市若草３－１１－１１" }, "geometry": { "type": "Point", "coordinates": [ 139.863262, 36.587786 ] } },
{ "type": "Feature", "properties": { "ID": 922090001798, "正式名称": "黒田内科・循環器科", "機関区分": 2, "都道府県コード": 9, "市区町村コード": 201, "所在地": "栃木県宇都宮市江曽島２－７－１５", "緯度": 36.524418, "経度": 139.864068, "url": "https://www.iryou.teikyouseido.mhlw.go.jp/znk-web/juminkanja/S2430/initialize?prefCd=09&kikanCd=22090001798&kikanKbn=2", "url2": "http://www.kurodanaika.or.jp", "内容": "黒田内科・循環器科【2:診療所】【診療科目:0】栃木県宇都宮市江曽島２－７－１５" }, "geometry": { "type": "Point", "coordinates": [ 139.864068, 36.524418 ] } },
{ "type": "Feature", "properties": { "ID": 922090001800, "正式名称": "藤田医院", "機関区分": 2, "都道府県コード": 9, "市区町村コード": 201, "所在地": "栃木県宇都宮市中央１－６－２", "緯度": 36.558887, "経度": 139.882623, "url": "https://www.iryou.teikyouseido.mhlw.go.jp/znk-web/juminkanja/S2430/initialize?prefCd=09&kikanCd=22090001800&kikanKbn=2", "url2": null, "内容": "藤田医院【2:診療所】【診療科目:0】栃木県宇都宮市中央１－６－２" }, "geometry": { "type": "Point", "coordinates": [ 139.882623, 36.558887 ] } },
{ "type": "Feature", "properties": { "ID": 922090001833, "正式名称": "医療法人社団二樹会　村山医院", "機関区分": 2, "都道府県コード": 9, "市区町村コード": 201, "所在地": "栃木県宇都宮市滝谷町１３ー１７", "緯度": 36.551677, "経度": 139.866111, "url": "https://www.iryou.teikyouseido.mhlw.go.jp/znk-web/juminkanja/S2430/initialize?prefCd=09&kikanCd=22090001833&kikanKbn=2", "url2": null, "内容": "医療法人社団二樹会　村山医院【2:診療所】【診療科目:0】栃木県宇都宮市滝谷町１３ー１７" }, "geometry": { "type": "Point", "coordinates": [ 139.866111, 36.551677 ] } },
{ "type": "Feature", "properties": { "ID": 922090001836, "正式名称": "目黒医院", "機関区分": 2, "都道府県コード": 9, "市区町村コード": 201, "所在地": "栃木県宇都宮市横田新町１２－１８", "緯度": 36.511775, "経度": 139.878671, "url": "https://www.iryou.teikyouseido.mhlw.go.jp/znk-web/juminkanja/S2430/initialize?prefCd=09&kikanCd=22090001836&kikanKbn=2", "url2": "https://meguroclinic.jp/", "内容": "目黒医院【2:診療所】【診療科目:0】栃木県宇都宮市横田新町１２－１８" }, "geometry": { "type": "Point", "coordinates": [ 139.878671, 36.511775 ] } },
{ "type": "Feature", "properties": { "ID": 922090001838, "正式名称": "医療法人　森玄会　森医院", "機関区分": 2, "都道府県コード": 9, "市区町村コード": 201, "所在地": "栃木県宇都宮市雀の宮６－５－３", "緯度": 36.491961, "経度": 139.867716, "url": "https://www.iryou.teikyouseido.mhlw.go.jp/znk-web/juminkanja/S2430/initialize?prefCd=09&kikanCd=22090001838&kikanKbn=2", "url2": "http://shingenkaimoriiin.wixsite.com/mysite", "内容": "医療法人　森玄会　森医院【2:診療所】【診療科目:0】栃木県宇都宮市雀の宮６－５－３" }, "geometry": { "type": "Point", "coordinates": [ 139.867716, 36.491961 ] } },
{ "type": "Feature", "properties": { "ID": 922090001839, "正式名称": "森クリニック", "機関区分": 2, "都道府県コード": 9, "市区町村コード": 201, "所在地": "栃木県宇都宮市西川田町１０７５－１１　ＭＹビルディング１Ｆ", "緯度": 36.538708, "経度": 139.856251, "url": "https://www.iryou.teikyouseido.mhlw.go.jp/znk-web/juminkanja/S2430/initialize?prefCd=09&kikanCd=22090001839&kikanKbn=2", "url2": null, "内容": "森クリニック【2:診療所】【診療科目:0】栃木県宇都宮市西川田町１０７５－１１　ＭＹビルディング１Ｆ" }, "geometry": { "type": "Point", "coordinates": [ 139.856251, 36.538708 ] } },
{ "type": "Feature", "properties": { "ID": 922090001868, "正式名称": "手塚クリニック", "機関区分": 2, "都道府県コード": 9, "市区町村コード": 201, "所在地": "栃木県宇都宮市下小倉町", "緯度": 36.692561, "経度": 139.912295, "url": "https://www.iryou.teikyouseido.mhlw.go.jp/znk-web/juminkanja/S2430/initialize?prefCd=09&kikanCd=22090001868&kikanKbn=2", "url2": null, "内容": "手塚クリニック【2:診療所】【診療科目:0】栃木県宇都宮市下小倉町" }, "geometry": { "type": "Point", "coordinates": [ 139.912295, 36.692561 ] } },
{ "type": "Feature", "properties": { "ID": 922090001873, "正式名称": "岡本台クリニック", "機関区分": 2, "都道府県コード": 9, "市区町村コード": 201, "所在地": "栃木県宇都宮市下岡本町２０８２－１３", "緯度": 36.606984, "経度": 139.94699, "url": "https://www.iryou.teikyouseido.mhlw.go.jp/znk-web/juminkanja/S2430/initialize?prefCd=09&kikanCd=22090001873&kikanKbn=2", "url2": null, "内容": "岡本台クリニック【2:診療所】【診療科目:0】栃木県宇都宮市下岡本町２０８２－１３" }, "geometry": { "type": "Point", "coordinates": [ 139.94699, 36.606984 ] } },
{ "type": "Feature", "properties": { "ID": 922090001877, "正式名称": "さきお医院", "機関区分": 2, "都道府県コード": 9, "市区町村コード": 201, "所在地": "栃木県宇都宮市白沢町２０２０－１", "緯度": 36.618263, "経度": 139.930988, "url": "https://www.iryou.teikyouseido.mhlw.go.jp/znk-web/juminkanja/S2430/initialize?prefCd=09&kikanCd=22090001877&kikanKbn=2", "url2": null, "内容": "さきお医院【2:診療所】【診療科目:0】栃木県宇都宮市白沢町２０２０－１" }, "geometry": { "type": "Point", "coordinates": [ 139.930988, 36.618263 ] } },
{ "type": "Feature", "properties": { "ID": 922090001898, "正式名称": "医療法人　真誠会　みずほの中央クリニック", "機関区分": 2, "都道府県コード": 9, "市区町村コード": 201, "所在地": "栃木県宇都宮市西刑部町２４１１－４", "緯度": 36.50623, "経度": 139.924838, "url": "https://www.iryou.teikyouseido.mhlw.go.jp/znk-web/juminkanja/S2430/initialize?prefCd=09&kikanCd=22090001898&kikanKbn=2", "url2": "https://www.mizuhonocc.com/", "内容": "医療法人　真誠会　みずほの中央クリニック【2:診療所】【診療科目:0】栃木県宇都宮市西刑部町２４１１－４" }, "geometry": { "type": "Point", "coordinates": [ 139.924838, 36.50623 ] } },
{ "type": "Feature", "properties": { "ID": 922090001903, "正式名称": "医療法人　くろさきこどもクリニック", "機関区分": 2, "都道府県コード": 9, "市区町村コード": 201, "所在地": "栃木県宇都宮市駒生町３３５８－２５", "緯度": 36.579845, "経度": 139.849258, "url": "https://www.iryou.teikyouseido.mhlw.go.jp/znk-web/juminkanja/S2430/initialize?prefCd=09&kikanCd=22090001903&kikanKbn=2", "url2": "http://www.kurosaki-child-clin.com", "内容": "医療法人　くろさきこどもクリニック【2:診療所】【診療科目:0】栃木県宇都宮市駒生町３３５８－２５" }, "geometry": { "type": "Point", "coordinates": [ 139.849258, 36.579845 ] } },
{ "type": "Feature", "properties": { "ID": 922090001905, "正式名称": "いなば整形外科", "機関区分": 2, "都道府県コード": 9, "市区町村コード": 201, "所在地": "栃木県宇都宮市兵庫塚３－４１－３６", "緯度": 36.494269, "経度": 139.855925, "url": "https://www.iryou.teikyouseido.mhlw.go.jp/znk-web/juminkanja/S2430/initialize?prefCd=09&kikanCd=22090001905&kikanKbn=2", "url2": "http://www.inabaseikeigeka..com/", "内容": "いなば整形外科【2:診療所】【診療科目:0】栃木県宇都宮市兵庫塚３－４１－３６" }, "geometry": { "type": "Point", "coordinates": [ 139.855925, 36.494269 ] } },
{ "type": "Feature", "properties": { "ID": 922090001906, "正式名称": "おざわ小児科医院", "機関区分": 2, "都道府県コード": 9, "市区町村コード": 201, "所在地": "栃木県宇都宮市相野沢町", "緯度": 36.645622, "経度": 139.910692, "url": "https://www.iryou.teikyouseido.mhlw.go.jp/znk-web/juminkanja/S2430/initialize?prefCd=09&kikanCd=22090001906&kikanKbn=2", "url2": "http://ozawa-shouni.com/", "内容": "おざわ小児科医院【2:診療所】【診療科目:0】栃木県宇都宮市相野沢町" }, "geometry": { "type": "Point", "coordinates": [ 139.910692, 36.645622 ] } },
{ "type": "Feature", "properties": { "ID": 922090002251, "正式名称": "わたなべ整形外科", "機関区分": 2, "都道府県コード": 9, "市区町村コード": 202, "所在地": "栃木県足利市寿町９－２８", "緯度": 36.324979, "経度": 139.466766, "url": "https://www.iryou.teikyouseido.mhlw.go.jp/znk-web/juminkanja/S2430/initialize?prefCd=09&kikanCd=22090002251&kikanKbn=2", "url2": "http://www.watv.ne.jp/~dr.kunio/", "内容": "わたなべ整形外科【2:診療所】【診療科目:0】栃木県足利市寿町９－２８" }, "geometry": { "type": "Point", "coordinates": [ 139.466766, 36.324979 ] } },
{ "type": "Feature", "properties": { "ID": 922090003052, "正式名称": "見龍堂クリニックかわせみ", "機関区分": 2, "都道府県コード": 9, "市区町村コード": 206, "所在地": "栃木県日光市平ケ崎６０９－４", "緯度": 36.714836, "経度": 139.680745, "url": "https://www.iryou.teikyouseido.mhlw.go.jp/znk-web/juminkanja/S2430/initialize?prefCd=09&kikanCd=22090003052&kikanKbn=2", "url2": "http://yaoitakinenkai.or.jp/", "内容": "見龍堂クリニックかわせみ【2:診療所】【診療科目:0】栃木県日光市平ケ崎６０９－４" }, "geometry": { "type": "Point", "coordinates": [ 139.680745, 36.714836 ] } },
{ "type": "Feature", "properties": { "ID": 922090003250, "正式名称": "新沢外科", "機関区分": 2, "都道府県コード": 9, "市区町村コード": 206, "所在地": "栃木県日光市今市８１４－１", "緯度": 36.722749, "経度": 139.692427, "url": "https://www.iryou.teikyouseido.mhlw.go.jp/znk-web/juminkanja/S2430/initialize?prefCd=09&kikanCd=22090003250&kikanKbn=2", "url2": "http://www.sinzawa-geka.com/", "内容": "新沢外科【2:診療所】【診療科目:0】栃木県日光市今市８１４－１" }, "geometry": { "type": "Point", "coordinates": [ 139.692427, 36.722749 ] } },
{ "type": "Feature", "properties": { "ID": 922090003450, "正式名称": "日光市立休日急患こども診療所", "機関区分": 2, "都道府県コード": 9, "市区町村コード": 206, "所在地": "栃木県日光市平ケ崎１０９　日光市今市保健福祉センター内", "緯度": 36.721154, "経度": 139.684402, "url": "https://www.iryou.teikyouseido.mhlw.go.jp/znk-web/juminkanja/S2430/initialize?prefCd=09&kikanCd=22090003450&kikanKbn=2", "url2": "http://www.city.nikko.lg.jp/", "内容": "日光市立休日急患こども診療所【2:診療所】【診療科目:0】栃木県日光市平ケ崎１０９　日光市今市保健福祉センター内" }, "geometry": { "type": "Point", "coordinates": [ 139.684402, 36.721154 ] } },
{ "type": "Feature", "properties": { "ID": 922090003504, "正式名称": "医療法人　祥暎会", "機関区分": 2, "都道府県コード": 9, "市区町村コード": 206, "所在地": "栃木県日光市今市９５５－１", "緯度": 36.72335, "経度": 139.706747, "url": "https://www.iryou.teikyouseido.mhlw.go.jp/znk-web/juminkanja/S2430/initialize?prefCd=09&kikanCd=22090003504&kikanKbn=2", "url2": "http://okamuraseikei.site", "内容": "医療法人　祥暎会【2:診療所】【診療科目:0】栃木県日光市今市９５５－１" }, "geometry": { "type": "Point", "coordinates": [ 139.706747, 36.72335 ] } },
{ "type": "Feature", "properties": { "ID": 922090003507, "正式名称": "木村内科医院", "機関区分": 2, "都道府県コード": 9, "市区町村コード": 206, "所在地": "栃木県日光市瀬尾４９７－１", "緯度": 36.739283, "経度": 139.684663, "url": "https://www.iryou.teikyouseido.mhlw.go.jp/znk-web/juminkanja/S2430/initialize?prefCd=09&kikanCd=22090003507&kikanKbn=2", "url2": "http://kimuranaika.or.jp/", "内容": "木村内科医院【2:診療所】【診療科目:0】栃木県日光市瀬尾４９７－１" }, "geometry": { "type": "Point", "coordinates": [ 139.684663, 36.739283 ] } },
{ "type": "Feature", "properties": { "ID": 922090003510, "正式名称": "耳鼻咽喉科関根クリニック", "機関区分": 2, "都道府県コード": 9, "市区町村コード": 206, "所在地": "栃木県日光市今市本町２７－２", "緯度": 36.7161, "経度": 139.698237, "url": "https://www.iryou.teikyouseido.mhlw.go.jp/znk-web/juminkanja/S2430/initialize?prefCd=09&kikanCd=22090003510&kikanKbn=2", "url2": "https://sekine-ent.jp/", "内容": "耳鼻咽喉科関根クリニック【2:診療所】【診療科目:0】栃木県日光市今市本町２７－２" }, "geometry": { "type": "Point", "coordinates": [ 139.698237, 36.7161 ] } },
{ "type": "Feature", "properties": { "ID": 922090003516, "正式名称": "沼尾医院", "機関区分": 2, "都道府県コード": 9, "市区町村コード": 206, "所在地": "栃木県日光市大桑町１５５－１", "緯度": 36.762203, "経度": 139.713623, "url": "https://www.iryou.teikyouseido.mhlw.go.jp/znk-web/juminkanja/S2430/initialize?prefCd=09&kikanCd=22090003516&kikanKbn=2", "url2": null, "内容": "沼尾医院【2:診療所】【診療科目:0】栃木県日光市大桑町１５５－１" }, "geometry": { "type": "Point", "coordinates": [ 139.713623, 36.762203 ] } },
{ "type": "Feature", "properties": { "ID": 922090003519, "正式名称": "森島こどもクリニック", "機関区分": 2, "都道府県コード": 9, "市区町村コード": 206, "所在地": "栃木県日光市荊沢５９９－１３３", "緯度": 36.725508, "経度": 139.717502, "url": "https://www.iryou.teikyouseido.mhlw.go.jp/znk-web/juminkanja/S2430/initialize?prefCd=09&kikanCd=22090003519&kikanKbn=2", "url2": "https://kodomorishima.com", "内容": "森島こどもクリニック【2:診療所】【診療科目:0】栃木県日光市荊沢５９９－１３３" }, "geometry": { "type": "Point", "coordinates": [ 139.717502, 36.725508 ] } },
{ "type": "Feature", "properties": { "ID": 922090003521, "正式名称": "吉原医院", "機関区分": 2, "都道府県コード": 9, "市区町村コード": 206, "所在地": "栃木県日光市今市８２６－４", "緯度": 36.724071, "経度": 139.692918, "url": "https://www.iryou.teikyouseido.mhlw.go.jp/znk-web/juminkanja/S2430/initialize?prefCd=09&kikanCd=22090003521&kikanKbn=2", "url2": "https://www.yoshiharaiin.net/", "内容": "吉原医院【2:診療所】【診療科目:0】栃木県日光市今市８２６－４" }, "geometry": { "type": "Point", "coordinates": [ 139.692918, 36.724071 ] } },
{ "type": "Feature", "properties": { "ID": 922090003526, "正式名称": "石塚クリニック", "機関区分": 2, "都道府県コード": 9, "市区町村コード": 206, "所在地": "栃木県日光市荊沢６００－３２", "緯度": 36.725656, "経度": 139.724126, "url": "https://www.iryou.teikyouseido.mhlw.go.jp/znk-web/juminkanja/S2430/initialize?prefCd=09&kikanCd=22090003526&kikanKbn=2", "url2": null, "内容": "石塚クリニック【2:診療所】【診療科目:0】栃木県日光市荊沢６００－３２" }, "geometry": { "type": "Point", "coordinates": [ 139.724126, 36.725656 ] } },
{ "type": "Feature", "properties": { "ID": 922090004505, "正式名称": "暁クリニック", "機関区分": 2, "都道府県コード": 9, "市区町村コード": 208, "所在地": "栃木県小山市犬塚６２", "緯度": 36.323086, "経度": 139.83292, "url": "https://www.iryou.teikyouseido.mhlw.go.jp/znk-web/juminkanja/S2430/initialize?prefCd=09&kikanCd=22090004505&kikanKbn=2", "url2": "http://www.akatuki6868.com", "内容": "暁クリニック【2:診療所】【診療科目:0】栃木県小山市犬塚６２" }, "geometry": { "type": "Point", "coordinates": [ 139.83292, 36.323086 ] } },
{ "type": "Feature", "properties": { "ID": 922090004506, "正式名称": "浅井こどもクリニック", "機関区分": 2, "都道府県コード": 9, "市区町村コード": 208, "所在地": "栃木県小山市西城南４－４－４", "緯度": 36.294622, "経度": 139.806625, "url": "https://www.iryou.teikyouseido.mhlw.go.jp/znk-web/juminkanja/S2430/initialize?prefCd=09&kikanCd=22090004506&kikanKbn=2", "url2": null, "内容": "浅井こどもクリニック【2:診療所】【診療科目:0】栃木県小山市西城南４－４－４" }, "geometry": { "type": "Point", "coordinates": [ 139.806625, 36.294622 ] } },
{ "type": "Feature", "properties": { "ID": 922090004509, "正式名称": "あらやま医院", "機関区分": 2, "都道府県コード": 9, "市区町村コード": 208, "所在地": "栃木県小山市大行寺１０６９－１", "緯度": 36.318488, "経度": 139.79325, "url": "https://www.iryou.teikyouseido.mhlw.go.jp/znk-web/juminkanja/S2430/initialize?prefCd=09&kikanCd=22090004509&kikanKbn=2", "url2": null, "内容": "あらやま医院【2:診療所】【診療科目:0】栃木県小山市大行寺１０６９－１" }, "geometry": { "type": "Point", "coordinates": [ 139.79325, 36.318488 ] } },
{ "type": "Feature", "properties": { "ID": 922090004515, "正式名称": "岡　整形外科", "機関区分": 2, "都道府県コード": 9, "市区町村コード": 208, "所在地": "栃木県小山市駅東通り１ー４７ー１８", "緯度": 36.307026, "経度": 139.814029, "url": "https://www.iryou.teikyouseido.mhlw.go.jp/znk-web/juminkanja/S2430/initialize?prefCd=09&kikanCd=22090004515&kikanKbn=2", "url2": null, "内容": "岡　整形外科【2:診療所】【診療科目:0】栃木県小山市駅東通り１ー４７ー１８" }, "geometry": { "type": "Point", "coordinates": [ 139.814029, 36.307026 ] } },
{ "type": "Feature", "properties": { "ID": 922090004519, "正式名称": "医療法人　小野寺クリニック", "機関区分": 2, "都道府県コード": 9, "市区町村コード": 208, "所在地": "栃木県小山市中久喜１６１５－３", "緯度": 36.322353, "経度": 139.834308, "url": "https://www.iryou.teikyouseido.mhlw.go.jp/znk-web/juminkanja/S2430/initialize?prefCd=09&kikanCd=22090004519&kikanKbn=2", "url2": null, "内容": "医療法人　小野寺クリニック【2:診療所】【診療科目:0】栃木県小山市中久喜１６１５－３" }, "geometry": { "type": "Point", "coordinates": [ 139.834308, 36.322353 ] } },
{ "type": "Feature", "properties": { "ID": 922090004520, "正式名称": "小山イーストクリニック", "機関区分": 2, "都道府県コード": 9, "市区町村コード": 208, "所在地": "栃木県小山市駅東通り１ー３２－１", "緯度": 36.309534, "経度": 139.811204, "url": "https://www.iryou.teikyouseido.mhlw.go.jp/znk-web/juminkanja/S2430/initialize?prefCd=09&kikanCd=22090004520&kikanKbn=2", "url2": "https://www.oyama-eastclinic.com/", "内容": "小山イーストクリニック【2:診療所】【診療科目:0】栃木県小山市駅東通り１ー３２－１" }, "geometry": { "type": "Point", "coordinates": [ 139.811204, 36.309534 ] } },
{ "type": "Feature", "properties": { "ID": 922090004522, "正式名称": "小山クリニック", "機関区分": 2, "都道府県コード": 9, "市区町村コード": 208, "所在地": "栃木県小山市粟宮１９７０－１０", "緯度": 36.293585, "経度": 139.783277, "url": "https://www.iryou.teikyouseido.mhlw.go.jp/znk-web/juminkanja/S2430/initialize?prefCd=09&kikanCd=22090004522&kikanKbn=2", "url2": "http://www.clinic-oyama.com/", "内容": "小山クリニック【2:診療所】【診療科目:0】栃木県小山市粟宮１９７０－１０" }, "geometry": { "type": "Point", "coordinates": [ 139.783277, 36.293585 ] } },
{ "type": "Feature", "properties": { "ID": 922090004525, "正式名称": "小山すぎの木クリニック", "機関区分": 2, "都道府県コード": 9, "市区町村コード": 208, "所在地": "栃木県小山市中久喜１１１３－１", "緯度": 36.317832, "経度": 139.846574, "url": "https://www.iryou.teikyouseido.mhlw.go.jp/znk-web/juminkanja/S2430/initialize?prefCd=09&kikanCd=22090004525&kikanKbn=2", "url2": "https://suginoki-cl.jp", "内容": "小山すぎの木クリニック【2:診療所】【診療科目:0】栃木県小山市中久喜１１１３－１" }, "geometry": { "type": "Point", "coordinates": [ 139.846574, 36.317832 ] } },
{ "type": "Feature", "properties": { "ID": 922090004532, "正式名称": "加藤クリニック", "機関区分": 2, "都道府県コード": 9, "市区町村コード": 208, "所在地": "栃木県小山市城東６－６－７", "緯度": 36.311401, "経度": 139.818299, "url": "https://www.iryou.teikyouseido.mhlw.go.jp/znk-web/juminkanja/S2430/initialize?prefCd=09&kikanCd=22090004532&kikanKbn=2", "url2": "http://iryokatokurinikku.hp.gogo.jp/pc/", "内容": "加藤クリニック【2:診療所】【診療科目:0】栃木県小山市城東６－６－７" }, "geometry": { "type": "Point", "coordinates": [ 139.818299, 36.311401 ] } },
{ "type": "Feature", "properties": { "ID": 922090004534, "正式名称": "苅部小山南クリニック", "機関区分": 2, "都道府県コード": 9, "市区町村コード": 208, "所在地": "栃木県小山市塚崎", "緯度": 36.28462, "経度": 139.805592, "url": "https://www.iryou.teikyouseido.mhlw.go.jp/znk-web/juminkanja/S2430/initialize?prefCd=09&kikanCd=22090004534&kikanKbn=2", "url2": null, "内容": "苅部小山南クリニック【2:診療所】【診療科目:0】栃木県小山市塚崎" }, "geometry": { "type": "Point", "coordinates": [ 139.805592, 36.28462 ] } },
{ "type": "Feature", "properties": { "ID": 922090004535, "正式名称": "かわなご女性クリニック", "機関区分": 2, "都道府県コード": 9, "市区町村コード": 208, "所在地": "栃木県小山市駅東通り", "緯度": 36.315616, "経度": 139.810657, "url": "https://www.iryou.teikyouseido.mhlw.go.jp/znk-web/juminkanja/S2430/initialize?prefCd=09&kikanCd=22090004535&kikanKbn=2", "url2": "http://www.kawanagoclinic.jp/", "内容": "かわなご女性クリニック【2:診療所】【診療科目:0】栃木県小山市駅東通り" }, "geometry": { "type": "Point", "coordinates": [ 139.810657, 36.315616 ] } },
{ "type": "Feature", "properties": { "ID": 922090004537, "正式名称": "川村内科医院", "機関区分": 2, "都道府県コード": 9, "市区町村コード": 208, "所在地": "栃木県小山市駅南町", "緯度": 36.302599, "経度": 139.814546, "url": "https://www.iryou.teikyouseido.mhlw.go.jp/znk-web/juminkanja/S2430/initialize?prefCd=09&kikanCd=22090004537&kikanKbn=2", "url2": "https://sites.google.com/site/kawamuracl/Home", "内容": "川村内科医院【2:診療所】【診療科目:0】栃木県小山市駅南町" }, "geometry": { "type": "Point", "coordinates": [ 139.814546, 36.302599 ] } },
{ "type": "Feature", "properties": { "ID": 922090004538, "正式名称": "神野医院", "機関区分": 2, "都道府県コード": 9, "市区町村コード": 208, "所在地": "栃木県小山市下河原田６９４", "緯度": 36.313231, "経度": 139.746449, "url": "https://www.iryou.teikyouseido.mhlw.go.jp/znk-web/juminkanja/S2430/initialize?prefCd=09&kikanCd=22090004538&kikanKbn=2", "url2": null, "内容": "神野医院【2:診療所】【診療科目:0】栃木県小山市下河原田６９４" }, "geometry": { "type": "Point", "coordinates": [ 139.746449, 36.313231 ] } },
{ "type": "Feature", "properties": { "ID": 922090004542, "正式名称": "黒須整形外科医院", "機関区分": 2, "都道府県コード": 9, "市区町村コード": 208, "所在地": "栃木県小山市乙女２－１２－８", "緯度": 36.26214, "経度": 139.761211, "url": "https://www.iryou.teikyouseido.mhlw.go.jp/znk-web/juminkanja/S2430/initialize?prefCd=09&kikanCd=22090004542&kikanKbn=2", "url2": null, "内容": "黒須整形外科医院【2:診療所】【診療科目:0】栃木県小山市乙女２－１２－８" }, "geometry": { "type": "Point", "coordinates": [ 139.761211, 36.26214 ] } },
{ "type": "Feature", "properties": { "ID": 922090004547, "正式名称": "近藤クリニック", "機関区分": 2, "都道府県コード": 9, "市区町村コード": 208, "所在地": "栃木県小山市天神町１－９－２２", "緯度": 36.306347, "経度": 139.799453, "url": "https://www.iryou.teikyouseido.mhlw.go.jp/znk-web/juminkanja/S2430/initialize?prefCd=09&kikanCd=22090004547&kikanKbn=2", "url2": "http://www13.plala.or.jp/kondohclinic/", "内容": "近藤クリニック【2:診療所】【診療科目:0】栃木県小山市天神町１－９－２２" }, "geometry": { "type": "Point", "coordinates": [ 139.799453, 36.306347 ] } },
{ "type": "Feature", "properties": { "ID": 922090004552, "正式名称": "篠原クリニック", "機関区分": 2, "都道府県コード": 9, "市区町村コード": 208, "所在地": "栃木県小山市花垣町１－２－１９", "緯度": 36.321982, "経度": 139.805188, "url": "https://www.iryou.teikyouseido.mhlw.go.jp/znk-web/juminkanja/S2430/initialize?prefCd=09&kikanCd=22090004552&kikanKbn=2", "url2": "https://www.shinohara-clinic-oyama.com/", "内容": "篠原クリニック【2:診療所】【診療科目:0】栃木県小山市花垣町１－２－１９" }, "geometry": { "type": "Point", "coordinates": [ 139.805188, 36.321982 ] } },
{ "type": "Feature", "properties": { "ID": 922090004555, "正式名称": "医療法人　渓仁会　城南クリニック", "機関区分": 2, "都道府県コード": 9, "市区町村コード": 208, "所在地": "栃木県小山市西城南２－１８－７", "緯度": 36.297029, "経度": 139.803756, "url": "https://www.iryou.teikyouseido.mhlw.go.jp/znk-web/juminkanja/S2430/initialize?prefCd=09&kikanCd=22090004555&kikanKbn=2", "url2": "http://www.jonan-clinic.jp", "内容": "医療法人　渓仁会　城南クリニック【2:診療所】【診療科目:0】栃木県小山市西城南２－１８－７" }, "geometry": { "type": "Point", "coordinates": [ 139.803756, 36.297029 ] } },
{ "type": "Feature", "properties": { "ID": 922090004560, "正式名称": "関根整形外科医院", "機関区分": 2, "都道府県コード": 9, "市区町村コード": 208, "所在地": "栃木県小山市駅南町１－９－１５", "緯度": 36.305686, "経度": 139.808952, "url": "https://www.iryou.teikyouseido.mhlw.go.jp/znk-web/juminkanja/S2430/initialize?prefCd=09&kikanCd=22090004560&kikanKbn=2", "url2": "http://park11.wakwak.com/~sekinet/", "内容": "関根整形外科医院【2:診療所】【診療科目:0】栃木県小山市駅南町１－９－１５" }, "geometry": { "type": "Point", "coordinates": [ 139.808952, 36.305686 ] } },
{ "type": "Feature", "properties": { "ID": 922090004562, "正式名称": "高岩内科医院", "機関区分": 2, "都道府県コード": 9, "市区町村コード": 208, "所在地": "栃木県小山市駅東通り２－３８－１３", "緯度": 36.310984, "経度": 139.811224, "url": "https://www.iryou.teikyouseido.mhlw.go.jp/znk-web/juminkanja/S2430/initialize?prefCd=09&kikanCd=22090004562&kikanKbn=2", "url2": "https://www.takaiwanaikaiin.jp", "内容": "高岩内科医院【2:診療所】【診療科目:0】栃木県小山市駅東通り２－３８－１３" }, "geometry": { "type": "Point", "coordinates": [ 139.811224, 36.310984 ] } },
{ "type": "Feature", "properties": { "ID": 922090004569, "正式名称": "トータルクリニック寺門医院", "機関区分": 2, "都道府県コード": 9, "市区町村コード": 208, "所在地": "栃木県小山市駅南町", "緯度": 36.305578, "経度": 139.805536, "url": "https://www.iryou.teikyouseido.mhlw.go.jp/znk-web/juminkanja/S2430/initialize?prefCd=09&kikanCd=22090004569&kikanKbn=2", "url2": "http://tctinifty.life.coocan.jp/", "内容": "トータルクリニック寺門医院【2:診療所】【診療科目:0】栃木県小山市駅南町" }, "geometry": { "type": "Point", "coordinates": [ 139.805536, 36.305578 ] } },
{ "type": "Feature", "properties": { "ID": 922090004576, "正式名称": "戸野塚内科医院", "機関区分": 2, "都道府県コード": 9, "市区町村コード": 208, "所在地": "栃木県小山市下石塚４７１", "緯度": 36.314448, "経度": 139.769294, "url": "https://www.iryou.teikyouseido.mhlw.go.jp/znk-web/juminkanja/S2430/initialize?prefCd=09&kikanCd=22090004576&kikanKbn=2", "url2": null, "内容": "戸野塚内科医院【2:診療所】【診療科目:0】栃木県小山市下石塚４７１" }, "geometry": { "type": "Point", "coordinates": [ 139.769294, 36.314448 ] } },
{ "type": "Feature", "properties": { "ID": 922090004577, "正式名称": "友井内科クリニック", "機関区分": 2, "都道府県コード": 9, "市区町村コード": 208, "所在地": "栃木県小山市駅東通り", "緯度": 36.310067, "経度": 139.806311, "url": "https://www.iryou.teikyouseido.mhlw.go.jp/znk-web/juminkanja/S2430/initialize?prefCd=09&kikanCd=22090004577&kikanKbn=2", "url2": null, "内容": "友井内科クリニック【2:診療所】【診療科目:0】栃木県小山市駅東通り" }, "geometry": { "type": "Point", "coordinates": [ 139.806311, 36.310067 ] } },
{ "type": "Feature", "properties": { "ID": 922090004584, "正式名称": "福田医院", "機関区分": 2, "都道府県コード": 9, "市区町村コード": 208, "所在地": "栃木県小山市宮本町２－４－６", "緯度": 36.310908, "経度": 139.802116, "url": "https://www.iryou.teikyouseido.mhlw.go.jp/znk-web/juminkanja/S2430/initialize?prefCd=09&kikanCd=22090004584&kikanKbn=2", "url2": null, "内容": "福田医院【2:診療所】【診療科目:0】栃木県小山市宮本町２－４－６" }, "geometry": { "type": "Point", "coordinates": [ 139.802116, 36.310908 ] } },
{ "type": "Feature", "properties": { "ID": 922090004585, "正式名称": "ふくだクリニック", "機関区分": 2, "都道府県コード": 9, "市区町村コード": 208, "所在地": "栃木県小山市西城南４－１２－３３", "緯度": 36.293564, "経度": 139.800603, "url": "https://www.iryou.teikyouseido.mhlw.go.jp/znk-web/juminkanja/S2430/initialize?prefCd=09&kikanCd=22090004585&kikanKbn=2", "url2": null, "内容": "ふくだクリニック【2:診療所】【診療科目:0】栃木県小山市西城南４－１２－３３" }, "geometry": { "type": "Point", "coordinates": [ 139.800603, 36.293564 ] } },
{ "type": "Feature", "properties": { "ID": 922090004587, "正式名称": "医療法人社団章仁会船田内科歯科医院", "機関区分": 2, "都道府県コード": 9, "市区町村コード": 208, "所在地": "栃木県小山市松沼５７８", "緯度": 36.347583, "経度": 139.775638, "url": "https://www.iryou.teikyouseido.mhlw.go.jp/znk-web/juminkanja/S2430/initialize?prefCd=09&kikanCd=22090004587&kikanKbn=2", "url2": null, "内容": "医療法人社団章仁会船田内科歯科医院【2:診療所】【診療科目:0】栃木県小山市松沼５７８" }, "geometry": { "type": "Point", "coordinates": [ 139.775638, 36.347583 ] } },
{ "type": "Feature", "properties": { "ID": 922090004589, "正式名称": "藤原クリニック", "機関区分": 2, "都道府県コード": 9, "市区町村コード": 208, "所在地": "栃木県小山市雨ケ谷新田７１－１", "緯度": 36.297467, "経度": 139.82317, "url": "https://www.iryou.teikyouseido.mhlw.go.jp/znk-web/juminkanja/S2430/initialize?prefCd=09&kikanCd=22090004589&kikanKbn=2", "url2": "oyamashi-fujiwara-cl.com", "内容": "藤原クリニック【2:診療所】【診療科目:0】栃木県小山市雨ケ谷新田７１－１" }, "geometry": { "type": "Point", "coordinates": [ 139.82317, 36.297467 ] } },
{ "type": "Feature", "properties": { "ID": 922090004592, "正式名称": "安西・古谷クリニック", "機関区分": 2, "都道府県コード": 9, "市区町村コード": 208, "所在地": "栃木県小山市中央町", "緯度": 36.313633, "経度": 139.802783, "url": "https://www.iryou.teikyouseido.mhlw.go.jp/znk-web/juminkanja/S2430/initialize?prefCd=09&kikanCd=22090004592&kikanKbn=2", "url2": null, "内容": "安西・古谷クリニック【2:診療所】【診療科目:0】栃木県小山市中央町" }, "geometry": { "type": "Point", "coordinates": [ 139.802783, 36.313633 ] } },
{ "type": "Feature", "properties": { "ID": 922090004593, "正式名称": "医療法人　志楽会　星　内科医院", "機関区分": 2, "都道府県コード": 9, "市区町村コード": 208, "所在地": "栃木県小山市喜沢３９９－４", "緯度": 36.329623, "経度": 139.822351, "url": "https://www.iryou.teikyouseido.mhlw.go.jp/znk-web/juminkanja/S2430/initialize?prefCd=09&kikanCd=22090004593&kikanKbn=2", "url2": "http://www.hoshi-naika.clinic", "内容": "医療法人　志楽会　星　内科医院【2:診療所】【診療科目:0】栃木県小山市喜沢３９９－４" }, "geometry": { "type": "Point", "coordinates": [ 139.822351, 36.329623 ] } },
{ "type": "Feature", "properties": { "ID": 922090004594, "正式名称": "星野胃腸科外科医院", "機関区分": 2, "都道府県コード": 9, "市区町村コード": 208, "所在地": "栃木県小山市粟宮７４５－１", "緯度": 36.293144, "経度": 139.789268, "url": "https://www.iryou.teikyouseido.mhlw.go.jp/znk-web/juminkanja/S2430/initialize?prefCd=09&kikanCd=22090004594&kikanKbn=2", "url2": "http://www.hoshinokai.com/surgery/index.htm", "内容": "星野胃腸科外科医院【2:診療所】【診療科目:0】栃木県小山市粟宮７４５－１" }, "geometry": { "type": "Point", "coordinates": [ 139.789268, 36.293144 ] } },
{ "type": "Feature", "properties": { "ID": 922090004601, "正式名称": "医療法人　厚和会　水越内科クリニック", "機関区分": 2, "都道府県コード": 9, "市区町村コード": 208, "所在地": "栃木県小山市雨ケ谷５０６－１", "緯度": 36.281801, "経度": 139.815002, "url": "https://www.iryou.teikyouseido.mhlw.go.jp/znk-web/juminkanja/S2430/initialize?prefCd=09&kikanCd=22090004601&kikanKbn=2", "url2": null, "内容": "医療法人　厚和会　水越内科クリニック【2:診療所】【診療科目:0】栃木県小山市雨ケ谷５０６－１" }, "geometry": { "type": "Point", "coordinates": [ 139.815002, 36.281801 ] } },
{ "type": "Feature", "properties": { "ID": 922090004602, "正式名称": "三田整形外科", "機関区分": 2, "都道府県コード": 9, "市区町村コード": 208, "所在地": "栃木県小山市間々田１８－１", "緯度": 36.257836, "経度": 139.778654, "url": "https://www.iryou.teikyouseido.mhlw.go.jp/znk-web/juminkanja/S2430/initialize?prefCd=09&kikanCd=22090004602&kikanKbn=2", "url2": null, "内容": "三田整形外科【2:診療所】【診療科目:0】栃木県小山市間々田１８－１" }, "geometry": { "type": "Point", "coordinates": [ 139.778654, 36.257836 ] } },
{ "type": "Feature", "properties": { "ID": 922090004604, "正式名称": "森岡内科小児科医院", "機関区分": 2, "都道府県コード": 9, "市区町村コード": 208, "所在地": "栃木県小山市乙女", "緯度": 36.262045, "経度": 139.757584, "url": "https://www.iryou.teikyouseido.mhlw.go.jp/znk-web/juminkanja/S2430/initialize?prefCd=09&kikanCd=22090004604&kikanKbn=2", "url2": "https://www.moriokanaika-shounika.com", "内容": "森岡内科小児科医院【2:診療所】【診療科目:0】栃木県小山市乙女" }, "geometry": { "type": "Point", "coordinates": [ 139.757584, 36.262045 ] } },
{ "type": "Feature", "properties": { "ID": 922090004605, "正式名称": "矢尾板クリニック", "機関区分": 2, "都道府県コード": 9, "市区町村コード": 208, "所在地": "栃木県小山市神鳥谷１７９９－１", "緯度": 36.28963, "経度": 139.798209, "url": "https://www.iryou.teikyouseido.mhlw.go.jp/znk-web/juminkanja/S2430/initialize?prefCd=09&kikanCd=22090004605&kikanKbn=2", "url2": null, "内容": "矢尾板クリニック【2:診療所】【診療科目:0】栃木県小山市神鳥谷１７９９－１" }, "geometry": { "type": "Point", "coordinates": [ 139.798209, 36.28963 ] } },
{ "type": "Feature", "properties": { "ID": 922090004620, "正式名称": "せき内科・胃腸科クリニック", "機関区分": 2, "都道府県コード": 9, "市区町村コード": 208, "所在地": "栃木県小山市喜沢６６７ー１５３", "緯度": 36.343442, "経度": 139.821223, "url": "https://www.iryou.teikyouseido.mhlw.go.jp/znk-web/juminkanja/S2430/initialize?prefCd=09&kikanCd=22090004620&kikanKbn=2", "url2": "http://www5c.biglobe.ne.jp/~clinic/", "内容": "せき内科・胃腸科クリニック【2:診療所】【診療科目:0】栃木県小山市喜沢６６７ー１５３" }, "geometry": { "type": "Point", "coordinates": [ 139.821223, 36.343442 ] } },
{ "type": "Feature", "properties": { "ID": 922090004624, "正式名称": "樹レディスクリニック", "機関区分": 2, "都道府県コード": 9, "市区町村コード": 208, "所在地": "栃木県小山市神鳥谷５－１８－１５", "緯度": 36.294649, "経度": 139.789698, "url": "https://www.iryou.teikyouseido.mhlw.go.jp/znk-web/juminkanja/S2430/initialize?prefCd=09&kikanCd=22090004624&kikanKbn=2", "url2": "http://itsuki-lc.jp/", "内容": "樹レディスクリニック【2:診療所】【診療科目:0】栃木県小山市神鳥谷５－１８－１５" }, "geometry": { "type": "Point", "coordinates": [ 139.789698, 36.294649 ] } },
{ "type": "Feature", "properties": { "ID": 922090004627, "正式名称": "サンフラワークリニック", "機関区分": 2, "都道府県コード": 9, "市区町村コード": 208, "所在地": "栃木県小山市出井１９３５―１", "緯度": 36.335658, "経度": 139.83491, "url": "https://www.iryou.teikyouseido.mhlw.go.jp/znk-web/juminkanja/S2430/initialize?prefCd=09&kikanCd=22090004627&kikanKbn=2", "url2": "http://www.daijyukai.or.jp/", "内容": "サンフラワークリニック【2:診療所】【診療科目:0】栃木県小山市出井１９３５―１" }, "geometry": { "type": "Point", "coordinates": [ 139.83491, 36.335658 ] } },
{ "type": "Feature", "properties": { "ID": 922090004629, "正式名称": "鹿野　クリニック", "機関区分": 2, "都道府県コード": 9, "市区町村コード": 364, "所在地": "栃木県下都賀郡野木町丸林４２１－９", "緯度": 36.231771, "経度": 139.739264, "url": "https://www.iryou.teikyouseido.mhlw.go.jp/znk-web/juminkanja/S2430/initialize?prefCd=09&kikanCd=22090004629&kikanKbn=2", "url2": "https://www.shikano.jp/", "内容": "鹿野　クリニック【2:診療所】【診療科目:0】栃木県下都賀郡野木町丸林４２１－９" }, "geometry": { "type": "Point", "coordinates": [ 139.739264, 36.231771 ] } },
{ "type": "Feature", "properties": { "ID": 922090004634, "正式名称": "小山整形外科内科クリニック", "機関区分": 2, "都道府県コード": 9, "市区町村コード": 208, "所在地": "栃木県小山市雨ケ谷８２４－１８", "緯度": 36.280937, "経度": 139.816938, "url": "https://www.iryou.teikyouseido.mhlw.go.jp/znk-web/juminkanja/S2430/initialize?prefCd=09&kikanCd=22090004634&kikanKbn=2", "url2": "https://www.oyamaseikeigekanaika.jp/", "内容": "小山整形外科内科クリニック【2:診療所】【診療科目:0】栃木県小山市雨ケ谷８２４－１８" }, "geometry": { "type": "Point", "coordinates": [ 139.816938, 36.280937 ] } },
{ "type": "Feature", "properties": { "ID": 922090004635, "正式名称": "医療法人　清心会　あかざわクリニック", "機関区分": 2, "都道府県コード": 9, "市区町村コード": 208, "所在地": "栃木県小山市土塔２３４－４７", "緯度": 36.299982, "経度": 139.821518, "url": "https://www.iryou.teikyouseido.mhlw.go.jp/znk-web/juminkanja/S2430/initialize?prefCd=09&kikanCd=22090004635&kikanKbn=2", "url2": null, "内容": "医療法人　清心会　あかざわクリニック【2:診療所】【診療科目:0】栃木県小山市土塔２３４－４７" }, "geometry": { "type": "Point", "coordinates": [ 139.821518, 36.299982 ] } },
{ "type": "Feature", "properties": { "ID": 922090004636, "正式名称": "いしい整形外科", "機関区分": 2, "都道府県コード": 9, "市区町村コード": 208, "所在地": "栃木県小山市犬塚１－２１－８", "緯度": 36.307602, "経度": 139.831642, "url": "https://www.iryou.teikyouseido.mhlw.go.jp/znk-web/juminkanja/S2430/initialize?prefCd=09&kikanCd=22090004636&kikanKbn=2", "url2": null, "内容": "いしい整形外科【2:診療所】【診療科目:0】栃木県小山市犬塚１－２１－８" }, "geometry": { "type": "Point", "coordinates": [ 139.831642, 36.307602 ] } },
{ "type": "Feature", "properties": { "ID": 922090005501, "正式名称": "日光市立国民健康保険栗山診療所", "機関区分": 2, "都道府県コード": 9, "市区町村コード": 206, "所在地": "栃木県日光市黒部５４－１", "緯度": 36.866654, "経度": 139.604533, "url": "https://www.iryou.teikyouseido.mhlw.go.jp/znk-web/juminkanja/S2430/initialize?prefCd=09&kikanCd=22090005501&kikanKbn=2", "url2": "http://www.city.nikko.lg.jp/hoken/shisetsu/kokuho-kuriyamshin.html", "内容": "日光市立国民健康保険栗山診療所【2:診療所】【診療科目:0】栃木県日光市黒部５４－１" }, "geometry": { "type": "Point", "coordinates": [ 139.604533, 36.866654 ] } },
{ "type": "Feature", "properties": { "ID": 922090005505, "正式名称": "医療法人豊英会川村医院", "機関区分": 2, "都道府県コード": 9, "市区町村コード": 206, "所在地": "栃木県日光市鬼怒川温泉大原１３９６－２０", "緯度": 36.82481, "経度": 139.716868, "url": "https://www.iryou.teikyouseido.mhlw.go.jp/znk-web/juminkanja/S2430/initialize?prefCd=09&kikanCd=22090005505&kikanKbn=2", "url2": "https://houeikai-kawamuraiin.jimdofree.com/", "内容": "医療法人豊英会川村医院【2:診療所】【診療科目:0】栃木県日光市鬼怒川温泉大原１３９６－２０" }, "geometry": { "type": "Point", "coordinates": [ 139.716868, 36.82481 ] } },
{ "type": "Feature", "properties": { "ID": 922090006502, "正式名称": "赤羽医院", "機関区分": 2, "都道府県コード": 9, "市区町村コード": 210, "所在地": "栃木県大田原市城山２－５－２９", "緯度": 36.865916, "経度": 140.031696, "url": "https://www.iryou.teikyouseido.mhlw.go.jp/znk-web/juminkanja/S2430/initialize?prefCd=09&kikanCd=22090006502&kikanKbn=2", "url2": null, "内容": "赤羽医院【2:診療所】【診療科目:0】栃木県大田原市城山２－５－２９" }, "geometry": { "type": "Point", "coordinates": [ 140.031696, 36.865916 ] } },
{ "type": "Feature", "properties": { "ID": 922090006503, "正式名称": "阿部内科", "機関区分": 2, "都道府県コード": 9, "市区町村コード": 210, "所在地": "栃木県大田原市佐久山", "緯度": 36.808938, "経度": 140.008467, "url": "https://www.iryou.teikyouseido.mhlw.go.jp/znk-web/juminkanja/S2430/initialize?prefCd=09&kikanCd=22090006503&kikanKbn=2", "url2": null, "内容": "阿部内科【2:診療所】【診療科目:0】栃木県大田原市佐久山" }, "geometry": { "type": "Point", "coordinates": [ 140.008467, 36.808938 ] } },
{ "type": "Feature", "properties": { "ID": 922090006505, "正式名称": "医療法人恵徳会あさかクリニック", "機関区分": 2, "都道府県コード": 9, "市区町村コード": 210, "所在地": "栃木県大田原市浅香３－３７１１－１２", "緯度": 36.855839, "経度": 140.0201, "url": "https://www.iryou.teikyouseido.mhlw.go.jp/znk-web/juminkanja/S2430/initialize?prefCd=09&kikanCd=22090006505&kikanKbn=2", "url2": "http://www.asakaclinic.com/", "内容": "医療法人恵徳会あさかクリニック【2:診療所】【診療科目:0】栃木県大田原市浅香３－３７１１－１２" }, "geometry": { "type": "Point", "coordinates": [ 140.0201, 36.855839 ] } },
{ "type": "Feature", "properties": { "ID": 922090006513, "正式名称": "木戸内科クリニック", "機関区分": 2, "都道府県コード": 9, "市区町村コード": 210, "所在地": "栃木県大田原市美原２ー２８３１−１５３", "緯度": 36.865755, "経度": 140.011153, "url": "https://www.iryou.teikyouseido.mhlw.go.jp/znk-web/juminkanja/S2430/initialize?prefCd=09&kikanCd=22090006513&kikanKbn=2", "url2": null, "内容": "木戸内科クリニック【2:診療所】【診療科目:0】栃木県大田原市美原２ー２８３１−１５３" }, "geometry": { "type": "Point", "coordinates": [ 140.011153, 36.865755 ] } },
{ "type": "Feature", "properties": { "ID": 922090006514, "正式名称": "国際医療福祉大学クリニック", "機関区分": 2, "都道府県コード": 9, "市区町村コード": 210, "所在地": "栃木県大田原市北金丸２６００－６", "緯度": 36.871347, "経度": 140.072251, "url": "https://www.iryou.teikyouseido.mhlw.go.jp/znk-web/juminkanja/S2430/initialize?prefCd=09&kikanCd=22090006514&kikanKbn=2", "url2": "http://www.iuhw.ac.jp/clinic", "内容": "国際医療福祉大学クリニック【2:診療所】【診療科目:0】栃木県大田原市北金丸２６００－６" }, "geometry": { "type": "Point", "coordinates": [ 140.072251, 36.871347 ] } },
{ "type": "Feature", "properties": { "ID": 922090006515, "正式名称": "医療法人広志会　齊藤内科医院", "機関区分": 2, "都道府県コード": 9, "市区町村コード": 210, "所在地": "栃木県大田原市新富町３－４－１８", "緯度": 36.862244, "経度": 140.022152, "url": "https://www.iryou.teikyouseido.mhlw.go.jp/znk-web/juminkanja/S2430/initialize?prefCd=09&kikanCd=22090006515&kikanKbn=2", "url2": null, "内容": "医療法人広志会　齊藤内科医院【2:診療所】【診療科目:0】栃木県大田原市新富町３－４－１８" }, "geometry": { "type": "Point", "coordinates": [ 140.022152, 36.862244 ] } },
{ "type": "Feature", "properties": { "ID": 922090006518, "正式名称": "医療法人光愛会　高橋外科医院", "機関区分": 2, "都道府県コード": 9, "市区町村コード": 210, "所在地": "栃木県大田原市住吉町１－１１－２０", "緯度": 36.869271, "経度": 140.021344, "url": "https://www.iryou.teikyouseido.mhlw.go.jp/znk-web/juminkanja/S2430/initialize?prefCd=09&kikanCd=22090006518&kikanKbn=2", "url2": "http://www.takahashi-bin.com/", "内容": "医療法人光愛会　高橋外科医院【2:診療所】【診療科目:0】栃木県大田原市住吉町１－１１－２０" }, "geometry": { "type": "Point", "coordinates": [ 140.021344, 36.869271 ] } },
{ "type": "Feature", "properties": { "ID": 922090006522, "正式名称": "橋本内科クリニック", "機関区分": 2, "都道府県コード": 9, "市区町村コード": 210, "所在地": "栃木県大田原市元町１－２－１４", "緯度": 36.862252, "経度": 140.03146, "url": "https://www.iryou.teikyouseido.mhlw.go.jp/znk-web/juminkanja/S2430/initialize?prefCd=09&kikanCd=22090006522&kikanKbn=2", "url2": null, "内容": "橋本内科クリニック【2:診療所】【診療科目:0】栃木県大田原市元町１－２－１４" }, "geometry": { "type": "Point", "coordinates": [ 140.03146, 36.862252 ] } },
{ "type": "Feature", "properties": { "ID": 922090006525, "正式名称": "藤田医院", "機関区分": 2, "都道府県コード": 9, "市区町村コード": 210, "所在地": "栃木県大田原市野崎２−７−１４", "緯度": 36.845193, "経度": 139.95714, "url": "https://www.iryou.teikyouseido.mhlw.go.jp/znk-web/juminkanja/S2430/initialize?prefCd=09&kikanCd=22090006525&kikanKbn=2", "url2": "http://www5.ocn.ne.jp/~hoshin/", "内容": "藤田医院【2:診療所】【診療科目:0】栃木県大田原市野崎２−７−１４" }, "geometry": { "type": "Point", "coordinates": [ 139.95714, 36.845193 ] } },
{ "type": "Feature", "properties": { "ID": 922090006528, "正式名称": "増山医院", "機関区分": 2, "都道府県コード": 9, "市区町村コード": 210, "所在地": "栃木県大田原市小滝１１０７－６", "緯度": 36.896408, "経度": 140.050362, "url": "https://www.iryou.teikyouseido.mhlw.go.jp/znk-web/juminkanja/S2430/initialize?prefCd=09&kikanCd=22090006528&kikanKbn=2", "url2": null, "内容": "増山医院【2:診療所】【診療科目:0】栃木県大田原市小滝１１０７－６" }, "geometry": { "type": "Point", "coordinates": [ 140.050362, 36.896408 ] } },
{ "type": "Feature", "properties": { "ID": 922090006529, "正式名称": "医療法人　増山胃腸科クリニック", "機関区分": 2, "都道府県コード": 9, "市区町村コード": 210, "所在地": "栃木県大田原市加治屋８３－４１３", "緯度": 36.855024, "経度": 139.998652, "url": "https://www.iryou.teikyouseido.mhlw.go.jp/znk-web/juminkanja/S2430/initialize?prefCd=09&kikanCd=22090006529&kikanKbn=2", "url2": "http://masuyama-clinic.or.jp/", "内容": "医療法人　増山胃腸科クリニック【2:診療所】【診療科目:0】栃木県大田原市加治屋８３－４１３" }, "geometry": { "type": "Point", "coordinates": [ 139.998652, 36.855024 ] } },
{ "type": "Feature", "properties": { "ID": 922090006533, "正式名称": "医療法人　吉成小児科", "機関区分": 2, "都道府県コード": 9, "市区町村コード": 210, "所在地": "栃木県大田原市新富町", "緯度": 36.865408, "経度": 140.026218, "url": "https://www.iryou.teikyouseido.mhlw.go.jp/znk-web/juminkanja/S2430/initialize?prefCd=09&kikanCd=22090006533&kikanKbn=2", "url2": "https://www.yoshinari-shounika.jp/", "内容": "医療法人　吉成小児科【2:診療所】【診療科目:0】栃木県大田原市新富町" }, "geometry": { "type": "Point", "coordinates": [ 140.026218, 36.865408 ] } },
{ "type": "Feature", "properties": { "ID": 922090006537, "正式名称": "増山医院", "機関区分": 2, "都道府県コード": 9, "市区町村コード": 210, "所在地": "栃木県大田原市佐良土８６１", "緯度": 36.790669, "経度": 140.122474, "url": "https://www.iryou.teikyouseido.mhlw.go.jp/znk-web/juminkanja/S2430/initialize?prefCd=09&kikanCd=22090006537&kikanKbn=2", "url2": "https://picky8613.wixsite.com/masuyama-dr-office", "内容": "増山医院【2:診療所】【診療科目:0】栃木県大田原市佐良土８６１" }, "geometry": { "type": "Point", "coordinates": [ 140.122474, 36.790669 ] } },
{ "type": "Feature", "properties": { "ID": 922090006539, "正式名称": "江部医院", "機関区分": 2, "都道府県コード": 9, "市区町村コード": 210, "所在地": "栃木県大田原市黒羽向町６０", "緯度": 36.861413, "経度": 140.116779, "url": "https://www.iryou.teikyouseido.mhlw.go.jp/znk-web/juminkanja/S2430/initialize?prefCd=09&kikanCd=22090006539&kikanKbn=2", "url2": null, "内容": "江部医院【2:診療所】【診療科目:0】栃木県大田原市黒羽向町６０" }, "geometry": { "type": "Point", "coordinates": [ 140.116779, 36.861413 ] } },
{ "type": "Feature", "properties": { "ID": 922090006540, "正式名称": "車田医院", "機関区分": 2, "都道府県コード": 9, "市区町村コード": 210, "所在地": "栃木県大田原市大豆田４５７－２４", "緯度": 36.860886, "経度": 140.113756, "url": "https://www.iryou.teikyouseido.mhlw.go.jp/znk-web/juminkanja/S2430/initialize?prefCd=09&kikanCd=22090006540&kikanKbn=2", "url2": null, "内容": "車田医院【2:診療所】【診療科目:0】栃木県大田原市大豆田４５７－２４" }, "geometry": { "type": "Point", "coordinates": [ 140.113756, 36.860886 ] } },
{ "type": "Feature", "properties": { "ID": 922090006548, "正式名称": "益子クリニック", "機関区分": 2, "都道府県コード": 9, "市区町村コード": 210, "所在地": "栃木県大田原市黒羽田町８２７", "緯度": 36.861815, "経度": 140.121206, "url": "https://www.iryou.teikyouseido.mhlw.go.jp/znk-web/juminkanja/S2430/initialize?prefCd=09&kikanCd=22090006548&kikanKbn=2", "url2": null, "内容": "益子クリニック【2:診療所】【診療科目:0】栃木県大田原市黒羽田町８２７" }, "geometry": { "type": "Point", "coordinates": [ 140.121206, 36.861815 ] } },
{ "type": "Feature", "properties": { "ID": 922090006552, "正式名称": "医療法人石塚産婦人科", "機関区分": 2, "都道府県コード": 9, "市区町村コード": 213, "所在地": "栃木県那須塩原市三島２－１４－９", "緯度": 36.891864, "経度": 139.976721, "url": "https://www.iryou.teikyouseido.mhlw.go.jp/znk-web/juminkanja/S2430/initialize?prefCd=09&kikanCd=22090006552&kikanKbn=2", "url2": "http://www.ishizuka.or.jp", "内容": "医療法人石塚産婦人科【2:診療所】【診療科目:0】栃木県那須塩原市三島２－１４－９" }, "geometry": { "type": "Point", "coordinates": [ 139.976721, 36.891864 ] } },
{ "type": "Feature", "properties": { "ID": 922090006556, "正式名称": "医療法人社団小沼内科胃腸科クリニック", "機関区分": 2, "都道府県コード": 9, "市区町村コード": 213, "所在地": "栃木県那須塩原市西朝日町６－４２", "緯度": 36.885091, "経度": 139.988918, "url": "https://www.iryou.teikyouseido.mhlw.go.jp/znk-web/juminkanja/S2430/initialize?prefCd=09&kikanCd=22090006556&kikanKbn=2", "url2": "http://www.konuma-clinic.jp", "内容": "医療法人社団小沼内科胃腸科クリニック【2:診療所】【診療科目:0】栃木県那須塩原市西朝日町６－４２" }, "geometry": { "type": "Point", "coordinates": [ 139.988918, 36.885091 ] } },
{ "type": "Feature", "properties": { "ID": 922090006558, "正式名称": "佐藤医院", "機関区分": 2, "都道府県コード": 9, "市区町村コード": 213, "所在地": "栃木県那須塩原市西栄町７－１６", "緯度": 36.888337, "経度": 139.985418, "url": "https://www.iryou.teikyouseido.mhlw.go.jp/znk-web/juminkanja/S2430/initialize?prefCd=09&kikanCd=22090006558&kikanKbn=2", "url2": null, "内容": "佐藤医院【2:診療所】【診療科目:0】栃木県那須塩原市西栄町７－１６" }, "geometry": { "type": "Point", "coordinates": [ 139.985418, 36.888337 ] } },
{ "type": "Feature", "properties": { "ID": 922090006564, "正式名称": "西那須野内科循環器科クリニック", "機関区分": 2, "都道府県コード": 9, "市区町村コード": 213, "所在地": "栃木県那須塩原市永田町", "緯度": 36.88569, "経度": 139.983952, "url": "https://www.iryou.teikyouseido.mhlw.go.jp/znk-web/juminkanja/S2430/initialize?prefCd=09&kikanCd=22090006564&kikanKbn=2", "url2": "http://nishinasuno-cl.com", "内容": "西那須野内科循環器科クリニック【2:診療所】【診療科目:0】栃木県那須塩原市永田町" }, "geometry": { "type": "Point", "coordinates": [ 139.983952, 36.88569 ] } },
{ "type": "Feature", "properties": { "ID": 922090006565, "正式名称": "原内科小児科医院", "機関区分": 2, "都道府県コード": 9, "市区町村コード": 213, "所在地": "栃木県那須塩原市西原町８－３５", "緯度": 36.890236, "経度": 139.97628, "url": "https://www.iryou.teikyouseido.mhlw.go.jp/znk-web/juminkanja/S2430/initialize?prefCd=09&kikanCd=22090006565&kikanKbn=2", "url2": null, "内容": "原内科小児科医院【2:診療所】【診療科目:0】栃木県那須塩原市西原町８－３５" }, "geometry": { "type": "Point", "coordinates": [ 139.97628, 36.890236 ] } },
{ "type": "Feature", "properties": { "ID": 922090006569, "正式名称": "みずぬまクリニック", "機関区分": 2, "都道府県コード": 9, "市区町村コード": 213, "所在地": "栃木県那須塩原市東三島２－８０－６", "緯度": 36.89716, "経度": 139.980838, "url": "https://www.iryou.teikyouseido.mhlw.go.jp/znk-web/juminkanja/S2430/initialize?prefCd=09&kikanCd=22090006569&kikanKbn=2", "url2": null, "内容": "みずぬまクリニック【2:診療所】【診療科目:0】栃木県那須塩原市東三島２－８０－６" }, "geometry": { "type": "Point", "coordinates": [ 139.980838, 36.89716 ] } },
{ "type": "Feature", "properties": { "ID": 922090006579, "正式名称": "なすのクリニック", "機関区分": 2, "都道府県コード": 9, "市区町村コード": 213, "所在地": "栃木県那須塩原市共墾社８３－２４", "緯度": 36.96357, "経度": 140.050282, "url": "https://www.iryou.teikyouseido.mhlw.go.jp/znk-web/juminkanja/S2430/initialize?prefCd=09&kikanCd=22090006579&kikanKbn=2", "url2": "https://hakueikai.gr.jp/nasuno/", "内容": "なすのクリニック【2:診療所】【診療科目:0】栃木県那須塩原市共墾社８３－２４" }, "geometry": { "type": "Point", "coordinates": [ 140.050282, 36.96357 ] } },
{ "type": "Feature", "properties": { "ID": 922090006586, "正式名称": "医療法人社団聖医会　せいいかいメディカルクリニックＮＡＳＵ", "機関区分": 2, "都道府県コード": 9, "市区町村コード": 210, "所在地": "栃木県大田原市町島１９９－３", "緯度": 36.883238, "経度": 140.021186, "url": "https://www.iryou.teikyouseido.mhlw.go.jp/znk-web/juminkanja/S2430/initialize?prefCd=09&kikanCd=22090006586&kikanKbn=2", "url2": "https://seiikai-medicalgroup.com/", "内容": "医療法人社団聖医会　せいいかいメディカルクリニックＮＡＳＵ【2:診療所】【診療科目:0】栃木県大田原市町島１９９－３" }, "geometry": { "type": "Point", "coordinates": [ 140.021186, 36.883238 ] } },
{ "type": "Feature", "properties": { "ID": 922090006588, "正式名称": "だいなリハビリクリニック", "機関区分": 2, "都道府県コード": 9, "市区町村コード": 210, "所在地": "栃木県大田原市紫塚", "緯度": 36.877682, "経度": 140.021621, "url": "https://www.iryou.teikyouseido.mhlw.go.jp/znk-web/juminkanja/S2430/initialize?prefCd=09&kikanCd=22090006588&kikanKbn=2", "url2": "http://dyna.gotdns.com", "内容": "だいなリハビリクリニック【2:診療所】【診療科目:0】栃木県大田原市紫塚" }, "geometry": { "type": "Point", "coordinates": [ 140.021621, 36.877682 ] } },
{ "type": "Feature", "properties": { "ID": 922090006589, "正式名称": "野崎皮膚科", "機関区分": 2, "都道府県コード": 9, "市区町村コード": 210, "所在地": "栃木県大田原市末広３－３００４－２", "緯度": 36.864702, "経度": 140.015233, "url": "https://www.iryou.teikyouseido.mhlw.go.jp/znk-web/juminkanja/S2430/initialize?prefCd=09&kikanCd=22090006589&kikanKbn=2", "url2": "http://www.e-nozaki.net", "内容": "野崎皮膚科【2:診療所】【診療科目:0】栃木県大田原市末広３－３００４－２" }, "geometry": { "type": "Point", "coordinates": [ 140.015233, 36.864702 ] } },
{ "type": "Feature", "properties": { "ID": 922090007250, "正式名称": "都丸整形外科", "機関区分": 2, "都道府県コード": 9, "市区町村コード": 216, "所在地": "栃木県下野市文教１－１１－１６", "緯度": 36.441586, "経度": 139.860104, "url": "https://www.iryou.teikyouseido.mhlw.go.jp/znk-web/juminkanja/S2430/initialize?prefCd=09&kikanCd=22090007250&kikanKbn=2", "url2": "http://www12.plala.or.jp/tomaruseikei/", "内容": "都丸整形外科【2:診療所】【診療科目:0】栃木県下野市文教１－１１－１６" }, "geometry": { "type": "Point", "coordinates": [ 139.860104, 36.441586 ] } },
{ "type": "Feature", "properties": { "ID": 922090007501, "正式名称": "石川医院", "機関区分": 2, "都道府県コード": 9, "市区町村コード": 301, "所在地": "栃木県河内郡上三川町大山４６７－５", "緯度": 36.450611, "経度": 139.87485, "url": "https://www.iryou.teikyouseido.mhlw.go.jp/znk-web/juminkanja/S2430/initialize?prefCd=09&kikanCd=22090007501&kikanKbn=2", "url2": "https://www.ishikawa-m.com/", "内容": "石川医院【2:診療所】【診療科目:0】栃木県河内郡上三川町大山４６７－５" }, "geometry": { "type": "Point", "coordinates": [ 139.87485, 36.450611 ] } },
{ "type": "Feature", "properties": { "ID": 922090007504, "正式名称": "小口内科小児科医院", "機関区分": 2, "都道府県コード": 9, "市区町村コード": 301, "所在地": "栃木県河内郡上三川町上三川３３５８", "緯度": 36.427156, "経度": 139.910509, "url": "https://www.iryou.teikyouseido.mhlw.go.jp/znk-web/juminkanja/S2430/initialize?prefCd=09&kikanCd=22090007504&kikanKbn=2", "url2": "http://www.koguchi-naika.com/", "内容": "小口内科小児科医院【2:診療所】【診療科目:0】栃木県河内郡上三川町上三川３３５８" }, "geometry": { "type": "Point", "coordinates": [ 139.910509, 36.427156 ] } },
{ "type": "Feature", "properties": { "ID": 922090007506, "正式名称": "せんば医院", "機関区分": 2, "都道府県コード": 9, "市区町村コード": 301, "所在地": "栃木県河内郡上三川町しらさぎ１－１９－８", "緯度": 36.441337, "経度": 139.908448, "url": "https://www.iryou.teikyouseido.mhlw.go.jp/znk-web/juminkanja/S2430/initialize?prefCd=09&kikanCd=22090007506&kikanKbn=2", "url2": null, "内容": "せんば医院【2:診療所】【診療科目:0】栃木県河内郡上三川町しらさぎ１－１９－８" }, "geometry": { "type": "Point", "coordinates": [ 139.908448, 36.441337 ] } },
{ "type": "Feature", "properties": { "ID": 922090007513, "正式名称": "藤沼医院", "機関区分": 2, "都道府県コード": 9, "市区町村コード": 301, "所在地": "栃木県河内郡上三川町梁", "緯度": 36.424147, "経度": 139.88411, "url": "https://www.iryou.teikyouseido.mhlw.go.jp/znk-web/juminkanja/S2430/initialize?prefCd=09&kikanCd=22090007513&kikanKbn=2", "url2": "http://www.fujinumaiin.jp", "内容": "藤沼医院【2:診療所】【診療科目:0】栃木県河内郡上三川町梁" }, "geometry": { "type": "Point", "coordinates": [ 139.88411, 36.424147 ] } },
{ "type": "Feature", "properties": { "ID": 922090007514, "正式名称": "やの小児科医院", "機関区分": 2, "都道府県コード": 9, "市区町村コード": 301, "所在地": "栃木県河内郡上三川町上三川３４４６－３", "緯度": 36.424617, "経度": 139.913045, "url": "https://www.iryou.teikyouseido.mhlw.go.jp/znk-web/juminkanja/S2430/initialize?prefCd=09&kikanCd=22090007514&kikanKbn=2", "url2": null, "内容": "やの小児科医院【2:診療所】【診療科目:0】栃木県河内郡上三川町上三川３４４６－３" }, "geometry": { "type": "Point", "coordinates": [ 139.913045, 36.424617 ] } },
{ "type": "Feature", "properties": { "ID": 922090007518, "正式名称": "医療法人天佑会　薬師寺運動器クリニック", "機関区分": 2, "都道府県コード": 9, "市区町村コード": 216, "所在地": "栃木県下野市薬師寺３２２１－３", "緯度": 36.3945, "経度": 139.864296, "url": "https://www.iryou.teikyouseido.mhlw.go.jp/znk-web/juminkanja/S2430/initialize?prefCd=09&kikanCd=22090007518&kikanKbn=2", "url2": "https://ymc.tochigi.jp/", "内容": "医療法人天佑会　薬師寺運動器クリニック【2:診療所】【診療科目:0】栃木県下野市薬師寺３２２１－３" }, "geometry": { "type": "Point", "coordinates": [ 139.864296, 36.3945 ] } },
{ "type": "Feature", "properties": { "ID": 922090007521, "正式名称": "木村クリニック", "機関区分": 2, "都道府県コード": 9, "市区町村コード": 216, "所在地": "栃木県下野市笹原２３０番６", "緯度": 36.396097, "経度": 139.858474, "url": "https://www.iryou.teikyouseido.mhlw.go.jp/znk-web/juminkanja/S2430/initialize?prefCd=09&kikanCd=22090007521&kikanKbn=2", "url2": "http://www.kimuraclinic.co/", "内容": "木村クリニック【2:診療所】【診療科目:0】栃木県下野市笹原２３０番６" }, "geometry": { "type": "Point", "coordinates": [ 139.858474, 36.396097 ] } },
{ "type": "Feature", "properties": { "ID": 922090007527, "正式名称": "医療法人　すずき内科・循環器科", "機関区分": 2, "都道府県コード": 9, "市区町村コード": 216, "所在地": "栃木県下野市薬師寺２４８９ー１０", "緯度": 36.386842, "経度": 139.865693, "url": "https://www.iryou.teikyouseido.mhlw.go.jp/znk-web/juminkanja/S2430/initialize?prefCd=09&kikanCd=22090007527&kikanKbn=2", "url2": null, "内容": "医療法人　すずき内科・循環器科【2:診療所】【診療科目:0】栃木県下野市薬師寺２４８９ー１０" }, "geometry": { "type": "Point", "coordinates": [ 139.865693, 36.386842 ] } },
{ "type": "Feature", "properties": { "ID": 922090007528, "正式名称": "医療法人　三秀会　中央クリニック", "機関区分": 2, "都道府県コード": 9, "市区町村コード": 216, "所在地": "栃木県下野市薬師寺３１５４－２", "緯度": 36.399155, "経度": 139.86334, "url": "https://www.iryou.teikyouseido.mhlw.go.jp/znk-web/juminkanja/S2430/initialize?prefCd=09&kikanCd=22090007528&kikanKbn=2", "url2": "https://www.centralclinic.or.jp", "内容": "医療法人　三秀会　中央クリニック【2:診療所】【診療科目:0】栃木県下野市薬師寺３１５４－２" }, "geometry": { "type": "Point", "coordinates": [ 139.86334, 36.399155 ] } },
{ "type": "Feature", "properties": { "ID": 922090007532, "正式名称": "南河内診療所", "機関区分": 2, "都道府県コード": 9, "市区町村コード": 216, "所在地": "栃木県下野市薬師寺２４７２", "緯度": 36.391516, "経度": 139.865472, "url": "https://www.iryou.teikyouseido.mhlw.go.jp/znk-web/juminkanja/S2430/initialize?prefCd=09&kikanCd=22090007532&kikanKbn=2", "url2": "http://www.otassha-club.jp", "内容": "南河内診療所【2:診療所】【診療科目:0】栃木県下野市薬師寺２４７２" }, "geometry": { "type": "Point", "coordinates": [ 139.865472, 36.391516 ] } },
{ "type": "Feature", "properties": { "ID": 922090007536, "正式名称": "角田内科医院", "機関区分": 2, "都道府県コード": 9, "市区町村コード": 216, "所在地": "栃木県下野市石橋５４９", "緯度": 36.437458, "経度": 139.860577, "url": "https://www.iryou.teikyouseido.mhlw.go.jp/znk-web/juminkanja/S2430/initialize?prefCd=09&kikanCd=22090007536&kikanKbn=2", "url2": null, "内容": "角田内科医院【2:診療所】【診療科目:0】栃木県下野市石橋５４９" }, "geometry": { "type": "Point", "coordinates": [ 139.860577, 36.437458 ] } },
{ "type": "Feature", "properties": { "ID": 922090007539, "正式名称": "柏木ひふ科", "機関区分": 2, "都道府県コード": 9, "市区町村コード": 216, "所在地": "栃木県下野市下古山１－１－１０", "緯度": 36.441558, "経度": 139.859416, "url": "https://www.iryou.teikyouseido.mhlw.go.jp/znk-web/juminkanja/S2430/initialize?prefCd=09&kikanCd=22090007539&kikanKbn=2", "url2": "http://www.ky-derma.com/hifuka/", "内容": "柏木ひふ科【2:診療所】【診療科目:0】栃木県下野市下古山１－１－１０" }, "geometry": { "type": "Point", "coordinates": [ 139.859416, 36.441558 ] } },
{ "type": "Feature", "properties": { "ID": 922090007542, "正式名称": "佐藤内科", "機関区分": 2, "都道府県コード": 9, "市区町村コード": 216, "所在地": "栃木県下野市石橋８３９－１４", "緯度": 36.436822, "経度": 139.859324, "url": "https://www.iryou.teikyouseido.mhlw.go.jp/znk-web/juminkanja/S2430/initialize?prefCd=09&kikanCd=22090007542&kikanKbn=2", "url2": "http://www.satounaika-ishibashi.com/", "内容": "佐藤内科【2:診療所】【診療科目:0】栃木県下野市石橋８３９－１４" }, "geometry": { "type": "Point", "coordinates": [ 139.859324, 36.436822 ] } },
{ "type": "Feature", "properties": { "ID": 922090007543, "正式名称": "島田クリニック", "機関区分": 2, "都道府県コード": 9, "市区町村コード": 216, "所在地": "栃木県下野市石橋２３８－１", "緯度": 36.436379, "経度": 139.867418, "url": "https://www.iryou.teikyouseido.mhlw.go.jp/znk-web/juminkanja/S2430/initialize?prefCd=09&kikanCd=22090007543&kikanKbn=2", "url2": null, "内容": "島田クリニック【2:診療所】【診療科目:0】栃木県下野市石橋２３８－１" }, "geometry": { "type": "Point", "coordinates": [ 139.867418, 36.436379 ] } },
{ "type": "Feature", "properties": { "ID": 922090007549, "正式名称": "医療法人　新島内科クリニック", "機関区分": 2, "都道府県コード": 9, "市区町村コード": 216, "所在地": "栃木県下野市文教３－１０－４", "緯度": 36.449294, "経度": 139.86179, "url": "https://www.iryou.teikyouseido.mhlw.go.jp/znk-web/juminkanja/S2430/initialize?prefCd=09&kikanCd=22090007549&kikanKbn=2", "url2": "https://niijima-clinic.com", "内容": "医療法人　新島内科クリニック【2:診療所】【診療科目:0】栃木県下野市文教３－１０－４" }, "geometry": { "type": "Point", "coordinates": [ 139.86179, 36.449294 ] } },
{ "type": "Feature", "properties": { "ID": 922090007552, "正式名称": "医）杏仁会　海老原医院", "機関区分": 2, "都道府県コード": 9, "市区町村コード": 216, "所在地": "栃木県下野市小金井５－２６－１０", "緯度": 36.374844, "経度": 139.839384, "url": "https://www.iryou.teikyouseido.mhlw.go.jp/znk-web/juminkanja/S2430/initialize?prefCd=09&kikanCd=22090007552&kikanKbn=2", "url2": "http://ebihara-med.byoinnavi.jp", "内容": "医）杏仁会　海老原医院【2:診療所】【診療科目:0】栃木県下野市小金井５－２６－１０" }, "geometry": { "type": "Point", "coordinates": [ 139.839384, 36.374844 ] } },
{ "type": "Feature", "properties": { "ID": 922090007553, "正式名称": "岡田医院", "機関区分": 2, "都道府県コード": 9, "市区町村コード": 216, "所在地": "栃木県下野市小金井２９７６", "緯度": 36.382454, "経度": 139.84462, "url": "https://www.iryou.teikyouseido.mhlw.go.jp/znk-web/juminkanja/S2430/initialize?prefCd=09&kikanCd=22090007553&kikanKbn=2", "url2": null, "内容": "岡田医院【2:診療所】【診療科目:0】栃木県下野市小金井２９７６" }, "geometry": { "type": "Point", "coordinates": [ 139.84462, 36.382454 ] } },
{ "type": "Feature", "properties": { "ID": 922090007555, "正式名称": "回生眼科", "機関区分": 2, "都道府県コード": 9, "市区町村コード": 216, "所在地": "栃木県下野市医大前４－８－１", "緯度": 36.39312, "経度": 139.855368, "url": "https://www.iryou.teikyouseido.mhlw.go.jp/znk-web/juminkanja/S2430/initialize?prefCd=09&kikanCd=22090007555&kikanKbn=2", "url2": "http://kaisei-ganka.jp", "内容": "回生眼科【2:診療所】【診療科目:0】栃木県下野市医大前４－８－１" }, "geometry": { "type": "Point", "coordinates": [ 139.855368, 36.39312 ] } },
{ "type": "Feature", "properties": { "ID": 922090007556, "正式名称": "せいいかいメディカルクリニックＯＹＡＭＡ", "機関区分": 2, "都道府県コード": 9, "市区町村コード": 216, "所在地": "栃木県下野市駅東５－１３－１６", "緯度": 36.371999, "経度": 139.84792, "url": "https://www.iryou.teikyouseido.mhlw.go.jp/znk-web/juminkanja/S2430/initialize?prefCd=09&kikanCd=22090007556&kikanKbn=2", "url2": "http://seiikai-medicalgroup.com/", "内容": "せいいかいメディカルクリニックＯＹＡＭＡ【2:診療所】【診療科目:0】栃木県下野市駅東５－１３－１６" }, "geometry": { "type": "Point", "coordinates": [ 139.84792, 36.371999 ] } },
{ "type": "Feature", "properties": { "ID": 922090007560, "正式名称": "医療法人　宮澤クリニック", "機関区分": 2, "都道府県コード": 9, "市区町村コード": 216, "所在地": "栃木県下野市柴２９１－２", "緯度": 36.371239, "経度": 139.861208, "url": "https://www.iryou.teikyouseido.mhlw.go.jp/znk-web/juminkanja/S2430/initialize?prefCd=09&kikanCd=22090007560&kikanKbn=2", "url2": "http://www.miyacli-nonti.sakura.ne.jp/", "内容": "医療法人　宮澤クリニック【2:診療所】【診療科目:0】栃木県下野市柴２９１－２" }, "geometry": { "type": "Point", "coordinates": [ 139.861208, 36.371239 ] } },
{ "type": "Feature", "properties": { "ID": 922090007563, "正式名称": "駅東ラッコ整形外科クリニック", "機関区分": 2, "都道府県コード": 9, "市区町村コード": 216, "所在地": "栃木県下野市駅東６－１－２２", "緯度": 36.372335, "経度": 139.844751, "url": "https://www.iryou.teikyouseido.mhlw.go.jp/znk-web/juminkanja/S2430/initialize?prefCd=09&kikanCd=22090007563&kikanKbn=2", "url2": null, "内容": "駅東ラッコ整形外科クリニック【2:診療所】【診療科目:0】栃木県下野市駅東６－１－２２" }, "geometry": { "type": "Point", "coordinates": [ 139.844751, 36.372335 ] } },
{ "type": "Feature", "properties": { "ID": 922090007564, "正式名称": "山本皮フ科", "機関区分": 2, "都道府県コード": 9, "市区町村コード": 216, "所在地": "栃木県下野市駅東６－１－２２", "緯度": 36.372335, "経度": 139.844751, "url": "https://www.iryou.teikyouseido.mhlw.go.jp/znk-web/juminkanja/S2430/initialize?prefCd=09&kikanCd=22090007564&kikanKbn=2", "url2": null, "内容": "山本皮フ科【2:診療所】【診療科目:0】栃木県下野市駅東６－１－２２" }, "geometry": { "type": "Point", "coordinates": [ 139.844751, 36.372335 ] } },
{ "type": "Feature", "properties": { "ID": 922090007566, "正式名称": "石田消化器科・内科クリニック", "機関区分": 2, "都道府県コード": 9, "市区町村コード": 361, "所在地": "栃木県下都賀郡壬生町壬生丁", "緯度": 36.459998, "経度": 139.829692, "url": "https://www.iryou.teikyouseido.mhlw.go.jp/znk-web/juminkanja/S2430/initialize?prefCd=09&kikanCd=22090007566&kikanKbn=2", "url2": null, "内容": "石田消化器科・内科クリニック【2:診療所】【診療科目:0】栃木県下都賀郡壬生町壬生丁" }, "geometry": { "type": "Point", "coordinates": [ 139.829692, 36.459998 ] } },
{ "type": "Feature", "properties": { "ID": 922090007567, "正式名称": "小倉医院", "機関区分": 2, "都道府県コード": 9, "市区町村コード": 361, "所在地": "栃木県下都賀郡壬生町通町１０－５", "緯度": 36.428713, "経度": 139.804026, "url": "https://www.iryou.teikyouseido.mhlw.go.jp/znk-web/juminkanja/S2430/initialize?prefCd=09&kikanCd=22090007567&kikanKbn=2", "url2": null, "内容": "小倉医院【2:診療所】【診療科目:0】栃木県下都賀郡壬生町通町１０－５" }, "geometry": { "type": "Point", "coordinates": [ 139.804026, 36.428713 ] } },
{ "type": "Feature", "properties": { "ID": 922090007569, "正式名称": "おもちゃのまち内科クリニック", "機関区分": 2, "都道府県コード": 9, "市区町村コード": 361, "所在地": "栃木県下都賀郡壬生町幸町２－１１－２", "緯度": 36.46721, "経度": 139.833453, "url": "https://www.iryou.teikyouseido.mhlw.go.jp/znk-web/juminkanja/S2430/initialize?prefCd=09&kikanCd=22090007569&kikanKbn=2", "url2": null, "内容": "おもちゃのまち内科クリニック【2:診療所】【診療科目:0】栃木県下都賀郡壬生町幸町２－１１－２" }, "geometry": { "type": "Point", "coordinates": [ 139.833453, 36.46721 ] } },
{ "type": "Feature", "properties": { "ID": 922090007571, "正式名称": "かとう小児科", "機関区分": 2, "都道府県コード": 9, "市区町村コード": 361, "所在地": "栃木県下都賀郡壬生町落合３－７－３０", "緯度": 36.455638, "経度": 139.819158, "url": "https://www.iryou.teikyouseido.mhlw.go.jp/znk-web/juminkanja/S2430/initialize?prefCd=09&kikanCd=22090007571&kikanKbn=2", "url2": null, "内容": "かとう小児科【2:診療所】【診療科目:0】栃木県下都賀郡壬生町落合３－７－３０" }, "geometry": { "type": "Point", "coordinates": [ 139.819158, 36.455638 ] } },
{ "type": "Feature", "properties": { "ID": 922090007576, "正式名称": "医療法人関湊記念会　グリーンクリニック", "機関区分": 2, "都道府県コード": 9, "市区町村コード": 361, "所在地": "栃木県下都賀郡壬生町緑町３丁目９－１５", "緯度": 36.470767, "経度": 139.828331, "url": "https://www.iryou.teikyouseido.mhlw.go.jp/znk-web/juminkanja/S2430/initialize?prefCd=09&kikanCd=22090007576&kikanKbn=2", "url2": "http://www.sekiminato.or.jp", "内容": "医療法人関湊記念会　グリーンクリニック【2:診療所】【診療科目:0】栃木県下都賀郡壬生町緑町３丁目９－１５" }, "geometry": { "type": "Point", "coordinates": [ 139.828331, 36.470767 ] } },
{ "type": "Feature", "properties": { "ID": 922090007577, "正式名称": "佐藤医院", "機関区分": 2, "都道府県コード": 9, "市区町村コード": 361, "所在地": "栃木県下都賀郡壬生町安塚１９４４－１", "緯度": 36.489421, "経度": 139.833983, "url": "https://www.iryou.teikyouseido.mhlw.go.jp/znk-web/juminkanja/S2430/initialize?prefCd=09&kikanCd=22090007577&kikanKbn=2", "url2": null, "内容": "佐藤医院【2:診療所】【診療科目:0】栃木県下都賀郡壬生町安塚１９４４－１" }, "geometry": { "type": "Point", "coordinates": [ 139.833983, 36.489421 ] } },
{ "type": "Feature", "properties": { "ID": 922090007580, "正式名称": "島田医院", "機関区分": 2, "都道府県コード": 9, "市区町村コード": 361, "所在地": "栃木県下都賀郡壬生町安塚２００８番地－１", "緯度": 36.488556, "経度": 139.833424, "url": "https://www.iryou.teikyouseido.mhlw.go.jp/znk-web/juminkanja/S2430/initialize?prefCd=09&kikanCd=22090007580&kikanKbn=2", "url2": null, "内容": "島田医院【2:診療所】【診療科目:0】栃木県下都賀郡壬生町安塚２００８番地－１" }, "geometry": { "type": "Point", "coordinates": [ 139.833424, 36.488556 ] } },
{ "type": "Feature", "properties": { "ID": 922090007581, "正式名称": "医療法人　　陣内　医院", "機関区分": 2, "都道府県コード": 9, "市区町村コード": 361, "所在地": "栃木県下都賀郡壬生町本丸１－７－１０", "緯度": 36.428302, "経度": 139.800471, "url": "https://www.iryou.teikyouseido.mhlw.go.jp/znk-web/juminkanja/S2430/initialize?prefCd=09&kikanCd=22090007581&kikanKbn=2", "url2": null, "内容": "医療法人　　陣内　医院【2:診療所】【診療科目:0】栃木県下都賀郡壬生町本丸１－７－１０" }, "geometry": { "type": "Point", "coordinates": [ 139.800471, 36.428302 ] } },
{ "type": "Feature", "properties": { "ID": 922090007584, "正式名称": "武田整形外科", "機関区分": 2, "都道府県コード": 9, "市区町村コード": 361, "所在地": "栃木県下都賀郡壬生町幸町１－１５－４", "緯度": 36.463946, "経度": 139.830287, "url": "https://www.iryou.teikyouseido.mhlw.go.jp/znk-web/juminkanja/S2430/initialize?prefCd=09&kikanCd=22090007584&kikanKbn=2", "url2": null, "内容": "武田整形外科【2:診療所】【診療科目:0】栃木県下都賀郡壬生町幸町１－１５－４" }, "geometry": { "type": "Point", "coordinates": [ 139.830287, 36.463946 ] } },
{ "type": "Feature", "properties": { "ID": 922090007590, "正式名称": "長島整形外科", "機関区分": 2, "都道府県コード": 9, "市区町村コード": 361, "所在地": "栃木県下都賀郡壬生町中央町６－６", "緯度": 36.425853, "経度": 139.803637, "url": "https://www.iryou.teikyouseido.mhlw.go.jp/znk-web/juminkanja/S2430/initialize?prefCd=09&kikanCd=22090007590&kikanKbn=2", "url2": "http://www.docbj.com/", "内容": "長島整形外科【2:診療所】【診療科目:0】栃木県下都賀郡壬生町中央町６－６" }, "geometry": { "type": "Point", "coordinates": [ 139.803637, 36.425853 ] } },
{ "type": "Feature", "properties": { "ID": 922090007595, "正式名称": "前原医院", "機関区分": 2, "都道府県コード": 9, "市区町村コード": 361, "所在地": "栃木県下都賀郡壬生町中央町３番２１号", "緯度": 36.423608, "経度": 139.804093, "url": "https://www.iryou.teikyouseido.mhlw.go.jp/znk-web/juminkanja/S2430/initialize?prefCd=09&kikanCd=22090007595&kikanKbn=2", "url2": "https://maeharaiin2022.com/", "内容": "前原医院【2:診療所】【診療科目:0】栃木県下都賀郡壬生町中央町３番２１号" }, "geometry": { "type": "Point", "coordinates": [ 139.804093, 36.423608 ] } },
{ "type": "Feature", "properties": { "ID": 922090007597, "正式名称": "松本内科医院", "機関区分": 2, "都道府県コード": 9, "市区町村コード": 361, "所在地": "栃木県下都賀郡壬生町中央町６－３７", "緯度": 36.424789, "経度": 139.803201, "url": "https://www.iryou.teikyouseido.mhlw.go.jp/znk-web/juminkanja/S2430/initialize?prefCd=09&kikanCd=22090007597&kikanKbn=2", "url2": null, "内容": "松本内科医院【2:診療所】【診療科目:0】栃木県下都賀郡壬生町中央町６－３７" }, "geometry": { "type": "Point", "coordinates": [ 139.803201, 36.424789 ] } },
{ "type": "Feature", "properties": { "ID": 922090007602, "正式名称": "本郷台医院", "機関区分": 2, "都道府県コード": 9, "市区町村コード": 301, "所在地": "栃木県河内郡上三川町西汗１７０６－１", "緯度": 36.480049, "経度": 139.920459, "url": "https://www.iryou.teikyouseido.mhlw.go.jp/znk-web/juminkanja/S2430/initialize?prefCd=09&kikanCd=22090007602&kikanKbn=2", "url2": null, "内容": "本郷台医院【2:診療所】【診療科目:0】栃木県河内郡上三川町西汗１７０６－１" }, "geometry": { "type": "Point", "coordinates": [ 139.920459, 36.480049 ] } },
{ "type": "Feature", "properties": { "ID": 922090007603, "正式名称": "やまだ整形外科内科クリニック", "機関区分": 2, "都道府県コード": 9, "市区町村コード": 301, "所在地": "栃木県河内郡上三川町西汗字西赤堀１７０１番地４７", "緯度": 36.480599, "経度": 139.919634, "url": "https://www.iryou.teikyouseido.mhlw.go.jp/znk-web/juminkanja/S2430/initialize?prefCd=09&kikanCd=22090007603&kikanKbn=2", "url2": "http://yamada-ns.com/", "内容": "やまだ整形外科内科クリニック【2:診療所】【診療科目:0】栃木県河内郡上三川町西汗字西赤堀１７０１番地４７" }, "geometry": { "type": "Point", "coordinates": [ 139.919634, 36.480599 ] } },
{ "type": "Feature", "properties": { "ID": 922090007604, "正式名称": "ふじたクリニック", "機関区分": 2, "都道府県コード": 9, "市区町村コード": 216, "所在地": "栃木県下野市大光寺", "緯度": 36.430276, "経度": 139.852606, "url": "https://www.iryou.teikyouseido.mhlw.go.jp/znk-web/juminkanja/S2430/initialize?prefCd=09&kikanCd=22090007604&kikanKbn=2", "url2": null, "内容": "ふじたクリニック【2:診療所】【診療科目:0】栃木県下野市大光寺" }, "geometry": { "type": "Point", "coordinates": [ 139.852606, 36.430276 ] } },
{ "type": "Feature", "properties": { "ID": 922090007606, "正式名称": "医療法人　グリムこどもクリニック", "機関区分": 2, "都道府県コード": 9, "市区町村コード": 216, "所在地": "栃木県下野市下古山二丁目６番地１７", "緯度": 36.443983, "経度": 139.858641, "url": "https://www.iryou.teikyouseido.mhlw.go.jp/znk-web/juminkanja/S2430/initialize?prefCd=09&kikanCd=22090007606&kikanKbn=2", "url2": "https://grimm.tkc.best-hp.jp/", "内容": "医療法人　グリムこどもクリニック【2:診療所】【診療科目:0】栃木県下野市下古山二丁目６番地１７" }, "geometry": { "type": "Point", "coordinates": [ 139.858641, 36.443983 ] } },
{ "type": "Feature", "properties": { "ID": 922090008503, "正式名称": "医療法人修英会中川医院", "機関区分": 2, "都道府県コード": 9, "市区町村コード": 213, "所在地": "栃木県那須塩原市黒磯幸町６－２７", "緯度": 36.969551, "経度": 140.056104, "url": "https://www.iryou.teikyouseido.mhlw.go.jp/znk-web/juminkanja/S2430/initialize?prefCd=09&kikanCd=22090008503&kikanKbn=2", "url2": "https://syueikai1920.sakura.ne.jp/", "内容": "医療法人修英会中川医院【2:診療所】【診療科目:0】栃木県那須塩原市黒磯幸町６－２７" }, "geometry": { "type": "Point", "coordinates": [ 140.056104, 36.969551 ] } },
{ "type": "Feature", "properties": { "ID": 922090008504, "正式名称": "大柿耳鼻咽喉科医院", "機関区分": 2, "都道府県コード": 9, "市区町村コード": 213, "所在地": "栃木県那須塩原市弥生町１－１８", "緯度": 36.973916, "経度": 140.056465, "url": "https://www.iryou.teikyouseido.mhlw.go.jp/znk-web/juminkanja/S2430/initialize?prefCd=09&kikanCd=22090008504&kikanKbn=2", "url2": "http://ogakijibika.byoinnavi.jp/", "内容": "大柿耳鼻咽喉科医院【2:診療所】【診療科目:0】栃木県那須塩原市弥生町１－１８" }, "geometry": { "type": "Point", "coordinates": [ 140.056465, 36.973916 ] } },
{ "type": "Feature", "properties": { "ID": 922090008505, "正式名称": "大島内科小児科医院", "機関区分": 2, "都道府県コード": 9, "市区町村コード": 213, "所在地": "栃木県那須塩原市錦町４－２０", "緯度": 36.967237, "経度": 140.053568, "url": "https://www.iryou.teikyouseido.mhlw.go.jp/znk-web/juminkanja/S2430/initialize?prefCd=09&kikanCd=22090008505&kikanKbn=2", "url2": null, "内容": "大島内科小児科医院【2:診療所】【診療科目:0】栃木県那須塩原市錦町４－２０" }, "geometry": { "type": "Point", "coordinates": [ 140.053568, 36.967237 ] } },
{ "type": "Feature", "properties": { "ID": 922090008506, "正式名称": "金澤医院", "機関区分": 2, "都道府県コード": 9, "市区町村コード": 213, "所在地": "栃木県那須塩原市中央町１－８", "緯度": 36.970722, "経度": 140.055537, "url": "https://www.iryou.teikyouseido.mhlw.go.jp/znk-web/juminkanja/S2430/initialize?prefCd=09&kikanCd=22090008506&kikanKbn=2", "url2": null, "内容": "金澤医院【2:診療所】【診療科目:0】栃木県那須塩原市中央町１－８" }, "geometry": { "type": "Point", "coordinates": [ 140.055537, 36.970722 ] } },
{ "type": "Feature", "properties": { "ID": 922090008511, "正式名称": "医療法人アイアールエス　伊野田眼科クリニック", "機関区分": 2, "都道府県コード": 9, "市区町村コード": 213, "所在地": "栃木県那須塩原市方京１－１－１８", "緯度": 36.933678, "経度": 140.016947, "url": "https://www.iryou.teikyouseido.mhlw.go.jp/znk-web/juminkanja/S2430/initialize?prefCd=09&kikanCd=22090008511&kikanKbn=2", "url2": "http://www.inodaganka.com", "内容": "医療法人アイアールエス　伊野田眼科クリニック【2:診療所】【診療科目:0】栃木県那須塩原市方京１－１－１８" }, "geometry": { "type": "Point", "coordinates": [ 140.016947, 36.933678 ] } },
{ "type": "Feature", "properties": { "ID": 922090008512, "正式名称": "鈴木内科外科クリニック", "機関区分": 2, "都道府県コード": 9, "市区町村コード": 213, "所在地": "栃木県那須塩原市上厚崎３２３－１２", "緯度": 36.953659, "経度": 140.032487, "url": "https://www.iryou.teikyouseido.mhlw.go.jp/znk-web/juminkanja/S2430/initialize?prefCd=09&kikanCd=22090008512&kikanKbn=2", "url2": null, "内容": "鈴木内科外科クリニック【2:診療所】【診療科目:0】栃木県那須塩原市上厚崎３２３－１２" }, "geometry": { "type": "Point", "coordinates": [ 140.032487, 36.953659 ] } },
{ "type": "Feature", "properties": { "ID": 922090008513, "正式名称": "須田医院", "機関区分": 2, "都道府県コード": 9, "市区町村コード": 213, "所在地": "栃木県那須塩原市高林１２０６－８", "緯度": 36.98707, "経度": 139.952863, "url": "https://www.iryou.teikyouseido.mhlw.go.jp/znk-web/juminkanja/S2430/initialize?prefCd=09&kikanCd=22090008513&kikanKbn=2", "url2": null, "内容": "須田医院【2:診療所】【診療科目:0】栃木県那須塩原市高林１２０６－８" }, "geometry": { "type": "Point", "coordinates": [ 139.952863, 36.98707 ] } },
{ "type": "Feature", "properties": { "ID": 922090008514, "正式名称": "滝田メディカルクリニック", "機関区分": 2, "都道府県コード": 9, "市区町村コード": 213, "所在地": "栃木県那須塩原市本町９－２６", "緯度": 36.971189, "経度": 140.056282, "url": "https://www.iryou.teikyouseido.mhlw.go.jp/znk-web/juminkanja/S2430/initialize?prefCd=09&kikanCd=22090008514&kikanKbn=2", "url2": "http://takitamed.byoinnavi.jp/", "内容": "滝田メディカルクリニック【2:診療所】【診療科目:0】栃木県那須塩原市本町９－２６" }, "geometry": { "type": "Point", "coordinates": [ 140.056282, 36.971189 ] } },
{ "type": "Feature", "properties": { "ID": 922090008524, "正式名称": "三森医院", "機関区分": 2, "都道府県コード": 9, "市区町村コード": 213, "所在地": "栃木県那須塩原市宮町１－９", "緯度": 36.972625, "経度": 140.06137, "url": "https://www.iryou.teikyouseido.mhlw.go.jp/znk-web/juminkanja/S2430/initialize?prefCd=09&kikanCd=22090008524&kikanKbn=2", "url2": "http://park20.wakwak.com/~krtakana", "内容": "三森医院【2:診療所】【診療科目:0】栃木県那須塩原市宮町１－９" }, "geometry": { "type": "Point", "coordinates": [ 140.06137, 36.972625 ] } },
{ "type": "Feature", "properties": { "ID": 922090008525, "正式名称": "宗形医院", "機関区分": 2, "都道府県コード": 9, "市区町村コード": 213, "所在地": "栃木県那須塩原市弥生町９番１６号", "緯度": 36.975677, "経度": 140.054412, "url": "https://www.iryou.teikyouseido.mhlw.go.jp/znk-web/juminkanja/S2430/initialize?prefCd=09&kikanCd=22090008525&kikanKbn=2", "url2": null, "内容": "宗形医院【2:診療所】【診療科目:0】栃木県那須塩原市弥生町９番１６号" }, "geometry": { "type": "Point", "coordinates": [ 140.054412, 36.975677 ] } },
{ "type": "Feature", "properties": { "ID": 922090008526, "正式名称": "米倉クリニック", "機関区分": 2, "都道府県コード": 9, "市区町村コード": 213, "所在地": "栃木県那須塩原市本町", "緯度": 36.970786, "経度": 140.059995, "url": "https://www.iryou.teikyouseido.mhlw.go.jp/znk-web/juminkanja/S2430/initialize?prefCd=09&kikanCd=22090008526&kikanKbn=2", "url2": null, "内容": "米倉クリニック【2:診療所】【診療科目:0】栃木県那須塩原市本町" }, "geometry": { "type": "Point", "coordinates": [ 140.059995, 36.970786 ] } },
{ "type": "Feature", "properties": { "ID": 922090008527, "正式名称": "渡部医院", "機関区分": 2, "都道府県コード": 9, "市区町村コード": 213, "所在地": "栃木県那須塩原市大原間１４０－１", "緯度": 36.925176, "経度": 140.020074, "url": "https://www.iryou.teikyouseido.mhlw.go.jp/znk-web/juminkanja/S2430/initialize?prefCd=09&kikanCd=22090008527&kikanKbn=2", "url2": "http://wata01.sakura.ne.jp/", "内容": "渡部医院【2:診療所】【診療科目:0】栃木県那須塩原市大原間１４０－１" }, "geometry": { "type": "Point", "coordinates": [ 140.020074, 36.925176 ] } },
{ "type": "Feature", "properties": { "ID": 922090009508, "正式名称": "岡田・小松崎クリニック", "機関区分": 2, "都道府県コード": 9, "市区町村コード": 209, "所在地": "栃木県真岡市大谷本町７－１７", "緯度": 36.436954, "経度": 139.996504, "url": "https://www.iryou.teikyouseido.mhlw.go.jp/znk-web/juminkanja/S2430/initialize?prefCd=09&kikanCd=22090009508&kikanKbn=2", "url2": null, "内容": "岡田・小松崎クリニック【2:診療所】【診療科目:0】栃木県真岡市大谷本町７－１７" }, "geometry": { "type": "Point", "coordinates": [ 139.996504, 36.436954 ] } },
{ "type": "Feature", "properties": { "ID": 922090009509, "正式名称": "医療法人社団佑潤会金子医院", "機関区分": 2, "都道府県コード": 9, "市区町村コード": 209, "所在地": "栃木県真岡市熊倉２－２２－６", "緯度": 36.444024, "経度": 139.99166, "url": "https://www.iryou.teikyouseido.mhlw.go.jp/znk-web/juminkanja/S2430/initialize?prefCd=09&kikanCd=22090009509&kikanKbn=2", "url2": null, "内容": "医療法人社団佑潤会金子医院【2:診療所】【診療科目:0】栃木県真岡市熊倉２－２２－６" }, "geometry": { "type": "Point", "coordinates": [ 139.99166, 36.444024 ] } },
{ "type": "Feature", "properties": { "ID": 922090009518, "正式名称": "医療法人　櫻美会　桜井内科医院", "機関区分": 2, "都道府県コード": 9, "市区町村コード": 209, "所在地": "栃木県真岡市高勢町", "緯度": 36.436501, "経度": 139.977764, "url": "https://www.iryou.teikyouseido.mhlw.go.jp/znk-web/juminkanja/S2430/initialize?prefCd=09&kikanCd=22090009518&kikanKbn=2", "url2": "http://www.sakurai-naika.jp", "内容": "医療法人　櫻美会　桜井内科医院【2:診療所】【診療科目:0】栃木県真岡市高勢町" }, "geometry": { "type": "Point", "coordinates": [ 139.977764, 36.436501 ] } },
{ "type": "Feature", "properties": { "ID": 922090009542, "正式名称": "真岡中央クリニック", "機関区分": 2, "都道府県コード": 9, "市区町村コード": 209, "所在地": "栃木県真岡市上高間木", "緯度": 36.441899, "経度": 139.985702, "url": "https://www.iryou.teikyouseido.mhlw.go.jp/znk-web/juminkanja/S2430/initialize?prefCd=09&kikanCd=22090009542&kikanKbn=2", "url2": "http://www.i-souseikai.com", "内容": "真岡中央クリニック【2:診療所】【診療科目:0】栃木県真岡市上高間木" }, "geometry": { "type": "Point", "coordinates": [ 139.985702, 36.441899 ] } },
{ "type": "Feature", "properties": { "ID": 922090009563, "正式名称": "普門院診療所", "機関区分": 2, "都道府県コード": 9, "市区町村コード": 342, "所在地": "栃木県芳賀郡益子町益子４４６９", "緯度": 36.452261, "経度": 140.116451, "url": "https://www.iryou.teikyouseido.mhlw.go.jp/znk-web/juminkanja/S2430/initialize?prefCd=09&kikanCd=22090009563&kikanKbn=2", "url2": "http://fumon.jp/", "内容": "普門院診療所【2:診療所】【診療科目:0】栃木県芳賀郡益子町益子４４６９" }, "geometry": { "type": "Point", "coordinates": [ 140.116451, 36.452261 ] } },
{ "type": "Feature", "properties": { "ID": 922090009585, "正式名称": "倉持整形外科芳賀", "機関区分": 2, "都道府県コード": 9, "市区町村コード": 345, "所在地": "栃木県芳賀郡芳賀町祖母井１０６６", "緯度": 36.548307, "経度": 140.057282, "url": "https://www.iryou.teikyouseido.mhlw.go.jp/znk-web/juminkanja/S2430/initialize?prefCd=09&kikanCd=22090009585&kikanKbn=2", "url2": null, "内容": "倉持整形外科芳賀【2:診療所】【診療科目:0】栃木県芳賀郡芳賀町祖母井１０６６" }, "geometry": { "type": "Point", "coordinates": [ 140.057282, 36.548307 ] } },
{ "type": "Feature", "properties": { "ID": 922090009594, "正式名称": "和久医院", "機関区分": 2, "都道府県コード": 9, "市区町村コード": 345, "所在地": "栃木県芳賀郡芳賀町西水沼１１９－１", "緯度": 36.526156, "経度": 140.025511, "url": "https://www.iryou.teikyouseido.mhlw.go.jp/znk-web/juminkanja/S2430/initialize?prefCd=09&kikanCd=22090009594&kikanKbn=2", "url2": null, "内容": "和久医院【2:診療所】【診療科目:0】栃木県芳賀郡芳賀町西水沼１１９－１" }, "geometry": { "type": "Point", "coordinates": [ 140.025511, 36.526156 ] } },
{ "type": "Feature", "properties": { "ID": 922090010250, "正式名称": "医療法人社団　おおやクリニック", "機関区分": 2, "都道府県コード": 9, "市区町村コード": 203, "所在地": "栃木県栃木市片柳町２－１－５０", "緯度": 36.372062, "経度": 139.726749, "url": "https://www.iryou.teikyouseido.mhlw.go.jp/znk-web/juminkanja/S2430/initialize?prefCd=09&kikanCd=22090010250&kikanKbn=2", "url2": "https://www.ooya-cl.com/", "内容": "医療法人社団　おおやクリニック【2:診療所】【診療科目:0】栃木県栃木市片柳町２－１－５０" }, "geometry": { "type": "Point", "coordinates": [ 139.726749, 36.372062 ] } },
{ "type": "Feature", "properties": { "ID": 922090010251, "正式名称": "みずほクリニック", "機関区分": 2, "都道府県コード": 9, "市区町村コード": 203, "所在地": "栃木県栃木市大平町牛久９９－２", "緯度": 36.355409, "経度": 139.732852, "url": "https://www.iryou.teikyouseido.mhlw.go.jp/znk-web/juminkanja/S2430/initialize?prefCd=09&kikanCd=22090010251&kikanKbn=2", "url2": null, "内容": "みずほクリニック【2:診療所】【診療科目:0】栃木県栃木市大平町牛久９９－２" }, "geometry": { "type": "Point", "coordinates": [ 139.732852, 36.355409 ] } },
{ "type": "Feature", "properties": { "ID": 922090010252, "正式名称": "藤沼医院", "機関区分": 2, "都道府県コード": 9, "市区町村コード": 203, "所在地": "栃木県栃木市大平町富田５２１２－７", "緯度": 36.337921, "経度": 139.699647, "url": "https://www.iryou.teikyouseido.mhlw.go.jp/znk-web/juminkanja/S2430/initialize?prefCd=09&kikanCd=22090010252&kikanKbn=2", "url2": "http://fujinumaclinic.com", "内容": "藤沼医院【2:診療所】【診療科目:0】栃木県栃木市大平町富田５２１２－７" }, "geometry": { "type": "Point", "coordinates": [ 139.699647, 36.337921 ] } },
{ "type": "Feature", "properties": { "ID": 922090010254, "正式名称": "都賀中央医院", "機関区分": 2, "都道府県コード": 9, "市区町村コード": 203, "所在地": "栃木県栃木市都賀町家中２１９５", "緯度": 36.425276, "経度": 139.748216, "url": "https://www.iryou.teikyouseido.mhlw.go.jp/znk-web/juminkanja/S2430/initialize?prefCd=09&kikanCd=22090010254&kikanKbn=2", "url2": "https://tsuga-central-clinic.com", "内容": "都賀中央医院【2:診療所】【診療科目:0】栃木県栃木市都賀町家中２１９５" }, "geometry": { "type": "Point", "coordinates": [ 139.748216, 36.425276 ] } },
{ "type": "Feature", "properties": { "ID": 922090010500, "正式名称": "医療法人　杏林会　栃木中央クリニック", "機関区分": 2, "都道府県コード": 9, "市区町村コード": 203, "所在地": "栃木県栃木市万町１３－１３", "緯度": 36.384275, "経度": 139.733422, "url": "https://www.iryou.teikyouseido.mhlw.go.jp/znk-web/juminkanja/S2430/initialize?prefCd=09&kikanCd=22090010500&kikanKbn=2", "url2": null, "内容": "医療法人　杏林会　栃木中央クリニック【2:診療所】【診療科目:0】栃木県栃木市万町１３－１３" }, "geometry": { "type": "Point", "coordinates": [ 139.733422, 36.384275 ] } },
{ "type": "Feature", "properties": { "ID": 922090010503, "正式名称": "高橋医院", "機関区分": 2, "都道府県コード": 9, "市区町村コード": 203, "所在地": "栃木県栃木市西方町真名子", "緯度": 36.473383, "経度": 139.701793, "url": "https://www.iryou.teikyouseido.mhlw.go.jp/znk-web/juminkanja/S2430/initialize?prefCd=09&kikanCd=22090010503&kikanKbn=2", "url2": null, "内容": "高橋医院【2:診療所】【診療科目:0】栃木県栃木市西方町真名子" }, "geometry": { "type": "Point", "coordinates": [ 139.701793, 36.473383 ] } },
{ "type": "Feature", "properties": { "ID": 922090010504, "正式名称": "青木医院", "機関区分": 2, "都道府県コード": 9, "市区町村コード": 203, "所在地": "栃木県栃木市嘉右衛門町", "緯度": 36.389588, "経度": 139.731991, "url": "https://www.iryou.teikyouseido.mhlw.go.jp/znk-web/juminkanja/S2430/initialize?prefCd=09&kikanCd=22090010504&kikanKbn=2", "url2": null, "内容": "青木医院【2:診療所】【診療科目:0】栃木県栃木市嘉右衛門町" }, "geometry": { "type": "Point", "coordinates": [ 139.731991, 36.389588 ] } },
{ "type": "Feature", "properties": { "ID": 922090010505, "正式名称": "天海内科", "機関区分": 2, "都道府県コード": 9, "市区町村コード": 203, "所在地": "栃木県栃木市片柳町１－６－４０", "緯度": 36.374029, "経度": 139.72411, "url": "https://www.iryou.teikyouseido.mhlw.go.jp/znk-web/juminkanja/S2430/initialize?prefCd=09&kikanCd=22090010505&kikanKbn=2", "url2": null, "内容": "天海内科【2:診療所】【診療科目:0】栃木県栃木市片柳町１－６－４０" }, "geometry": { "type": "Point", "coordinates": [ 139.72411, 36.374029 ] } },
{ "type": "Feature", "properties": { "ID": 922090010506, "正式名称": "医療法人のぞみ整形外科", "機関区分": 2, "都道府県コード": 9, "市区町村コード": 203, "所在地": "栃木県栃木市片柳町４－１５－３０", "緯度": 36.367955, "経度": 139.715472, "url": "https://www.iryou.teikyouseido.mhlw.go.jp/znk-web/juminkanja/S2430/initialize?prefCd=09&kikanCd=22090010506&kikanKbn=2", "url2": "http://www.nozomiseikei.com", "内容": "医療法人のぞみ整形外科【2:診療所】【診療科目:0】栃木県栃木市片柳町４－１５－３０" }, "geometry": { "type": "Point", "coordinates": [ 139.715472, 36.367955 ] } },
{ "type": "Feature", "properties": { "ID": 922090010507, "正式名称": "医療法人　青木眼科医院", "機関区分": 2, "都道府県コード": 9, "市区町村コード": 203, "所在地": "栃木県栃木市片柳町１丁目１５番２６号", "緯度": 36.376168, "経度": 139.719963, "url": "https://www.iryou.teikyouseido.mhlw.go.jp/znk-web/juminkanja/S2430/initialize?prefCd=09&kikanCd=22090010507&kikanKbn=2", "url2": "https://aokiganka.or.jp/", "内容": "医療法人　青木眼科医院【2:診療所】【診療科目:0】栃木県栃木市片柳町１丁目１５番２６号" }, "geometry": { "type": "Point", "coordinates": [ 139.719963, 36.376168 ] } },
{ "type": "Feature", "properties": { "ID": 922090010508, "正式名称": "石井内科医院", "機関区分": 2, "都道府県コード": 9, "市区町村コード": 203, "所在地": "栃木県栃木市沼和田町４９番１号", "緯度": 36.362794, "経度": 139.737754, "url": "https://www.iryou.teikyouseido.mhlw.go.jp/znk-web/juminkanja/S2430/initialize?prefCd=09&kikanCd=22090010508&kikanKbn=2", "url2": null, "内容": "石井内科医院【2:診療所】【診療科目:0】栃木県栃木市沼和田町４９番１号" }, "geometry": { "type": "Point", "coordinates": [ 139.737754, 36.362794 ] } },
{ "type": "Feature", "properties": { "ID": 922090010510, "正式名称": "医療法人大島医院", "機関区分": 2, "都道府県コード": 9, "市区町村コード": 203, "所在地": "栃木県栃木市片柳町１ー１７－１９", "緯度": 36.375548, "経度": 139.722798, "url": "https://www.iryou.teikyouseido.mhlw.go.jp/znk-web/juminkanja/S2430/initialize?prefCd=09&kikanCd=22090010510&kikanKbn=2", "url2": null, "内容": "医療法人大島医院【2:診療所】【診療科目:0】栃木県栃木市片柳町１ー１７－１９" }, "geometry": { "type": "Point", "coordinates": [ 139.722798, 36.375548 ] } },
{ "type": "Feature", "properties": { "ID": 922090010512, "正式名称": "大山整形外科", "機関区分": 2, "都道府県コード": 9, "市区町村コード": 203, "所在地": "栃木県栃木市国府町", "緯度": 36.400338, "経度": 139.762914, "url": "https://www.iryou.teikyouseido.mhlw.go.jp/znk-web/juminkanja/S2430/initialize?prefCd=09&kikanCd=22090010512&kikanKbn=2", "url2": null, "内容": "大山整形外科【2:診療所】【診療科目:0】栃木県栃木市国府町" }, "geometry": { "type": "Point", "coordinates": [ 139.762914, 36.400338 ] } },
{ "type": "Feature", "properties": { "ID": 922090010513, "正式名称": "岡田クリニック", "機関区分": 2, "都道府県コード": 9, "市区町村コード": 203, "所在地": "栃木県栃木市境町２１－７", "緯度": 36.372201, "経度": 139.729693, "url": "https://www.iryou.teikyouseido.mhlw.go.jp/znk-web/juminkanja/S2430/initialize?prefCd=09&kikanCd=22090010513&kikanKbn=2", "url2": "http://www.kashinkai.com", "内容": "岡田クリニック【2:診療所】【診療科目:0】栃木県栃木市境町２１－７" }, "geometry": { "type": "Point", "coordinates": [ 139.729693, 36.372201 ] } },
{ "type": "Feature", "properties": { "ID": 922090010515, "正式名称": "医療法人社団　金田医院", "機関区分": 2, "都道府県コード": 9, "市区町村コード": 203, "所在地": "栃木県栃木市日ノ出町", "緯度": 36.382453, "経度": 139.738724, "url": "https://www.iryou.teikyouseido.mhlw.go.jp/znk-web/juminkanja/S2430/initialize?prefCd=09&kikanCd=22090010515&kikanKbn=2", "url2": null, "内容": "医療法人社団　金田医院【2:診療所】【診療科目:0】栃木県栃木市日ノ出町" }, "geometry": { "type": "Point", "coordinates": [ 139.738724, 36.382453 ] } },
{ "type": "Feature", "properties": { "ID": 922090010517, "正式名称": "河口医院", "機関区分": 2, "都道府県コード": 9, "市区町村コード": 203, "所在地": "栃木県栃木市錦町６－１２", "緯度": 36.385164, "経度": 139.728475, "url": "https://www.iryou.teikyouseido.mhlw.go.jp/znk-web/juminkanja/S2430/initialize?prefCd=09&kikanCd=22090010517&kikanKbn=2", "url2": null, "内容": "河口医院【2:診療所】【診療科目:0】栃木県栃木市錦町６－１２" }, "geometry": { "type": "Point", "coordinates": [ 139.728475, 36.385164 ] } },
{ "type": "Feature", "properties": { "ID": 922090010518, "正式名称": "医療法人　愛泉会　かわしまクリニック", "機関区分": 2, "都道府県コード": 9, "市区町村コード": 203, "所在地": "栃木県栃木市城内町２－３４－２０", "緯度": 36.370146, "経度": 139.745855, "url": "https://www.iryou.teikyouseido.mhlw.go.jp/znk-web/juminkanja/S2430/initialize?prefCd=09&kikanCd=22090010518&kikanKbn=2", "url2": null, "内容": "医療法人　愛泉会　かわしまクリニック【2:診療所】【診療科目:0】栃木県栃木市城内町２－３４－２０" }, "geometry": { "type": "Point", "coordinates": [ 139.745855, 36.370146 ] } },
{ "type": "Feature", "properties": { "ID": 922090010520, "正式名称": "好生医院", "機関区分": 2, "都道府県コード": 9, "市区町村コード": 203, "所在地": "栃木県栃木市倭町２－２５", "緯度": 36.377921, "経度": 139.731331, "url": "https://www.iryou.teikyouseido.mhlw.go.jp/znk-web/juminkanja/S2430/initialize?prefCd=09&kikanCd=22090010520&kikanKbn=2", "url2": null, "内容": "好生医院【2:診療所】【診療科目:0】栃木県栃木市倭町２－２５" }, "geometry": { "type": "Point", "coordinates": [ 139.731331, 36.377921 ] } },
{ "type": "Feature", "properties": { "ID": 922090010521, "正式名称": "さいとう眼科医院", "機関区分": 2, "都道府県コード": 9, "市区町村コード": 203, "所在地": "栃木県栃木市旭町２９－１２", "緯度": 36.380784, "経度": 139.737988, "url": "https://www.iryou.teikyouseido.mhlw.go.jp/znk-web/juminkanja/S2430/initialize?prefCd=09&kikanCd=22090010521&kikanKbn=2", "url2": null, "内容": "さいとう眼科医院【2:診療所】【診療科目:0】栃木県栃木市旭町２９－１２" }, "geometry": { "type": "Point", "coordinates": [ 139.737988, 36.380784 ] } },
{ "type": "Feature", "properties": { "ID": 922090010522, "正式名称": "医療法人温伸会さいとう小児科", "機関区分": 2, "都道府県コード": 9, "市区町村コード": 203, "所在地": "栃木県栃木市万町３０－１６", "緯度": 36.384114, "経度": 139.737196, "url": "https://www.iryou.teikyouseido.mhlw.go.jp/znk-web/juminkanja/S2430/initialize?prefCd=09&kikanCd=22090010522&kikanKbn=2", "url2": null, "内容": "医療法人温伸会さいとう小児科【2:診療所】【診療科目:0】栃木県栃木市万町３０－１６" }, "geometry": { "type": "Point", "coordinates": [ 139.737196, 36.384114 ] } },
{ "type": "Feature", "properties": { "ID": 922090010524, "正式名称": "桜井こどもクリニック", "機関区分": 2, "都道府県コード": 9, "市区町村コード": 203, "所在地": "栃木県栃木市本町１６－９", "緯度": 36.37982, "経度": 139.7388, "url": "https://www.iryou.teikyouseido.mhlw.go.jp/znk-web/juminkanja/S2430/initialize?prefCd=09&kikanCd=22090010524&kikanKbn=2", "url2": "http://www.cc9.ne.jp/~ks2000/", "内容": "桜井こどもクリニック【2:診療所】【診療科目:0】栃木県栃木市本町１６－９" }, "geometry": { "type": "Point", "coordinates": [ 139.7388, 36.37982 ] } },
{ "type": "Feature", "properties": { "ID": 922090010535, "正式名称": "大門内科医院", "機関区分": 2, "都道府県コード": 9, "市区町村コード": 203, "所在地": "栃木県栃木市大町２７ー２４", "緯度": 36.39609, "経度": 139.736351, "url": "https://www.iryou.teikyouseido.mhlw.go.jp/znk-web/juminkanja/S2430/initialize?prefCd=09&kikanCd=22090010535&kikanKbn=2", "url2": null, "内容": "大門内科医院【2:診療所】【診療科目:0】栃木県栃木市大町２７ー２４" }, "geometry": { "type": "Point", "coordinates": [ 139.736351, 36.39609 ] } },
{ "type": "Feature", "properties": { "ID": 922090010539, "正式名称": "高田産婦人科医院", "機関区分": 2, "都道府県コード": 9, "市区町村コード": 203, "所在地": "栃木県栃木市片柳町１－１７－３", "緯度": 36.374362, "経度": 139.722743, "url": "https://www.iryou.teikyouseido.mhlw.go.jp/znk-web/juminkanja/S2430/initialize?prefCd=09&kikanCd=22090010539&kikanKbn=2", "url2": "http://www.takada-sanfujinka.com", "内容": "高田産婦人科医院【2:診療所】【診療科目:0】栃木県栃木市片柳町１－１７－３" }, "geometry": { "type": "Point", "coordinates": [ 139.722743, 36.374362 ] } },
{ "type": "Feature", "properties": { "ID": 922090010540, "正式名称": "医療法人研心会　竹田内科小児科クリニック", "機関区分": 2, "都道府県コード": 9, "市区町村コード": 203, "所在地": "栃木県栃木市大宮町５２", "緯度": 36.386878, "経度": 139.769959, "url": "https://www.iryou.teikyouseido.mhlw.go.jp/znk-web/juminkanja/S2430/initialize?prefCd=09&kikanCd=22090010540&kikanKbn=2", "url2": null, "内容": "医療法人研心会　竹田内科小児科クリニック【2:診療所】【診療科目:0】栃木県栃木市大宮町５２" }, "geometry": { "type": "Point", "coordinates": [ 139.769959, 36.386878 ] } },
{ "type": "Feature", "properties": { "ID": 922090010545, "正式名称": "たまのクリニック", "機関区分": 2, "都道府県コード": 9, "市区町村コード": 203, "所在地": "栃木県栃木市片柳町１－６－３", "緯度": 36.372804, "経度": 139.723874, "url": "https://www.iryou.teikyouseido.mhlw.go.jp/znk-web/juminkanja/S2430/initialize?prefCd=09&kikanCd=22090010545&kikanKbn=2", "url2": "https://www.tamano-clinic.com", "内容": "たまのクリニック【2:診療所】【診療科目:0】栃木県栃木市片柳町１－６－３" }, "geometry": { "type": "Point", "coordinates": [ 139.723874, 36.372804 ] } },
{ "type": "Feature", "properties": { "ID": 922090010546, "正式名称": "ちづかクリニック", "機関区分": 2, "都道府県コード": 9, "市区町村コード": 203, "所在地": "栃木県栃木市大森町４４５－４", "緯度": 36.415167, "経度": 139.696692, "url": "https://www.iryou.teikyouseido.mhlw.go.jp/znk-web/juminkanja/S2430/initialize?prefCd=09&kikanCd=22090010546&kikanKbn=2", "url2": null, "内容": "ちづかクリニック【2:診療所】【診療科目:0】栃木県栃木市大森町４４５－４" }, "geometry": { "type": "Point", "coordinates": [ 139.696692, 36.415167 ] } },
{ "type": "Feature", "properties": { "ID": 922090010548, "正式名称": "筒井医院", "機関区分": 2, "都道府県コード": 9, "市区町村コード": 203, "所在地": "栃木県栃木市神田町１０－１４", "緯度": 36.378314, "経度": 139.74478, "url": "https://www.iryou.teikyouseido.mhlw.go.jp/znk-web/juminkanja/S2430/initialize?prefCd=09&kikanCd=22090010548&kikanKbn=2", "url2": null, "内容": "筒井医院【2:診療所】【診療科目:0】栃木県栃木市神田町１０－１４" }, "geometry": { "type": "Point", "coordinates": [ 139.74478, 36.378314 ] } },
{ "type": "Feature", "properties": { "ID": 922090010557, "正式名称": "中元内科医院", "機関区分": 2, "都道府県コード": 9, "市区町村コード": 203, "所在地": "栃木県栃木市今泉町２丁目－１０番－１８号", "緯度": 36.385315, "経度": 139.745984, "url": "https://www.iryou.teikyouseido.mhlw.go.jp/znk-web/juminkanja/S2430/initialize?prefCd=09&kikanCd=22090010557&kikanKbn=2", "url2": "https://www.nakamoto-cl.jp", "内容": "中元内科医院【2:診療所】【診療科目:0】栃木県栃木市今泉町２丁目－１０番－１８号" }, "geometry": { "type": "Point", "coordinates": [ 139.745984, 36.385315 ] } },
{ "type": "Feature", "properties": { "ID": 922090010559, "正式名称": "成田内科", "機関区分": 2, "都道府県コード": 9, "市区町村コード": 203, "所在地": "栃木県栃木市河合町９－１０", "緯度": 36.374782, "経度": 139.733923, "url": "https://www.iryou.teikyouseido.mhlw.go.jp/znk-web/juminkanja/S2430/initialize?prefCd=09&kikanCd=22090010559&kikanKbn=2", "url2": null, "内容": "成田内科【2:診療所】【診療科目:0】栃木県栃木市河合町９－１０" }, "geometry": { "type": "Point", "coordinates": [ 139.733923, 36.374782 ] } },
{ "type": "Feature", "properties": { "ID": 922090010561, "正式名称": "医療法人　野崎医院", "機関区分": 2, "都道府県コード": 9, "市区町村コード": 203, "所在地": "栃木県栃木市入舟町", "緯度": 36.381811, "経度": 139.730964, "url": "https://www.iryou.teikyouseido.mhlw.go.jp/znk-web/juminkanja/S2430/initialize?prefCd=09&kikanCd=22090010561&kikanKbn=2", "url2": "http://www.nozaki-iin.or.jp", "内容": "医療法人　野崎医院【2:診療所】【診療科目:0】栃木県栃木市入舟町" }, "geometry": { "type": "Point", "coordinates": [ 139.730964, 36.381811 ] } },
{ "type": "Feature", "properties": { "ID": 922090010564, "正式名称": "橋本医院", "機関区分": 2, "都道府県コード": 9, "市区町村コード": 203, "所在地": "栃木県栃木市樋ノ口町３９６－３９", "緯度": 36.363528, "経度": 139.75491, "url": "https://www.iryou.teikyouseido.mhlw.go.jp/znk-web/juminkanja/S2430/initialize?prefCd=09&kikanCd=22090010564&kikanKbn=2", "url2": "http://www.citydo.com/prf/tochigi/guide/sg/t100347429-top.html?c=0401002", "内容": "橋本医院【2:診療所】【診療科目:0】栃木県栃木市樋ノ口町３９６－３９" }, "geometry": { "type": "Point", "coordinates": [ 139.75491, 36.363528 ] } },
{ "type": "Feature", "properties": { "ID": 922090010567, "正式名称": "サンライズクリニック", "機関区分": 2, "都道府県コード": 9, "市区町村コード": 203, "所在地": "栃木県栃木市日ノ出町６―６", "緯度": 36.386187, "経度": 139.740571, "url": "https://www.iryou.teikyouseido.mhlw.go.jp/znk-web/juminkanja/S2430/initialize?prefCd=09&kikanCd=22090010567&kikanKbn=2", "url2": null, "内容": "サンライズクリニック【2:診療所】【診療科目:0】栃木県栃木市日ノ出町６―６" }, "geometry": { "type": "Point", "coordinates": [ 139.740571, 36.386187 ] } },
{ "type": "Feature", "properties": { "ID": 922090010573, "正式名称": "箕輪内科", "機関区分": 2, "都道府県コード": 9, "市区町村コード": 203, "所在地": "栃木県栃木市嘉右衛門町１０－６", "緯度": 36.387966, "経度": 139.732966, "url": "https://www.iryou.teikyouseido.mhlw.go.jp/znk-web/juminkanja/S2430/initialize?prefCd=09&kikanCd=22090010573&kikanKbn=2", "url2": "www.minowanaika.jp", "内容": "箕輪内科【2:診療所】【診療科目:0】栃木県栃木市嘉右衛門町１０－６" }, "geometry": { "type": "Point", "coordinates": [ 139.732966, 36.387966 ] } },
{ "type": "Feature", "properties": { "ID": 922090010575, "正式名称": "山門クリニック", "機関区分": 2, "都道府県コード": 9, "市区町村コード": 203, "所在地": "栃木県栃木市日ノ出町６－３５", "緯度": 36.385576, "経度": 139.741343, "url": "https://www.iryou.teikyouseido.mhlw.go.jp/znk-web/juminkanja/S2430/initialize?prefCd=09&kikanCd=22090010575&kikanKbn=2", "url2": null, "内容": "山門クリニック【2:診療所】【診療科目:0】栃木県栃木市日ノ出町６－３５" }, "geometry": { "type": "Point", "coordinates": [ 139.741343, 36.385576 ] } },
{ "type": "Feature", "properties": { "ID": 922090010576, "正式名称": "恵川いたみと漢方のクリニック", "機関区分": 2, "都道府県コード": 9, "市区町村コード": 203, "所在地": "栃木県栃木市神田町２１－１５", "緯度": 36.380629, "経度": 139.74801, "url": "https://www.iryou.teikyouseido.mhlw.go.jp/znk-web/juminkanja/S2430/initialize?prefCd=09&kikanCd=22090010576&kikanKbn=2", "url2": "https://www.kampo-painclinic.com/", "内容": "恵川いたみと漢方のクリニック【2:診療所】【診療科目:0】栃木県栃木市神田町２１－１５" }, "geometry": { "type": "Point", "coordinates": [ 139.74801, 36.380629 ] } },
{ "type": "Feature", "properties": { "ID": 922090010582, "正式名称": "小森谷内科医院", "機関区分": 2, "都道府県コード": 9, "市区町村コード": 203, "所在地": "栃木県栃木市大平町富田４００３－８", "緯度": 36.345523, "経度": 139.708296, "url": "https://www.iryou.teikyouseido.mhlw.go.jp/znk-web/juminkanja/S2430/initialize?prefCd=09&kikanCd=22090010582&kikanKbn=2", "url2": "http://www.yomogi.or.jp/~takemi/komoriyanaika.html", "内容": "小森谷内科医院【2:診療所】【診療科目:0】栃木県栃木市大平町富田４００３－８" }, "geometry": { "type": "Point", "coordinates": [ 139.708296, 36.345523 ] } },
{ "type": "Feature", "properties": { "ID": 922090010584, "正式名称": "田村医院", "機関区分": 2, "都道府県コード": 9, "市区町村コード": 203, "所在地": "栃木県栃木市大平町西水代１８３５－１", "緯度": 36.317805, "経度": 139.713766, "url": "https://www.iryou.teikyouseido.mhlw.go.jp/znk-web/juminkanja/S2430/initialize?prefCd=09&kikanCd=22090010584&kikanKbn=2", "url2": "https://www.t-iin.jp", "内容": "田村医院【2:診療所】【診療科目:0】栃木県栃木市大平町西水代１８３５－１" }, "geometry": { "type": "Point", "coordinates": [ 139.713766, 36.317805 ] } },
{ "type": "Feature", "properties": { "ID": 922090010591, "正式名称": "腰塚医院", "機関区分": 2, "都道府県コード": 9, "市区町村コード": 203, "所在地": "栃木県栃木市藤岡町藤岡１８４５－１０", "緯度": 36.252343, "経度": 139.648148, "url": "https://www.iryou.teikyouseido.mhlw.go.jp/znk-web/juminkanja/S2430/initialize?prefCd=09&kikanCd=22090010591&kikanKbn=2", "url2": "http://koshizuka.com", "内容": "腰塚医院【2:診療所】【診療科目:0】栃木県栃木市藤岡町藤岡１８４５－１０" }, "geometry": { "type": "Point", "coordinates": [ 139.648148, 36.252343 ] } },
{ "type": "Feature", "properties": { "ID": 922090010593, "正式名称": "藤岡診療所", "機関区分": 2, "都道府県コード": 9, "市区町村コード": 203, "所在地": "栃木県栃木市藤岡町藤岡", "緯度": 36.254789, "経度": 139.644901, "url": "https://www.iryou.teikyouseido.mhlw.go.jp/znk-web/juminkanja/S2430/initialize?prefCd=09&kikanCd=22090010593&kikanKbn=2", "url2": null, "内容": "藤岡診療所【2:診療所】【診療科目:0】栃木県栃木市藤岡町藤岡" }, "geometry": { "type": "Point", "coordinates": [ 139.644901, 36.254789 ] } },
{ "type": "Feature", "properties": { "ID": 922090010594, "正式名称": "藤岡整形外科クリニック", "機関区分": 2, "都道府県コード": 9, "市区町村コード": 203, "所在地": "栃木県栃木市藤岡町藤岡２５", "緯度": 36.271157, "経度": 139.653026, "url": "https://www.iryou.teikyouseido.mhlw.go.jp/znk-web/juminkanja/S2430/initialize?prefCd=09&kikanCd=22090010594&kikanKbn=2", "url2": null, "内容": "藤岡整形外科クリニック【2:診療所】【診療科目:0】栃木県栃木市藤岡町藤岡２５" }, "geometry": { "type": "Point", "coordinates": [ 139.653026, 36.271157 ] } },
{ "type": "Feature", "properties": { "ID": 922090010595, "正式名称": "持田医院", "機関区分": 2, "都道府県コード": 9, "市区町村コード": 203, "所在地": "栃木県栃木市藤岡町中根１１５－５", "緯度": 36.280282, "経度": 139.692541, "url": "https://www.iryou.teikyouseido.mhlw.go.jp/znk-web/juminkanja/S2430/initialize?prefCd=09&kikanCd=22090010595&kikanKbn=2", "url2": null, "内容": "持田医院【2:診療所】【診療科目:0】栃木県栃木市藤岡町中根１１５－５" }, "geometry": { "type": "Point", "coordinates": [ 139.692541, 36.280282 ] } },
{ "type": "Feature", "properties": { "ID": 922090010596, "正式名称": "医療法人社団　慈厚会　船越医院", "機関区分": 2, "都道府県コード": 9, "市区町村コード": 203, "所在地": "栃木県栃木市都賀町家中５９８６－６", "緯度": 36.427986, "経度": 139.747562, "url": "https://www.iryou.teikyouseido.mhlw.go.jp/znk-web/juminkanja/S2430/initialize?prefCd=09&kikanCd=22090010596&kikanKbn=2", "url2": "https://funakoshi-clinic.wixsite.com/funakoshi-clinic", "内容": "医療法人社団　慈厚会　船越医院【2:診療所】【診療科目:0】栃木県栃木市都賀町家中５９８６－６" }, "geometry": { "type": "Point", "coordinates": [ 139.747562, 36.427986 ] } },
{ "type": "Feature", "properties": { "ID": 922090010597, "正式名称": "百瀬医院", "機関区分": 2, "都道府県コード": 9, "市区町村コード": 203, "所在地": "栃木県栃木市都賀町木", "緯度": 36.424714, "経度": 139.725791, "url": "https://www.iryou.teikyouseido.mhlw.go.jp/znk-web/juminkanja/S2430/initialize?prefCd=09&kikanCd=22090010597&kikanKbn=2", "url2": null, "内容": "百瀬医院【2:診療所】【診療科目:0】栃木県栃木市都賀町木" }, "geometry": { "type": "Point", "coordinates": [ 139.725791, 36.424714 ] } },
{ "type": "Feature", "properties": { "ID": 922090010600, "正式名称": "医療法人社団シリウス会整形外科メディカルパパス", "機関区分": 2, "都道府県コード": 9, "市区町村コード": 203, "所在地": "栃木県栃木市大平町西水代１９４３－１", "緯度": 36.319139, "経度": 139.71061, "url": "https://www.iryou.teikyouseido.mhlw.go.jp/znk-web/juminkanja/S2430/initialize?prefCd=09&kikanCd=22090010600&kikanKbn=2", "url2": "https://siriuskai.or.jp/medical-papas/", "内容": "医療法人社団シリウス会整形外科メディカルパパス【2:診療所】【診療科目:0】栃木県栃木市大平町西水代１９４３－１" }, "geometry": { "type": "Point", "coordinates": [ 139.71061, 36.319139 ] } },
{ "type": "Feature", "properties": { "ID": 922090010601, "正式名称": "医療法人清精会池森クリニック", "機関区分": 2, "都道府県コード": 9, "市区町村コード": 203, "所在地": "栃木県栃木市河合町２－３　エクセル・パルビル　２Ｆ", "緯度": 36.372798, "経度": 139.731637, "url": "https://www.iryou.teikyouseido.mhlw.go.jp/znk-web/juminkanja/S2430/initialize?prefCd=09&kikanCd=22090010601&kikanKbn=2", "url2": "http://www.ikemori-c.com/", "内容": "医療法人清精会池森クリニック【2:診療所】【診療科目:0】栃木県栃木市河合町２－３　エクセル・パルビル　２Ｆ" }, "geometry": { "type": "Point", "coordinates": [ 139.731637, 36.372798 ] } },
{ "type": "Feature", "properties": { "ID": 922090010602, "正式名称": "関口医院", "機関区分": 2, "都道府県コード": 9, "市区町村コード": 203, "所在地": "栃木県栃木市泉町２１番３号", "緯度": 36.385437, "経度": 139.736849, "url": "https://www.iryou.teikyouseido.mhlw.go.jp/znk-web/juminkanja/S2430/initialize?prefCd=09&kikanCd=22090010602&kikanKbn=2", "url2": "http://www.sekiguchi-clinic.rpr.jp", "内容": "関口医院【2:診療所】【診療科目:0】栃木県栃木市泉町２１番３号" }, "geometry": { "type": "Point", "coordinates": [ 139.736849, 36.385437 ] } },
{ "type": "Feature", "properties": { "ID": 922090010603, "正式名称": "新村ファミリークリニック", "機関区分": 2, "都道府県コード": 9, "市区町村コード": 203, "所在地": "栃木県栃木市大宮町２１２０－１１", "緯度": 36.399704, "経度": 139.754431, "url": "https://www.iryou.teikyouseido.mhlw.go.jp/znk-web/juminkanja/S2430/initialize?prefCd=09&kikanCd=22090010603&kikanKbn=2", "url2": null, "内容": "新村ファミリークリニック【2:診療所】【診療科目:0】栃木県栃木市大宮町２１２０－１１" }, "geometry": { "type": "Point", "coordinates": [ 139.754431, 36.399704 ] } },
{ "type": "Feature", "properties": { "ID": 922090010606, "正式名称": "医療法人社団　なかつぼクリニック", "機関区分": 2, "都道府県コード": 9, "市区町村コード": 203, "所在地": "栃木県栃木市箱森町", "緯度": 36.392149, "経度": 139.728311, "url": "https://www.iryou.teikyouseido.mhlw.go.jp/znk-web/juminkanja/S2430/initialize?prefCd=09&kikanCd=22090010606&kikanKbn=2", "url2": "http://www.nakatsubo-clinic.com/", "内容": "医療法人社団　なかつぼクリニック【2:診療所】【診療科目:0】栃木県栃木市箱森町" }, "geometry": { "type": "Point", "coordinates": [ 139.728311, 36.392149 ] } },
{ "type": "Feature", "properties": { "ID": 922090010607, "正式名称": "医療法人　よこやま内科小児科クリニック", "機関区分": 2, "都道府県コード": 9, "市区町村コード": 203, "所在地": "栃木県栃木市箱森町３８－７０", "緯度": 36.39201, "経度": 139.726213, "url": "https://www.iryou.teikyouseido.mhlw.go.jp/znk-web/juminkanja/S2430/initialize?prefCd=09&kikanCd=22090010607&kikanKbn=2", "url2": "http://www.yokoyamaclinic.net", "内容": "医療法人　よこやま内科小児科クリニック【2:診療所】【診療科目:0】栃木県栃木市箱森町３８－７０" }, "geometry": { "type": "Point", "coordinates": [ 139.726213, 36.39201 ] } },
{ "type": "Feature", "properties": { "ID": 922090010609, "正式名称": "さくら眼科クリニック", "機関区分": 2, "都道府県コード": 9, "市区町村コード": 203, "所在地": "栃木県栃木市片柳町４－１５－２７", "緯度": 36.367971, "経度": 139.715178, "url": "https://www.iryou.teikyouseido.mhlw.go.jp/znk-web/juminkanja/S2430/initialize?prefCd=09&kikanCd=22090010609&kikanKbn=2", "url2": null, "内容": "さくら眼科クリニック【2:診療所】【診療科目:0】栃木県栃木市片柳町４－１５－２７" }, "geometry": { "type": "Point", "coordinates": [ 139.715178, 36.367971 ] } },
{ "type": "Feature", "properties": { "ID": 922090011250, "正式名称": "尾形クリニック", "機関区分": 2, "都道府県コード": 9, "市区町村コード": 211, "所在地": "栃木県矢板市末広町４５－３", "緯度": 36.804859, "経度": 139.935708, "url": "https://www.iryou.teikyouseido.mhlw.go.jp/znk-web/juminkanja/S2430/initialize?prefCd=09&kikanCd=22090011250&kikanKbn=2", "url2": "http://www.ogata-cl.or.jp/", "内容": "尾形クリニック【2:診療所】【診療科目:0】栃木県矢板市末広町４５－３" }, "geometry": { "type": "Point", "coordinates": [ 139.935708, 36.804859 ] } },
{ "type": "Feature", "properties": { "ID": 922090011251, "正式名称": "医療法人西川整形外科", "機関区分": 2, "都道府県コード": 9, "市区町村コード": 211, "所在地": "栃木県矢板市乙畑１４５３－３", "緯度": 36.749872, "経度": 139.949945, "url": "https://www.iryou.teikyouseido.mhlw.go.jp/znk-web/juminkanja/S2430/initialize?prefCd=09&kikanCd=22090011251&kikanKbn=2", "url2": null, "内容": "医療法人西川整形外科【2:診療所】【診療科目:0】栃木県矢板市乙畑１４５３－３" }, "geometry": { "type": "Point", "coordinates": [ 139.949945, 36.749872 ] } },
{ "type": "Feature", "properties": { "ID": 922090011252, "正式名称": "医療法人　敬成会　村井胃腸科外科クリニック", "機関区分": 2, "都道府県コード": 9, "市区町村コード": 211, "所在地": "栃木県矢板市木幡１３０８－２０", "緯度": 36.793783, "経度": 139.938503, "url": "https://www.iryou.teikyouseido.mhlw.go.jp/znk-web/juminkanja/S2430/initialize?prefCd=09&kikanCd=22090011252&kikanKbn=2", "url2": null, "内容": "医療法人　敬成会　村井胃腸科外科クリニック【2:診療所】【診療科目:0】栃木県矢板市木幡１３０８－２０" }, "geometry": { "type": "Point", "coordinates": [ 139.938503, 36.793783 ] } },
{ "type": "Feature", "properties": { "ID": 922090011503, "正式名称": "上田医院", "機関区分": 2, "都道府県コード": 9, "市区町村コード": 211, "所在地": "栃木県矢板市末広町", "緯度": 36.802418, "経度": 139.936233, "url": "https://www.iryou.teikyouseido.mhlw.go.jp/znk-web/juminkanja/S2430/initialize?prefCd=09&kikanCd=22090011503&kikanKbn=2", "url2": null, "内容": "上田医院【2:診療所】【診療科目:0】栃木県矢板市末広町" }, "geometry": { "type": "Point", "coordinates": [ 139.936233, 36.802418 ] } },
{ "type": "Feature", "properties": { "ID": 922090011505, "正式名称": "かるべ皮フ科小児科医院", "機関区分": 2, "都道府県コード": 9, "市区町村コード": 211, "所在地": "栃木県矢板市木幡１３２４", "緯度": 36.795418, "経度": 139.938058, "url": "https://www.iryou.teikyouseido.mhlw.go.jp/znk-web/juminkanja/S2430/initialize?prefCd=09&kikanCd=22090011505&kikanKbn=2", "url2": null, "内容": "かるべ皮フ科小児科医院【2:診療所】【診療科目:0】栃木県矢板市木幡１３２４" }, "geometry": { "type": "Point", "coordinates": [ 139.938058, 36.795418 ] } },
{ "type": "Feature", "properties": { "ID": 922090011506, "正式名称": "きうち産婦人科医院", "機関区分": 2, "都道府県コード": 9, "市区町村コード": 211, "所在地": "栃木県矢板市富田５４８－１", "緯度": 36.797868, "経度": 139.9341, "url": "https://www.iryou.teikyouseido.mhlw.go.jp/znk-web/juminkanja/S2430/initialize?prefCd=09&kikanCd=22090011506&kikanKbn=2", "url2": "http://www.kmc.med-apple.co.jp/", "内容": "きうち産婦人科医院【2:診療所】【診療科目:0】栃木県矢板市富田５４８－１" }, "geometry": { "type": "Point", "coordinates": [ 139.9341, 36.797868 ] } },
{ "type": "Feature", "properties": { "ID": 922090011508, "正式名称": "医療法人社団良仁会後藤医院", "機関区分": 2, "都道府県コード": 9, "市区町村コード": 211, "所在地": "栃木県矢板市末広町６３－９", "緯度": 36.80657, "経度": 139.936413, "url": "https://www.iryou.teikyouseido.mhlw.go.jp/znk-web/juminkanja/S2430/initialize?prefCd=09&kikanCd=22090011508&kikanKbn=2", "url2": null, "内容": "医療法人社団良仁会後藤医院【2:診療所】【診療科目:0】栃木県矢板市末広町６３－９" }, "geometry": { "type": "Point", "coordinates": [ 139.936413, 36.80657 ] } },
{ "type": "Feature", "properties": { "ID": 922090011514, "正式名称": "橋本医院", "機関区分": 2, "都道府県コード": 9, "市区町村コード": 211, "所在地": "栃木県矢板市泉３７７－５", "緯度": 36.841221, "経度": 139.913206, "url": "https://www.iryou.teikyouseido.mhlw.go.jp/znk-web/juminkanja/S2430/initialize?prefCd=09&kikanCd=22090011514&kikanKbn=2", "url2": null, "内容": "橋本医院【2:診療所】【診療科目:0】栃木県矢板市泉３７７－５" }, "geometry": { "type": "Point", "coordinates": [ 139.913206, 36.841221 ] } },
{ "type": "Feature", "properties": { "ID": 922090011515, "正式名称": "村井医院", "機関区分": 2, "都道府県コード": 9, "市区町村コード": 211, "所在地": "栃木県矢板市扇町１－１０－２８", "緯度": 36.808349, "経度": 139.930343, "url": "https://www.iryou.teikyouseido.mhlw.go.jp/znk-web/juminkanja/S2430/initialize?prefCd=09&kikanCd=22090011515&kikanKbn=2", "url2": null, "内容": "村井医院【2:診療所】【診療科目:0】栃木県矢板市扇町１－１０－２８" }, "geometry": { "type": "Point", "coordinates": [ 139.930343, 36.808349 ] } },
{ "type": "Feature", "properties": { "ID": 922090011518, "正式名称": "医療法人社団寛久会　山田クリニック", "機関区分": 2, "都道府県コード": 9, "市区町村コード": 211, "所在地": "栃木県矢板市片岡２１４６－３", "緯度": 36.759838, "経度": 139.947278, "url": "https://www.iryou.teikyouseido.mhlw.go.jp/znk-web/juminkanja/S2430/initialize?prefCd=09&kikanCd=22090011518&kikanKbn=2", "url2": null, "内容": "医療法人社団寛久会　山田クリニック【2:診療所】【診療科目:0】栃木県矢板市片岡２１４６－３" }, "geometry": { "type": "Point", "coordinates": [ 139.947278, 36.759838 ] } },
{ "type": "Feature", "properties": { "ID": 922090011520, "正式名称": "阿久津医院分院", "機関区分": 2, "都道府県コード": 9, "市区町村コード": 384, "所在地": "栃木県塩谷郡塩谷町船生３６３２", "緯度": 36.768961, "経度": 139.789478, "url": "https://www.iryou.teikyouseido.mhlw.go.jp/znk-web/juminkanja/S2430/initialize?prefCd=09&kikanCd=22090011520&kikanKbn=2", "url2": null, "内容": "阿久津医院分院【2:診療所】【診療科目:0】栃木県塩谷郡塩谷町船生３６３２" }, "geometry": { "type": "Point", "coordinates": [ 139.789478, 36.768961 ] } },
{ "type": "Feature", "properties": { "ID": 922090011521, "正式名称": "植木医院", "機関区分": 2, "都道府県コード": 9, "市区町村コード": 384, "所在地": "栃木県塩谷郡塩谷町金枝９５０", "緯度": 36.757921, "経度": 139.858442, "url": "https://www.iryou.teikyouseido.mhlw.go.jp/znk-web/juminkanja/S2430/initialize?prefCd=09&kikanCd=22090011521&kikanKbn=2", "url2": null, "内容": "植木医院【2:診療所】【診療科目:0】栃木県塩谷郡塩谷町金枝９５０" }, "geometry": { "type": "Point", "coordinates": [ 139.858442, 36.757921 ] } },
{ "type": "Feature", "properties": { "ID": 922090011522, "正式名称": "大和田内科", "機関区分": 2, "都道府県コード": 9, "市区町村コード": 384, "所在地": "栃木県塩谷郡塩谷町道下８０７ー１", "緯度": 36.767312, "経度": 139.8536, "url": "https://www.iryou.teikyouseido.mhlw.go.jp/znk-web/juminkanja/S2430/initialize?prefCd=09&kikanCd=22090011522&kikanKbn=2", "url2": null, "内容": "大和田内科【2:診療所】【診療科目:0】栃木県塩谷郡塩谷町道下８０７ー１" }, "geometry": { "type": "Point", "coordinates": [ 139.8536, 36.767312 ] } },
{ "type": "Feature", "properties": { "ID": 922090011523, "正式名称": "アグリホームクリニック　しおや", "機関区分": 2, "都道府県コード": 9, "市区町村コード": 384, "所在地": "栃木県塩谷郡塩谷町玉生５７０－１", "緯度": 36.770844, "経度": 139.849975, "url": "https://www.iryou.teikyouseido.mhlw.go.jp/znk-web/juminkanja/S2430/initialize?prefCd=09&kikanCd=22090011523&kikanKbn=2", "url2": "https://agrie.jp/", "内容": "アグリホームクリニック　しおや【2:診療所】【診療科目:0】栃木県塩谷郡塩谷町玉生５７０－１" }, "geometry": { "type": "Point", "coordinates": [ 139.849975, 36.770844 ] } },
{ "type": "Feature", "properties": { "ID": 922090011524, "正式名称": "風見診療所", "機関区分": 2, "都道府県コード": 9, "市区町村コード": 384, "所在地": "栃木県塩谷郡塩谷町上平２７－２", "緯度": 36.734986, "経度": 139.87293, "url": "https://www.iryou.teikyouseido.mhlw.go.jp/znk-web/juminkanja/S2430/initialize?prefCd=09&kikanCd=22090011524&kikanKbn=2", "url2": null, "内容": "風見診療所【2:診療所】【診療科目:0】栃木県塩谷郡塩谷町上平２７－２" }, "geometry": { "type": "Point", "coordinates": [ 139.87293, 36.734986 ] } },
{ "type": "Feature", "properties": { "ID": 922090011529, "正式名称": "かとう眼科", "機関区分": 2, "都道府県コード": 9, "市区町村コード": 214, "所在地": "栃木県さくら市氏家２５６５－９", "緯度": 36.680843, "経度": 139.966797, "url": "https://www.iryou.teikyouseido.mhlw.go.jp/znk-web/juminkanja/S2430/initialize?prefCd=09&kikanCd=22090011529&kikanKbn=2", "url2": "http://www.eye-my-me.jp/", "内容": "かとう眼科【2:診療所】【診療科目:0】栃木県さくら市氏家２５６５－９" }, "geometry": { "type": "Point", "coordinates": [ 139.966797, 36.680843 ] } },
{ "type": "Feature", "properties": { "ID": 922090011532, "正式名称": "高瀬小児科医院", "機関区分": 2, "都道府県コード": 9, "市区町村コード": 214, "所在地": "栃木県さくら市氏家１９１６", "緯度": 36.679709, "経度": 139.96391, "url": "https://www.iryou.teikyouseido.mhlw.go.jp/znk-web/juminkanja/S2430/initialize?prefCd=09&kikanCd=22090011532&kikanKbn=2", "url2": null, "内容": "高瀬小児科医院【2:診療所】【診療科目:0】栃木県さくら市氏家１９１６" }, "geometry": { "type": "Point", "coordinates": [ 139.96391, 36.679709 ] } },
{ "type": "Feature", "properties": { "ID": 922090011536, "正式名称": "中川耳鼻咽喉科医院", "機関区分": 2, "都道府県コード": 9, "市区町村コード": 214, "所在地": "栃木県さくら市氏家１８１８", "緯度": 36.679167, "経度": 139.965694, "url": "https://www.iryou.teikyouseido.mhlw.go.jp/znk-web/juminkanja/S2430/initialize?prefCd=09&kikanCd=22090011536&kikanKbn=2", "url2": null, "内容": "中川耳鼻咽喉科医院【2:診療所】【診療科目:0】栃木県さくら市氏家１８１８" }, "geometry": { "type": "Point", "coordinates": [ 139.965694, 36.679167 ] } },
{ "type": "Feature", "properties": { "ID": 922090011538, "正式名称": "医療法人悠縁会　にし内科ハートクリニック", "機関区分": 2, "都道府県コード": 9, "市区町村コード": 214, "所在地": "栃木県さくら市氏家３３９０－１", "緯度": 36.692606, "経度": 139.965304, "url": "https://www.iryou.teikyouseido.mhlw.go.jp/znk-web/juminkanja/S2430/initialize?prefCd=09&kikanCd=22090011538&kikanKbn=2", "url2": "https://www.nishi-heart-cl.com", "内容": "医療法人悠縁会　にし内科ハートクリニック【2:診療所】【診療科目:0】栃木県さくら市氏家３３９０－１" }, "geometry": { "type": "Point", "coordinates": [ 139.965304, 36.692606 ] } },
{ "type": "Feature", "properties": { "ID": 922090011540, "正式名称": "医療法人一樹会半田クリニック", "機関区分": 2, "都道府県コード": 9, "市区町村コード": 214, "所在地": "栃木県さくら市北草川２－１３－１", "緯度": 36.687803, "経度": 139.954645, "url": "https://www.iryou.teikyouseido.mhlw.go.jp/znk-web/juminkanja/S2430/initialize?prefCd=09&kikanCd=22090011540&kikanKbn=2", "url2": null, "内容": "医療法人一樹会半田クリニック【2:診療所】【診療科目:0】栃木県さくら市北草川２－１３－１" }, "geometry": { "type": "Point", "coordinates": [ 139.954645, 36.687803 ] } },
{ "type": "Feature", "properties": { "ID": 922090011542, "正式名称": "森島医院", "機関区分": 2, "都道府県コード": 9, "市区町村コード": 214, "所在地": "栃木県さくら市櫻野", "緯度": 36.682877, "経度": 139.96813, "url": "https://www.iryou.teikyouseido.mhlw.go.jp/znk-web/juminkanja/S2430/initialize?prefCd=09&kikanCd=22090011542&kikanKbn=2", "url2": "http://www.morishima-iin.com", "内容": "森島医院【2:診療所】【診療科目:0】栃木県さくら市櫻野" }, "geometry": { "type": "Point", "coordinates": [ 139.96813, 36.682877 ] } },
{ "type": "Feature", "properties": { "ID": 922090011543, "正式名称": "岡医院", "機関区分": 2, "都道府県コード": 9, "市区町村コード": 214, "所在地": "栃木県さくら市櫻野", "緯度": 36.687112, "経度": 139.978373, "url": "https://www.iryou.teikyouseido.mhlw.go.jp/znk-web/juminkanja/S2430/initialize?prefCd=09&kikanCd=22090011543&kikanKbn=2", "url2": null, "内容": "岡医院【2:診療所】【診療科目:0】栃木県さくら市櫻野" }, "geometry": { "type": "Point", "coordinates": [ 139.978373, 36.687112 ] } },
{ "type": "Feature", "properties": { "ID": 922090011545, "正式名称": "医療法人社団阿久津医院", "機関区分": 2, "都道府県コード": 9, "市区町村コード": 386, "所在地": "栃木県塩谷郡高根沢町大谷", "緯度": 36.658625, "経度": 139.991762, "url": "https://www.iryou.teikyouseido.mhlw.go.jp/znk-web/juminkanja/S2430/initialize?prefCd=09&kikanCd=22090011545&kikanKbn=2", "url2": null, "内容": "医療法人社団阿久津医院【2:診療所】【診療科目:0】栃木県塩谷郡高根沢町大谷" }, "geometry": { "type": "Point", "coordinates": [ 139.991762, 36.658625 ] } },
{ "type": "Feature", "properties": { "ID": 922090011547, "正式名称": "耳鼻咽喉科・気管食道科　越井クリニック", "機関区分": 2, "都道府県コード": 9, "市区町村コード": 386, "所在地": "栃木県塩谷郡高根沢町光陽台４ー２ー１２", "緯度": 36.618631, "経度": 139.984588, "url": "https://www.iryou.teikyouseido.mhlw.go.jp/znk-web/juminkanja/S2430/initialize?prefCd=09&kikanCd=22090011547&kikanKbn=2", "url2": "http://koshii-c.sakura.ne.jp/", "内容": "耳鼻咽喉科・気管食道科　越井クリニック【2:診療所】【診療科目:0】栃木県塩谷郡高根沢町光陽台４ー２ー１２" }, "geometry": { "type": "Point", "coordinates": [ 139.984588, 36.618631 ] } },
{ "type": "Feature", "properties": { "ID": 922090011552, "正式名称": "深澤クリニック", "機関区分": 2, "都道府県コード": 9, "市区町村コード": 386, "所在地": "栃木県塩谷郡高根沢町平田１９２０－１", "緯度": 36.653435, "経度": 140.029037, "url": "https://www.iryou.teikyouseido.mhlw.go.jp/znk-web/juminkanja/S2430/initialize?prefCd=09&kikanCd=22090011552&kikanKbn=2", "url2": "http://www.fukasawaclinic.or.jp", "内容": "深澤クリニック【2:診療所】【診療科目:0】栃木県塩谷郡高根沢町平田１９２０－１" }, "geometry": { "type": "Point", "coordinates": [ 140.029037, 36.653435 ] } },
{ "type": "Feature", "properties": { "ID": 922090011564, "正式名称": "医療法人　仲嶋医院", "機関区分": 2, "都道府県コード": 9, "市区町村コード": 214, "所在地": "栃木県さくら市氏家３２４５－１７", "緯度": 36.701086, "経度": 139.967954, "url": "https://www.iryou.teikyouseido.mhlw.go.jp/znk-web/juminkanja/S2430/initialize?prefCd=09&kikanCd=22090011564&kikanKbn=2", "url2": "http://www.nakajimacl.com/", "内容": "医療法人　仲嶋医院【2:診療所】【診療科目:0】栃木県さくら市氏家３２４５－１７" }, "geometry": { "type": "Point", "coordinates": [ 139.967954, 36.701086 ] } },
{ "type": "Feature", "properties": { "ID": 922090011565, "正式名称": "佐藤クリニック", "機関区分": 2, "都道府県コード": 9, "市区町村コード": 214, "所在地": "栃木県さくら市卯の里１丁目１７番地１", "緯度": 36.681035, "経度": 139.958745, "url": "https://www.iryou.teikyouseido.mhlw.go.jp/znk-web/juminkanja/S2430/initialize?prefCd=09&kikanCd=22090011565&kikanKbn=2", "url2": null, "内容": "佐藤クリニック【2:診療所】【診療科目:0】栃木県さくら市卯の里１丁目１７番地１" }, "geometry": { "type": "Point", "coordinates": [ 139.958745, 36.681035 ] } },
{ "type": "Feature", "properties": { "ID": 922090011568, "正式名称": "医療法人　中津川会　中津川循環器科内科クリニック", "機関区分": 2, "都道府県コード": 9, "市区町村コード": 386, "所在地": "栃木県塩谷郡高根沢町宝積寺２３８８－５", "緯度": 36.630801, "経度": 139.982125, "url": "https://www.iryou.teikyouseido.mhlw.go.jp/znk-web/juminkanja/S2430/initialize?prefCd=09&kikanCd=22090011568&kikanKbn=2", "url2": "http://www.nakatsugawa-clinic.jp", "内容": "医療法人　中津川会　中津川循環器科内科クリニック【2:診療所】【診療科目:0】栃木県塩谷郡高根沢町宝積寺２３８８－５" }, "geometry": { "type": "Point", "coordinates": [ 139.982125, 36.630801 ] } },
{ "type": "Feature", "properties": { "ID": 922090012252, "正式名称": "医療法人　杏和会　宮司外科胃腸科", "機関区分": 2, "都道府県コード": 9, "市区町村コード": 205, "所在地": "栃木県鹿沼市府所町１１９－１", "緯度": 36.566764, "経度": 139.758075, "url": "https://www.iryou.teikyouseido.mhlw.go.jp/znk-web/juminkanja/S2430/initialize?prefCd=09&kikanCd=22090012252&kikanKbn=2", "url2": "https://www.guujigeka.jp", "内容": "医療法人　杏和会　宮司外科胃腸科【2:診療所】【診療科目:0】栃木県鹿沼市府所町１１９－１" }, "geometry": { "type": "Point", "coordinates": [ 139.758075, 36.566764 ] } },
{ "type": "Feature", "properties": { "ID": 922090012255, "正式名称": "細川耳鼻咽喉科・内科", "機関区分": 2, "都道府県コード": 9, "市区町村コード": 205, "所在地": "栃木県鹿沼市仲町１７０３－３", "緯度": 36.563758, "経度": 139.74732, "url": "https://www.iryou.teikyouseido.mhlw.go.jp/znk-web/juminkanja/S2430/initialize?prefCd=09&kikanCd=22090012255&kikanKbn=2", "url2": "http://hosokawa-cl.ne.jp", "内容": "細川耳鼻咽喉科・内科【2:診療所】【診療科目:0】栃木県鹿沼市仲町１７０３－３" }, "geometry": { "type": "Point", "coordinates": [ 139.74732, 36.563758 ] } },
{ "type": "Feature", "properties": { "ID": 922090012501, "正式名称": "医療法人　青木医院", "機関区分": 2, "都道府県コード": 9, "市区町村コード": 205, "所在地": "栃木県鹿沼市下田町２－１０５２－３", "緯度": 36.563005, "経度": 139.751187, "url": "https://www.iryou.teikyouseido.mhlw.go.jp/znk-web/juminkanja/S2430/initialize?prefCd=09&kikanCd=22090012501&kikanKbn=2", "url2": "https://aoki-med.com/", "内容": "医療法人　青木医院【2:診療所】【診療科目:0】栃木県鹿沼市下田町２－１０５２－３" }, "geometry": { "type": "Point", "coordinates": [ 139.751187, 36.563005 ] } },
{ "type": "Feature", "properties": { "ID": 922090012502, "正式名称": "荒井内科医院", "機関区分": 2, "都道府県コード": 9, "市区町村コード": 205, "所在地": "栃木県鹿沼市幸町２－２－１６", "緯度": 36.560049, "経度": 139.776595, "url": "https://www.iryou.teikyouseido.mhlw.go.jp/znk-web/juminkanja/S2430/initialize?prefCd=09&kikanCd=22090012502&kikanKbn=2", "url2": null, "内容": "荒井内科医院【2:診療所】【診療科目:0】栃木県鹿沼市幸町２－２－１６" }, "geometry": { "type": "Point", "coordinates": [ 139.776595, 36.560049 ] } },
{ "type": "Feature", "properties": { "ID": 922090012505, "正式名称": "石川医院", "機関区分": 2, "都道府県コード": 9, "市区町村コード": 205, "所在地": "栃木県鹿沼市上石川", "緯度": 36.522817, "経度": 139.805298, "url": "https://www.iryou.teikyouseido.mhlw.go.jp/znk-web/juminkanja/S2430/initialize?prefCd=09&kikanCd=22090012505&kikanKbn=2", "url2": null, "内容": "石川医院【2:診療所】【診療科目:0】栃木県鹿沼市上石川" }, "geometry": { "type": "Point", "coordinates": [ 139.805298, 36.522817 ] } },
{ "type": "Feature", "properties": { "ID": 922090012506, "正式名称": "いとうこどもクリニック", "機関区分": 2, "都道府県コード": 9, "市区町村コード": 205, "所在地": "栃木県鹿沼市緑町２－２－２９", "緯度": 36.558363, "経度": 139.773907, "url": "https://www.iryou.teikyouseido.mhlw.go.jp/znk-web/juminkanja/S2430/initialize?prefCd=09&kikanCd=22090012506&kikanKbn=2", "url2": "https://www.ito-kodomo-c.com", "内容": "いとうこどもクリニック【2:診療所】【診療科目:0】栃木県鹿沼市緑町２－２－２９" }, "geometry": { "type": "Point", "coordinates": [ 139.773907, 36.558363 ] } },
{ "type": "Feature", "properties": { "ID": 922090012507, "正式名称": "医療法人洋心会伊藤内科", "機関区分": 2, "都道府県コード": 9, "市区町村コード": 205, "所在地": "栃木県鹿沼市貝島町４６３番地２", "緯度": 36.563145, "経度": 139.765183, "url": "https://www.iryou.teikyouseido.mhlw.go.jp/znk-web/juminkanja/S2430/initialize?prefCd=09&kikanCd=22090012507&kikanKbn=2", "url2": null, "内容": "医療法人洋心会伊藤内科【2:診療所】【診療科目:0】栃木県鹿沼市貝島町４６３番地２" }, "geometry": { "type": "Point", "coordinates": [ 139.765183, 36.563145 ] } },
{ "type": "Feature", "properties": { "ID": 922090012513, "正式名称": "奥山医院", "機関区分": 2, "都道府県コード": 9, "市区町村コード": 205, "所在地": "栃木県鹿沼市上材木町２３２０", "緯度": 36.568624, "経度": 139.74883, "url": "https://www.iryou.teikyouseido.mhlw.go.jp/znk-web/juminkanja/S2430/initialize?prefCd=09&kikanCd=22090012513&kikanKbn=2", "url2": null, "内容": "奥山医院【2:診療所】【診療科目:0】栃木県鹿沼市上材木町２３２０" }, "geometry": { "type": "Point", "coordinates": [ 139.74883, 36.568624 ] } },
{ "type": "Feature", "properties": { "ID": 922090012514, "正式名称": "小野内科循環器科医院", "機関区分": 2, "都道府県コード": 9, "市区町村コード": 205, "所在地": "栃木県鹿沼市万町９３９－６", "緯度": 36.557126, "経度": 139.74952, "url": "https://www.iryou.teikyouseido.mhlw.go.jp/znk-web/juminkanja/S2430/initialize?prefCd=09&kikanCd=22090012514&kikanKbn=2", "url2": null, "内容": "小野内科循環器科医院【2:診療所】【診療科目:0】栃木県鹿沼市万町９３９－６" }, "geometry": { "type": "Point", "coordinates": [ 139.74952, 36.557126 ] } },
{ "type": "Feature", "properties": { "ID": 922090012520, "正式名称": "けやき坂クリニック", "機関区分": 2, "都道府県コード": 9, "市区町村コード": 205, "所在地": "栃木県鹿沼市坂田山１－２８－２", "緯度": 36.570976, "経度": 139.740871, "url": "https://www.iryou.teikyouseido.mhlw.go.jp/znk-web/juminkanja/S2430/initialize?prefCd=09&kikanCd=22090012520&kikanKbn=2", "url2": "http://www.keyakizaka.com", "内容": "けやき坂クリニック【2:診療所】【診療科目:0】栃木県鹿沼市坂田山１－２８－２" }, "geometry": { "type": "Point", "coordinates": [ 139.740871, 36.570976 ] } },
{ "type": "Feature", "properties": { "ID": 922090012538, "正式名称": "おおくぼみみはなのどクリニック", "機関区分": 2, "都道府県コード": 9, "市区町村コード": 205, "所在地": "栃木県鹿沼市西茂呂２－１１－１", "緯度": 36.556079, "経度": 139.767294, "url": "https://www.iryou.teikyouseido.mhlw.go.jp/znk-web/juminkanja/S2430/initialize?prefCd=09&kikanCd=22090012538&kikanKbn=2", "url2": "http://okbo3387.byoinnavi.jp/", "内容": "おおくぼみみはなのどクリニック【2:診療所】【診療科目:0】栃木県鹿沼市西茂呂２－１１－１" }, "geometry": { "type": "Point", "coordinates": [ 139.767294, 36.556079 ] } },
{ "type": "Feature", "properties": { "ID": 922090012540, "正式名称": "にれぎクリニック", "機関区分": 2, "都道府県コード": 9, "市区町村コード": 205, "所在地": "栃木県鹿沼市楡木町１６４－１", "緯度": 36.512922, "経度": 139.752076, "url": "https://www.iryou.teikyouseido.mhlw.go.jp/znk-web/juminkanja/S2430/initialize?prefCd=09&kikanCd=22090012540&kikanKbn=2", "url2": null, "内容": "にれぎクリニック【2:診療所】【診療科目:0】栃木県鹿沼市楡木町１６４－１" }, "geometry": { "type": "Point", "coordinates": [ 139.752076, 36.512922 ] } },
{ "type": "Feature", "properties": { "ID": 922090012544, "正式名称": "医療法人　山口内科医院", "機関区分": 2, "都道府県コード": 9, "市区町村コード": 205, "所在地": "栃木県鹿沼市西茂呂３－１０－１", "緯度": 36.551447, "経度": 139.767683, "url": "https://www.iryou.teikyouseido.mhlw.go.jp/znk-web/juminkanja/S2430/initialize?prefCd=09&kikanCd=22090012544&kikanKbn=2", "url2": null, "内容": "医療法人　山口内科医院【2:診療所】【診療科目:0】栃木県鹿沼市西茂呂３－１０－１" }, "geometry": { "type": "Point", "coordinates": [ 139.767683, 36.551447 ] } },
{ "type": "Feature", "properties": { "ID": 922090012545, "正式名称": "山﨑内科医院", "機関区分": 2, "都道府県コード": 9, "市区町村コード": 205, "所在地": "栃木県鹿沼市天神町１７００", "緯度": 36.566736, "経度": 139.746587, "url": "https://www.iryou.teikyouseido.mhlw.go.jp/znk-web/juminkanja/S2430/initialize?prefCd=09&kikanCd=22090012545&kikanKbn=2", "url2": null, "内容": "山﨑内科医院【2:診療所】【診療科目:0】栃木県鹿沼市天神町１７００" }, "geometry": { "type": "Point", "coordinates": [ 139.746587, 36.566736 ] } },
{ "type": "Feature", "properties": { "ID": 922090012548, "正式名称": "金子医院", "機関区分": 2, "都道府県コード": 9, "市区町村コード": 205, "所在地": "栃木県鹿沼市口粟野１６５４", "緯度": 36.516637, "経度": 139.67102, "url": "https://www.iryou.teikyouseido.mhlw.go.jp/znk-web/juminkanja/S2430/initialize?prefCd=09&kikanCd=22090012548&kikanKbn=2", "url2": null, "内容": "金子医院【2:診療所】【診療科目:0】栃木県鹿沼市口粟野１６５４" }, "geometry": { "type": "Point", "coordinates": [ 139.67102, 36.516637 ] } },
{ "type": "Feature", "properties": { "ID": 922090012554, "正式名称": "医療法人社団鹿沼整形外科", "機関区分": 2, "都道府県コード": 9, "市区町村コード": 205, "所在地": "栃木県鹿沼市東町２－２－３３", "緯度": 36.565406, "経度": 139.775084, "url": "https://www.iryou.teikyouseido.mhlw.go.jp/znk-web/juminkanja/S2430/initialize?prefCd=09&kikanCd=22090012554&kikanKbn=2", "url2": "https://kanumaseikeigeka.com", "内容": "医療法人社団鹿沼整形外科【2:診療所】【診療科目:0】栃木県鹿沼市東町２－２－３３" }, "geometry": { "type": "Point", "coordinates": [ 139.775084, 36.565406 ] } },
{ "type": "Feature", "properties": { "ID": 922090012555, "正式名称": "宇賀神内科外科", "機関区分": 2, "都道府県コード": 9, "市区町村コード": 205, "所在地": "栃木県鹿沼市久保町", "緯度": 36.565505, "経度": 139.746365, "url": "https://www.iryou.teikyouseido.mhlw.go.jp/znk-web/juminkanja/S2430/initialize?prefCd=09&kikanCd=22090012555&kikanKbn=2", "url2": "https://futianh66.wixsite.com/ugajin", "内容": "宇賀神内科外科【2:診療所】【診療科目:0】栃木県鹿沼市久保町" }, "geometry": { "type": "Point", "coordinates": [ 139.746365, 36.565505 ] } },
{ "type": "Feature", "properties": { "ID": 922090012556, "正式名称": "竹村内科腎クリニック", "機関区分": 2, "都道府県コード": 9, "市区町村コード": 205, "所在地": "栃木県鹿沼市西茂呂", "緯度": 36.543564, "経度": 139.767794, "url": "https://www.iryou.teikyouseido.mhlw.go.jp/znk-web/juminkanja/S2430/initialize?prefCd=09&kikanCd=22090012556&kikanKbn=2", "url2": "http://take2002.on.arena.ne.jp", "内容": "竹村内科腎クリニック【2:診療所】【診療科目:0】栃木県鹿沼市西茂呂" }, "geometry": { "type": "Point", "coordinates": [ 139.767794, 36.543564 ] } },
{ "type": "Feature", "properties": { "ID": 922090012557, "正式名称": "あきば内科循環器科クリニック", "機関区分": 2, "都道府県コード": 9, "市区町村コード": 205, "所在地": "栃木県鹿沼市樅山町５０－１", "緯度": 36.532437, "経度": 139.749279, "url": "https://www.iryou.teikyouseido.mhlw.go.jp/znk-web/juminkanja/S2430/initialize?prefCd=09&kikanCd=22090012557&kikanKbn=2", "url2": "http://www7b.biglobe.ne.jp/~akibaclinic/", "内容": "あきば内科循環器科クリニック【2:診療所】【診療科目:0】栃木県鹿沼市樅山町５０－１" }, "geometry": { "type": "Point", "coordinates": [ 139.749279, 36.532437 ] } },
{ "type": "Feature", "properties": { "ID": 922090013501, "正式名称": "塩谷医院", "機関区分": 2, "都道府県コード": 9, "市区町村コード": 215, "所在地": "栃木県那須烏山市田野倉１８３", "緯度": 36.660522, "経度": 140.093466, "url": "https://www.iryou.teikyouseido.mhlw.go.jp/znk-web/juminkanja/S2430/initialize?prefCd=09&kikanCd=22090013501&kikanKbn=2", "url2": null, "内容": "塩谷医院【2:診療所】【診療科目:0】栃木県那須烏山市田野倉１８３" }, "geometry": { "type": "Point", "coordinates": [ 140.093466, 36.660522 ] } },
{ "type": "Feature", "properties": { "ID": 922090013503, "正式名称": "林田医院", "機関区分": 2, "都道府県コード": 9, "市区町村コード": 215, "所在地": "栃木県那須烏山市大金", "緯度": 36.657248, "経度": 140.09863, "url": "https://www.iryou.teikyouseido.mhlw.go.jp/znk-web/juminkanja/S2430/initialize?prefCd=09&kikanCd=22090013503&kikanKbn=2", "url2": null, "内容": "林田医院【2:診療所】【診療科目:0】栃木県那須烏山市大金" }, "geometry": { "type": "Point", "coordinates": [ 140.09863, 36.657248 ] } },
{ "type": "Feature", "properties": { "ID": 922090013505, "正式名称": "那須烏山市熊田診療所", "機関区分": 2, "都道府県コード": 9, "市区町村コード": 215, "所在地": "栃木県那須烏山市熊田５５５－１", "緯度": 36.682552, "経度": 140.112084, "url": "https://www.iryou.teikyouseido.mhlw.go.jp/znk-web/juminkanja/S2430/initialize?prefCd=09&kikanCd=22090013505&kikanKbn=2", "url2": "https://www.city.nasukarasuyama.lg.jp/page/page000057.html", "内容": "那須烏山市熊田診療所【2:診療所】【診療科目:0】栃木県那須烏山市熊田５５５－１" }, "geometry": { "type": "Point", "coordinates": [ 140.112084, 36.682552 ] } },
{ "type": "Feature", "properties": { "ID": 922090013507, "正式名称": "阿久津クリニック", "機関区分": 2, "都道府県コード": 9, "市区町村コード": 215, "所在地": "栃木県那須烏山市金井２－１－６", "緯度": 36.654799, "経度": 140.154189, "url": "https://www.iryou.teikyouseido.mhlw.go.jp/znk-web/juminkanja/S2430/initialize?prefCd=09&kikanCd=22090013507&kikanKbn=2", "url2": null, "内容": "阿久津クリニック【2:診療所】【診療科目:0】栃木県那須烏山市金井２－１－６" }, "geometry": { "type": "Point", "coordinates": [ 140.154189, 36.654799 ] } },
{ "type": "Feature", "properties": { "ID": 922090013509, "正式名称": "金井医院", "機関区分": 2, "都道府県コード": 9, "市区町村コード": 215, "所在地": "栃木県那須烏山市南２丁目９－１６", "緯度": 36.65, "経度": 140.152525, "url": "https://www.iryou.teikyouseido.mhlw.go.jp/znk-web/juminkanja/S2430/initialize?prefCd=09&kikanCd=22090013509&kikanKbn=2", "url2": null, "内容": "金井医院【2:診療所】【診療科目:0】栃木県那須烏山市南２丁目９－１６" }, "geometry": { "type": "Point", "coordinates": [ 140.152525, 36.65 ] } },
{ "type": "Feature", "properties": { "ID": 922090013511, "正式名称": "那須烏山市国民健康保険七合診療所", "機関区分": 2, "都道府県コード": 9, "市区町村コード": 215, "所在地": "栃木県那須烏山市中山１３７－１", "緯度": 36.689176, "経度": 140.151563, "url": "https://www.iryou.teikyouseido.mhlw.go.jp/znk-web/juminkanja/S2430/initialize?prefCd=09&kikanCd=22090013511&kikanKbn=2", "url2": "https://www.city.nasukarasuyama.lg.jp/page/page000057.html", "内容": "那須烏山市国民健康保険七合診療所【2:診療所】【診療科目:0】栃木県那須烏山市中山１３７－１" }, "geometry": { "type": "Point", "coordinates": [ 140.151563, 36.689176 ] } },
{ "type": "Feature", "properties": { "ID": 922090013514, "正式名称": "佐野医院", "機関区分": 2, "都道府県コード": 9, "市区町村コード": 215, "所在地": "栃木県那須烏山市中央２－１１－１７", "緯度": 36.656638, "経度": 140.155511, "url": "https://www.iryou.teikyouseido.mhlw.go.jp/znk-web/juminkanja/S2430/initialize?prefCd=09&kikanCd=22090013514&kikanKbn=2", "url2": null, "内容": "佐野医院【2:診療所】【診療科目:0】栃木県那須烏山市中央２－１１－１７" }, "geometry": { "type": "Point", "coordinates": [ 140.155511, 36.656638 ] } },
{ "type": "Feature", "properties": { "ID": 922090013516, "正式名称": "滝田内科医院", "機関区分": 2, "都道府県コード": 9, "市区町村コード": 215, "所在地": "栃木県那須烏山市金井１－１３－５", "緯度": 36.65187, "経度": 140.151925, "url": "https://www.iryou.teikyouseido.mhlw.go.jp/znk-web/juminkanja/S2430/initialize?prefCd=09&kikanCd=22090013516&kikanKbn=2", "url2": null, "内容": "滝田内科医院【2:診療所】【診療科目:0】栃木県那須烏山市金井１－１３－５" }, "geometry": { "type": "Point", "coordinates": [ 140.151925, 36.65187 ] } },
{ "type": "Feature", "properties": { "ID": 922090013520, "正式名称": "山野クリニック", "機関区分": 2, "都道府県コード": 9, "市区町村コード": 215, "所在地": "栃木県那須烏山市中央２－４－３", "緯度": 36.655935, "経度": 140.156739, "url": "https://www.iryou.teikyouseido.mhlw.go.jp/znk-web/juminkanja/S2430/initialize?prefCd=09&kikanCd=22090013520&kikanKbn=2", "url2": null, "内容": "山野クリニック【2:診療所】【診療科目:0】栃木県那須烏山市中央２－４－３" }, "geometry": { "type": "Point", "coordinates": [ 140.156739, 36.655935 ] } },
{ "type": "Feature", "properties": { "ID": 922090013522, "正式名称": "医療法人　慈仁会　飯塚医院", "機関区分": 2, "都道府県コード": 9, "市区町村コード": 411, "所在地": "栃木県那須郡那珂川町馬頭４８４－３", "緯度": 36.739011, "経度": 140.173967, "url": "https://www.iryou.teikyouseido.mhlw.go.jp/znk-web/juminkanja/S2430/initialize?prefCd=09&kikanCd=22090013522&kikanKbn=2", "url2": null, "内容": "医療法人　慈仁会　飯塚医院【2:診療所】【診療科目:0】栃木県那須郡那珂川町馬頭４８４－３" }, "geometry": { "type": "Point", "coordinates": [ 140.173967, 36.739011 ] } },
{ "type": "Feature", "properties": { "ID": 922090013523, "正式名称": "坂本クリニック", "機関区分": 2, "都道府県コード": 9, "市区町村コード": 411, "所在地": "栃木県那須郡那珂川町北向田１８７", "緯度": 36.74723, "経度": 140.150966, "url": "https://www.iryou.teikyouseido.mhlw.go.jp/znk-web/juminkanja/S2430/initialize?prefCd=09&kikanCd=22090013523&kikanKbn=2", "url2": null, "内容": "坂本クリニック【2:診療所】【診療科目:0】栃木県那須郡那珂川町北向田１８７" }, "geometry": { "type": "Point", "coordinates": [ 140.150966, 36.74723 ] } },
{ "type": "Feature", "properties": { "ID": 922090013529, "正式名称": "医療法人社団東寿会佐藤医院", "機関区分": 2, "都道府県コード": 9, "市区町村コード": 411, "所在地": "栃木県那須郡那珂川町小川２９６０−１", "緯度": 36.760933, "経度": 140.119107, "url": "https://www.iryou.teikyouseido.mhlw.go.jp/znk-web/juminkanja/S2430/initialize?prefCd=09&kikanCd=22090013529&kikanKbn=2", "url2": null, "内容": "医療法人社団東寿会佐藤医院【2:診療所】【診療科目:0】栃木県那須郡那珂川町小川２９６０−１" }, "geometry": { "type": "Point", "coordinates": [ 140.119107, 36.760933 ] } },
{ "type": "Feature", "properties": { "ID": 922090013534, "正式名称": "医療法人洋和会水沼医院", "機関区分": 2, "都道府県コード": 9, "市区町村コード": 215, "所在地": "栃木県那須烏山市金井１－１４－８", "緯度": 36.651406, "経度": 140.152508, "url": "https://www.iryou.teikyouseido.mhlw.go.jp/znk-web/juminkanja/S2430/initialize?prefCd=09&kikanCd=22090013534&kikanKbn=2", "url2": null, "内容": "医療法人洋和会水沼医院【2:診療所】【診療科目:0】栃木県那須烏山市金井１－１４－８" }, "geometry": { "type": "Point", "coordinates": [ 140.152508, 36.651406 ] } },
{ "type": "Feature", "properties": { "ID": 922090013535, "正式名称": "近藤クリニック", "機関区分": 2, "都道府県コード": 9, "市区町村コード": 215, "所在地": "栃木県那須烏山市野上６３７－２", "緯度": 36.637321, "経度": 140.153095, "url": "https://www.iryou.teikyouseido.mhlw.go.jp/znk-web/juminkanja/S2430/initialize?prefCd=09&kikanCd=22090013535&kikanKbn=2", "url2": null, "内容": "近藤クリニック【2:診療所】【診療科目:0】栃木県那須烏山市野上６３７－２" }, "geometry": { "type": "Point", "coordinates": [ 140.153095, 36.637321 ] } },
{ "type": "Feature", "properties": { "ID": 922090014505, "正式名称": "医療法人　木水会　小松原医院", "機関区分": 2, "都道府県コード": 9, "市区町村コード": 203, "所在地": "栃木県栃木市岩舟町静５５０－２", "緯度": 36.321248, "経度": 139.660796, "url": "https://www.iryou.teikyouseido.mhlw.go.jp/znk-web/juminkanja/S2430/initialize?prefCd=09&kikanCd=22090014505&kikanKbn=2", "url2": "https://sites.google.com/site/komatsubaraiin/home", "内容": "医療法人　木水会　小松原医院【2:診療所】【診療科目:0】栃木県栃木市岩舟町静５５０－２" }, "geometry": { "type": "Point", "coordinates": [ 139.660796, 36.321248 ] } },
{ "type": "Feature", "properties": { "ID": 922090014511, "正式名称": "松永医院", "機関区分": 2, "都道府県コード": 9, "市区町村コード": 203, "所在地": "栃木県栃木市岩舟町古江９８", "緯度": 36.334007, "経度": 139.628704, "url": "https://www.iryou.teikyouseido.mhlw.go.jp/znk-web/juminkanja/S2430/initialize?prefCd=09&kikanCd=22090014511&kikanKbn=2", "url2": "http://www.matsunaga.s-y.gr.com/", "内容": "松永医院【2:診療所】【診療科目:0】栃木県栃木市岩舟町古江９８" }, "geometry": { "type": "Point", "coordinates": [ 139.628704, 36.334007 ] } },
{ "type": "Feature", "properties": { "ID": 922090014513, "正式名称": "あきもと小児科医院", "機関区分": 2, "都道府県コード": 9, "市区町村コード": 204, "所在地": "栃木県佐野市富岡町１５６１－２", "緯度": 36.316811, "経度": 139.594565, "url": "https://www.iryou.teikyouseido.mhlw.go.jp/znk-web/juminkanja/S2430/initialize?prefCd=09&kikanCd=22090014513&kikanKbn=2", "url2": null, "内容": "あきもと小児科医院【2:診療所】【診療科目:0】栃木県佐野市富岡町１５６１－２" }, "geometry": { "type": "Point", "coordinates": [ 139.594565, 36.316811 ] } },
{ "type": "Feature", "properties": { "ID": 922090014516, "正式名称": "佐野市医師会附属　佐野休日・夜間緊急診療所", "機関区分": 2, "都道府県コード": 9, "市区町村コード": 204, "所在地": "栃木県佐野市植上町", "緯度": 36.303817, "経度": 139.58205, "url": "https://www.iryou.teikyouseido.mhlw.go.jp/znk-web/juminkanja/S2430/initialize?prefCd=09&kikanCd=22090014516&kikanKbn=2", "url2": null, "内容": "佐野市医師会附属　佐野休日・夜間緊急診療所【2:診療所】【診療科目:0】栃木県佐野市植上町" }, "geometry": { "type": "Point", "coordinates": [ 139.58205, 36.303817 ] } },
{ "type": "Feature", "properties": { "ID": 922090014517, "正式名称": "安部医院", "機関区分": 2, "都道府県コード": 9, "市区町村コード": 204, "所在地": "栃木県佐野市伊賀町", "緯度": 36.315294, "経度": 139.577233, "url": "https://www.iryou.teikyouseido.mhlw.go.jp/znk-web/juminkanja/S2430/initialize?prefCd=09&kikanCd=22090014517&kikanKbn=2", "url2": null, "内容": "安部医院【2:診療所】【診療科目:0】栃木県佐野市伊賀町" }, "geometry": { "type": "Point", "coordinates": [ 139.577233, 36.315294 ] } },
{ "type": "Feature", "properties": { "ID": 922090014540, "正式名称": "齋藤耳鼻咽喉科医院", "機関区分": 2, "都道府県コード": 9, "市区町村コード": 204, "所在地": "栃木県佐野市相生町２００－２７", "緯度": 36.314819, "経度": 139.582035, "url": "https://www.iryou.teikyouseido.mhlw.go.jp/znk-web/juminkanja/S2430/initialize?prefCd=09&kikanCd=22090014540&kikanKbn=2", "url2": null, "内容": "齋藤耳鼻咽喉科医院【2:診療所】【診療科目:0】栃木県佐野市相生町２００－２７" }, "geometry": { "type": "Point", "coordinates": [ 139.582035, 36.314819 ] } },
{ "type": "Feature", "properties": { "ID": 922090014541, "正式名称": "齋藤内科医院", "機関区分": 2, "都道府県コード": 9, "市区町村コード": 204, "所在地": "栃木県佐野市相生町２４－１", "緯度": 36.313069, "経度": 139.585165, "url": "https://www.iryou.teikyouseido.mhlw.go.jp/znk-web/juminkanja/S2430/initialize?prefCd=09&kikanCd=22090014541&kikanKbn=2", "url2": "http://www.saito-naika.jp", "内容": "齋藤内科医院【2:診療所】【診療科目:0】栃木県佐野市相生町２４－１" }, "geometry": { "type": "Point", "coordinates": [ 139.585165, 36.313069 ] } },
{ "type": "Feature", "properties": { "ID": 922090014551, "正式名称": "医療法人寿朋会鈴木内科クリニック", "機関区分": 2, "都道府県コード": 9, "市区町村コード": 204, "所在地": "栃木県佐野市浅沼町５０－２", "緯度": 36.305034, "経度": 139.588682, "url": "https://www.iryou.teikyouseido.mhlw.go.jp/znk-web/juminkanja/S2430/initialize?prefCd=09&kikanCd=22090014551&kikanKbn=2", "url2": null, "内容": "医療法人寿朋会鈴木内科クリニック【2:診療所】【診療科目:0】栃木県佐野市浅沼町５０－２" }, "geometry": { "type": "Point", "coordinates": [ 139.588682, 36.305034 ] } },
{ "type": "Feature", "properties": { "ID": 922090014559, "正式名称": "土屋小児科", "機関区分": 2, "都道府県コード": 9, "市区町村コード": 204, "所在地": "栃木県佐野市亀井町", "緯度": 36.312491, "経度": 139.581774, "url": "https://www.iryou.teikyouseido.mhlw.go.jp/znk-web/juminkanja/S2430/initialize?prefCd=09&kikanCd=22090014559&kikanKbn=2", "url2": "https://tsuchiya-shounika.jp/", "内容": "土屋小児科【2:診療所】【診療科目:0】栃木県佐野市亀井町" }, "geometry": { "type": "Point", "coordinates": [ 139.581774, 36.312491 ] } },
{ "type": "Feature", "properties": { "ID": 922090014560, "正式名称": "富田内科クリニック", "機関区分": 2, "都道府県コード": 9, "市区町村コード": 204, "所在地": "栃木県佐野市上台町２０９３－６", "緯度": 36.306828, "経度": 139.58376, "url": "https://www.iryou.teikyouseido.mhlw.go.jp/znk-web/juminkanja/S2430/initialize?prefCd=09&kikanCd=22090014560&kikanKbn=2", "url2": null, "内容": "富田内科クリニック【2:診療所】【診療科目:0】栃木県佐野市上台町２０９３－６" }, "geometry": { "type": "Point", "coordinates": [ 139.58376, 36.306828 ] } },
{ "type": "Feature", "properties": { "ID": 922090014581, "正式名称": "若林胃腸科医院", "機関区分": 2, "都道府県コード": 9, "市区町村コード": 204, "所在地": "栃木県佐野市富岡町１６５５－１", "緯度": 36.317128, "経度": 139.598503, "url": "https://www.iryou.teikyouseido.mhlw.go.jp/znk-web/juminkanja/S2430/initialize?prefCd=09&kikanCd=22090014581&kikanKbn=2", "url2": null, "内容": "若林胃腸科医院【2:診療所】【診療科目:0】栃木県佐野市富岡町１６５５－１" }, "geometry": { "type": "Point", "coordinates": [ 139.598503, 36.317128 ] } },
{ "type": "Feature", "properties": { "ID": 922090014586, "正式名称": "佐野市国民健康保険　新合診療所", "機関区分": 2, "都道府県コード": 9, "市区町村コード": 204, "所在地": "栃木県佐野市閑馬町６６８", "緯度": 36.401977, "経度": 139.520373, "url": "https://www.iryou.teikyouseido.mhlw.go.jp/znk-web/juminkanja/S2430/initialize?prefCd=09&kikanCd=22090014586&kikanKbn=2", "url2": null, "内容": "佐野市国民健康保険　新合診療所【2:診療所】【診療科目:0】栃木県佐野市閑馬町６６８" }, "geometry": { "type": "Point", "coordinates": [ 139.520373, 36.401977 ] } },
{ "type": "Feature", "properties": { "ID": 922090014587, "正式名称": "佐野市国民健康保険　野上診療所", "機関区分": 2, "都道府県コード": 9, "市区町村コード": 204, "所在地": "栃木県佐野市白岩町３６１", "緯度": 36.457079, "経度": 139.525286, "url": "https://www.iryou.teikyouseido.mhlw.go.jp/znk-web/juminkanja/S2430/initialize?prefCd=09&kikanCd=22090014587&kikanKbn=2", "url2": null, "内容": "佐野市国民健康保険　野上診療所【2:診療所】【診療科目:0】栃木県佐野市白岩町３６１" }, "geometry": { "type": "Point", "coordinates": [ 139.525286, 36.457079 ] } },
{ "type": "Feature", "properties": { "ID": 922090014588, "正式名称": "佐野市国民健康保険　飛駒診療所", "機関区分": 2, "都道府県コード": 9, "市区町村コード": 204, "所在地": "栃木県佐野市飛駒町１１９０", "緯度": 36.449946, "経度": 139.469842, "url": "https://www.iryou.teikyouseido.mhlw.go.jp/znk-web/juminkanja/S2430/initialize?prefCd=09&kikanCd=22090014588&kikanKbn=2", "url2": null, "内容": "佐野市国民健康保険　飛駒診療所【2:診療所】【診療科目:0】栃木県佐野市飛駒町１１９０" }, "geometry": { "type": "Point", "coordinates": [ 139.469842, 36.449946 ] } },
{ "type": "Feature", "properties": { "ID": 922090014592, "正式名称": "佐野市国民健康保険常盤診療所", "機関区分": 2, "都道府県コード": 9, "市区町村コード": 204, "所在地": "栃木県佐野市仙波町７７", "緯度": 36.432358, "経度": 139.594647, "url": "https://www.iryou.teikyouseido.mhlw.go.jp/znk-web/juminkanja/S2430/initialize?prefCd=09&kikanCd=22090014592&kikanKbn=2", "url2": null, "内容": "佐野市国民健康保険常盤診療所【2:診療所】【診療科目:0】栃木県佐野市仙波町７７" }, "geometry": { "type": "Point", "coordinates": [ 139.594647, 36.432358 ] } },
{ "type": "Feature", "properties": { "ID": 922090014593, "正式名称": "佐野市国民健康保険　氷室診療所", "機関区分": 2, "都道府県コード": 9, "市区町村コード": 204, "所在地": "栃木県佐野市水木町８９２", "緯度": 36.486948, "経度": 139.542345, "url": "https://www.iryou.teikyouseido.mhlw.go.jp/znk-web/juminkanja/S2430/initialize?prefCd=09&kikanCd=22090014593&kikanKbn=2", "url2": "http://www.city.sano.lg.jp/", "内容": "佐野市国民健康保険　氷室診療所【2:診療所】【診療科目:0】栃木県佐野市水木町８９２" }, "geometry": { "type": "Point", "coordinates": [ 139.542345, 36.486948 ] } },
{ "type": "Feature", "properties": { "ID": 922090015250, "正式名称": "小西医院", "機関区分": 2, "都道府県コード": 9, "市区町村コード": 206, "所在地": "栃木県日光市安川町", "緯度": 36.753799, "経度": 139.596194, "url": "https://www.iryou.teikyouseido.mhlw.go.jp/znk-web/juminkanja/S2430/initialize?prefCd=09&kikanCd=22090015250&kikanKbn=2", "url2": null, "内容": "小西医院【2:診療所】【診療科目:0】栃木県日光市安川町" }, "geometry": { "type": "Point", "coordinates": [ 139.596194, 36.753799 ] } },
{ "type": "Feature", "properties": { "ID": 922090015501, "正式名称": "いちいクリニック内科・皮膚科", "機関区分": 2, "都道府県コード": 9, "市区町村コード": 206, "所在地": "栃木県日光市七里７１３－５", "緯度": 36.745042, "経度": 139.629518, "url": "https://www.iryou.teikyouseido.mhlw.go.jp/znk-web/juminkanja/S2430/initialize?prefCd=09&kikanCd=22090015501&kikanKbn=2", "url2": "http://www.sunfield.ne.jp/~ichii", "内容": "いちいクリニック内科・皮膚科【2:診療所】【診療科目:0】栃木県日光市七里７１３－５" }, "geometry": { "type": "Point", "coordinates": [ 139.629518, 36.745042 ] } },
{ "type": "Feature", "properties": { "ID": 922090015503, "正式名称": "岡医院", "機関区分": 2, "都道府県コード": 9, "市区町村コード": 206, "所在地": "栃木県日光市下鉢石町９９７－１", "緯度": 36.750822, "経度": 139.608048, "url": "https://www.iryou.teikyouseido.mhlw.go.jp/znk-web/juminkanja/S2430/initialize?prefCd=09&kikanCd=22090015503&kikanKbn=2", "url2": "https://oka-iin.jp", "内容": "岡医院【2:診療所】【診療科目:0】栃木県日光市下鉢石町９９７－１" }, "geometry": { "type": "Point", "coordinates": [ 139.608048, 36.750822 ] } },
{ "type": "Feature", "properties": { "ID": 922090015505, "正式名称": "小泉内科クリニック", "機関区分": 2, "都道府県コード": 9, "市区町村コード": 206, "所在地": "栃木県日光市久次良町１８１４－１", "緯度": 36.75068, "経度": 139.582673, "url": "https://www.iryou.teikyouseido.mhlw.go.jp/znk-web/juminkanja/S2430/initialize?prefCd=09&kikanCd=22090015505&kikanKbn=2", "url2": "http://koizumi-naika.com/", "内容": "小泉内科クリニック【2:診療所】【診療科目:0】栃木県日光市久次良町１８１４－１" }, "geometry": { "type": "Point", "coordinates": [ 139.582673, 36.75068 ] } },
{ "type": "Feature", "properties": { "ID": 922090015508, "正式名称": "日光市立小来川診療所", "機関区分": 2, "都道府県コード": 9, "市区町村コード": 206, "所在地": "栃木県日光市中小来川２６６８番地２", "緯度": 36.663984, "経度": 139.623472, "url": "https://www.iryou.teikyouseido.mhlw.go.jp/znk-web/juminkanja/S2430/initialize?prefCd=09&kikanCd=22090015508&kikanKbn=2", "url2": "https://okorogawa.jadecom.or.jp/", "内容": "日光市立小来川診療所【2:診療所】【診療科目:0】栃木県日光市中小来川２６６８番地２" }, "geometry": { "type": "Point", "coordinates": [ 139.623472, 36.663984 ] } },
{ "type": "Feature", "properties": { "ID": 922090015509, "正式名称": "藤原医院", "機関区分": 2, "都道府県コード": 9, "市区町村コード": 206, "所在地": "栃木県日光市石屋５ー７", "緯度": 36.74762, "経度": 139.615642, "url": "https://www.iryou.teikyouseido.mhlw.go.jp/znk-web/juminkanja/S2430/initialize?prefCd=09&kikanCd=22090015509&kikanKbn=2", "url2": "https://www.fujiwara-iin-nikko.jp", "内容": "藤原医院【2:診療所】【診療科目:0】栃木県日光市石屋５ー７" }, "geometry": { "type": "Point", "coordinates": [ 139.615642, 36.74762 ] } },
{ "type": "Feature", "properties": { "ID": 922090015511, "正式名称": "森島小児科医院", "機関区分": 2, "都道府県コード": 9, "市区町村コード": 206, "所在地": "栃木県日光市花石町１８３３", "緯度": 36.751402, "経度": 139.58473, "url": "https://www.iryou.teikyouseido.mhlw.go.jp/znk-web/juminkanja/S2430/initialize?prefCd=09&kikanCd=22090015511&kikanKbn=2", "url2": null, "内容": "森島小児科医院【2:診療所】【診療科目:0】栃木県日光市花石町１８３３" }, "geometry": { "type": "Point", "coordinates": [ 139.58473, 36.751402 ] } },
{ "type": "Feature", "properties": { "ID": 922090015513, "正式名称": "多島医院", "機関区分": 2, "都道府県コード": 9, "市区町村コード": 206, "所在地": "栃木県日光市足尾町赤沢２１－２８", "緯度": 36.639587, "経度": 139.444837, "url": "https://www.iryou.teikyouseido.mhlw.go.jp/znk-web/juminkanja/S2430/initialize?prefCd=09&kikanCd=22090015513&kikanKbn=2", "url2": null, "内容": "多島医院【2:診療所】【診療科目:0】栃木県日光市足尾町赤沢２１－２８" }, "geometry": { "type": "Point", "coordinates": [ 139.444837, 36.639587 ] } },
{ "type": "Feature", "properties": { "ID": 922090015514, "正式名称": "日光市立奥日光診療所", "機関区分": 2, "都道府県コード": 9, "市区町村コード": 206, "所在地": "栃木県日光市中宮祠", "緯度": 36.740405, "経度": 139.49593, "url": "https://www.iryou.teikyouseido.mhlw.go.jp/znk-web/juminkanja/S2430/initialize?prefCd=09&kikanCd=22090015514&kikanKbn=2", "url2": "https://www.nikko-jadecom.jp/okunikko/", "内容": "日光市立奥日光診療所【2:診療所】【診療科目:0】栃木県日光市中宮祠" }, "geometry": { "type": "Point", "coordinates": [ 139.49593, 36.740405 ] } },
{ "type": "Feature", "properties": { "ID": 922090094086, "正式名称": "大橋内科クリニック", "機関区分": 2, "都道府県コード": 9, "市区町村コード": 361, "所在地": "栃木県下都賀郡壬生町福和田１００３－１", "緯度": 36.445434, "経度": 139.797782, "url": "https://www.iryou.teikyouseido.mhlw.go.jp/znk-web/juminkanja/S2430/initialize?prefCd=09&kikanCd=22090094086&kikanKbn=2", "url2": null, "内容": "大橋内科クリニック【2:診療所】【診療科目:0】栃木県下都賀郡壬生町福和田１００３－１" }, "geometry": { "type": "Point", "coordinates": [ 139.797782, 36.445434 ] } },
{ "type": "Feature", "properties": { "ID": 922090100001, "正式名称": "青柳医院", "機関区分": 2, "都道府県コード": 9, "市区町村コード": 210, "所在地": "栃木県大田原市中央２丁目１番２号", "緯度": 36.865819, "経度": 140.024415, "url": "https://www.iryou.teikyouseido.mhlw.go.jp/znk-web/juminkanja/S2430/initialize?prefCd=09&kikanCd=22090100001&kikanKbn=2", "url2": null, "内容": "青柳医院【2:診療所】【診療科目:0】栃木県大田原市中央２丁目１番２号" }, "geometry": { "type": "Point", "coordinates": [ 140.024415, 36.865819 ] } },
{ "type": "Feature", "properties": { "ID": 922090100005, "正式名称": "高山クリニック", "機関区分": 2, "都道府県コード": 9, "市区町村コード": 210, "所在地": "栃木県大田原市本町１丁目２７０３－１８２", "緯度": 36.87352, "経度": 140.008545, "url": "https://www.iryou.teikyouseido.mhlw.go.jp/znk-web/juminkanja/S2430/initialize?prefCd=09&kikanCd=22090100005&kikanKbn=2", "url2": null, "内容": "高山クリニック【2:診療所】【診療科目:0】栃木県大田原市本町１丁目２７０３－１８２" }, "geometry": { "type": "Point", "coordinates": [ 140.008545, 36.87352 ] } },
{ "type": "Feature", "properties": { "ID": 922090100006, "正式名称": "医療法人社団　西田整形外科医院", "機関区分": 2, "都道府県コード": 9, "市区町村コード": 210, "所在地": "栃木県大田原市元町１－９－１８", "緯度": 36.859606, "経度": 140.029935, "url": "https://www.iryou.teikyouseido.mhlw.go.jp/znk-web/juminkanja/S2430/initialize?prefCd=09&kikanCd=22090100006&kikanKbn=2", "url2": null, "内容": "医療法人社団　西田整形外科医院【2:診療所】【診療科目:0】栃木県大田原市元町１－９－１８" }, "geometry": { "type": "Point", "coordinates": [ 140.029935, 36.859606 ] } },
{ "type": "Feature", "properties": { "ID": 922090100008, "正式名称": "松井医院", "機関区分": 2, "都道府県コード": 9, "市区町村コード": 210, "所在地": "栃木県大田原市城山", "緯度": 36.866752, "経度": 140.029187, "url": "https://www.iryou.teikyouseido.mhlw.go.jp/znk-web/juminkanja/S2430/initialize?prefCd=09&kikanCd=22090100008&kikanKbn=2", "url2": null, "内容": "松井医院【2:診療所】【診療科目:0】栃木県大田原市城山" }, "geometry": { "type": "Point", "coordinates": [ 140.029187, 36.866752 ] } },
{ "type": "Feature", "properties": { "ID": 922090100013, "正式名称": "おひさまクリニック", "機関区分": 2, "都道府県コード": 9, "市区町村コード": 213, "所在地": "栃木県那須塩原市阿波町９９－５５", "緯度": 36.970941, "経度": 140.036614, "url": "https://www.iryou.teikyouseido.mhlw.go.jp/znk-web/juminkanja/S2430/initialize?prefCd=09&kikanCd=22090100013&kikanKbn=2", "url2": null, "内容": "おひさまクリニック【2:診療所】【診療科目:0】栃木県那須塩原市阿波町９９－５５" }, "geometry": { "type": "Point", "coordinates": [ 140.036614, 36.970941 ] } },
{ "type": "Feature", "properties": { "ID": 922090100020, "正式名称": "医療法人　健和会　緑の杜クリニック", "機関区分": 2, "都道府県コード": 9, "市区町村コード": 213, "所在地": "栃木県那須塩原市大原間西１ー６－７", "緯度": 36.931647, "経度": 140.017747, "url": "https://www.iryou.teikyouseido.mhlw.go.jp/znk-web/juminkanja/S2430/initialize?prefCd=09&kikanCd=22090100020&kikanKbn=2", "url2": null, "内容": "医療法人　健和会　緑の杜クリニック【2:診療所】【診療科目:0】栃木県那須塩原市大原間西１ー６－７" }, "geometry": { "type": "Point", "coordinates": [ 140.017747, 36.931647 ] } },
{ "type": "Feature", "properties": { "ID": 922090100021, "正式名称": "氏家皮フ科クリニック", "機関区分": 2, "都道府県コード": 9, "市区町村コード": 214, "所在地": "栃木県さくら市卯の里", "緯度": 36.677647, "経度": 139.96038, "url": "https://www.iryou.teikyouseido.mhlw.go.jp/znk-web/juminkanja/S2430/initialize?prefCd=09&kikanCd=22090100021&kikanKbn=2", "url2": null, "内容": "氏家皮フ科クリニック【2:診療所】【診療科目:0】栃木県さくら市卯の里" }, "geometry": { "type": "Point", "coordinates": [ 139.96038, 36.677647 ] } },
{ "type": "Feature", "properties": { "ID": 922090100026, "正式名称": "医療法人緑水会　川野クリニック", "機関区分": 2, "都道府県コード": 9, "市区町村コード": 201, "所在地": "栃木県宇都宮市上田原町６６０－６", "緯度": 36.641728, "経度": 139.89641, "url": "https://www.iryou.teikyouseido.mhlw.go.jp/znk-web/juminkanja/S2430/initialize?prefCd=09&kikanCd=22090100026&kikanKbn=2", "url2": "https://kawano-clinic94711.jp", "内容": "医療法人緑水会　川野クリニック【2:診療所】【診療科目:0】栃木県宇都宮市上田原町６６０－６" }, "geometry": { "type": "Point", "coordinates": [ 139.89641, 36.641728 ] } },
{ "type": "Feature", "properties": { "ID": 922090100027, "正式名称": "小島原医院", "機関区分": 2, "都道府県コード": 9, "市区町村コード": 201, "所在地": "栃木県宇都宮市下岡本町４０７５", "緯度": 36.595199, "経度": 139.942182, "url": "https://www.iryou.teikyouseido.mhlw.go.jp/znk-web/juminkanja/S2430/initialize?prefCd=09&kikanCd=22090100027&kikanKbn=2", "url2": "https://www.kojimahara-iin.com/", "内容": "小島原医院【2:診療所】【診療科目:0】栃木県宇都宮市下岡本町４０７５" }, "geometry": { "type": "Point", "coordinates": [ 139.942182, 36.595199 ] } },
{ "type": "Feature", "properties": { "ID": 922090100028, "正式名称": "斎藤内科医院", "機関区分": 2, "都道府県コード": 9, "市区町村コード": 201, "所在地": "栃木県宇都宮市下岡本町４５５６−５", "緯度": 36.598704, "経度": 139.93345, "url": "https://www.iryou.teikyouseido.mhlw.go.jp/znk-web/juminkanja/S2430/initialize?prefCd=09&kikanCd=22090100028&kikanKbn=2", "url2": "http://saito-naika-shonika.com/", "内容": "斎藤内科医院【2:診療所】【診療科目:0】栃木県宇都宮市下岡本町４５５６−５" }, "geometry": { "type": "Point", "coordinates": [ 139.93345, 36.598704 ] } },
{ "type": "Feature", "properties": { "ID": 922090100029, "正式名称": "さはら整形外科", "機関区分": 2, "都道府県コード": 9, "市区町村コード": 201, "所在地": "栃木県宇都宮市中岡本町３７１０－８２", "緯度": 36.606517, "経度": 139.936013, "url": "https://www.iryou.teikyouseido.mhlw.go.jp/znk-web/juminkanja/S2430/initialize?prefCd=09&kikanCd=22090100029&kikanKbn=2", "url2": "http://www.daioukai.jp", "内容": "さはら整形外科【2:診療所】【診療科目:0】栃木県宇都宮市中岡本町３７１０－８２" }, "geometry": { "type": "Point", "coordinates": [ 139.936013, 36.606517 ] } },
{ "type": "Feature", "properties": { "ID": 922090100030, "正式名称": "関谷内科医院", "機関区分": 2, "都道府県コード": 9, "市区町村コード": 201, "所在地": "栃木県宇都宮市中岡本町３６７３－５", "緯度": 36.605408, "経度": 139.929836, "url": "https://www.iryou.teikyouseido.mhlw.go.jp/znk-web/juminkanja/S2430/initialize?prefCd=09&kikanCd=22090100030&kikanKbn=2", "url2": null, "内容": "関谷内科医院【2:診療所】【診療科目:0】栃木県宇都宮市中岡本町３６７３－５" }, "geometry": { "type": "Point", "coordinates": [ 139.929836, 36.605408 ] } },
{ "type": "Feature", "properties": { "ID": 922090100032, "正式名称": "なつぼ皮膚・泌尿器科クリニック", "機関区分": 2, "都道府県コード": 9, "市区町村コード": 201, "所在地": "栃木県宇都宮市中岡本町３７１０－６１", "緯度": 36.608781, "経度": 139.936665, "url": "https://www.iryou.teikyouseido.mhlw.go.jp/znk-web/juminkanja/S2430/initialize?prefCd=09&kikanCd=22090100032&kikanKbn=2", "url2": null, "内容": "なつぼ皮膚・泌尿器科クリニック【2:診療所】【診療科目:0】栃木県宇都宮市中岡本町３７１０－６１" }, "geometry": { "type": "Point", "coordinates": [ 139.936665, 36.608781 ] } },
{ "type": "Feature", "properties": { "ID": 922090100034, "正式名称": "真木クリニック", "機関区分": 2, "都道府県コード": 9, "市区町村コード": 201, "所在地": "栃木県宇都宮市中岡本町２８２３－４４", "緯度": 36.611927, "経度": 139.943462, "url": "https://www.iryou.teikyouseido.mhlw.go.jp/znk-web/juminkanja/S2430/initialize?prefCd=09&kikanCd=22090100034&kikanKbn=2", "url2": null, "内容": "真木クリニック【2:診療所】【診療科目:0】栃木県宇都宮市中岡本町２８２３－４４" }, "geometry": { "type": "Point", "coordinates": [ 139.943462, 36.611927 ] } },
{ "type": "Feature", "properties": { "ID": 922090100035, "正式名称": "医療法人　ほんだ医院", "機関区分": 2, "都道府県コード": 9, "市区町村コード": 201, "所在地": "栃木県宇都宮市白沢町２０１７－４７", "緯度": 36.620451, "経度": 139.932404, "url": "https://www.iryou.teikyouseido.mhlw.go.jp/znk-web/juminkanja/S2430/initialize?prefCd=09&kikanCd=22090100035&kikanKbn=2", "url2": null, "内容": "医療法人　ほんだ医院【2:診療所】【診療科目:0】栃木県宇都宮市白沢町２０１７－４７" }, "geometry": { "type": "Point", "coordinates": [ 139.932404, 36.620451 ] } },
{ "type": "Feature", "properties": { "ID": 922090100036, "正式名称": "小林内科医院", "機関区分": 2, "都道府県コード": 9, "市区町村コード": 386, "所在地": "栃木県塩谷郡高根沢町宝積寺２２６１－２３", "緯度": 36.625618, "経度": 139.984072, "url": "https://www.iryou.teikyouseido.mhlw.go.jp/znk-web/juminkanja/S2430/initialize?prefCd=09&kikanCd=22090100036&kikanKbn=2", "url2": null, "内容": "小林内科医院【2:診療所】【診療科目:0】栃木県塩谷郡高根沢町宝積寺２２６１－２３" }, "geometry": { "type": "Point", "coordinates": [ 139.984072, 36.625618 ] } },
{ "type": "Feature", "properties": { "ID": 922090100041, "正式名称": "蔵の街診療所", "機関区分": 2, "都道府県コード": 9, "市区町村コード": 203, "所在地": "栃木県栃木市今泉町１－１７－２９", "緯度": 36.38688, "経度": 139.749082, "url": "https://www.iryou.teikyouseido.mhlw.go.jp/znk-web/juminkanja/S2430/initialize?prefCd=09&kikanCd=22090100041&kikanKbn=2", "url2": null, "内容": "蔵の街診療所【2:診療所】【診療科目:0】栃木県栃木市今泉町１－１７－２９" }, "geometry": { "type": "Point", "coordinates": [ 139.749082, 36.38688 ] } },
{ "type": "Feature", "properties": { "ID": 922090100049, "正式名称": "芳賀耳鼻咽喉科医院", "機関区分": 2, "都道府県コード": 9, "市区町村コード": 203, "所在地": "栃木県栃木市柳橋町６－２８", "緯度": 36.380103, "経度": 139.72349, "url": "https://www.iryou.teikyouseido.mhlw.go.jp/znk-web/juminkanja/S2430/initialize?prefCd=09&kikanCd=22090100049&kikanKbn=2", "url2": "https://www.haga-ent.jp/", "内容": "芳賀耳鼻咽喉科医院【2:診療所】【診療科目:0】栃木県栃木市柳橋町６－２８" }, "geometry": { "type": "Point", "coordinates": [ 139.72349, 36.380103 ] } },
{ "type": "Feature", "properties": { "ID": 922090100050, "正式名称": "はこのもりクリニック", "機関区分": 2, "都道府県コード": 9, "市区町村コード": 203, "所在地": "栃木県栃木市箱森町２５‐６２", "緯度": 36.394157, "経度": 139.720093, "url": "https://www.iryou.teikyouseido.mhlw.go.jp/znk-web/juminkanja/S2430/initialize?prefCd=09&kikanCd=22090100050&kikanKbn=2", "url2": "http://www.cc9.ne.jp/~hakonomori", "内容": "はこのもりクリニック【2:診療所】【診療科目:0】栃木県栃木市箱森町２５‐６２" }, "geometry": { "type": "Point", "coordinates": [ 139.720093, 36.394157 ] } },
{ "type": "Feature", "properties": { "ID": 922090100056, "正式名称": "五十嵐医院", "機関区分": 2, "都道府県コード": 9, "市区町村コード": 208, "所在地": "栃木県小山市本郷町２－６－１２", "緯度": 36.318947, "経度": 139.803385, "url": "https://www.iryou.teikyouseido.mhlw.go.jp/znk-web/juminkanja/S2430/initialize?prefCd=09&kikanCd=22090100056&kikanKbn=2", "url2": null, "内容": "五十嵐医院【2:診療所】【診療科目:0】栃木県小山市本郷町２－６－１２" }, "geometry": { "type": "Point", "coordinates": [ 139.803385, 36.318947 ] } },
{ "type": "Feature", "properties": { "ID": 922090100058, "正式名称": "犬塚クリニック", "機関区分": 2, "都道府県コード": 9, "市区町村コード": 208, "所在地": "栃木県小山市犬塚", "緯度": 36.305368, "経度": 139.832214, "url": "https://www.iryou.teikyouseido.mhlw.go.jp/znk-web/juminkanja/S2430/initialize?prefCd=09&kikanCd=22090100058&kikanKbn=2", "url2": null, "内容": "犬塚クリニック【2:診療所】【診療科目:0】栃木県小山市犬塚" }, "geometry": { "type": "Point", "coordinates": [ 139.832214, 36.305368 ] } },
{ "type": "Feature", "properties": { "ID": 922090100063, "正式名称": "おやま城北クリニック", "機関区分": 2, "都道府県コード": 9, "市区町村コード": 208, "所在地": "栃木県小山市喜沢１４７５－３２８", "緯度": 36.330439, "経度": 139.802619, "url": "https://www.iryou.teikyouseido.mhlw.go.jp/znk-web/juminkanja/S2430/initialize?prefCd=09&kikanCd=22090100063&kikanKbn=2", "url2": "http://asmss.jp/oyam.html", "内容": "おやま城北クリニック【2:診療所】【診療科目:0】栃木県小山市喜沢１４７５－３２８" }, "geometry": { "type": "Point", "coordinates": [ 139.802619, 36.330439 ] } },
{ "type": "Feature", "properties": { "ID": 922090100065, "正式名称": "小山中央医院", "機関区分": 2, "都道府県コード": 9, "市区町村コード": 208, "所在地": "栃木県小山市中央町２－１－１９", "緯度": 36.314444, "経度": 139.802602, "url": "https://www.iryou.teikyouseido.mhlw.go.jp/znk-web/juminkanja/S2430/initialize?prefCd=09&kikanCd=22090100065&kikanKbn=2", "url2": null, "内容": "小山中央医院【2:診療所】【診療科目:0】栃木県小山市中央町２－１－１９" }, "geometry": { "type": "Point", "coordinates": [ 139.802602, 36.314444 ] } },
{ "type": "Feature", "properties": { "ID": 922090100066, "正式名称": "小山皮ふ科", "機関区分": 2, "都道府県コード": 9, "市区町村コード": 208, "所在地": "栃木県小山市城東１－２－３１", "緯度": 36.306897, "経度": 139.814778, "url": "https://www.iryou.teikyouseido.mhlw.go.jp/znk-web/juminkanja/S2430/initialize?prefCd=09&kikanCd=22090100066&kikanKbn=2", "url2": "https://oyama-hihuka.com", "内容": "小山皮ふ科【2:診療所】【診療科目:0】栃木県小山市城東１－２－３１" }, "geometry": { "type": "Point", "coordinates": [ 139.814778, 36.306897 ] } },
{ "type": "Feature", "properties": { "ID": 922090100067, "正式名称": "小山メンタルクリニック", "機関区分": 2, "都道府県コード": 9, "市区町村コード": 208, "所在地": "栃木県小山市駅東通り２－２３－９", "緯度": 36.310914, "経度": 139.808419, "url": "https://www.iryou.teikyouseido.mhlw.go.jp/znk-web/juminkanja/S2430/initialize?prefCd=09&kikanCd=22090100067&kikanKbn=2", "url2": "http://www.oyama-mental.com/", "内容": "小山メンタルクリニック【2:診療所】【診療科目:0】栃木県小山市駅東通り２－２３－９" }, "geometry": { "type": "Point", "coordinates": [ 139.808419, 36.310914 ] } },
{ "type": "Feature", "properties": { "ID": 922090100068, "正式名称": "柏木耳鼻咽喉科医院", "機関区分": 2, "都道府県コード": 9, "市区町村コード": 208, "所在地": "栃木県小山市駅東通り２－１８－１８", "緯度": 36.312566, "経度": 139.809794, "url": "https://www.iryou.teikyouseido.mhlw.go.jp/znk-web/juminkanja/S2430/initialize?prefCd=09&kikanCd=22090100068&kikanKbn=2", "url2": "http://www.kasiwagijibika.com/", "内容": "柏木耳鼻咽喉科医院【2:診療所】【診療科目:0】栃木県小山市駅東通り２－１８－１８" }, "geometry": { "type": "Point", "coordinates": [ 139.809794, 36.312566 ] } },
{ "type": "Feature", "properties": { "ID": 922090100072, "正式名称": "古谷野皮膚科泌尿器科", "機関区分": 2, "都道府県コード": 9, "市区町村コード": 208, "所在地": "栃木県小山市若木町１丁目１５番３２号", "緯度": 36.32681, "経度": 139.802441, "url": "https://www.iryou.teikyouseido.mhlw.go.jp/znk-web/juminkanja/S2430/initialize?prefCd=09&kikanCd=22090100072&kikanKbn=2", "url2": null, "内容": "古谷野皮膚科泌尿器科【2:診療所】【診療科目:0】栃木県小山市若木町１丁目１５番３２号" }, "geometry": { "type": "Point", "coordinates": [ 139.802441, 36.32681 ] } },
{ "type": "Feature", "properties": { "ID": 922090100073, "正式名称": "医療法人　斎藤眼科医院", "機関区分": 2, "都道府県コード": 9, "市区町村コード": 208, "所在地": "栃木県小山市駅東通り", "緯度": 36.312875, "経度": 139.810513, "url": "https://www.iryou.teikyouseido.mhlw.go.jp/znk-web/juminkanja/S2430/initialize?prefCd=09&kikanCd=22090100073&kikanKbn=2", "url2": "http://www.saitouganka.jp", "内容": "医療法人　斎藤眼科医院【2:診療所】【診療科目:0】栃木県小山市駅東通り" }, "geometry": { "type": "Point", "coordinates": [ 139.810513, 36.312875 ] } },
{ "type": "Feature", "properties": { "ID": 922090100077, "正式名称": "城南眼科クリニック", "機関区分": 2, "都道府県コード": 9, "市区町村コード": 208, "所在地": "栃木県小山市雨ケ谷", "緯度": 36.285154, "経度": 139.809477, "url": "https://www.iryou.teikyouseido.mhlw.go.jp/znk-web/juminkanja/S2430/initialize?prefCd=09&kikanCd=22090100077&kikanKbn=2", "url2": null, "内容": "城南眼科クリニック【2:診療所】【診療科目:0】栃木県小山市雨ケ谷" }, "geometry": { "type": "Point", "coordinates": [ 139.809477, 36.285154 ] } },
{ "type": "Feature", "properties": { "ID": 922090100080, "正式名称": "関医院", "機関区分": 2, "都道府県コード": 9, "市区町村コード": 208, "所在地": "栃木県小山市中久喜５－２－１", "緯度": 36.322183, "経度": 139.837114, "url": "https://www.iryou.teikyouseido.mhlw.go.jp/znk-web/juminkanja/S2430/initialize?prefCd=09&kikanCd=22090100080&kikanKbn=2", "url2": "https://seki-medic.jp/", "内容": "関医院【2:診療所】【診療科目:0】栃木県小山市中久喜５－２－１" }, "geometry": { "type": "Point", "coordinates": [ 139.837114, 36.322183 ] } },
{ "type": "Feature", "properties": { "ID": 922090100081, "正式名称": "田村整形外科", "機関区分": 2, "都道府県コード": 9, "市区町村コード": 208, "所在地": "栃木県小山市若木町２－１０－２０", "緯度": 36.327224, "経度": 139.809005, "url": "https://www.iryou.teikyouseido.mhlw.go.jp/znk-web/juminkanja/S2430/initialize?prefCd=09&kikanCd=22090100081&kikanKbn=2", "url2": null, "内容": "田村整形外科【2:診療所】【診療科目:0】栃木県小山市若木町２－１０－２０" }, "geometry": { "type": "Point", "coordinates": [ 139.809005, 36.327224 ] } },
{ "type": "Feature", "properties": { "ID": 922090100082, "正式名称": "塚本耳鼻咽喉科医院", "機関区分": 2, "都道府県コード": 9, "市区町村コード": 208, "所在地": "栃木県小山市中央町３－１－２５", "緯度": 36.31208, "経度": 139.803322, "url": "https://www.iryou.teikyouseido.mhlw.go.jp/znk-web/juminkanja/S2430/initialize?prefCd=09&kikanCd=22090100082&kikanKbn=2", "url2": "https://www.tsukamoto-jibika.net", "内容": "塚本耳鼻咽喉科医院【2:診療所】【診療科目:0】栃木県小山市中央町３－１－２５" }, "geometry": { "type": "Point", "coordinates": [ 139.803322, 36.31208 ] } },
{ "type": "Feature", "properties": { "ID": 922090100083, "正式名称": "土谷医院", "機関区分": 2, "都道府県コード": 9, "市区町村コード": 208, "所在地": "栃木県小山市城山町２丁目４番２６号", "緯度": 36.316666, "経度": 139.802855, "url": "https://www.iryou.teikyouseido.mhlw.go.jp/znk-web/juminkanja/S2430/initialize?prefCd=09&kikanCd=22090100083&kikanKbn=2", "url2": null, "内容": "土谷医院【2:診療所】【診療科目:0】栃木県小山市城山町２丁目４番２６号" }, "geometry": { "type": "Point", "coordinates": [ 139.802855, 36.316666 ] } },
{ "type": "Feature", "properties": { "ID": 922090100084, "正式名称": "つちや　カルディオクリニック", "機関区分": 2, "都道府県コード": 9, "市区町村コード": 208, "所在地": "栃木県小山市東間々田２−１０３−３", "緯度": 36.268343, "経度": 139.773514, "url": "https://www.iryou.teikyouseido.mhlw.go.jp/znk-web/juminkanja/S2430/initialize?prefCd=09&kikanCd=22090100084&kikanKbn=2", "url2": "http://kardioklinik.jimdo.com", "内容": "つちや　カルディオクリニック【2:診療所】【診療科目:0】栃木県小山市東間々田２−１０３−３" }, "geometry": { "type": "Point", "coordinates": [ 139.773514, 36.268343 ] } },
{ "type": "Feature", "properties": { "ID": 922090100085, "正式名称": "所内科胃腸科クリニック", "機関区分": 2, "都道府県コード": 9, "市区町村コード": 208, "所在地": "栃木県小山市間々田１７２２－２", "緯度": 36.272543, "経度": 139.76522, "url": "https://www.iryou.teikyouseido.mhlw.go.jp/znk-web/juminkanja/S2430/initialize?prefCd=09&kikanCd=22090100085&kikanKbn=2", "url2": "https://www.tokoroclinic.com", "内容": "所内科胃腸科クリニック【2:診療所】【診療科目:0】栃木県小山市間々田１７２２－２" }, "geometry": { "type": "Point", "coordinates": [ 139.76522, 36.272543 ] } },
{ "type": "Feature", "properties": { "ID": 922090100086, "正式名称": "聖真友愛会　友井皮膚科クリニック", "機関区分": 2, "都道府県コード": 9, "市区町村コード": 208, "所在地": "栃木県小山市城山町３－２－１７", "緯度": 36.313838, "経度": 139.805722, "url": "https://www.iryou.teikyouseido.mhlw.go.jp/znk-web/juminkanja/S2430/initialize?prefCd=09&kikanCd=22090100086&kikanKbn=2", "url2": null, "内容": "聖真友愛会　友井皮膚科クリニック【2:診療所】【診療科目:0】栃木県小山市城山町３－２－１７" }, "geometry": { "type": "Point", "coordinates": [ 139.805722, 36.313838 ] } },
{ "type": "Feature", "properties": { "ID": 922090100087, "正式名称": "豊嶋耳鼻咽喉科クリニック", "機関区分": 2, "都道府県コード": 9, "市区町村コード": 208, "所在地": "栃木県小山市神鳥谷１０８５ー４", "緯度": 36.304514, "経度": 139.799517, "url": "https://www.iryou.teikyouseido.mhlw.go.jp/znk-web/juminkanja/S2430/initialize?prefCd=09&kikanCd=22090100087&kikanKbn=2", "url2": "https://www.toshima-jibika.com", "内容": "豊嶋耳鼻咽喉科クリニック【2:診療所】【診療科目:0】栃木県小山市神鳥谷１０８５ー４" }, "geometry": { "type": "Point", "coordinates": [ 139.799517, 36.304514 ] } },
{ "type": "Feature", "properties": { "ID": 922090100089, "正式名称": "沼部医院", "機関区分": 2, "都道府県コード": 9, "市区町村コード": 208, "所在地": "栃木県小山市城東６－１４－９", "緯度": 36.311925, "経度": 139.82189, "url": "https://www.iryou.teikyouseido.mhlw.go.jp/znk-web/juminkanja/S2430/initialize?prefCd=09&kikanCd=22090100089&kikanKbn=2", "url2": null, "内容": "沼部医院【2:診療所】【診療科目:0】栃木県小山市城東６－１４－９" }, "geometry": { "type": "Point", "coordinates": [ 139.82189, 36.311925 ] } },
{ "type": "Feature", "properties": { "ID": 922090100090, "正式名称": "ハンディクリニック", "機関区分": 2, "都道府県コード": 9, "市区町村コード": 208, "所在地": "栃木県小山市西城南６丁目３番地９", "緯度": 36.291205, "経度": 139.802853, "url": "https://www.iryou.teikyouseido.mhlw.go.jp/znk-web/juminkanja/S2430/initialize?prefCd=09&kikanCd=22090100090&kikanKbn=2", "url2": "https://ai-grp.net/", "内容": "ハンディクリニック【2:診療所】【診療科目:0】栃木県小山市西城南６丁目３番地９" }, "geometry": { "type": "Point", "coordinates": [ 139.802853, 36.291205 ] } },
{ "type": "Feature", "properties": { "ID": 922090100091, "正式名称": "医療法人社団神鳥谷クリニック", "機関区分": 2, "都道府県コード": 9, "市区町村コード": 208, "所在地": "栃木県小山市神鳥谷１－１９－１", "緯度": 36.300237, "経度": 139.790587, "url": "https://www.iryou.teikyouseido.mhlw.go.jp/znk-web/juminkanja/S2430/initialize?prefCd=09&kikanCd=22090100091&kikanKbn=2", "url2": null, "内容": "医療法人社団神鳥谷クリニック【2:診療所】【診療科目:0】栃木県小山市神鳥谷１－１９－１" }, "geometry": { "type": "Point", "coordinates": [ 139.790587, 36.300237 ] } },
{ "type": "Feature", "properties": { "ID": 922090100093, "正式名称": "医療法人文仁会", "機関区分": 2, "都道府県コード": 9, "市区町村コード": 208, "所在地": "栃木県小山市扶桑１－２－１", "緯度": 36.355651, "経度": 139.815618, "url": "https://www.iryou.teikyouseido.mhlw.go.jp/znk-web/juminkanja/S2430/initialize?prefCd=09&kikanCd=22090100093&kikanKbn=2", "url2": null, "内容": "医療法人文仁会【2:診療所】【診療科目:0】栃木県小山市扶桑１－２－１" }, "geometry": { "type": "Point", "coordinates": [ 139.815618, 36.355651 ] } },
{ "type": "Feature", "properties": { "ID": 922090100096, "正式名称": "松岡クリニック", "機関区分": 2, "都道府県コード": 9, "市区町村コード": 208, "所在地": "栃木県小山市東城南１－３－３２", "緯度": 36.298541, "経度": 139.81343, "url": "https://www.iryou.teikyouseido.mhlw.go.jp/znk-web/juminkanja/S2430/initialize?prefCd=09&kikanCd=22090100096&kikanKbn=2", "url2": "http://www8.ocn.ne.jp/~kokorono/", "内容": "松岡クリニック【2:診療所】【診療科目:0】栃木県小山市東城南１－３－３２" }, "geometry": { "type": "Point", "coordinates": [ 139.81343, 36.298541 ] } },
{ "type": "Feature", "properties": { "ID": 922090100101, "正式名称": "わたぼうし皮膚科クリニック", "機関区分": 2, "都道府県コード": 9, "市区町村コード": 208, "所在地": "栃木県小山市城東２－１８－２７", "緯度": 36.314189, "経度": 139.815379, "url": "https://www.iryou.teikyouseido.mhlw.go.jp/znk-web/juminkanja/S2430/initialize?prefCd=09&kikanCd=22090100101&kikanKbn=2", "url2": "http://wata2525.com", "内容": "わたぼうし皮膚科クリニック【2:診療所】【診療科目:0】栃木県小山市城東２－１８－２７" }, "geometry": { "type": "Point", "coordinates": [ 139.815379, 36.314189 ] } },
{ "type": "Feature", "properties": { "ID": 922090100102, "正式名称": "倉持整形外科　上三川", "機関区分": 2, "都道府県コード": 9, "市区町村コード": 301, "所在地": "栃木県河内郡上三川町西汗１６４４－２", "緯度": 36.468468, "経度": 139.920921, "url": "https://www.iryou.teikyouseido.mhlw.go.jp/znk-web/juminkanja/S2430/initialize?prefCd=09&kikanCd=22090100102&kikanKbn=2", "url2": null, "内容": "倉持整形外科　上三川【2:診療所】【診療科目:0】栃木県河内郡上三川町西汗１６４４－２" }, "geometry": { "type": "Point", "coordinates": [ 139.920921, 36.468468 ] } },
{ "type": "Feature", "properties": { "ID": 922090100104, "正式名称": "おかべこどもクリニック", "機関区分": 2, "都道府県コード": 9, "市区町村コード": 216, "所在地": "栃木県下野市緑５－１７－１２", "緯度": 36.38449, "経度": 139.857397, "url": "https://www.iryou.teikyouseido.mhlw.go.jp/znk-web/juminkanja/S2430/initialize?prefCd=09&kikanCd=22090100104&kikanKbn=2", "url2": "https://okabekodomoclinic.com", "内容": "おかべこどもクリニック【2:診療所】【診療科目:0】栃木県下野市緑５－１７－１２" }, "geometry": { "type": "Point", "coordinates": [ 139.857397, 36.38449 ] } },
{ "type": "Feature", "properties": { "ID": 922090100105, "正式名称": "医療法人　頓悟の会　カナザワ・アレルギー・クリニック", "機関区分": 2, "都道府県コード": 9, "市区町村コード": 216, "所在地": "栃木県下野市祇園１－２５－４", "緯度": 36.3924, "経度": 139.857268, "url": "https://www.iryou.teikyouseido.mhlw.go.jp/znk-web/juminkanja/S2430/initialize?prefCd=09&kikanCd=22090100105&kikanKbn=2", "url2": null, "内容": "医療法人　頓悟の会　カナザワ・アレルギー・クリニック【2:診療所】【診療科目:0】栃木県下野市祇園１－２５－４" }, "geometry": { "type": "Point", "coordinates": [ 139.857268, 36.3924 ] } },
{ "type": "Feature", "properties": { "ID": 922090100106, "正式名称": "耳鼻咽喉科　ふじもとクリニック", "機関区分": 2, "都道府県コード": 9, "市区町村コード": 216, "所在地": "栃木県下野市祇園１－６－１０", "緯度": 36.39558, "経度": 139.858124, "url": "https://www.iryou.teikyouseido.mhlw.go.jp/znk-web/juminkanja/S2430/initialize?prefCd=09&kikanCd=22090100106&kikanKbn=2", "url2": null, "内容": "耳鼻咽喉科　ふじもとクリニック【2:診療所】【診療科目:0】栃木県下野市祇園１－６－１０" }, "geometry": { "type": "Point", "coordinates": [ 139.858124, 36.39558 ] } },
{ "type": "Feature", "properties": { "ID": 922090100108, "正式名称": "荒川内科クリニック", "機関区分": 2, "都道府県コード": 9, "市区町村コード": 361, "所在地": "栃木県下都賀郡壬生町安塚１１８４－１０", "緯度": 36.478986, "経度": 139.831136, "url": "https://www.iryou.teikyouseido.mhlw.go.jp/znk-web/juminkanja/S2430/initialize?prefCd=09&kikanCd=22090100108&kikanKbn=2", "url2": "http://arakawanaika.fool.jp/", "内容": "荒川内科クリニック【2:診療所】【診療科目:0】栃木県下都賀郡壬生町安塚１１８４－１０" }, "geometry": { "type": "Point", "coordinates": [ 139.831136, 36.478986 ] } },
{ "type": "Feature", "properties": { "ID": 922090100109, "正式名称": "医療法人　石崎眼科", "機関区分": 2, "都道府県コード": 9, "市区町村コード": 361, "所在地": "栃木県下都賀郡壬生町通町７－１８", "緯度": 36.428227, "経度": 139.800857, "url": "https://www.iryou.teikyouseido.mhlw.go.jp/znk-web/juminkanja/S2430/initialize?prefCd=09&kikanCd=22090100109&kikanKbn=2", "url2": "https://ishizakieyeclinic.jimdofree.com/", "内容": "医療法人　石崎眼科【2:診療所】【診療科目:0】栃木県下都賀郡壬生町通町７－１８" }, "geometry": { "type": "Point", "coordinates": [ 139.800857, 36.428227 ] } },
{ "type": "Feature", "properties": { "ID": 922090100110, "正式名称": "大久保クリニック", "機関区分": 2, "都道府県コード": 9, "市区町村コード": 361, "所在地": "栃木県下都賀郡壬生町落合　３－４－７", "緯度": 36.454897, "経度": 139.822474, "url": "https://www.iryou.teikyouseido.mhlw.go.jp/znk-web/juminkanja/S2430/initialize?prefCd=09&kikanCd=22090100110&kikanKbn=2", "url2": "https://www.facebook.com/", "内容": "大久保クリニック【2:診療所】【診療科目:0】栃木県下都賀郡壬生町落合　３－４－７" }, "geometry": { "type": "Point", "coordinates": [ 139.822474, 36.454897 ] } },
{ "type": "Feature", "properties": { "ID": 922090100112, "正式名称": "しろやま眼科", "機関区分": 2, "都道府県コード": 9, "市区町村コード": 361, "所在地": "栃木県下都賀郡壬生町おもちゃのまち１－９－１３", "緯度": 36.465674, "経度": 139.833884, "url": "https://www.iryou.teikyouseido.mhlw.go.jp/znk-web/juminkanja/S2430/initialize?prefCd=09&kikanCd=22090100112&kikanKbn=2", "url2": null, "内容": "しろやま眼科【2:診療所】【診療科目:0】栃木県下都賀郡壬生町おもちゃのまち１－９－１３" }, "geometry": { "type": "Point", "coordinates": [ 139.833884, 36.465674 ] } },
{ "type": "Feature", "properties": { "ID": 922090100113, "正式名称": "田辺耳鼻咽喉科医院", "機関区分": 2, "都道府県コード": 9, "市区町村コード": 361, "所在地": "栃木県下都賀郡壬生町通町１８－４８", "緯度": 36.426556, "経度": 139.807137, "url": "https://www.iryou.teikyouseido.mhlw.go.jp/znk-web/juminkanja/S2430/initialize?prefCd=09&kikanCd=22090100113&kikanKbn=2", "url2": null, "内容": "田辺耳鼻咽喉科医院【2:診療所】【診療科目:0】栃木県下都賀郡壬生町通町１８－４８" }, "geometry": { "type": "Point", "coordinates": [ 139.807137, 36.426556 ] } },
{ "type": "Feature", "properties": { "ID": 922090100114, "正式名称": "馬場耳鼻咽喉科医院", "機関区分": 2, "都道府県コード": 9, "市区町村コード": 361, "所在地": "栃木県下都賀郡壬生町おもちゃのまち１丁目８番１９号", "緯度": 36.464791, "経度": 139.833962, "url": "https://www.iryou.teikyouseido.mhlw.go.jp/znk-web/juminkanja/S2430/initialize?prefCd=09&kikanCd=22090100114&kikanKbn=2", "url2": null, "内容": "馬場耳鼻咽喉科医院【2:診療所】【診療科目:0】栃木県下都賀郡壬生町おもちゃのまち１丁目８番１９号" }, "geometry": { "type": "Point", "coordinates": [ 139.833962, 36.464791 ] } },
{ "type": "Feature", "properties": { "ID": 922090100115, "正式名称": "早川医院", "機関区分": 2, "都道府県コード": 9, "市区町村コード": 361, "所在地": "栃木県下都賀郡壬生町中央町１－２９", "緯度": 36.424425, "経度": 139.805979, "url": "https://www.iryou.teikyouseido.mhlw.go.jp/znk-web/juminkanja/S2430/initialize?prefCd=09&kikanCd=22090100115&kikanKbn=2", "url2": null, "内容": "早川医院【2:診療所】【診療科目:0】栃木県下都賀郡壬生町中央町１－２９" }, "geometry": { "type": "Point", "coordinates": [ 139.805979, 36.424425 ] } },
{ "type": "Feature", "properties": { "ID": 922090100117, "正式名称": "福井セントラルクリニック", "機関区分": 2, "都道府県コード": 9, "市区町村コード": 361, "所在地": "栃木県下都賀郡壬生町おもちゃのまち２－４－８", "緯度": 36.46638, "経度": 139.837175, "url": "https://www.iryou.teikyouseido.mhlw.go.jp/znk-web/juminkanja/S2430/initialize?prefCd=09&kikanCd=22090100117&kikanKbn=2", "url2": "http://www.fukui-cc.jp/", "内容": "福井セントラルクリニック【2:診療所】【診療科目:0】栃木県下都賀郡壬生町おもちゃのまち２－４－８" }, "geometry": { "type": "Point", "coordinates": [ 139.837175, 36.46638 ] } },
{ "type": "Feature", "properties": { "ID": 922090100118, "正式名称": "壬生東診療所", "機関区分": 2, "都道府県コード": 9, "市区町村コード": 361, "所在地": "栃木県下都賀郡壬生町藤井１２８５－１４", "緯度": 36.416321, "経度": 139.81677, "url": "https://www.iryou.teikyouseido.mhlw.go.jp/znk-web/juminkanja/S2430/initialize?prefCd=09&kikanCd=22090100118&kikanKbn=2", "url2": null, "内容": "壬生東診療所【2:診療所】【診療科目:0】栃木県下都賀郡壬生町藤井１２８５－１４" }, "geometry": { "type": "Point", "coordinates": [ 139.81677, 36.416321 ] } },
{ "type": "Feature", "properties": { "ID": 922090100119, "正式名称": "大栗内科", "機関区分": 2, "都道府県コード": 9, "市区町村コード": 216, "所在地": "栃木県下野市石橋８１１－１", "緯度": 36.435281, "経度": 139.856355, "url": "https://www.iryou.teikyouseido.mhlw.go.jp/znk-web/juminkanja/S2430/initialize?prefCd=09&kikanCd=22090100119&kikanKbn=2", "url2": null, "内容": "大栗内科【2:診療所】【診療科目:0】栃木県下野市石橋８１１－１" }, "geometry": { "type": "Point", "coordinates": [ 139.856355, 36.435281 ] } },
{ "type": "Feature", "properties": { "ID": 922090100120, "正式名称": "大柳内科・眼科", "機関区分": 2, "都道府県コード": 9, "市区町村コード": 216, "所在地": "栃木県下野市文教二丁目７番地１４", "緯度": 36.44531, "経度": 139.860905, "url": "https://www.iryou.teikyouseido.mhlw.go.jp/znk-web/juminkanja/S2430/initialize?prefCd=09&kikanCd=22090100120&kikanKbn=2", "url2": "http://ooyanagi.jp", "内容": "大柳内科・眼科【2:診療所】【診療科目:0】栃木県下野市文教二丁目７番地１４" }, "geometry": { "type": "Point", "coordinates": [ 139.860905, 36.44531 ] } },
{ "type": "Feature", "properties": { "ID": 922090100121, "正式名称": "まきた眼科　石橋院", "機関区分": 2, "都道府県コード": 9, "市区町村コード": 216, "所在地": "栃木県下野市下古山８８ー１", "緯度": 36.447046, "経度": 139.865424, "url": "https://www.iryou.teikyouseido.mhlw.go.jp/znk-web/juminkanja/S2430/initialize?prefCd=09&kikanCd=22090100121&kikanKbn=2", "url2": "https://www.makita-ganka.jp/ishibashi/", "内容": "まきた眼科　石橋院【2:診療所】【診療科目:0】栃木県下野市下古山８８ー１" }, "geometry": { "type": "Point", "coordinates": [ 139.865424, 36.447046 ] } },
{ "type": "Feature", "properties": { "ID": 922090100122, "正式名称": "早田耳鼻咽喉科", "機関区分": 2, "都道府県コード": 9, "市区町村コード": 216, "所在地": "栃木県下野市文教一丁目１９番地６", "緯度": 36.442975, "経度": 139.860352, "url": "https://www.iryou.teikyouseido.mhlw.go.jp/znk-web/juminkanja/S2430/initialize?prefCd=09&kikanCd=22090100122&kikanKbn=2", "url2": null, "内容": "早田耳鼻咽喉科【2:診療所】【診療科目:0】栃木県下野市文教一丁目１９番地６" }, "geometry": { "type": "Point", "coordinates": [ 139.860352, 36.442975 ] } },
{ "type": "Feature", "properties": { "ID": 922090100123, "正式名称": "ちば整形外科クリニック", "機関区分": 2, "都道府県コード": 9, "市区町村コード": 216, "所在地": "栃木県下野市烏ケ森１－４", "緯度": 36.384208, "経度": 139.854036, "url": "https://www.iryou.teikyouseido.mhlw.go.jp/znk-web/juminkanja/S2430/initialize?prefCd=09&kikanCd=22090100123&kikanKbn=2", "url2": null, "内容": "ちば整形外科クリニック【2:診療所】【診療科目:0】栃木県下野市烏ケ森１－４" }, "geometry": { "type": "Point", "coordinates": [ 139.854036, 36.384208 ] } },
{ "type": "Feature", "properties": { "ID": 922090100125, "正式名称": "医療法人　岩﨑医院", "機関区分": 2, "都道府県コード": 9, "市区町村コード": 364, "所在地": "栃木県下都賀郡野木町佐川野１８０６－１", "緯度": 36.231778, "経度": 139.770056, "url": "https://www.iryou.teikyouseido.mhlw.go.jp/znk-web/juminkanja/S2430/initialize?prefCd=09&kikanCd=22090100125&kikanKbn=2", "url2": null, "内容": "医療法人　岩﨑医院【2:診療所】【診療科目:0】栃木県下都賀郡野木町佐川野１８０６－１" }, "geometry": { "type": "Point", "coordinates": [ 139.770056, 36.231778 ] } },
{ "type": "Feature", "properties": { "ID": 922090100126, "正式名称": "医療法人まゆき会　菊池クリニック", "機関区分": 2, "都道府県コード": 9, "市区町村コード": 364, "所在地": "栃木県下都賀郡野木町野渡", "緯度": 36.207359, "経度": 139.708059, "url": "https://www.iryou.teikyouseido.mhlw.go.jp/znk-web/juminkanja/S2430/initialize?prefCd=09&kikanCd=22090100126&kikanKbn=2", "url2": "https://mayukikai.jp/", "内容": "医療法人まゆき会　菊池クリニック【2:診療所】【診療科目:0】栃木県下都賀郡野木町野渡" }, "geometry": { "type": "Point", "coordinates": [ 139.708059, 36.207359 ] } },
{ "type": "Feature", "properties": { "ID": 922090100129, "正式名称": "寺内整形外科", "機関区分": 2, "都道府県コード": 9, "市区町村コード": 364, "所在地": "栃木県下都賀郡野木町友沼６５０７－１", "緯度": 36.236736, "経度": 139.723893, "url": "https://www.iryou.teikyouseido.mhlw.go.jp/znk-web/juminkanja/S2430/initialize?prefCd=09&kikanCd=22090100129&kikanKbn=2", "url2": null, "内容": "寺内整形外科【2:診療所】【診療科目:0】栃木県下都賀郡野木町友沼６５０７－１" }, "geometry": { "type": "Point", "coordinates": [ 139.723893, 36.236736 ] } },
{ "type": "Feature", "properties": { "ID": 922090100130, "正式名称": "医療法人　新風会　大平東診療所", "機関区分": 2, "都道府県コード": 9, "市区町村コード": 203, "所在地": "栃木県栃木市大平町横堀８０８－３", "緯度": 36.348407, "経度": 139.734552, "url": "https://www.iryou.teikyouseido.mhlw.go.jp/znk-web/juminkanja/S2430/initialize?prefCd=09&kikanCd=22090100130&kikanKbn=2", "url2": null, "内容": "医療法人　新風会　大平東診療所【2:診療所】【診療科目:0】栃木県栃木市大平町横堀８０８－３" }, "geometry": { "type": "Point", "coordinates": [ 139.734552, 36.348407 ] } },
{ "type": "Feature", "properties": { "ID": 922090100132, "正式名称": "あまがい内科医院", "機関区分": 2, "都道府県コード": 9, "市区町村コード": 203, "所在地": "栃木県栃木市岩舟町下津原１８９－２", "緯度": 36.318221, "経度": 139.649561, "url": "https://www.iryou.teikyouseido.mhlw.go.jp/znk-web/juminkanja/S2430/initialize?prefCd=09&kikanCd=22090100132&kikanKbn=2", "url2": null, "内容": "あまがい内科医院【2:診療所】【診療科目:0】栃木県栃木市岩舟町下津原１８９－２" }, "geometry": { "type": "Point", "coordinates": [ 139.649561, 36.318221 ] } },
{ "type": "Feature", "properties": { "ID": 922090100133, "正式名称": "熊倉医院", "機関区分": 2, "都道府県コード": 9, "市区町村コード": 203, "所在地": "栃木県栃木市岩舟町新里１８０－１", "緯度": 36.327895, "経度": 139.637598, "url": "https://www.iryou.teikyouseido.mhlw.go.jp/znk-web/juminkanja/S2430/initialize?prefCd=09&kikanCd=22090100133&kikanKbn=2", "url2": null, "内容": "熊倉医院【2:診療所】【診療科目:0】栃木県栃木市岩舟町新里１８０－１" }, "geometry": { "type": "Point", "coordinates": [ 139.637598, 36.327895 ] } },
{ "type": "Feature", "properties": { "ID": 922090100134, "正式名称": "静和医院", "機関区分": 2, "都道府県コード": 9, "市区町村コード": 203, "所在地": "栃木県栃木市岩舟町静和２１６６－１", "緯度": 36.315844, "経度": 139.683364, "url": "https://www.iryou.teikyouseido.mhlw.go.jp/znk-web/juminkanja/S2430/initialize?prefCd=09&kikanCd=22090100134&kikanKbn=2", "url2": "http://www.citydo.com/sp/0282-55-2028", "内容": "静和医院【2:診療所】【診療科目:0】栃木県栃木市岩舟町静和２１６６－１" }, "geometry": { "type": "Point", "coordinates": [ 139.683364, 36.315844 ] } },
{ "type": "Feature", "properties": { "ID": 922090100135, "正式名称": "耳鼻咽喉科／皮膚科しまだクリニック", "機関区分": 2, "都道府県コード": 9, "市区町村コード": 203, "所在地": "栃木県栃木市岩舟町畳岡５３４－１", "緯度": 36.323886, "経度": 139.640659, "url": "https://www.iryou.teikyouseido.mhlw.go.jp/znk-web/juminkanja/S2430/initialize?prefCd=09&kikanCd=22090100135&kikanKbn=2", "url2": null, "内容": "耳鼻咽喉科／皮膚科しまだクリニック【2:診療所】【診療科目:0】栃木県栃木市岩舟町畳岡５３４－１" }, "geometry": { "type": "Point", "coordinates": [ 139.640659, 36.323886 ] } },
{ "type": "Feature", "properties": { "ID": 922090100136, "正式名称": "高橋眼科", "機関区分": 2, "都道府県コード": 9, "市区町村コード": 203, "所在地": "栃木県栃木市岩舟町静８４３", "緯度": 36.319939, "経度": 139.65588, "url": "https://www.iryou.teikyouseido.mhlw.go.jp/znk-web/juminkanja/S2430/initialize?prefCd=09&kikanCd=22090100136&kikanKbn=2", "url2": null, "内容": "高橋眼科【2:診療所】【診療科目:0】栃木県栃木市岩舟町静８４３" }, "geometry": { "type": "Point", "coordinates": [ 139.65588, 36.319939 ] } },
{ "type": "Feature", "properties": { "ID": 922090100137, "正式名称": "長谷川医院", "機関区分": 2, "都道府県コード": 9, "市区町村コード": 203, "所在地": "栃木県栃木市岩舟町静和２１１４－６", "緯度": 36.319355, "経度": 139.684156, "url": "https://www.iryou.teikyouseido.mhlw.go.jp/znk-web/juminkanja/S2430/initialize?prefCd=09&kikanCd=22090100137&kikanKbn=2", "url2": "http://www.citydo.com/sp/0282-55-7000", "内容": "長谷川医院【2:診療所】【診療科目:0】栃木県栃木市岩舟町静和２１１４－６" }, "geometry": { "type": "Point", "coordinates": [ 139.684156, 36.319355 ] } },
{ "type": "Feature", "properties": { "ID": 922090100140, "正式名称": "モオカ内科・糖尿病クリニック", "機関区分": 2, "都道府県コード": 9, "市区町村コード": 209, "所在地": "栃木県真岡市熊倉", "緯度": 36.445861, "経度": 139.991752, "url": "https://www.iryou.teikyouseido.mhlw.go.jp/znk-web/juminkanja/S2430/initialize?prefCd=09&kikanCd=22090100140&kikanKbn=2", "url2": "https://wano-kai.com/dm-clinic/", "内容": "モオカ内科・糖尿病クリニック【2:診療所】【診療科目:0】栃木県真岡市熊倉" }, "geometry": { "type": "Point", "coordinates": [ 139.991752, 36.445861 ] } },
{ "type": "Feature", "properties": { "ID": 922090100142, "正式名称": "医療法人寿泉会　小林診療所", "機関区分": 2, "都道府県コード": 9, "市区町村コード": 209, "所在地": "栃木県真岡市熊倉３丁目１０－７", "緯度": 36.439618, "経度": 139.993413, "url": "https://www.iryou.teikyouseido.mhlw.go.jp/znk-web/juminkanja/S2430/initialize?prefCd=09&kikanCd=22090100142&kikanKbn=2", "url2": null, "内容": "医療法人寿泉会　小林診療所【2:診療所】【診療科目:0】栃木県真岡市熊倉３丁目１０－７" }, "geometry": { "type": "Point", "coordinates": [ 139.993413, 36.439618 ] } },
{ "type": "Feature", "properties": { "ID": 922090100144, "正式名称": "川上内科クリニック", "機関区分": 2, "都道府県コード": 9, "市区町村コード": 209, "所在地": "栃木県真岡市下高間木１－１３－６", "緯度": 36.434022, "経度": 139.986313, "url": "https://www.iryou.teikyouseido.mhlw.go.jp/znk-web/juminkanja/S2430/initialize?prefCd=09&kikanCd=22090100144&kikanKbn=2", "url2": "http://kawakaminaika.com", "内容": "川上内科クリニック【2:診療所】【診療科目:0】栃木県真岡市下高間木１－１３－６" }, "geometry": { "type": "Point", "coordinates": [ 139.986313, 36.434022 ] } },
{ "type": "Feature", "properties": { "ID": 922090100145, "正式名称": "医療法人社団福田会　鬼怒ヶ丘クリニック", "機関区分": 2, "都道府県コード": 9, "市区町村コード": 209, "所在地": "栃木県真岡市上大沼１２７－１", "緯度": 36.435668, "経度": 139.953972, "url": "https://www.iryou.teikyouseido.mhlw.go.jp/znk-web/juminkanja/S2430/initialize?prefCd=09&kikanCd=22090100145&kikanKbn=2", "url2": "http://www.fukudakai.sms.gr.jp", "内容": "医療法人社団福田会　鬼怒ヶ丘クリニック【2:診療所】【診療科目:0】栃木県真岡市上大沼１２７－１" }, "geometry": { "type": "Point", "coordinates": [ 139.953972, 36.435668 ] } },
{ "type": "Feature", "properties": { "ID": 922090100146, "正式名称": "許こどもクリニック", "機関区分": 2, "都道府県コード": 9, "市区町村コード": 209, "所在地": "栃木県真岡市上高間木１－２７－７", "緯度": 36.445275, "経度": 139.987008, "url": "https://www.iryou.teikyouseido.mhlw.go.jp/znk-web/juminkanja/S2430/initialize?prefCd=09&kikanCd=22090100146&kikanKbn=2", "url2": null, "内容": "許こどもクリニック【2:診療所】【診療科目:0】栃木県真岡市上高間木１－２７－７" }, "geometry": { "type": "Point", "coordinates": [ 139.987008, 36.445275 ] } },
{ "type": "Feature", "properties": { "ID": 922090100147, "正式名称": "くしま内科医院", "機関区分": 2, "都道府県コード": 9, "市区町村コード": 209, "所在地": "栃木県真岡市寺内", "緯度": 36.41319, "経度": 139.979849, "url": "https://www.iryou.teikyouseido.mhlw.go.jp/znk-web/juminkanja/S2430/initialize?prefCd=09&kikanCd=22090100147&kikanKbn=2", "url2": null, "内容": "くしま内科医院【2:診療所】【診療科目:0】栃木県真岡市寺内" }, "geometry": { "type": "Point", "coordinates": [ 139.979849, 36.41319 ] } },
{ "type": "Feature", "properties": { "ID": 922090100148, "正式名称": "ささき耳鼻咽喉科クリニック", "機関区分": 2, "都道府県コード": 9, "市区町村コード": 209, "所在地": "栃木県真岡市上高間木３－３－７", "緯度": 36.438718, "経度": 139.987216, "url": "https://www.iryou.teikyouseido.mhlw.go.jp/znk-web/juminkanja/S2430/initialize?prefCd=09&kikanCd=22090100148&kikanKbn=2", "url2": null, "内容": "ささき耳鼻咽喉科クリニック【2:診療所】【診療科目:0】栃木県真岡市上高間木３－３－７" }, "geometry": { "type": "Point", "coordinates": [ 139.987216, 36.438718 ] } },
{ "type": "Feature", "properties": { "ID": 922090100151, "正式名称": "小菅皮膚科医院", "機関区分": 2, "都道府県コード": 9, "市区町村コード": 209, "所在地": "栃木県真岡市大谷新町１６－１４", "緯度": 36.432816, "経度": 139.99817, "url": "https://www.iryou.teikyouseido.mhlw.go.jp/znk-web/juminkanja/S2430/initialize?prefCd=09&kikanCd=22090100151&kikanKbn=2", "url2": null, "内容": "小菅皮膚科医院【2:診療所】【診療科目:0】栃木県真岡市大谷新町１６－１４" }, "geometry": { "type": "Point", "coordinates": [ 139.99817, 36.432816 ] } },
{ "type": "Feature", "properties": { "ID": 922090100152, "正式名称": "さとう循環器科内科クリニック", "機関区分": 2, "都道府県コード": 9, "市区町村コード": 209, "所在地": "栃木県真岡市熊倉３－３４－１４", "緯度": 36.437962, "経度": 139.989366, "url": "https://www.iryou.teikyouseido.mhlw.go.jp/znk-web/juminkanja/S2430/initialize?prefCd=09&kikanCd=22090100152&kikanKbn=2", "url2": "https://www.satojunkanki.com", "内容": "さとう循環器科内科クリニック【2:診療所】【診療科目:0】栃木県真岡市熊倉３－３４－１４" }, "geometry": { "type": "Point", "coordinates": [ 139.989366, 36.437962 ] } },
{ "type": "Feature", "properties": { "ID": 922090100153, "正式名称": "柴　小児科", "機関区分": 2, "都道府県コード": 9, "市区町村コード": 209, "所在地": "栃木県真岡市台町４１９２", "緯度": 36.443302, "経度": 140.005747, "url": "https://www.iryou.teikyouseido.mhlw.go.jp/znk-web/juminkanja/S2430/initialize?prefCd=09&kikanCd=22090100153&kikanKbn=2", "url2": null, "内容": "柴　小児科【2:診療所】【診療科目:0】栃木県真岡市台町４１９２" }, "geometry": { "type": "Point", "coordinates": [ 140.005747, 36.443302 ] } },
{ "type": "Feature", "properties": { "ID": 922090100154, "正式名称": "渋谷整形外科", "機関区分": 2, "都道府県コード": 9, "市区町村コード": 209, "所在地": "栃木県真岡市荒町１１８０－３", "緯度": 36.43938, "経度": 140.020346, "url": "https://www.iryou.teikyouseido.mhlw.go.jp/znk-web/juminkanja/S2430/initialize?prefCd=09&kikanCd=22090100154&kikanKbn=2", "url2": null, "内容": "渋谷整形外科【2:診療所】【診療科目:0】栃木県真岡市荒町１１８０－３" }, "geometry": { "type": "Point", "coordinates": [ 140.020346, 36.43938 ] } },
{ "type": "Feature", "properties": { "ID": 922090100155, "正式名称": "杉山内科医院", "機関区分": 2, "都道府県コード": 9, "市区町村コード": 209, "所在地": "栃木県真岡市田町", "緯度": 36.436167, "経度": 140.017005, "url": "https://www.iryou.teikyouseido.mhlw.go.jp/znk-web/juminkanja/S2430/initialize?prefCd=09&kikanCd=22090100155&kikanKbn=2", "url2": null, "内容": "杉山内科医院【2:診療所】【診療科目:0】栃木県真岡市田町" }, "geometry": { "type": "Point", "coordinates": [ 140.017005, 36.436167 ] } },
{ "type": "Feature", "properties": { "ID": 922090100159, "正式名称": "高野医院", "機関区分": 2, "都道府県コード": 9, "市区町村コード": 209, "所在地": "栃木県真岡市中", "緯度": 36.425255, "経度": 139.955217, "url": "https://www.iryou.teikyouseido.mhlw.go.jp/znk-web/juminkanja/S2430/initialize?prefCd=09&kikanCd=22090100159&kikanKbn=2", "url2": null, "内容": "高野医院【2:診療所】【診療科目:0】栃木県真岡市中" }, "geometry": { "type": "Point", "coordinates": [ 139.955217, 36.425255 ] } },
{ "type": "Feature", "properties": { "ID": 922090100161, "正式名称": "なかむらこどもクリニック", "機関区分": 2, "都道府県コード": 9, "市区町村コード": 209, "所在地": "栃木県真岡市熊倉１－２５－７", "緯度": 36.448314, "経度": 139.990954, "url": "https://www.iryou.teikyouseido.mhlw.go.jp/znk-web/juminkanja/S2430/initialize?prefCd=09&kikanCd=22090100161&kikanKbn=2", "url2": null, "内容": "なかむらこどもクリニック【2:診療所】【診療科目:0】栃木県真岡市熊倉１－２５－７" }, "geometry": { "type": "Point", "coordinates": [ 139.990954, 36.448314 ] } },
{ "type": "Feature", "properties": { "ID": 922090100164, "正式名称": "満川医院", "機関区分": 2, "都道府県コード": 9, "市区町村コード": 205, "所在地": "栃木県鹿沼市今宮町１６６８", "緯度": 36.566474, "経度": 139.744353, "url": "https://www.iryou.teikyouseido.mhlw.go.jp/znk-web/juminkanja/S2430/initialize?prefCd=09&kikanCd=22090100164&kikanKbn=2", "url2": null, "内容": "満川医院【2:診療所】【診療科目:0】栃木県鹿沼市今宮町１６６８" }, "geometry": { "type": "Point", "coordinates": [ 139.744353, 36.566474 ] } },
{ "type": "Feature", "properties": { "ID": 922090100165, "正式名称": "みと内科クリニック", "機関区分": 2, "都道府県コード": 9, "市区町村コード": 209, "所在地": "栃木県真岡市熊倉町３２５２－１", "緯度": 36.431416, "経度": 139.998518, "url": "https://www.iryou.teikyouseido.mhlw.go.jp/znk-web/juminkanja/S2430/initialize?prefCd=09&kikanCd=22090100165&kikanKbn=2", "url2": null, "内容": "みと内科クリニック【2:診療所】【診療科目:0】栃木県真岡市熊倉町３２５２－１" }, "geometry": { "type": "Point", "coordinates": [ 139.998518, 36.431416 ] } },
{ "type": "Feature", "properties": { "ID": 922090100168, "正式名称": "真岡アイクリニック", "機関区分": 2, "都道府県コード": 9, "市区町村コード": 209, "所在地": "栃木県真岡市並木町１－８－５", "緯度": 36.438599, "経度": 140.00097, "url": "https://www.iryou.teikyouseido.mhlw.go.jp/znk-web/juminkanja/S2430/initialize?prefCd=09&kikanCd=22090100168&kikanKbn=2", "url2": null, "内容": "真岡アイクリニック【2:診療所】【診療科目:0】栃木県真岡市並木町１－８－５" }, "geometry": { "type": "Point", "coordinates": [ 140.00097, 36.438599 ] } },
{ "type": "Feature", "properties": { "ID": 922090100171, "正式名称": "横出耳鼻咽喉科医院", "機関区分": 2, "都道府県コード": 9, "市区町村コード": 209, "所在地": "栃木県真岡市並木町２－８－１５", "緯度": 36.439924, "経度": 139.994788, "url": "https://www.iryou.teikyouseido.mhlw.go.jp/znk-web/juminkanja/S2430/initialize?prefCd=09&kikanCd=22090100171&kikanKbn=2", "url2": null, "内容": "横出耳鼻咽喉科医院【2:診療所】【診療科目:0】栃木県真岡市並木町２－８－１５" }, "geometry": { "type": "Point", "coordinates": [ 139.994788, 36.439924 ] } },
{ "type": "Feature", "properties": { "ID": 922090100173, "正式名称": "いとう医院", "機関区分": 2, "都道府県コード": 9, "市区町村コード": 209, "所在地": "栃木県真岡市高田１５７７－４", "緯度": 36.400557, "経度": 140.023777, "url": "https://www.iryou.teikyouseido.mhlw.go.jp/znk-web/juminkanja/S2430/initialize?prefCd=09&kikanCd=22090100173&kikanKbn=2", "url2": "http://www.ito-medical-clinic.jp", "内容": "いとう医院【2:診療所】【診療科目:0】栃木県真岡市高田１５７７－４" }, "geometry": { "type": "Point", "coordinates": [ 140.023777, 36.400557 ] } },
{ "type": "Feature", "properties": { "ID": 922090100174, "正式名称": "本多医院", "機関区分": 2, "都道府県コード": 9, "市区町村コード": 209, "所在地": "栃木県真岡市久下田西４－４０", "緯度": 36.379913, "経度": 139.965835, "url": "https://www.iryou.teikyouseido.mhlw.go.jp/znk-web/juminkanja/S2430/initialize?prefCd=09&kikanCd=22090100174&kikanKbn=2", "url2": null, "内容": "本多医院【2:診療所】【診療科目:0】栃木県真岡市久下田西４－４０" }, "geometry": { "type": "Point", "coordinates": [ 139.965835, 36.379913 ] } },
{ "type": "Feature", "properties": { "ID": 922090100180, "正式名称": "医療法人　実生会　鈴木医院", "機関区分": 2, "都道府県コード": 9, "市区町村コード": 342, "所在地": "栃木県芳賀郡益子町益子", "緯度": 36.464881, "経度": 140.093689, "url": "https://www.iryou.teikyouseido.mhlw.go.jp/znk-web/juminkanja/S2430/initialize?prefCd=09&kikanCd=22090100180&kikanKbn=2", "url2": null, "内容": "医療法人　実生会　鈴木医院【2:診療所】【診療科目:0】栃木県芳賀郡益子町益子" }, "geometry": { "type": "Point", "coordinates": [ 140.093689, 36.464881 ] } },
{ "type": "Feature", "properties": { "ID": 922090100182, "正式名称": "医療法人　研志会　高安医院", "機関区分": 2, "都道府県コード": 9, "市区町村コード": 342, "所在地": "栃木県芳賀郡益子町七井２４９３－２", "緯度": 36.496897, "経度": 140.081661, "url": "https://www.iryou.teikyouseido.mhlw.go.jp/znk-web/juminkanja/S2430/initialize?prefCd=09&kikanCd=22090100182&kikanKbn=2", "url2": "http://takayasuiin.com/", "内容": "医療法人　研志会　高安医院【2:診療所】【診療科目:0】栃木県芳賀郡益子町七井２４９３－２" }, "geometry": { "type": "Point", "coordinates": [ 140.081661, 36.496897 ] } },
{ "type": "Feature", "properties": { "ID": 922090100184, "正式名称": "益子内科胃腸科診療所", "機関区分": 2, "都道府県コード": 9, "市区町村コード": 342, "所在地": "栃木県芳賀郡益子町益子３４２５－１", "緯度": 36.469559, "経度": 140.106215, "url": "https://www.iryou.teikyouseido.mhlw.go.jp/znk-web/juminkanja/S2430/initialize?prefCd=09&kikanCd=22090100184&kikanKbn=2", "url2": null, "内容": "益子内科胃腸科診療所【2:診療所】【診療科目:0】栃木県芳賀郡益子町益子３４２５－１" }, "geometry": { "type": "Point", "coordinates": [ 140.106215, 36.469559 ] } },
{ "type": "Feature", "properties": { "ID": 922090100185, "正式名称": "益子西クリニック", "機関区分": 2, "都道府県コード": 9, "市区町村コード": 342, "所在地": "栃木県芳賀郡益子町塙１１６３", "緯度": 36.478202, "経度": 140.080561, "url": "https://www.iryou.teikyouseido.mhlw.go.jp/znk-web/juminkanja/S2430/initialize?prefCd=09&kikanCd=22090100185&kikanKbn=2", "url2": null, "内容": "益子西クリニック【2:診療所】【診療科目:0】栃木県芳賀郡益子町塙１１６３" }, "geometry": { "type": "Point", "coordinates": [ 140.080561, 36.478202 ] } },
{ "type": "Feature", "properties": { "ID": 922090100186, "正式名称": "医療法人松寿会　松谷クリニック", "機関区分": 2, "都道府県コード": 9, "市区町村コード": 342, "所在地": "栃木県芳賀郡益子町益子１６６４", "緯度": 36.463242, "経度": 140.092592, "url": "https://www.iryou.teikyouseido.mhlw.go.jp/znk-web/juminkanja/S2430/initialize?prefCd=09&kikanCd=22090100186&kikanKbn=2", "url2": null, "内容": "医療法人松寿会　松谷クリニック【2:診療所】【診療科目:0】栃木県芳賀郡益子町益子１６６４" }, "geometry": { "type": "Point", "coordinates": [ 140.092592, 36.463242 ] } },
{ "type": "Feature", "properties": { "ID": 922090100188, "正式名称": "医療法人克和会青木医院", "機関区分": 2, "都道府県コード": 9, "市区町村コード": 342, "所在地": "栃木県芳賀郡益子町芦沼８９６ー１", "緯度": 36.516074, "経度": 140.127381, "url": "https://www.iryou.teikyouseido.mhlw.go.jp/znk-web/juminkanja/S2430/initialize?prefCd=09&kikanCd=22090100188&kikanKbn=2", "url2": null, "内容": "医療法人克和会青木医院【2:診療所】【診療科目:0】栃木県芳賀郡益子町芦沼８９６ー１" }, "geometry": { "type": "Point", "coordinates": [ 140.127381, 36.516074 ] } },
{ "type": "Feature", "properties": { "ID": 922090100190, "正式名称": "医療法人今井医院", "機関区分": 2, "都道府県コード": 9, "市区町村コード": 343, "所在地": "栃木県芳賀郡茂木町茂木２１３４", "緯度": 36.534351, "経度": 140.187105, "url": "https://www.iryou.teikyouseido.mhlw.go.jp/znk-web/juminkanja/S2430/initialize?prefCd=09&kikanCd=22090100190&kikanKbn=2", "url2": null, "内容": "医療法人今井医院【2:診療所】【診療科目:0】栃木県芳賀郡茂木町茂木２１３４" }, "geometry": { "type": "Point", "coordinates": [ 140.187105, 36.534351 ] } },
{ "type": "Feature", "properties": { "ID": 922090100192, "正式名称": "医療法人慶心会桜井循環器科内科医院", "機関区分": 2, "都道府県コード": 9, "市区町村コード": 343, "所在地": "栃木県芳賀郡茂木町増井３０", "緯度": 36.534045, "経度": 140.196547, "url": "https://www.iryou.teikyouseido.mhlw.go.jp/znk-web/juminkanja/S2430/initialize?prefCd=09&kikanCd=22090100192&kikanKbn=2", "url2": null, "内容": "医療法人慶心会桜井循環器科内科医院【2:診療所】【診療科目:0】栃木県芳賀郡茂木町増井３０" }, "geometry": { "type": "Point", "coordinates": [ 140.196547, 36.534045 ] } },
{ "type": "Feature", "properties": { "ID": 922090100193, "正式名称": "吉永医院", "機関区分": 2, "都道府県コード": 9, "市区町村コード": 343, "所在地": "栃木県芳賀郡茂木町増井１９０－１", "緯度": 36.53159, "経度": 140.201985, "url": "https://www.iryou.teikyouseido.mhlw.go.jp/znk-web/juminkanja/S2430/initialize?prefCd=09&kikanCd=22090100193&kikanKbn=2", "url2": null, "内容": "吉永医院【2:診療所】【診療科目:0】栃木県芳賀郡茂木町増井１９０－１" }, "geometry": { "type": "Point", "coordinates": [ 140.201985, 36.53159 ] } },
{ "type": "Feature", "properties": { "ID": 922090100195, "正式名称": "岡田内科クリニック", "機関区分": 2, "都道府県コード": 9, "市区町村コード": 344, "所在地": "栃木県芳賀郡市貝町赤羽２６５８－１１", "緯度": 36.516239, "経度": 140.064814, "url": "https://www.iryou.teikyouseido.mhlw.go.jp/znk-web/juminkanja/S2430/initialize?prefCd=09&kikanCd=22090100195&kikanKbn=2", "url2": "http://www.okada-koushin.or.jp", "内容": "岡田内科クリニック【2:診療所】【診療科目:0】栃木県芳賀郡市貝町赤羽２６５８－１１" }, "geometry": { "type": "Point", "coordinates": [ 140.064814, 36.516239 ] } },
{ "type": "Feature", "properties": { "ID": 922090100196, "正式名称": "医療法人玄心会　倉持医院", "機関区分": 2, "都道府県コード": 9, "市区町村コード": 344, "所在地": "栃木県芳賀郡市貝町続谷七三一", "緯度": 36.59487, "経度": 140.125683, "url": "https://www.iryou.teikyouseido.mhlw.go.jp/znk-web/juminkanja/S2430/initialize?prefCd=09&kikanCd=22090100196&kikanKbn=2", "url2": null, "内容": "医療法人玄心会　倉持医院【2:診療所】【診療科目:0】栃木県芳賀郡市貝町続谷七三一" }, "geometry": { "type": "Point", "coordinates": [ 140.125683, 36.59487 ] } },
{ "type": "Feature", "properties": { "ID": 922090100202, "正式名称": "松谷内科胃腸科クリニック", "機関区分": 2, "都道府県コード": 9, "市区町村コード": 345, "所在地": "栃木県芳賀郡芳賀町祖母井１７０８－１７", "緯度": 36.539247, "経度": 140.070615, "url": "https://www.iryou.teikyouseido.mhlw.go.jp/znk-web/juminkanja/S2430/initialize?prefCd=09&kikanCd=22090100202&kikanKbn=2", "url2": null, "内容": "松谷内科胃腸科クリニック【2:診療所】【診療科目:0】栃木県芳賀郡芳賀町祖母井１７０８－１７" }, "geometry": { "type": "Point", "coordinates": [ 140.070615, 36.539247 ] } },
{ "type": "Feature", "properties": { "ID": 922090100204, "正式名称": "大野医院", "機関区分": 2, "都道府県コード": 9, "市区町村コード": 215, "所在地": "栃木県那須烏山市中央３－８－４", "緯度": 36.662351, "経度": 140.15228, "url": "https://www.iryou.teikyouseido.mhlw.go.jp/znk-web/juminkanja/S2430/initialize?prefCd=09&kikanCd=22090100204&kikanKbn=2", "url2": null, "内容": "大野医院【2:診療所】【診療科目:0】栃木県那須烏山市中央３－８－４" }, "geometry": { "type": "Point", "coordinates": [ 140.15228, 36.662351 ] } },
{ "type": "Feature", "properties": { "ID": 922090100207, "正式名称": "井上内科皮膚科クリニック", "機関区分": 2, "都道府県コード": 9, "市区町村コード": 205, "所在地": "栃木県鹿沼市上野町３１５－１", "緯度": 36.564972, "経度": 139.764233, "url": "https://www.iryou.teikyouseido.mhlw.go.jp/znk-web/juminkanja/S2430/initialize?prefCd=09&kikanCd=22090100207&kikanKbn=2", "url2": "https://www.inoueclinic-kanuma.com/", "内容": "井上内科皮膚科クリニック【2:診療所】【診療科目:0】栃木県鹿沼市上野町３１５－１" }, "geometry": { "type": "Point", "coordinates": [ 139.764233, 36.564972 ] } },
{ "type": "Feature", "properties": { "ID": 922090100208, "正式名称": "医療法人　天貴会　大野医院", "機関区分": 2, "都道府県コード": 9, "市区町村コード": 205, "所在地": "栃木県鹿沼市上田町１９１５ー４", "緯度": 36.565897, "経度": 139.749759, "url": "https://www.iryou.teikyouseido.mhlw.go.jp/znk-web/juminkanja/S2430/initialize?prefCd=09&kikanCd=22090100208&kikanKbn=2", "url2": "https://oono-lc.net/", "内容": "医療法人　天貴会　大野医院【2:診療所】【診療科目:0】栃木県鹿沼市上田町１９１５ー４" }, "geometry": { "type": "Point", "coordinates": [ 139.749759, 36.565897 ] } },
{ "type": "Feature", "properties": { "ID": 922090100214, "正式名称": "藤沢皮膚科医院", "機関区分": 2, "都道府県コード": 9, "市区町村コード": 205, "所在地": "栃木県鹿沼市鳥居跡町", "緯度": 36.556966, "経度": 139.748415, "url": "https://www.iryou.teikyouseido.mhlw.go.jp/znk-web/juminkanja/S2430/initialize?prefCd=09&kikanCd=22090100214&kikanKbn=2", "url2": "http://fujisawa-t.byoinnavi.jp/pc/", "内容": "藤沢皮膚科医院【2:診療所】【診療科目:0】栃木県鹿沼市鳥居跡町" }, "geometry": { "type": "Point", "coordinates": [ 139.748415, 36.556966 ] } },
{ "type": "Feature", "properties": { "ID": 922090100216, "正式名称": "小沢医院", "機関区分": 2, "都道府県コード": 9, "市区町村コード": 206, "所在地": "栃木県日光市今市１４０９", "緯度": 36.731683, "経度": 139.691755, "url": "https://www.iryou.teikyouseido.mhlw.go.jp/znk-web/juminkanja/S2430/initialize?prefCd=09&kikanCd=22090100216&kikanKbn=2", "url2": null, "内容": "小沢医院【2:診療所】【診療科目:0】栃木県日光市今市１４０９" }, "geometry": { "type": "Point", "coordinates": [ 139.691755, 36.731683 ] } },
{ "type": "Feature", "properties": { "ID": 922090100218, "正式名称": "熊谷医院", "機関区分": 2, "都道府県コード": 9, "市区町村コード": 206, "所在地": "栃木県日光市板橋１７８－２３８", "緯度": 36.683364, "経度": 139.734001, "url": "https://www.iryou.teikyouseido.mhlw.go.jp/znk-web/juminkanja/S2430/initialize?prefCd=09&kikanCd=22090100218&kikanKbn=2", "url2": null, "内容": "熊谷医院【2:診療所】【診療科目:0】栃木県日光市板橋１７８－２３８" }, "geometry": { "type": "Point", "coordinates": [ 139.734001, 36.683364 ] } },
{ "type": "Feature", "properties": { "ID": 922090100219, "正式名称": "塩野室診療所", "機関区分": 2, "都道府県コード": 9, "市区町村コード": 206, "所在地": "栃木県日光市小林２８２４－１", "緯度": 36.729621, "経度": 139.812949, "url": "https://www.iryou.teikyouseido.mhlw.go.jp/znk-web/juminkanja/S2430/initialize?prefCd=09&kikanCd=22090100219&kikanKbn=2", "url2": null, "内容": "塩野室診療所【2:診療所】【診療科目:0】栃木県日光市小林２８２４－１" }, "geometry": { "type": "Point", "coordinates": [ 139.812949, 36.729621 ] } },
{ "type": "Feature", "properties": { "ID": 922090100220, "正式名称": "西川クリニック", "機関区分": 2, "都道府県コード": 9, "市区町村コード": 206, "所在地": "栃木県日光市下の内", "緯度": 36.714061, "経度": 139.692574, "url": "https://www.iryou.teikyouseido.mhlw.go.jp/znk-web/juminkanja/S2430/initialize?prefCd=09&kikanCd=22090100220&kikanKbn=2", "url2": "https://www.nishikawa-ent.jp", "内容": "西川クリニック【2:診療所】【診療科目:0】栃木県日光市下の内" }, "geometry": { "type": "Point", "coordinates": [ 139.692574, 36.714061 ] } },
{ "type": "Feature", "properties": { "ID": 922090100224, "正式名称": "あいざわ内科クリニック", "機関区分": 2, "都道府県コード": 9, "市区町村コード": 201, "所在地": "栃木県宇都宮市江曽島３ー７８５ー４", "緯度": 36.528373, "経度": 139.868817, "url": "https://www.iryou.teikyouseido.mhlw.go.jp/znk-web/juminkanja/S2430/initialize?prefCd=09&kikanCd=22090100224&kikanKbn=2", "url2": "http://www.aizawaclinic.com/", "内容": "あいざわ内科クリニック【2:診療所】【診療科目:0】栃木県宇都宮市江曽島３ー７８５ー４" }, "geometry": { "type": "Point", "coordinates": [ 139.868817, 36.528373 ] } },
{ "type": "Feature", "properties": { "ID": 922090100227, "正式名称": "医療法人社団竹山会　青木医院", "機関区分": 2, "都道府県コード": 9, "市区町村コード": 201, "所在地": "栃木県宇都宮市元今泉１－３－１１", "緯度": 36.562287, "経度": 139.902227, "url": "https://www.iryou.teikyouseido.mhlw.go.jp/znk-web/juminkanja/S2430/initialize?prefCd=09&kikanCd=22090100227&kikanKbn=2", "url2": "http://www.takeyamakai.jp/aokiiin/", "内容": "医療法人社団竹山会　青木医院【2:診療所】【診療科目:0】栃木県宇都宮市元今泉１－３－１１" }, "geometry": { "type": "Point", "coordinates": [ 139.902227, 36.562287 ] } },
{ "type": "Feature", "properties": { "ID": 922090100231, "正式名称": "青柳医院", "機関区分": 2, "都道府県コード": 9, "市区町村コード": 201, "所在地": "栃木県宇都宮市南高砂町７－１４", "緯度": 36.484792, "経度": 139.869175, "url": "https://www.iryou.teikyouseido.mhlw.go.jp/znk-web/juminkanja/S2430/initialize?prefCd=09&kikanCd=22090100231&kikanKbn=2", "url2": "http://www.myclinic.ne.jp/aoyagiin/pc/", "内容": "青柳医院【2:診療所】【診療科目:0】栃木県宇都宮市南高砂町７－１４" }, "geometry": { "type": "Point", "coordinates": [ 139.869175, 36.484792 ] } },
{ "type": "Feature", "properties": { "ID": 922090100237, "正式名称": "あんどうこどもクリニック", "機関区分": 2, "都道府県コード": 9, "市区町村コード": 201, "所在地": "栃木県宇都宮市東簗瀬１－１９－１", "緯度": 36.542238, "経度": 139.898176, "url": "https://www.iryou.teikyouseido.mhlw.go.jp/znk-web/juminkanja/S2430/initialize?prefCd=09&kikanCd=22090100237&kikanKbn=2", "url2": null, "内容": "あんどうこどもクリニック【2:診療所】【診療科目:0】栃木県宇都宮市東簗瀬１－１９－１" }, "geometry": { "type": "Point", "coordinates": [ 139.898176, 36.542238 ] } },
{ "type": "Feature", "properties": { "ID": 922090100239, "正式名称": "しもだファミリークリニック", "機関区分": 2, "都道府県コード": 9, "市区町村コード": 201, "所在地": "栃木県宇都宮市下栗町９７７－１", "緯度": 36.534949, "経度": 139.905045, "url": "https://www.iryou.teikyouseido.mhlw.go.jp/znk-web/juminkanja/S2430/initialize?prefCd=09&kikanCd=22090100239&kikanKbn=2", "url2": "shimoda-familyclinic.com", "内容": "しもだファミリークリニック【2:診療所】【診療科目:0】栃木県宇都宮市下栗町９７７－１" }, "geometry": { "type": "Point", "coordinates": [ 139.905045, 36.534949 ] } },
{ "type": "Feature", "properties": { "ID": 922090100243, "正式名称": "医療法人圭誠会　石川外科医院", "機関区分": 2, "都道府県コード": 9, "市区町村コード": 201, "所在地": "栃木県宇都宮市御幸本町４７３２－２２", "緯度": 36.58262, "経度": 139.926706, "url": "https://www.iryou.teikyouseido.mhlw.go.jp/znk-web/juminkanja/S2430/initialize?prefCd=09&kikanCd=22090100243&kikanKbn=2", "url2": "http://www.ishikawa-med.dr-clinic.jp/", "内容": "医療法人圭誠会　石川外科医院【2:診療所】【診療科目:0】栃木県宇都宮市御幸本町４７３２－２２" }, "geometry": { "type": "Point", "coordinates": [ 139.926706, 36.58262 ] } },
{ "type": "Feature", "properties": { "ID": 922090100244, "正式名称": "石川耳鼻咽喉科医院", "機関区分": 2, "都道府県コード": 9, "市区町村コード": 201, "所在地": "栃木県宇都宮市一条", "緯度": 36.551791, "経度": 139.880004, "url": "https://www.iryou.teikyouseido.mhlw.go.jp/znk-web/juminkanja/S2430/initialize?prefCd=09&kikanCd=22090100244&kikanKbn=2", "url2": null, "内容": "石川耳鼻咽喉科医院【2:診療所】【診療科目:0】栃木県宇都宮市一条" }, "geometry": { "type": "Point", "coordinates": [ 139.880004, 36.551791 ] } },
{ "type": "Feature", "properties": { "ID": 922090100245, "正式名称": "石川内科小児科クリニック", "機関区分": 2, "都道府県コード": 9, "市区町村コード": 201, "所在地": "栃木県宇都宮市宿郷", "緯度": 36.556141, "経度": 139.901941, "url": "https://www.iryou.teikyouseido.mhlw.go.jp/znk-web/juminkanja/S2430/initialize?prefCd=09&kikanCd=22090100245&kikanKbn=2", "url2": "http://www.bunzishi.com", "内容": "石川内科小児科クリニック【2:診療所】【診療科目:0】栃木県宇都宮市宿郷" }, "geometry": { "type": "Point", "coordinates": [ 139.901941, 36.556141 ] } },
{ "type": "Feature", "properties": { "ID": 922090100248, "正式名称": "痛みの一条診療所", "機関区分": 2, "都道府県コード": 9, "市区町村コード": 201, "所在地": "栃木県宇都宮市一条", "緯度": 36.552127, "経度": 139.879377, "url": "https://www.iryou.teikyouseido.mhlw.go.jp/znk-web/juminkanja/S2430/initialize?prefCd=09&kikanCd=22090100248&kikanKbn=2", "url2": null, "内容": "痛みの一条診療所【2:診療所】【診療科目:0】栃木県宇都宮市一条" }, "geometry": { "type": "Point", "coordinates": [ 139.879377, 36.552127 ] } },
{ "type": "Feature", "properties": { "ID": 922090100249, "正式名称": "一番町クリニック", "機関区分": 2, "都道府県コード": 9, "市区町村コード": 201, "所在地": "栃木県宇都宮市一番町１－１０　小野川ビル２Ｆ", "緯度": 36.559724, "経度": 139.889964, "url": "https://www.iryou.teikyouseido.mhlw.go.jp/znk-web/juminkanja/S2430/initialize?prefCd=09&kikanCd=22090100249&kikanKbn=2", "url2": null, "内容": "一番町クリニック【2:診療所】【診療科目:0】栃木県宇都宮市一番町１－１０　小野川ビル２Ｆ" }, "geometry": { "type": "Point", "coordinates": [ 139.889964, 36.559724 ] } },
{ "type": "Feature", "properties": { "ID": 922090100252, "正式名称": "伊藤内科医院", "機関区分": 2, "都道府県コード": 9, "市区町村コード": 201, "所在地": "栃木県宇都宮市旭１ー４ー１４", "緯度": 36.554201, "経度": 139.884237, "url": "https://www.iryou.teikyouseido.mhlw.go.jp/znk-web/juminkanja/S2430/initialize?prefCd=09&kikanCd=22090100252&kikanKbn=2", "url2": "http://www.ito-naika.jp/", "内容": "伊藤内科医院【2:診療所】【診療科目:0】栃木県宇都宮市旭１ー４ー１４" }, "geometry": { "type": "Point", "coordinates": [ 139.884237, 36.554201 ] } },
{ "type": "Feature", "properties": { "ID": 922090100253, "正式名称": "稲野医院", "機関区分": 2, "都道府県コード": 9, "市区町村コード": 201, "所在地": "栃木県宇都宮市今泉４－１６－２２", "緯度": 36.565118, "経度": 139.898946, "url": "https://www.iryou.teikyouseido.mhlw.go.jp/znk-web/juminkanja/S2430/initialize?prefCd=09&kikanCd=22090100253&kikanKbn=2", "url2": "http://www.inano-clinic.com/", "内容": "稲野医院【2:診療所】【診療科目:0】栃木県宇都宮市今泉４－１６－２２" }, "geometry": { "type": "Point", "coordinates": [ 139.898946, 36.565118 ] } },
{ "type": "Feature", "properties": { "ID": 922090100254, "正式名称": "稲葉眼科", "機関区分": 2, "都道府県コード": 9, "市区町村コード": 201, "所在地": "栃木県宇都宮市中央一丁目４番１３号", "緯度": 36.558826, "経度": 139.883832, "url": "https://www.iryou.teikyouseido.mhlw.go.jp/znk-web/juminkanja/S2430/initialize?prefCd=09&kikanCd=22090100254&kikanKbn=2", "url2": "http://www.inabaganka.com", "内容": "稲葉眼科【2:診療所】【診療科目:0】栃木県宇都宮市中央一丁目４番１３号" }, "geometry": { "type": "Point", "coordinates": [ 139.883832, 36.558826 ] } },
{ "type": "Feature", "properties": { "ID": 922090100255, "正式名称": "猪岡内科", "機関区分": 2, "都道府県コード": 9, "市区町村コード": 201, "所在地": "栃木県宇都宮市陽東４－１－２", "緯度": 36.558836, "経度": 139.921237, "url": "https://www.iryou.teikyouseido.mhlw.go.jp/znk-web/juminkanja/S2430/initialize?prefCd=09&kikanCd=22090100255&kikanKbn=2", "url2": "http://www.inooka-naika.com/", "内容": "猪岡内科【2:診療所】【診療科目:0】栃木県宇都宮市陽東４－１－２" }, "geometry": { "type": "Point", "coordinates": [ 139.921237, 36.558836 ] } },
{ "type": "Feature", "properties": { "ID": 922090100258, "正式名称": "今泉ハートクリニック", "機関区分": 2, "都道府県コード": 9, "市区町村コード": 201, "所在地": "栃木県宇都宮市元今泉７－１９－１　クリニックステーションビル２階", "緯度": 36.565332, "経度": 139.912745, "url": "https://www.iryou.teikyouseido.mhlw.go.jp/znk-web/juminkanja/S2430/initialize?prefCd=09&kikanCd=22090100258&kikanKbn=2", "url2": "http://www.imaizumi-hc.jp", "内容": "今泉ハートクリニック【2:診療所】【診療科目:0】栃木県宇都宮市元今泉７－１９－１　クリニックステーションビル２階" }, "geometry": { "type": "Point", "coordinates": [ 139.912745, 36.565332 ] } },
{ "type": "Feature", "properties": { "ID": 922090100260, "正式名称": "金子眼科", "機関区分": 2, "都道府県コード": 9, "市区町村コード": 201, "所在地": "栃木県宇都宮市下荒針町３４７３－７４", "緯度": 36.562824, "経度": 139.839757, "url": "https://www.iryou.teikyouseido.mhlw.go.jp/znk-web/juminkanja/S2430/initialize?prefCd=09&kikanCd=22090100260&kikanKbn=2", "url2": "http://www.kaneko-ganka.com", "内容": "金子眼科【2:診療所】【診療科目:0】栃木県宇都宮市下荒針町３４７３－７４" }, "geometry": { "type": "Point", "coordinates": [ 139.839757, 36.562824 ] } },
{ "type": "Feature", "properties": { "ID": 922090100261, "正式名称": "医療法人社団　喜龍会　岩渕クリニック", "機関区分": 2, "都道府県コード": 9, "市区町村コード": 201, "所在地": "栃木県宇都宮市元今泉８－１－１", "緯度": 36.560588, "経度": 139.894236, "url": "https://www.iryou.teikyouseido.mhlw.go.jp/znk-web/juminkanja/S2430/initialize?prefCd=09&kikanCd=22090100261&kikanKbn=2", "url2": null, "内容": "医療法人社団　喜龍会　岩渕クリニック【2:診療所】【診療科目:0】栃木県宇都宮市元今泉８－１－１" }, "geometry": { "type": "Point", "coordinates": [ 139.894236, 36.560588 ] } },
{ "type": "Feature", "properties": { "ID": 922090100266, "正式名称": "うつのみや痛みのクリニック", "機関区分": 2, "都道府県コード": 9, "市区町村コード": 201, "所在地": "栃木県宇都宮市吉野２－８－１４", "緯度": 36.543911, "経度": 139.870844, "url": "https://www.iryou.teikyouseido.mhlw.go.jp/znk-web/juminkanja/S2430/initialize?prefCd=09&kikanCd=22090100266&kikanKbn=2", "url2": null, "内容": "うつのみや痛みのクリニック【2:診療所】【診療科目:0】栃木県宇都宮市吉野２－８－１４" }, "geometry": { "type": "Point", "coordinates": [ 139.870844, 36.543911 ] } },
{ "type": "Feature", "properties": { "ID": 922090100269, "正式名称": "宇都宮健康クリニック", "機関区分": 2, "都道府県コード": 9, "市区町村コード": 201, "所在地": "栃木県宇都宮市徳次郎町５－５", "緯度": 36.630364, "経度": 139.847837, "url": "https://www.iryou.teikyouseido.mhlw.go.jp/znk-web/juminkanja/S2430/initialize?prefCd=09&kikanCd=22090100269&kikanKbn=2", "url2": null, "内容": "宇都宮健康クリニック【2:診療所】【診療科目:0】栃木県宇都宮市徳次郎町５－５" }, "geometry": { "type": "Point", "coordinates": [ 139.847837, 36.630364 ] } },
{ "type": "Feature", "properties": { "ID": 922090100273, "正式名称": "宇都宮スキンケアクリニック", "機関区分": 2, "都道府県コード": 9, "市区町村コード": 201, "所在地": "栃木県宇都宮市東宿郷３－１－１　中央宇都宮ビル６０１", "緯度": 36.557958, "経度": 139.903769, "url": "https://www.iryou.teikyouseido.mhlw.go.jp/znk-web/juminkanja/S2430/initialize?prefCd=09&kikanCd=22090100273&kikanKbn=2", "url2": "http://www.u-scc.com", "内容": "宇都宮スキンケアクリニック【2:診療所】【診療科目:0】栃木県宇都宮市東宿郷３－１－１　中央宇都宮ビル６０１" }, "geometry": { "type": "Point", "coordinates": [ 139.903769, 36.557958 ] } },
{ "type": "Feature", "properties": { "ID": 922090100274, "正式名称": "宇都宮竹内クリニック", "機関区分": 2, "都道府県コード": 9, "市区町村コード": 201, "所在地": "栃木県宇都宮市駅前通り１―１―９　駅前通り第一ビル６階", "緯度": 36.561285, "経度": 139.896408, "url": "https://www.iryou.teikyouseido.mhlw.go.jp/znk-web/juminkanja/S2430/initialize?prefCd=09&kikanCd=22090100274&kikanKbn=2", "url2": "http://www.takeuchiclinic.com", "内容": "宇都宮竹内クリニック【2:診療所】【診療科目:0】栃木県宇都宮市駅前通り１―１―９　駅前通り第一ビル６階" }, "geometry": { "type": "Point", "coordinates": [ 139.896408, 36.561285 ] } },
{ "type": "Feature", "properties": { "ID": 922090100275, "正式名称": "医療法人　三秀会　宇都宮中央クリニック", "機関区分": 2, "都道府県コード": 9, "市区町村コード": 201, "所在地": "栃木県宇都宮市中央１丁目７－１", "緯度": 36.558874, "経度": 139.882168, "url": "https://www.iryou.teikyouseido.mhlw.go.jp/znk-web/juminkanja/S2430/initialize?prefCd=09&kikanCd=22090100275&kikanKbn=2", "url2": "https://www.centralclinic.or.jp", "内容": "医療法人　三秀会　宇都宮中央クリニック【2:診療所】【診療科目:0】栃木県宇都宮市中央１丁目７－１" }, "geometry": { "type": "Point", "coordinates": [ 139.882168, 36.558874 ] } },
{ "type": "Feature", "properties": { "ID": 922090100276, "正式名称": "宇都宮東部クリニック", "機関区分": 2, "都道府県コード": 9, "市区町村コード": 201, "所在地": "栃木県宇都宮市清原台５－１４－１９", "緯度": 36.551834, "経度": 139.996011, "url": "https://www.iryou.teikyouseido.mhlw.go.jp/znk-web/juminkanja/S2430/initialize?prefCd=09&kikanCd=22090100276&kikanKbn=2", "url2": "http://www.tobucl.jp/", "内容": "宇都宮東部クリニック【2:診療所】【診療科目:0】栃木県宇都宮市清原台５－１４－１９" }, "geometry": { "type": "Point", "coordinates": [ 139.996011, 36.551834 ] } },
{ "type": "Feature", "properties": { "ID": 922090100280, "正式名称": "江曽島眼科医院", "機関区分": 2, "都道府県コード": 9, "市区町村コード": 201, "所在地": "栃木県宇都宮市双葉２－１－７", "緯度": 36.528176, "経度": 139.861382, "url": "https://www.iryou.teikyouseido.mhlw.go.jp/znk-web/juminkanja/S2430/initialize?prefCd=09&kikanCd=22090100280&kikanKbn=2", "url2": null, "内容": "江曽島眼科医院【2:診療所】【診療科目:0】栃木県宇都宮市双葉２－１－７" }, "geometry": { "type": "Point", "coordinates": [ 139.861382, 36.528176 ] } },
{ "type": "Feature", "properties": { "ID": 922090100281, "正式名称": "えのきはらクリニック", "機関区分": 2, "都道府県コード": 9, "市区町村コード": 201, "所在地": "栃木県宇都宮市下栗", "緯度": 36.537253, "経度": 139.902098, "url": "https://www.iryou.teikyouseido.mhlw.go.jp/znk-web/juminkanja/S2430/initialize?prefCd=09&kikanCd=22090100281&kikanKbn=2", "url2": "http://www.enokihara-cl.jp", "内容": "えのきはらクリニック【2:診療所】【診療科目:0】栃木県宇都宮市下栗" }, "geometry": { "type": "Point", "coordinates": [ 139.902098, 36.537253 ] } },
{ "type": "Feature", "properties": { "ID": 922090100282, "正式名称": "医療法人社団映仁会江野町医院", "機関区分": 2, "都道府県コード": 9, "市区町村コード": 201, "所在地": "栃木県宇都宮市江野町７－８　堺屋ビル２階", "緯度": 36.560215, "経度": 139.881932, "url": "https://www.iryou.teikyouseido.mhlw.go.jp/znk-web/juminkanja/S2430/initialize?prefCd=09&kikanCd=22090100282&kikanKbn=2", "url2": null, "内容": "医療法人社団映仁会江野町医院【2:診療所】【診療科目:0】栃木県宇都宮市江野町７－８　堺屋ビル２階" }, "geometry": { "type": "Point", "coordinates": [ 139.881932, 36.560215 ] } },
{ "type": "Feature", "properties": { "ID": 922090100284, "正式名称": "大岡医院", "機関区分": 2, "都道府県コード": 9, "市区町村コード": 201, "所在地": "栃木県宇都宮市一ノ沢町２７４－７", "緯度": 36.574841, "経度": 139.859754, "url": "https://www.iryou.teikyouseido.mhlw.go.jp/znk-web/juminkanja/S2430/initialize?prefCd=09&kikanCd=22090100284&kikanKbn=2", "url2": null, "内容": "大岡医院【2:診療所】【診療科目:0】栃木県宇都宮市一ノ沢町２７４－７" }, "geometry": { "type": "Point", "coordinates": [ 139.859754, 36.574841 ] } },
{ "type": "Feature", "properties": { "ID": 922090100286, "正式名称": "医療法人　雄三会　おおくぼ眼科", "機関区分": 2, "都道府県コード": 9, "市区町村コード": 201, "所在地": "栃木県宇都宮市平松本町", "緯度": 36.542723, "経度": 139.904883, "url": "https://www.iryou.teikyouseido.mhlw.go.jp/znk-web/juminkanja/S2430/initialize?prefCd=09&kikanCd=22090100286&kikanKbn=2", "url2": "http://www.ohkubo-ganka.jp", "内容": "医療法人　雄三会　おおくぼ眼科【2:診療所】【診療科目:0】栃木県宇都宮市平松本町" }, "geometry": { "type": "Point", "coordinates": [ 139.904883, 36.542723 ] } },
{ "type": "Feature", "properties": { "ID": 922090100292, "正式名称": "大野クリニック", "機関区分": 2, "都道府県コード": 9, "市区町村コード": 201, "所在地": "栃木県宇都宮市元今泉４－２－１５", "緯度": 36.56214, "経度": 139.908038, "url": "https://www.iryou.teikyouseido.mhlw.go.jp/znk-web/juminkanja/S2430/initialize?prefCd=09&kikanCd=22090100292&kikanKbn=2", "url2": "http://oonocl.o.oo7.jp/", "内容": "大野クリニック【2:診療所】【診療科目:0】栃木県宇都宮市元今泉４－２－１５" }, "geometry": { "type": "Point", "coordinates": [ 139.908038, 36.56214 ] } },
{ "type": "Feature", "properties": { "ID": 922090100296, "正式名称": "医療法人大林クリニック", "機関区分": 2, "都道府県コード": 9, "市区町村コード": 201, "所在地": "栃木県宇都宮市簗瀬町２５６１－８", "緯度": 36.540679, "経度": 139.897336, "url": "https://www.iryou.teikyouseido.mhlw.go.jp/znk-web/juminkanja/S2430/initialize?prefCd=09&kikanCd=22090100296&kikanKbn=2", "url2": "https://www.ohbnet.com/", "内容": "医療法人大林クリニック【2:診療所】【診療科目:0】栃木県宇都宮市簗瀬町２５６１－８" }, "geometry": { "type": "Point", "coordinates": [ 139.897336, 36.540679 ] } },
{ "type": "Feature", "properties": { "ID": 922090100298, "正式名称": "医療法人恒友会　大和田内科・循環器科・胃腸科", "機関区分": 2, "都道府県コード": 9, "市区町村コード": 201, "所在地": "栃木県宇都宮市雀の宮４－３－１４", "緯度": 36.493685, "経度": 139.872, "url": "https://www.iryou.teikyouseido.mhlw.go.jp/znk-web/juminkanja/S2430/initialize?prefCd=09&kikanCd=22090100298&kikanKbn=2", "url2": "http://www.ohwada-naika.com/", "内容": "医療法人恒友会　大和田内科・循環器科・胃腸科【2:診療所】【診療科目:0】栃木県宇都宮市雀の宮４－３－１４" }, "geometry": { "type": "Point", "coordinates": [ 139.872, 36.493685 ] } },
{ "type": "Feature", "properties": { "ID": 922090100300, "正式名称": "岡田記念耳鼻咽喉科クリニック", "機関区分": 2, "都道府県コード": 9, "市区町村コード": 201, "所在地": "栃木県宇都宮市宿郷３－１９－５", "緯度": 36.554277, "経度": 139.90826, "url": "https://www.iryou.teikyouseido.mhlw.go.jp/znk-web/juminkanja/S2430/initialize?prefCd=09&kikanCd=22090100300&kikanKbn=2", "url2": null, "内容": "岡田記念耳鼻咽喉科クリニック【2:診療所】【診療科目:0】栃木県宇都宮市宿郷３－１９－５" }, "geometry": { "type": "Point", "coordinates": [ 139.90826, 36.554277 ] } },
{ "type": "Feature", "properties": { "ID": 922090100304, "正式名称": "小野整形外科", "機関区分": 2, "都道府県コード": 9, "市区町村コード": 201, "所在地": "栃木県宇都宮市元今泉２－２１－１１", "緯度": 36.563448, "経度": 139.900641, "url": "https://www.iryou.teikyouseido.mhlw.go.jp/znk-web/juminkanja/S2430/initialize?prefCd=09&kikanCd=22090100304&kikanKbn=2", "url2": "https://www.onoseikeigeka.jp/", "内容": "小野整形外科【2:診療所】【診療科目:0】栃木県宇都宮市元今泉２－２１－１１" }, "geometry": { "type": "Point", "coordinates": [ 139.900641, 36.563448 ] } },
{ "type": "Feature", "properties": { "ID": 922090100306, "正式名称": "海賀医院", "機関区分": 2, "都道府県コード": 9, "市区町村コード": 201, "所在地": "栃木県宇都宮市宿郷３丁目２１番１９号", "緯度": 36.556114, "経度": 139.91066, "url": "https://www.iryou.teikyouseido.mhlw.go.jp/znk-web/juminkanja/S2430/initialize?prefCd=09&kikanCd=22090100306&kikanKbn=2", "url2": null, "内容": "海賀医院【2:診療所】【診療科目:0】栃木県宇都宮市宿郷３丁目２１番１９号" }, "geometry": { "type": "Point", "coordinates": [ 139.91066, 36.556114 ] } },
{ "type": "Feature", "properties": { "ID": 922090100310, "正式名称": "加藤耳鼻咽喉科医院", "機関区分": 2, "都道府県コード": 9, "市区町村コード": 201, "所在地": "栃木県宇都宮市西川田５丁目１６－１０", "緯度": 36.512477, "経度": 139.851683, "url": "https://www.iryou.teikyouseido.mhlw.go.jp/znk-web/juminkanja/S2430/initialize?prefCd=09&kikanCd=22090100310&kikanKbn=2", "url2": null, "内容": "加藤耳鼻咽喉科医院【2:診療所】【診療科目:0】栃木県宇都宮市西川田５丁目１６－１０" }, "geometry": { "type": "Point", "coordinates": [ 139.851683, 36.512477 ] } },
{ "type": "Feature", "properties": { "ID": 922090100314, "正式名称": "医療法人社団　金子内科医院", "機関区分": 2, "都道府県コード": 9, "市区町村コード": 201, "所在地": "栃木県宇都宮市昭和１丁目１番３１号", "緯度": 36.565328, "経度": 139.881359, "url": "https://www.iryou.teikyouseido.mhlw.go.jp/znk-web/juminkanja/S2430/initialize?prefCd=09&kikanCd=22090100314&kikanKbn=2", "url2": "https://www.kanekonaikaiin.com", "内容": "医療法人社団　金子内科医院【2:診療所】【診療科目:0】栃木県宇都宮市昭和１丁目１番３１号" }, "geometry": { "type": "Point", "coordinates": [ 139.881359, 36.565328 ] } },
{ "type": "Feature", "properties": { "ID": 922090100315, "正式名称": "医療法人亀田内科", "機関区分": 2, "都道府県コード": 9, "市区町村コード": 201, "所在地": "栃木県宇都宮市一番町１－２８", "緯度": 36.559368, "経度": 139.88857, "url": "https://www.iryou.teikyouseido.mhlw.go.jp/znk-web/juminkanja/S2430/initialize?prefCd=09&kikanCd=22090100315&kikanKbn=2", "url2": null, "内容": "医療法人亀田内科【2:診療所】【診療科目:0】栃木県宇都宮市一番町１－２８" }, "geometry": { "type": "Point", "coordinates": [ 139.88857, 36.559368 ] } },
{ "type": "Feature", "properties": { "ID": 922090100319, "正式名称": "かんけクリニック", "機関区分": 2, "都道府県コード": 9, "市区町村コード": 201, "所在地": "栃木県宇都宮市宿郷２－８－５", "緯度": 36.554738, "経度": 139.900791, "url": "https://www.iryou.teikyouseido.mhlw.go.jp/znk-web/juminkanja/S2430/initialize?prefCd=09&kikanCd=22090100319&kikanKbn=2", "url2": "http://www.kankeclinic.jp", "内容": "かんけクリニック【2:診療所】【診療科目:0】栃木県宇都宮市宿郷２－８－５" }, "geometry": { "type": "Point", "coordinates": [ 139.900791, 36.554738 ] } },
{ "type": "Feature", "properties": { "ID": 922090100320, "正式名称": "菊池整形外科医院", "機関区分": 2, "都道府県コード": 9, "市区町村コード": 201, "所在地": "栃木県宇都宮市砂田町３６９－１", "緯度": 36.50741, "経度": 139.912142, "url": "https://www.iryou.teikyouseido.mhlw.go.jp/znk-web/juminkanja/S2430/initialize?prefCd=09&kikanCd=22090100320&kikanKbn=2", "url2": null, "内容": "菊池整形外科医院【2:診療所】【診療科目:0】栃木県宇都宮市砂田町３６９－１" }, "geometry": { "type": "Point", "coordinates": [ 139.912142, 36.50741 ] } },
{ "type": "Feature", "properties": { "ID": 922090100322, "正式名称": "きたかんとうクリニック", "機関区分": 2, "都道府県コード": 9, "市区町村コード": 201, "所在地": "栃木県宇都宮市不動前１－３－１４", "緯度": 36.545999, "経度": 139.879821, "url": "https://www.iryou.teikyouseido.mhlw.go.jp/znk-web/juminkanja/S2430/initialize?prefCd=09&kikanCd=22090100322&kikanKbn=2", "url2": null, "内容": "きたかんとうクリニック【2:診療所】【診療科目:0】栃木県宇都宮市不動前１－３－１４" }, "geometry": { "type": "Point", "coordinates": [ 139.879821, 36.545999 ] } },
{ "type": "Feature", "properties": { "ID": 922090100323, "正式名称": "木村内科", "機関区分": 2, "都道府県コード": 9, "市区町村コード": 201, "所在地": "栃木県宇都宮市塙田３－３－４", "緯度": 36.56384, "経度": 139.889061, "url": "https://www.iryou.teikyouseido.mhlw.go.jp/znk-web/juminkanja/S2430/initialize?prefCd=09&kikanCd=22090100323&kikanKbn=2", "url2": "https://www.kimuranaikautsunomiya.com/", "内容": "木村内科【2:診療所】【診療科目:0】栃木県宇都宮市塙田３－３－４" }, "geometry": { "type": "Point", "coordinates": [ 139.889061, 36.56384 ] } },
{ "type": "Feature", "properties": { "ID": 922090100324, "正式名称": "きむら内科クリニック", "機関区分": 2, "都道府県コード": 9, "市区町村コード": 201, "所在地": "栃木県宇都宮市鶴田町１４８２－１", "緯度": 36.544664, "経度": 139.848359, "url": "https://www.iryou.teikyouseido.mhlw.go.jp/znk-web/juminkanja/S2430/initialize?prefCd=09&kikanCd=22090100324&kikanKbn=2", "url2": null, "内容": "きむら内科クリニック【2:診療所】【診療科目:0】栃木県宇都宮市鶴田町１４８２－１" }, "geometry": { "type": "Point", "coordinates": [ 139.848359, 36.544664 ] } },
{ "type": "Feature", "properties": { "ID": 922090100325, "正式名称": "医療法人明友会　きむら整形外科・循環器内科クリニック", "機関区分": 2, "都道府県コード": 9, "市区町村コード": 201, "所在地": "栃木県宇都宮市針ケ谷町５１７ー７", "緯度": 36.490648, "経度": 139.851968, "url": "https://www.iryou.teikyouseido.mhlw.go.jp/znk-web/juminkanja/S2430/initialize?prefCd=09&kikanCd=22090100325&kikanKbn=2", "url2": "https://kimura-clinic.jp/", "内容": "医療法人明友会　きむら整形外科・循環器内科クリニック【2:診療所】【診療科目:0】栃木県宇都宮市針ケ谷町５１７ー７" }, "geometry": { "type": "Point", "coordinates": [ 139.851968, 36.490648 ] } },
{ "type": "Feature", "properties": { "ID": 922090100326, "正式名称": "杏林堂　藤田医院", "機関区分": 2, "都道府県コード": 9, "市区町村コード": 201, "所在地": "栃木県宇都宮市石井町２３３９", "緯度": 36.543219, "経度": 139.95452, "url": "https://www.iryou.teikyouseido.mhlw.go.jp/znk-web/juminkanja/S2430/initialize?prefCd=09&kikanCd=22090100326&kikanKbn=2", "url2": null, "内容": "杏林堂　藤田医院【2:診療所】【診療科目:0】栃木県宇都宮市石井町２３３９" }, "geometry": { "type": "Point", "coordinates": [ 139.95452, 36.543219 ] } },
{ "type": "Feature", "properties": { "ID": 922090100327, "正式名称": "医療法人創美会　共立美容外科　宇都宮院", "機関区分": 2, "都道府県コード": 9, "市区町村コード": 201, "所在地": "栃木県宇都宮市駅前通り２－３－５　ユニマットビル３Ｆ", "緯度": 36.558024, "経度": 139.89557, "url": "https://www.iryou.teikyouseido.mhlw.go.jp/znk-web/juminkanja/S2430/initialize?prefCd=09&kikanCd=22090100327&kikanKbn=2", "url2": "http://www.kyoritsu-u.com", "内容": "医療法人創美会　共立美容外科　宇都宮院【2:診療所】【診療科目:0】栃木県宇都宮市駅前通り２－３－５　ユニマットビル３Ｆ" }, "geometry": { "type": "Point", "coordinates": [ 139.89557, 36.558024 ] } },
{ "type": "Feature", "properties": { "ID": 922090100329, "正式名称": "久保川皮膚科医院", "機関区分": 2, "都道府県コード": 9, "市区町村コード": 201, "所在地": "栃木県宇都宮市若草４－１４－１８", "緯度": 36.584773, "経度": 139.857124, "url": "https://www.iryou.teikyouseido.mhlw.go.jp/znk-web/juminkanja/S2430/initialize?prefCd=09&kikanCd=22090100329&kikanKbn=2", "url2": "http://kubokawahihuka.jp", "内容": "久保川皮膚科医院【2:診療所】【診療科目:0】栃木県宇都宮市若草４－１４－１８" }, "geometry": { "type": "Point", "coordinates": [ 139.857124, 36.584773 ] } },
{ "type": "Feature", "properties": { "ID": 922090100330, "正式名称": "医療法人くぼた眼科　くぼた眼科", "機関区分": 2, "都道府県コード": 9, "市区町村コード": 201, "所在地": "栃木県宇都宮市雀の宮４－７－２６", "緯度": 36.492397, "経度": 139.868836, "url": "https://www.iryou.teikyouseido.mhlw.go.jp/znk-web/juminkanja/S2430/initialize?prefCd=09&kikanCd=22090100330&kikanKbn=2", "url2": "http://www.kubota-eyeclinic.com/", "内容": "医療法人くぼた眼科　くぼた眼科【2:診療所】【診療科目:0】栃木県宇都宮市雀の宮４－７－２６" }, "geometry": { "type": "Point", "coordinates": [ 139.868836, 36.492397 ] } },
{ "type": "Feature", "properties": { "ID": 922090100332, "正式名称": "倉井清彦内科医院", "機関区分": 2, "都道府県コード": 9, "市区町村コード": 201, "所在地": "栃木県宇都宮市平松本町３２６－４", "緯度": 36.545484, "経度": 139.907211, "url": "https://www.iryou.teikyouseido.mhlw.go.jp/znk-web/juminkanja/S2430/initialize?prefCd=09&kikanCd=22090100332&kikanKbn=2", "url2": "http://www.kurai-naika.net", "内容": "倉井清彦内科医院【2:診療所】【診療科目:0】栃木県宇都宮市平松本町３２６－４" }, "geometry": { "type": "Point", "coordinates": [ 139.907211, 36.545484 ] } },
{ "type": "Feature", "properties": { "ID": 922090100334, "正式名称": "倉持整形外科　徳次郎", "機関区分": 2, "都道府県コード": 9, "市区町村コード": 201, "所在地": "栃木県宇都宮市徳次郎町７３２－４", "緯度": 36.649917, "経度": 139.84122, "url": "https://www.iryou.teikyouseido.mhlw.go.jp/znk-web/juminkanja/S2430/initialize?prefCd=09&kikanCd=22090100334&kikanKbn=2", "url2": null, "内容": "倉持整形外科　徳次郎【2:診療所】【診療科目:0】栃木県宇都宮市徳次郎町７３２－４" }, "geometry": { "type": "Point", "coordinates": [ 139.84122, 36.649917 ] } },
{ "type": "Feature", "properties": { "ID": 922090100335, "正式名称": "かわまたキッズクリニック", "機関区分": 2, "都道府県コード": 9, "市区町村コード": 201, "所在地": "栃木県宇都宮市兵庫塚町１７７－７", "緯度": 36.500548, "経度": 139.854217, "url": "https://www.iryou.teikyouseido.mhlw.go.jp/znk-web/juminkanja/S2430/initialize?prefCd=09&kikanCd=22090100335&kikanKbn=2", "url2": "http://www.kawamatakids.jp/", "内容": "かわまたキッズクリニック【2:診療所】【診療科目:0】栃木県宇都宮市兵庫塚町１７７－７" }, "geometry": { "type": "Point", "coordinates": [ 139.854217, 36.500548 ] } },
{ "type": "Feature", "properties": { "ID": 922090100336, "正式名称": "黒須クリニック", "機関区分": 2, "都道府県コード": 9, "市区町村コード": 201, "所在地": "栃木県宇都宮市西１－１－３２", "緯度": 36.559721, "経度": 139.879007, "url": "https://www.iryou.teikyouseido.mhlw.go.jp/znk-web/juminkanja/S2430/initialize?prefCd=09&kikanCd=22090100336&kikanKbn=2", "url2": "http://www.cross-clinic.jp", "内容": "黒須クリニック【2:診療所】【診療科目:0】栃木県宇都宮市西１－１－３２" }, "geometry": { "type": "Point", "coordinates": [ 139.879007, 36.559721 ] } },
{ "type": "Feature", "properties": { "ID": 922090100339, "正式名称": "越戸クリニック", "機関区分": 2, "都道府県コード": 9, "市区町村コード": 201, "所在地": "栃木県宇都宮市越戸町１３９－６", "緯度": 36.570782, "経度": 139.922238, "url": "https://www.iryou.teikyouseido.mhlw.go.jp/znk-web/juminkanja/S2430/initialize?prefCd=09&kikanCd=22090100339&kikanKbn=2", "url2": null, "内容": "越戸クリニック【2:診療所】【診療科目:0】栃木県宇都宮市越戸町１３９－６" }, "geometry": { "type": "Point", "coordinates": [ 139.922238, 36.570782 ] } },
{ "type": "Feature", "properties": { "ID": 922090100341, "正式名称": "小島内科医院", "機関区分": 2, "都道府県コード": 9, "市区町村コード": 201, "所在地": "栃木県宇都宮市東原町５－３", "緯度": 36.529812, "経度": 139.856587, "url": "https://www.iryou.teikyouseido.mhlw.go.jp/znk-web/juminkanja/S2430/initialize?prefCd=09&kikanCd=22090100341&kikanKbn=2", "url2": "https://www.kojimanaika-iin.com/", "内容": "小島内科医院【2:診療所】【診療科目:0】栃木県宇都宮市東原町５－３" }, "geometry": { "type": "Point", "coordinates": [ 139.856587, 36.529812 ] } },
{ "type": "Feature", "properties": { "ID": 922090100342, "正式名称": "小嶋内科", "機関区分": 2, "都道府県コード": 9, "市区町村コード": 201, "所在地": "栃木県宇都宮市京町", "緯度": 36.552249, "経度": 139.868658, "url": "https://www.iryou.teikyouseido.mhlw.go.jp/znk-web/juminkanja/S2430/initialize?prefCd=09&kikanCd=22090100342&kikanKbn=2", "url2": null, "内容": "小嶋内科【2:診療所】【診療科目:0】栃木県宇都宮市京町" }, "geometry": { "type": "Point", "coordinates": [ 139.868658, 36.552249 ] } },
{ "type": "Feature", "properties": { "ID": 922090100345, "正式名称": "後藤整形外科医院", "機関区分": 2, "都道府県コード": 9, "市区町村コード": 201, "所在地": "栃木県宇都宮市上戸祭町５９２－１０", "緯度": 36.583379, "経度": 139.870284, "url": "https://www.iryou.teikyouseido.mhlw.go.jp/znk-web/juminkanja/S2430/initialize?prefCd=09&kikanCd=22090100345&kikanKbn=2", "url2": null, "内容": "後藤整形外科医院【2:診療所】【診療科目:0】栃木県宇都宮市上戸祭町５９２－１０" }, "geometry": { "type": "Point", "coordinates": [ 139.870284, 36.583379 ] } },
{ "type": "Feature", "properties": { "ID": 922090100346, "正式名称": "こどもケ丘診療所", "機関区分": 2, "都道府県コード": 9, "市区町村コード": 201, "所在地": "栃木県宇都宮市西川田町１８３−２１", "緯度": 36.515091, "経度": 139.842164, "url": "https://www.iryou.teikyouseido.mhlw.go.jp/znk-web/juminkanja/S2430/initialize?prefCd=09&kikanCd=22090100346&kikanKbn=2", "url2": "https://www.kodomogaoka.com", "内容": "こどもケ丘診療所【2:診療所】【診療科目:0】栃木県宇都宮市西川田町１８３−２１" }, "geometry": { "type": "Point", "coordinates": [ 139.842164, 36.515091 ] } },
{ "type": "Feature", "properties": { "ID": 922090100348, "正式名称": "医療法人社団公生会小林内科医院", "機関区分": 2, "都道府県コード": 9, "市区町村コード": 201, "所在地": "栃木県宇都宮市戸祭２－１１－４３", "緯度": 36.572746, "経度": 139.863293, "url": "https://www.iryou.teikyouseido.mhlw.go.jp/znk-web/juminkanja/S2430/initialize?prefCd=09&kikanCd=22090100348&kikanKbn=2", "url2": null, "内容": "医療法人社団公生会小林内科医院【2:診療所】【診療科目:0】栃木県宇都宮市戸祭２－１１－４３" }, "geometry": { "type": "Point", "coordinates": [ 139.863293, 36.572746 ] } },
{ "type": "Feature", "properties": { "ID": 922090100349, "正式名称": "小松医院", "機関区分": 2, "都道府県コード": 9, "市区町村コード": 201, "所在地": "栃木県宇都宮市西川田町９８８ー１０", "緯度": 36.531737, "経度": 139.851852, "url": "https://www.iryou.teikyouseido.mhlw.go.jp/znk-web/juminkanja/S2430/initialize?prefCd=09&kikanCd=22090100349&kikanKbn=2", "url2": null, "内容": "小松医院【2:診療所】【診療科目:0】栃木県宇都宮市西川田町９８８ー１０" }, "geometry": { "type": "Point", "coordinates": [ 139.851852, 36.531737 ] } },
{ "type": "Feature", "properties": { "ID": 922090100350, "正式名称": "医療法人　駒生内科クリニック", "機関区分": 2, "都道府県コード": 9, "市区町村コード": 201, "所在地": "栃木県宇都宮市駒生町１２７４－５", "緯度": 36.578409, "経度": 139.842845, "url": "https://www.iryou.teikyouseido.mhlw.go.jp/znk-web/juminkanja/S2430/initialize?prefCd=09&kikanCd=22090100350&kikanKbn=2", "url2": "http://www.komanyu-clinic.com", "内容": "医療法人　駒生内科クリニック【2:診療所】【診療科目:0】栃木県宇都宮市駒生町１２７４－５" }, "geometry": { "type": "Point", "coordinates": [ 139.842845, 36.578409 ] } },
{ "type": "Feature", "properties": { "ID": 922090100353, "正式名称": "五味渕整形外科医院", "機関区分": 2, "都道府県コード": 9, "市区町村コード": 201, "所在地": "栃木県宇都宮市鶴田町６７５－２２", "緯度": 36.563702, "経度": 139.858536, "url": "https://www.iryou.teikyouseido.mhlw.go.jp/znk-web/juminkanja/S2430/initialize?prefCd=09&kikanCd=22090100353&kikanKbn=2", "url2": null, "内容": "五味渕整形外科医院【2:診療所】【診療科目:0】栃木県宇都宮市鶴田町６７５－２２" }, "geometry": { "type": "Point", "coordinates": [ 139.858536, 36.563702 ] } },
{ "type": "Feature", "properties": { "ID": 922090100354, "正式名称": "昆野クリニック", "機関区分": 2, "都道府県コード": 9, "市区町村コード": 201, "所在地": "栃木県宇都宮市上籠谷町３３１４－４", "緯度": 36.505059, "経度": 139.968271, "url": "https://www.iryou.teikyouseido.mhlw.go.jp/znk-web/juminkanja/S2430/initialize?prefCd=09&kikanCd=22090100354&kikanKbn=2", "url2": null, "内容": "昆野クリニック【2:診療所】【診療科目:0】栃木県宇都宮市上籠谷町３３１４－４" }, "geometry": { "type": "Point", "coordinates": [ 139.968271, 36.505059 ] } },
{ "type": "Feature", "properties": { "ID": 922090100359, "正式名称": "さいとうクリニック", "機関区分": 2, "都道府県コード": 9, "市区町村コード": 201, "所在地": "栃木県宇都宮市駒生町", "緯度": 36.581931, "経度": 139.840033, "url": "https://www.iryou.teikyouseido.mhlw.go.jp/znk-web/juminkanja/S2430/initialize?prefCd=09&kikanCd=22090100359&kikanKbn=2", "url2": null, "内容": "さいとうクリニック【2:診療所】【診療科目:0】栃木県宇都宮市駒生町" }, "geometry": { "type": "Point", "coordinates": [ 139.840033, 36.581931 ] } },
{ "type": "Feature", "properties": { "ID": 922090100360, "正式名称": "齋藤内科医院", "機関区分": 2, "都道府県コード": 9, "市区町村コード": 201, "所在地": "栃木県宇都宮市桜１－４－１６", "緯度": 36.56197, "経度": 139.869791, "url": "https://www.iryou.teikyouseido.mhlw.go.jp/znk-web/juminkanja/S2430/initialize?prefCd=09&kikanCd=22090100360&kikanKbn=2", "url2": "http://www.saito-cl.com/", "内容": "齋藤内科医院【2:診療所】【診療科目:0】栃木県宇都宮市桜１－４－１６" }, "geometry": { "type": "Point", "coordinates": [ 139.869791, 36.56197 ] } },
{ "type": "Feature", "properties": { "ID": 922090100361, "正式名称": "齋藤内科クリニック", "機関区分": 2, "都道府県コード": 9, "市区町村コード": 201, "所在地": "栃木県宇都宮市清原台", "緯度": 36.566435, "経度": 139.986046, "url": "https://www.iryou.teikyouseido.mhlw.go.jp/znk-web/juminkanja/S2430/initialize?prefCd=09&kikanCd=22090100361&kikanKbn=2", "url2": null, "内容": "齋藤内科クリニック【2:診療所】【診療科目:0】栃木県宇都宮市清原台" }, "geometry": { "type": "Point", "coordinates": [ 139.986046, 36.566435 ] } },
{ "type": "Feature", "properties": { "ID": 922090100367, "正式名称": "さくら診療所", "機関区分": 2, "都道府県コード": 9, "市区町村コード": 201, "所在地": "栃木県宇都宮市下桑島町１２０３－３", "緯度": 36.506855, "経度": 139.913775, "url": "https://www.iryou.teikyouseido.mhlw.go.jp/znk-web/juminkanja/S2430/initialize?prefCd=09&kikanCd=22090100367&kikanKbn=2", "url2": "http://www.sakurajunkaikensin.jp", "内容": "さくら診療所【2:診療所】【診療科目:0】栃木県宇都宮市下桑島町１２０３－３" }, "geometry": { "type": "Point", "coordinates": [ 139.913775, 36.506855 ] } },
{ "type": "Feature", "properties": { "ID": 922090100369, "正式名称": "医療法人佐藤皮フ科クリニック", "機関区分": 2, "都道府県コード": 9, "市区町村コード": 201, "所在地": "栃木県宇都宮市大塚町", "緯度": 36.534987, "経度": 139.858476, "url": "https://www.iryou.teikyouseido.mhlw.go.jp/znk-web/juminkanja/S2430/initialize?prefCd=09&kikanCd=22090100369&kikanKbn=2", "url2": "http://www.sato-hifuka.com", "内容": "医療法人佐藤皮フ科クリニック【2:診療所】【診療科目:0】栃木県宇都宮市大塚町" }, "geometry": { "type": "Point", "coordinates": [ 139.858476, 36.534987 ] } },
{ "type": "Feature", "properties": { "ID": 922090100371, "正式名称": "こうがめクリニック", "機関区分": 2, "都道府県コード": 9, "市区町村コード": 201, "所在地": "栃木県宇都宮市江曽島町１３２４ー２", "緯度": 36.527274, "経度": 139.877317, "url": "https://www.iryou.teikyouseido.mhlw.go.jp/znk-web/juminkanja/S2430/initialize?prefCd=09&kikanCd=22090100371&kikanKbn=2", "url2": null, "内容": "こうがめクリニック【2:診療所】【診療科目:0】栃木県宇都宮市江曽島町１３２４ー２" }, "geometry": { "type": "Point", "coordinates": [ 139.877317, 36.527274 ] } },
{ "type": "Feature", "properties": { "ID": 922090100375, "正式名称": "耳鼻咽喉科すがわらクリニック", "機関区分": 2, "都道府県コード": 9, "市区町村コード": 201, "所在地": "栃木県宇都宮市平松本町１２０４－２", "緯度": 36.538851, "経度": 139.904095, "url": "https://www.iryou.teikyouseido.mhlw.go.jp/znk-web/juminkanja/S2430/initialize?prefCd=09&kikanCd=22090100375&kikanKbn=2", "url2": null, "内容": "耳鼻咽喉科すがわらクリニック【2:診療所】【診療科目:0】栃木県宇都宮市平松本町１２０４－２" }, "geometry": { "type": "Point", "coordinates": [ 139.904095, 36.538851 ] } },
{ "type": "Feature", "properties": { "ID": 922090100376, "正式名称": "渋川小児科医院", "機関区分": 2, "都道府県コード": 9, "市区町村コード": 201, "所在地": "栃木県宇都宮市花房２－４－５", "緯度": 36.550866, "経度": 139.878582, "url": "https://www.iryou.teikyouseido.mhlw.go.jp/znk-web/juminkanja/S2430/initialize?prefCd=09&kikanCd=22090100376&kikanKbn=2", "url2": "https://www.shibukawa-s.jp", "内容": "渋川小児科医院【2:診療所】【診療科目:0】栃木県宇都宮市花房２－４－５" }, "geometry": { "type": "Point", "coordinates": [ 139.878582, 36.550866 ] } },
{ "type": "Feature", "properties": { "ID": 922090100379, "正式名称": "菅井皮膚科　パークサイドクリニック", "機関区分": 2, "都道府県コード": 9, "市区町村コード": 201, "所在地": "栃木県宇都宮市元今泉６－７－７", "緯度": 36.560661, "経度": 139.914009, "url": "https://www.iryou.teikyouseido.mhlw.go.jp/znk-web/juminkanja/S2430/initialize?prefCd=09&kikanCd=22090100379&kikanKbn=2", "url2": "www.sugaihifuka.com", "内容": "菅井皮膚科　パークサイドクリニック【2:診療所】【診療科目:0】栃木県宇都宮市元今泉６－７－７" }, "geometry": { "type": "Point", "coordinates": [ 139.914009, 36.560661 ] } },
{ "type": "Feature", "properties": { "ID": 922090100381, "正式名称": "鈴木内科クリニック", "機関区分": 2, "都道府県コード": 9, "市区町村コード": 201, "所在地": "栃木県宇都宮市若松原", "緯度": 36.500824, "経度": 139.864758, "url": "https://www.iryou.teikyouseido.mhlw.go.jp/znk-web/juminkanja/S2430/initialize?prefCd=09&kikanCd=22090100381&kikanKbn=2", "url2": null, "内容": "鈴木内科クリニック【2:診療所】【診療科目:0】栃木県宇都宮市若松原" }, "geometry": { "type": "Point", "coordinates": [ 139.864758, 36.500824 ] } },
{ "type": "Feature", "properties": { "ID": 922090100382, "正式名称": "鈴木皮フ泌尿科クリニック", "機関区分": 2, "都道府県コード": 9, "市区町村コード": 201, "所在地": "栃木県宇都宮市柳田町１２８４－１", "緯度": 36.570061, "経度": 139.963351, "url": "https://www.iryou.teikyouseido.mhlw.go.jp/znk-web/juminkanja/S2430/initialize?prefCd=09&kikanCd=22090100382&kikanKbn=2", "url2": "http://www.sdu.co.jp/", "内容": "鈴木皮フ泌尿科クリニック【2:診療所】【診療科目:0】栃木県宇都宮市柳田町１２８４－１" }, "geometry": { "type": "Point", "coordinates": [ 139.963351, 36.570061 ] } },
{ "type": "Feature", "properties": { "ID": 922090100383, "正式名称": "医療法人三子会　すずめ医院", "機関区分": 2, "都道府県コード": 9, "市区町村コード": 201, "所在地": "栃木県宇都宮市五代", "緯度": 36.497707, "経度": 139.869719, "url": "https://www.iryou.teikyouseido.mhlw.go.jp/znk-web/juminkanja/S2430/initialize?prefCd=09&kikanCd=22090100383&kikanKbn=2", "url2": "https://suzumeiin-4c691.firebaseapp.com/", "内容": "医療法人三子会　すずめ医院【2:診療所】【診療科目:0】栃木県宇都宮市五代" }, "geometry": { "type": "Point", "coordinates": [ 139.869719, 36.497707 ] } },
{ "type": "Feature", "properties": { "ID": 922090100385, "正式名称": "関耳鼻咽喉科内科醫院", "機関区分": 2, "都道府県コード": 9, "市区町村コード": 201, "所在地": "栃木県宇都宮市大通り４－２－２５", "緯度": 36.560466, "経度": 139.895175, "url": "https://www.iryou.teikyouseido.mhlw.go.jp/znk-web/juminkanja/S2430/initialize?prefCd=09&kikanCd=22090100385&kikanKbn=2", "url2": "http://www.sekidoctors.com", "内容": "関耳鼻咽喉科内科醫院【2:診療所】【診療科目:0】栃木県宇都宮市大通り４－２－２５" }, "geometry": { "type": "Point", "coordinates": [ 139.895175, 36.560466 ] } },
{ "type": "Feature", "properties": { "ID": 922090100387, "正式名称": "医療法人関湊記念会　関湊記念会クリニック", "機関区分": 2, "都道府県コード": 9, "市区町村コード": 201, "所在地": "栃木県宇都宮市本町５－１２　宇都宮東武ホテルグランデ５Ｆ", "緯度": 36.561973, "経度": 139.881573, "url": "https://www.iryou.teikyouseido.mhlw.go.jp/znk-web/juminkanja/S2430/initialize?prefCd=09&kikanCd=22090100387&kikanKbn=2", "url2": "sekiminato.or.jp", "内容": "医療法人関湊記念会　関湊記念会クリニック【2:診療所】【診療科目:0】栃木県宇都宮市本町５－１２　宇都宮東武ホテルグランデ５Ｆ" }, "geometry": { "type": "Point", "coordinates": [ 139.881573, 36.561973 ] } },
{ "type": "Feature", "properties": { "ID": 922090100389, "正式名称": "添田耳鼻咽喉科医院", "機関区分": 2, "都道府県コード": 9, "市区町村コード": 201, "所在地": "栃木県宇都宮市泉が丘４丁目１０番９号", "緯度": 36.565466, "経度": 139.919117, "url": "https://www.iryou.teikyouseido.mhlw.go.jp/znk-web/juminkanja/S2430/initialize?prefCd=09&kikanCd=22090100389&kikanKbn=2", "url2": "http://www.soeda-jibika.jp", "内容": "添田耳鼻咽喉科医院【2:診療所】【診療科目:0】栃木県宇都宮市泉が丘４丁目１０番９号" }, "geometry": { "type": "Point", "coordinates": [ 139.919117, 36.565466 ] } },
{ "type": "Feature", "properties": { "ID": 922090100390, "正式名称": "そはら内科", "機関区分": 2, "都道府県コード": 9, "市区町村コード": 201, "所在地": "栃木県宇都宮市松原２－４－８", "緯度": 36.572196, "経度": 139.871493, "url": "https://www.iryou.teikyouseido.mhlw.go.jp/znk-web/juminkanja/S2430/initialize?prefCd=09&kikanCd=22090100390&kikanKbn=2", "url2": null, "内容": "そはら内科【2:診療所】【診療科目:0】栃木県宇都宮市松原２－４－８" }, "geometry": { "type": "Point", "coordinates": [ 139.871493, 36.572196 ] } },
{ "type": "Feature", "properties": { "ID": 922090100392, "正式名称": "高瀬整形外科", "機関区分": 2, "都道府県コード": 9, "市区町村コード": 201, "所在地": "栃木県宇都宮市松原２－７－２２", "緯度": 36.572022, "経度": 139.872237, "url": "https://www.iryou.teikyouseido.mhlw.go.jp/znk-web/juminkanja/S2430/initialize?prefCd=09&kikanCd=22090100392&kikanKbn=2", "url2": "http://takaseseikei.com/", "内容": "高瀬整形外科【2:診療所】【診療科目:0】栃木県宇都宮市松原２－７－２２" }, "geometry": { "type": "Point", "coordinates": [ 139.872237, 36.572022 ] } },
{ "type": "Feature", "properties": { "ID": 922090100394, "正式名称": "高橋クリニック", "機関区分": 2, "都道府県コード": 9, "市区町村コード": 201, "所在地": "栃木県宇都宮市宝木本町１２２６―４４", "緯度": 36.604978, "経度": 139.854837, "url": "https://www.iryou.teikyouseido.mhlw.go.jp/znk-web/juminkanja/S2430/initialize?prefCd=09&kikanCd=22090100394&kikanKbn=2", "url2": "http://park19.wakwak.com/~takahashi-cl-hd/", "内容": "高橋クリニック【2:診療所】【診療科目:0】栃木県宇都宮市宝木本町１２２６―４４" }, "geometry": { "type": "Point", "coordinates": [ 139.854837, 36.604978 ] } },
{ "type": "Feature", "properties": { "ID": 922090100395, "正式名称": "高橋外科・内科", "機関区分": 2, "都道府県コード": 9, "市区町村コード": 201, "所在地": "栃木県宇都宮市砥上町１９４－１", "緯度": 36.548943, "経度": 139.845957, "url": "https://www.iryou.teikyouseido.mhlw.go.jp/znk-web/juminkanja/S2430/initialize?prefCd=09&kikanCd=22090100395&kikanKbn=2", "url2": "http://www17.plala.or.jp/takahashigeka/", "内容": "高橋外科・内科【2:診療所】【診療科目:0】栃木県宇都宮市砥上町１９４－１" }, "geometry": { "type": "Point", "coordinates": [ 139.845957, 36.548943 ] } },
{ "type": "Feature", "properties": { "ID": 922090100400, "正式名称": "武田内科クリニック", "機関区分": 2, "都道府県コード": 9, "市区町村コード": 201, "所在地": "栃木県宇都宮市下荒針町３３９６ー１", "緯度": 36.570479, "経度": 139.836034, "url": "https://www.iryou.teikyouseido.mhlw.go.jp/znk-web/juminkanja/S2430/initialize?prefCd=09&kikanCd=22090100400&kikanKbn=2", "url2": null, "内容": "武田内科クリニック【2:診療所】【診療科目:0】栃木県宇都宮市下荒針町３３９６ー１" }, "geometry": { "type": "Point", "coordinates": [ 139.836034, 36.570479 ] } },
{ "type": "Feature", "properties": { "ID": 922090100402, "正式名称": "医療法人田代耳鼻咽喉科医院", "機関区分": 2, "都道府県コード": 9, "市区町村コード": 201, "所在地": "栃木県宇都宮市上戸祭町６６９－９", "緯度": 36.588506, "経度": 139.870228, "url": "https://www.iryou.teikyouseido.mhlw.go.jp/znk-web/juminkanja/S2430/initialize?prefCd=09&kikanCd=22090100402&kikanKbn=2", "url2": null, "内容": "医療法人田代耳鼻咽喉科医院【2:診療所】【診療科目:0】栃木県宇都宮市上戸祭町６６９－９" }, "geometry": { "type": "Point", "coordinates": [ 139.870228, 36.588506 ] } },
{ "type": "Feature", "properties": { "ID": 922090100403, "正式名称": "田中医院", "機関区分": 2, "都道府県コード": 9, "市区町村コード": 201, "所在地": "栃木県宇都宮市竹下町４３５－６", "緯度": 36.550455, "経度": 139.965869, "url": "https://www.iryou.teikyouseido.mhlw.go.jp/znk-web/juminkanja/S2430/initialize?prefCd=09&kikanCd=22090100403&kikanKbn=2", "url2": "https://www.tanaka-clinic.info/", "内容": "田中医院【2:診療所】【診療科目:0】栃木県宇都宮市竹下町４３５－６" }, "geometry": { "type": "Point", "coordinates": [ 139.965869, 36.550455 ] } },
{ "type": "Feature", "properties": { "ID": 922090100406, "正式名称": "たばた皮フ科クリニック", "機関区分": 2, "都道府県コード": 9, "市区町村コード": 201, "所在地": "栃木県宇都宮市鶴田１－８－１５", "緯度": 36.562258, "経度": 139.85655, "url": "https://www.iryou.teikyouseido.mhlw.go.jp/znk-web/juminkanja/S2430/initialize?prefCd=09&kikanCd=22090100406&kikanKbn=2", "url2": "http://tabata-hihuka.clinic.hp.com/", "内容": "たばた皮フ科クリニック【2:診療所】【診療科目:0】栃木県宇都宮市鶴田１－８－１５" }, "geometry": { "type": "Point", "coordinates": [ 139.85655, 36.562258 ] } },
{ "type": "Feature", "properties": { "ID": 922090100407, "正式名称": "玉川耳鼻咽喉科医院", "機関区分": 2, "都道府県コード": 9, "市区町村コード": 201, "所在地": "栃木県宇都宮市桜２－６－１８", "緯度": 36.566706, "経度": 139.868374, "url": "https://www.iryou.teikyouseido.mhlw.go.jp/znk-web/juminkanja/S2430/initialize?prefCd=09&kikanCd=22090100407&kikanKbn=2", "url2": "https://www.tamagawa-jibika.com", "内容": "玉川耳鼻咽喉科医院【2:診療所】【診療科目:0】栃木県宇都宮市桜２－６－１８" }, "geometry": { "type": "Point", "coordinates": [ 139.868374, 36.566706 ] } },
{ "type": "Feature", "properties": { "ID": 922090100409, "正式名称": "塚田医院", "機関区分": 2, "都道府県コード": 9, "市区町村コード": 201, "所在地": "栃木県宇都宮市新富町", "緯度": 36.485754, "経度": 139.873846, "url": "https://www.iryou.teikyouseido.mhlw.go.jp/znk-web/juminkanja/S2430/initialize?prefCd=09&kikanCd=22090100409&kikanKbn=2", "url2": null, "内容": "塚田医院【2:診療所】【診療科目:0】栃木県宇都宮市新富町" }, "geometry": { "type": "Point", "coordinates": [ 139.873846, 36.485754 ] } },
{ "type": "Feature", "properties": { "ID": 922090100411, "正式名称": "つるたｆａｍｉｌｙクリニック", "機関区分": 2, "都道府県コード": 9, "市区町村コード": 201, "所在地": "栃木県宇都宮市鶴田１丁目１７－２３", "緯度": 36.560665, "経度": 139.856295, "url": "https://www.iryou.teikyouseido.mhlw.go.jp/znk-web/juminkanja/S2430/initialize?prefCd=09&kikanCd=22090100411&kikanKbn=2", "url2": "http://www.ab.auone-net.jp/~u-tfc", "内容": "つるたｆａｍｉｌｙクリニック【2:診療所】【診療科目:0】栃木県宇都宮市鶴田１丁目１７－２３" }, "geometry": { "type": "Point", "coordinates": [ 139.856295, 36.560665 ] } },
{ "type": "Feature", "properties": { "ID": 922090100412, "正式名称": "手塚耳鼻咽喉科医院", "機関区分": 2, "都道府県コード": 9, "市区町村コード": 201, "所在地": "栃木県宇都宮市大通り１－３－１９", "緯度": 36.560666, "経度": 139.890764, "url": "https://www.iryou.teikyouseido.mhlw.go.jp/znk-web/juminkanja/S2430/initialize?prefCd=09&kikanCd=22090100412&kikanKbn=2", "url2": null, "内容": "手塚耳鼻咽喉科医院【2:診療所】【診療科目:0】栃木県宇都宮市大通り１－３－１９" }, "geometry": { "type": "Point", "coordinates": [ 139.890764, 36.560666 ] } },
{ "type": "Feature", "properties": { "ID": 922090100414, "正式名称": "天目外科胃腸科", "機関区分": 2, "都道府県コード": 9, "市区町村コード": 201, "所在地": "栃木県宇都宮市ゆいの杜５－２０－２２", "緯度": 36.565777, "経度": 139.998598, "url": "https://www.iryou.teikyouseido.mhlw.go.jp/znk-web/juminkanja/S2430/initialize?prefCd=09&kikanCd=22090100414&kikanKbn=2", "url2": null, "内容": "天目外科胃腸科【2:診療所】【診療科目:0】栃木県宇都宮市ゆいの杜５－２０－２２" }, "geometry": { "type": "Point", "coordinates": [ 139.998598, 36.565777 ] } },
{ "type": "Feature", "properties": { "ID": 922090100417, "正式名称": "東武診療所", "機関区分": 2, "都道府県コード": 9, "市区町村コード": 201, "所在地": "栃木県宇都宮市宮園町５－４", "緯度": 36.559012, "経度": 139.880171, "url": "https://www.iryou.teikyouseido.mhlw.go.jp/znk-web/juminkanja/S2430/initialize?prefCd=09&kikanCd=22090100417&kikanKbn=2", "url2": null, "内容": "東武診療所【2:診療所】【診療科目:0】栃木県宇都宮市宮園町５－４" }, "geometry": { "type": "Point", "coordinates": [ 139.880171, 36.559012 ] } },
{ "type": "Feature", "properties": { "ID": 922090100419, "正式名称": "公益社団法人　栃木県柔道整復師会とちのきクリニック", "機関区分": 2, "都道府県コード": 9, "市区町村コード": 201, "所在地": "栃木県宇都宮市西一の沢町４－７", "緯度": 36.566533, "経度": 139.861485, "url": "https://www.iryou.teikyouseido.mhlw.go.jp/znk-web/juminkanja/S2430/initialize?prefCd=09&kikanCd=22090100419&kikanKbn=2", "url2": null, "内容": "公益社団法人　栃木県柔道整復師会とちのきクリニック【2:診療所】【診療科目:0】栃木県宇都宮市西一の沢町４－７" }, "geometry": { "type": "Point", "coordinates": [ 139.861485, 36.566533 ] } },
{ "type": "Feature", "properties": { "ID": 922090100422, "正式名称": "戸祭皮フ科", "機関区分": 2, "都道府県コード": 9, "市区町村コード": 201, "所在地": "栃木県宇都宮市戸祭２－５－１８", "緯度": 36.571091, "経度": 139.866227, "url": "https://www.iryou.teikyouseido.mhlw.go.jp/znk-web/juminkanja/S2430/initialize?prefCd=09&kikanCd=22090100422&kikanKbn=2", "url2": null, "内容": "戸祭皮フ科【2:診療所】【診療科目:0】栃木県宇都宮市戸祭２－５－１８" }, "geometry": { "type": "Point", "coordinates": [ 139.866227, 36.571091 ] } },
{ "type": "Feature", "properties": { "ID": 922090100423, "正式名称": "冨塚メディカルクリニック", "機関区分": 2, "都道府県コード": 9, "市区町村コード": 201, "所在地": "栃木県宇都宮市徳次郎町８８８", "緯度": 36.639318, "経度": 139.840665, "url": "https://www.iryou.teikyouseido.mhlw.go.jp/znk-web/juminkanja/S2430/initialize?prefCd=09&kikanCd=22090100423&kikanKbn=2", "url2": "http://www.tomizuka-med.com", "内容": "冨塚メディカルクリニック【2:診療所】【診療科目:0】栃木県宇都宮市徳次郎町８８８" }, "geometry": { "type": "Point", "coordinates": [ 139.840665, 36.639318 ] } },
{ "type": "Feature", "properties": { "ID": 922090100425, "正式名称": "豊郷台クリニック", "機関区分": 2, "都道府県コード": 9, "市区町村コード": 201, "所在地": "栃木県宇都宮市豊郷台２－２１－３", "緯度": 36.60376, "経度": 139.887679, "url": "https://www.iryou.teikyouseido.mhlw.go.jp/znk-web/juminkanja/S2430/initialize?prefCd=09&kikanCd=22090100425&kikanKbn=2", "url2": "https://toyosatodai-clinic.jp/", "内容": "豊郷台クリニック【2:診療所】【診療科目:0】栃木県宇都宮市豊郷台２－２１－３" }, "geometry": { "type": "Point", "coordinates": [ 139.887679, 36.60376 ] } },
{ "type": "Feature", "properties": { "ID": 922090100428, "正式名称": "中川内科クリニック", "機関区分": 2, "都道府県コード": 9, "市区町村コード": 201, "所在地": "栃木県宇都宮市幕田町７３６－９", "緯度": 36.507736, "経度": 139.840856, "url": "https://www.iryou.teikyouseido.mhlw.go.jp/znk-web/juminkanja/S2430/initialize?prefCd=09&kikanCd=22090100428&kikanKbn=2", "url2": "https://nakagawanaika-cl.com", "内容": "中川内科クリニック【2:診療所】【診療科目:0】栃木県宇都宮市幕田町７３６－９" }, "geometry": { "type": "Point", "coordinates": [ 139.840856, 36.507736 ] } },
{ "type": "Feature", "properties": { "ID": 922090100429, "正式名称": "永澤医院", "機関区分": 2, "都道府県コード": 9, "市区町村コード": 201, "所在地": "栃木県宇都宮市野沢町", "緯度": 36.607161, "経度": 139.85594, "url": "https://www.iryou.teikyouseido.mhlw.go.jp/znk-web/juminkanja/S2430/initialize?prefCd=09&kikanCd=22090100429&kikanKbn=2", "url2": "http://nagasawaiin.byoinnavi.jp/pc/", "内容": "永澤医院【2:診療所】【診療科目:0】栃木県宇都宮市野沢町" }, "geometry": { "type": "Point", "coordinates": [ 139.85594, 36.607161 ] } },
{ "type": "Feature", "properties": { "ID": 922090100431, "正式名称": "医療法人社団中村メンタルクリニック", "機関区分": 2, "都道府県コード": 9, "市区町村コード": 201, "所在地": "栃木県宇都宮市岩曽町１０７７－３", "緯度": 36.581563, "経度": 139.899273, "url": "https://www.iryou.teikyouseido.mhlw.go.jp/znk-web/juminkanja/S2430/initialize?prefCd=09&kikanCd=22090100431&kikanKbn=2", "url2": "http://nakamura-mental-clinic.com", "内容": "医療法人社団中村メンタルクリニック【2:診療所】【診療科目:0】栃木県宇都宮市岩曽町１０７７－３" }, "geometry": { "type": "Point", "coordinates": [ 139.899273, 36.581563 ] } },
{ "type": "Feature", "properties": { "ID": 922090100432, "正式名称": "中山医院", "機関区分": 2, "都道府県コード": 9, "市区町村コード": 201, "所在地": "栃木県宇都宮市西", "緯度": 36.559127, "経度": 139.877515, "url": "https://www.iryou.teikyouseido.mhlw.go.jp/znk-web/juminkanja/S2430/initialize?prefCd=09&kikanCd=22090100432&kikanKbn=2", "url2": "http://nakayama-clinic.la.coocan.jp", "内容": "中山医院【2:診療所】【診療科目:0】栃木県宇都宮市西" }, "geometry": { "type": "Point", "coordinates": [ 139.877515, 36.559127 ] } },
{ "type": "Feature", "properties": { "ID": 922090100434, "正式名称": "中山内科循環器科医院", "機関区分": 2, "都道府県コード": 9, "市区町村コード": 201, "所在地": "栃木県宇都宮市星が丘１丁目５番３号", "緯度": 36.569009, "経度": 139.875531, "url": "https://www.iryou.teikyouseido.mhlw.go.jp/znk-web/juminkanja/S2430/initialize?prefCd=09&kikanCd=22090100434&kikanKbn=2", "url2": "http://park1.wakwak.com/~nakayama_naika/", "内容": "中山内科循環器科医院【2:診療所】【診療科目:0】栃木県宇都宮市星が丘１丁目５番３号" }, "geometry": { "type": "Point", "coordinates": [ 139.875531, 36.569009 ] } },
{ "type": "Feature", "properties": { "ID": 922090100438, "正式名称": "医療法人滝の原会　西の宮岩倉循環器内科", "機関区分": 2, "都道府県コード": 9, "市区町村コード": 201, "所在地": "栃木県宇都宮市西の宮１－８－１", "緯度": 36.572279, "経度": 139.838073, "url": "https://www.iryou.teikyouseido.mhlw.go.jp/znk-web/juminkanja/S2430/initialize?prefCd=09&kikanCd=22090100438&kikanKbn=2", "url2": null, "内容": "医療法人滝の原会　西の宮岩倉循環器内科【2:診療所】【診療科目:0】栃木県宇都宮市西の宮１－８－１" }, "geometry": { "type": "Point", "coordinates": [ 139.838073, 36.572279 ] } },
{ "type": "Feature", "properties": { "ID": 922090100439, "正式名称": "ぬまお内科", "機関区分": 2, "都道府県コード": 9, "市区町村コード": 201, "所在地": "栃木県宇都宮市宝木本町２１４１－５", "緯度": 36.630588, "経度": 139.843176, "url": "https://www.iryou.teikyouseido.mhlw.go.jp/znk-web/juminkanja/S2430/initialize?prefCd=09&kikanCd=22090100439&kikanKbn=2", "url2": null, "内容": "ぬまお内科【2:診療所】【診療科目:0】栃木県宇都宮市宝木本町２１４１－５" }, "geometry": { "type": "Point", "coordinates": [ 139.843176, 36.630588 ] } },
{ "type": "Feature", "properties": { "ID": 922090100440, "正式名称": "根本外科胃腸科医院", "機関区分": 2, "都道府県コード": 9, "市区町村コード": 201, "所在地": "栃木県宇都宮市陽東４－１７－１０", "緯度": 36.559011, "経度": 139.926866, "url": "https://www.iryou.teikyouseido.mhlw.go.jp/znk-web/juminkanja/S2430/initialize?prefCd=09&kikanCd=22090100440&kikanKbn=2", "url2": "http://www.nemotosurg.or.jp", "内容": "根本外科胃腸科医院【2:診療所】【診療科目:0】栃木県宇都宮市陽東４－１７－１０" }, "geometry": { "type": "Point", "coordinates": [ 139.926866, 36.559011 ] } },
{ "type": "Feature", "properties": { "ID": 922090100441, "正式名称": "のうか眼科", "機関区分": 2, "都道府県コード": 9, "市区町村コード": 201, "所在地": "栃木県宇都宮市若草３－１－１５", "緯度": 36.586026, "経度": 139.864393, "url": "https://www.iryou.teikyouseido.mhlw.go.jp/znk-web/juminkanja/S2430/initialize?prefCd=09&kikanCd=22090100441&kikanKbn=2", "url2": "https://itp.ne.jp/info/097684200100000899/", "内容": "のうか眼科【2:診療所】【診療科目:0】栃木県宇都宮市若草３－１－１５" }, "geometry": { "type": "Point", "coordinates": [ 139.864393, 36.586026 ] } },
{ "type": "Feature", "properties": { "ID": 922090100443, "正式名称": "ハートフィールド医務室", "機関区分": 2, "都道府県コード": 9, "市区町村コード": 201, "所在地": "栃木県宇都宮市古賀志町１９６４－１２", "緯度": 36.605579, "経度": 139.778893, "url": "https://www.iryou.teikyouseido.mhlw.go.jp/znk-web/juminkanja/S2430/initialize?prefCd=09&kikanCd=22090100443&kikanKbn=2", "url2": null, "内容": "ハートフィールド医務室【2:診療所】【診療科目:0】栃木県宇都宮市古賀志町１９６４－１２" }, "geometry": { "type": "Point", "coordinates": [ 139.778893, 36.605579 ] } },
{ "type": "Feature", "properties": { "ID": 922090100444, "正式名称": "医療法人　恭友会　はせがわ整形外科クリニック", "機関区分": 2, "都道府県コード": 9, "市区町村コード": 201, "所在地": "栃木県宇都宮市一条４ー５ー１３", "緯度": 36.55213, "経度": 139.876343, "url": "https://www.iryou.teikyouseido.mhlw.go.jp/znk-web/juminkanja/S2430/initialize?prefCd=09&kikanCd=22090100444&kikanKbn=2", "url2": "http://hasegawaseikeigeka.com", "内容": "医療法人　恭友会　はせがわ整形外科クリニック【2:診療所】【診療科目:0】栃木県宇都宮市一条４ー５ー１３" }, "geometry": { "type": "Point", "coordinates": [ 139.876343, 36.55213 ] } },
{ "type": "Feature", "properties": { "ID": 922090100448, "正式名称": "浜田眼科医院", "機関区分": 2, "都道府県コード": 9, "市区町村コード": 201, "所在地": "栃木県宇都宮市仲町１－１４", "緯度": 36.561665, "経度": 139.889181, "url": "https://www.iryou.teikyouseido.mhlw.go.jp/znk-web/juminkanja/S2430/initialize?prefCd=09&kikanCd=22090100448&kikanKbn=2", "url2": null, "内容": "浜田眼科医院【2:診療所】【診療科目:0】栃木県宇都宮市仲町１－１４" }, "geometry": { "type": "Point", "coordinates": [ 139.889181, 36.561665 ] } },
{ "type": "Feature", "properties": { "ID": 922090100449, "正式名称": "林クリニック", "機関区分": 2, "都道府県コード": 9, "市区町村コード": 201, "所在地": "栃木県宇都宮市西川田本町１ー８ー２９", "緯度": 36.517099, "経度": 139.846361, "url": "https://www.iryou.teikyouseido.mhlw.go.jp/znk-web/juminkanja/S2430/initialize?prefCd=09&kikanCd=22090100449&kikanKbn=2", "url2": "http://www.hayashi-clinic2004.com/", "内容": "林クリニック【2:診療所】【診療科目:0】栃木県宇都宮市西川田本町１ー８ー２９" }, "geometry": { "type": "Point", "coordinates": [ 139.846361, 36.517099 ] } },
{ "type": "Feature", "properties": { "ID": 922090100452, "正式名称": "ひばりクリニック", "機関区分": 2, "都道府県コード": 9, "市区町村コード": 201, "所在地": "栃木県宇都宮市徳次郎町３６５－１", "緯度": 36.641146, "経度": 139.846709, "url": "https://www.iryou.teikyouseido.mhlw.go.jp/znk-web/juminkanja/S2430/initialize?prefCd=09&kikanCd=22090100452&kikanKbn=2", "url2": "https://hibari-clinic.com/", "内容": "ひばりクリニック【2:診療所】【診療科目:0】栃木県宇都宮市徳次郎町３６５－１" }, "geometry": { "type": "Point", "coordinates": [ 139.846709, 36.641146 ] } },
{ "type": "Feature", "properties": { "ID": 922090100453, "正式名称": "医療法人　ひまわりこどもクリニック", "機関区分": 2, "都道府県コード": 9, "市区町村コード": 201, "所在地": "栃木県宇都宮市今泉町２３７　ＦＫＤ福田屋ショッピングプラザ２Ｆ", "緯度": 36.573639, "経度": 139.900237, "url": "https://www.iryou.teikyouseido.mhlw.go.jp/znk-web/juminkanja/S2430/initialize?prefCd=09&kikanCd=22090100453&kikanKbn=2", "url2": "http://www.himawari-kodomo.com", "内容": "医療法人　ひまわりこどもクリニック【2:診療所】【診療科目:0】栃木県宇都宮市今泉町２３７　ＦＫＤ福田屋ショッピングプラザ２Ｆ" }, "geometry": { "type": "Point", "coordinates": [ 139.900237, 36.573639 ] } },
{ "type": "Feature", "properties": { "ID": 922090100455, "正式名称": "平尾内科・小児科", "機関区分": 2, "都道府県コード": 9, "市区町村コード": 201, "所在地": "栃木県宇都宮市西原町５５７－１２", "緯度": 36.530041, "経度": 139.880681, "url": "https://www.iryou.teikyouseido.mhlw.go.jp/znk-web/juminkanja/S2430/initialize?prefCd=09&kikanCd=22090100455&kikanKbn=2", "url2": "https://hirao-cl.net", "内容": "平尾内科・小児科【2:診療所】【診療科目:0】栃木県宇都宮市西原町５５７－１２" }, "geometry": { "type": "Point", "coordinates": [ 139.880681, 36.530041 ] } },
{ "type": "Feature", "properties": { "ID": 922090100457, "正式名称": "平野内科小児科医院", "機関区分": 2, "都道府県コード": 9, "市区町村コード": 201, "所在地": "栃木県宇都宮市住吉町１２－６", "緯度": 36.557732, "経度": 139.867735, "url": "https://www.iryou.teikyouseido.mhlw.go.jp/znk-web/juminkanja/S2430/initialize?prefCd=09&kikanCd=22090100457&kikanKbn=2", "url2": null, "内容": "平野内科小児科医院【2:診療所】【診療科目:0】栃木県宇都宮市住吉町１２－６" }, "geometry": { "type": "Point", "coordinates": [ 139.867735, 36.557732 ] } },
{ "type": "Feature", "properties": { "ID": 922090100460, "正式名称": "医療法人ねじばな会　ひろたクリニック", "機関区分": 2, "都道府県コード": 9, "市区町村コード": 201, "所在地": "栃木県宇都宮市石那田町８５２－２", "緯度": 36.673983, "経度": 139.806699, "url": "https://www.iryou.teikyouseido.mhlw.go.jp/znk-web/juminkanja/S2430/initialize?prefCd=09&kikanCd=22090100460&kikanKbn=2", "url2": "http://www.hirota-clinic.com/", "内容": "医療法人ねじばな会　ひろたクリニック【2:診療所】【診療科目:0】栃木県宇都宮市石那田町８５２－２" }, "geometry": { "type": "Point", "coordinates": [ 139.806699, 36.673983 ] } },
{ "type": "Feature", "properties": { "ID": 922090100461, "正式名称": "フォレストサイドクリニック", "機関区分": 2, "都道府県コード": 9, "市区町村コード": 201, "所在地": "栃木県宇都宮市西川田６－６－１７", "緯度": 36.508728, "経度": 139.856411, "url": "https://www.iryou.teikyouseido.mhlw.go.jp/znk-web/juminkanja/S2430/initialize?prefCd=09&kikanCd=22090100461&kikanKbn=2", "url2": null, "内容": "フォレストサイドクリニック【2:診療所】【診療科目:0】栃木県宇都宮市西川田６－６－１７" }, "geometry": { "type": "Point", "coordinates": [ 139.856411, 36.508728 ] } },
{ "type": "Feature", "properties": { "ID": 922090100463, "正式名称": "福田こどもクリニック", "機関区分": 2, "都道府県コード": 9, "市区町村コード": 201, "所在地": "栃木県宇都宮市下砥上町１５４５ー２０", "緯度": 36.529334, "経度": 139.844605, "url": "https://www.iryou.teikyouseido.mhlw.go.jp/znk-web/juminkanja/S2430/initialize?prefCd=09&kikanCd=22090100463&kikanKbn=2", "url2": "http://fukuda-kodomo.com/", "内容": "福田こどもクリニック【2:診療所】【診療科目:0】栃木県宇都宮市下砥上町１５４５ー２０" }, "geometry": { "type": "Point", "coordinates": [ 139.844605, 36.529334 ] } },
{ "type": "Feature", "properties": { "ID": 922090100466, "正式名称": "医療法人松桧会双葉クリニック", "機関区分": 2, "都道府県コード": 9, "市区町村コード": 201, "所在地": "栃木県宇都宮市中今泉３－２８－１", "緯度": 36.570826, "経度": 139.908506, "url": "https://www.iryou.teikyouseido.mhlw.go.jp/znk-web/juminkanja/S2430/initialize?prefCd=09&kikanCd=22090100466&kikanKbn=2", "url2": null, "内容": "医療法人松桧会双葉クリニック【2:診療所】【診療科目:0】栃木県宇都宮市中今泉３－２８－１" }, "geometry": { "type": "Point", "coordinates": [ 139.908506, 36.570826 ] } },
{ "type": "Feature", "properties": { "ID": 922090100469, "正式名称": "細谷クリニック", "機関区分": 2, "都道府県コード": 9, "市区町村コード": 201, "所在地": "栃木県宇都宮市泉が丘２－６－１５", "緯度": 36.560858, "経度": 139.917465, "url": "https://www.iryou.teikyouseido.mhlw.go.jp/znk-web/juminkanja/S2430/initialize?prefCd=09&kikanCd=22090100469&kikanKbn=2", "url2": null, "内容": "細谷クリニック【2:診療所】【診療科目:0】栃木県宇都宮市泉が丘２－６－１５" }, "geometry": { "type": "Point", "coordinates": [ 139.917465, 36.560858 ] } },
{ "type": "Feature", "properties": { "ID": 922090100470, "正式名称": "ほりえクリニック", "機関区分": 2, "都道府県コード": 9, "市区町村コード": 201, "所在地": "栃木県宇都宮市峰３－６－４５", "緯度": 36.551328, "経度": 139.913462, "url": "https://www.iryou.teikyouseido.mhlw.go.jp/znk-web/juminkanja/S2430/initialize?prefCd=09&kikanCd=22090100470&kikanKbn=2", "url2": null, "内容": "ほりえクリニック【2:診療所】【診療科目:0】栃木県宇都宮市峰３－６－４５" }, "geometry": { "type": "Point", "coordinates": [ 139.913462, 36.551328 ] } },
{ "type": "Feature", "properties": { "ID": 922090100471, "正式名称": "ほりえ医院", "機関区分": 2, "都道府県コード": 9, "市区町村コード": 201, "所在地": "栃木県宇都宮市今泉町４００－１", "緯度": 36.572889, "経度": 139.904409, "url": "https://www.iryou.teikyouseido.mhlw.go.jp/znk-web/juminkanja/S2430/initialize?prefCd=09&kikanCd=22090100471&kikanKbn=2", "url2": "http://horie-iin.byoinnavi.jp/pc/link.html", "内容": "ほりえ医院【2:診療所】【診療科目:0】栃木県宇都宮市今泉町４００－１" }, "geometry": { "type": "Point", "coordinates": [ 139.904409, 36.572889 ] } },
{ "type": "Feature", "properties": { "ID": 922090100474, "正式名称": "マイクリニックたなか", "機関区分": 2, "都道府県コード": 9, "市区町村コード": 201, "所在地": "栃木県宇都宮市桜４－３－１６", "緯度": 36.567945, "経度": 139.866907, "url": "https://www.iryou.teikyouseido.mhlw.go.jp/znk-web/juminkanja/S2430/initialize?prefCd=09&kikanCd=22090100474&kikanKbn=2", "url2": "http://www.myclinic-tanaka.com", "内容": "マイクリニックたなか【2:診療所】【診療科目:0】栃木県宇都宮市桜４－３－１６" }, "geometry": { "type": "Point", "coordinates": [ 139.866907, 36.567945 ] } },
{ "type": "Feature", "properties": { "ID": 922090100475, "正式名称": "医療法人　前田クリニック", "機関区分": 2, "都道府県コード": 9, "市区町村コード": 201, "所在地": "栃木県宇都宮市宮の内１－３４－５", "緯度": 36.50624, "経度": 139.878876, "url": "https://www.iryou.teikyouseido.mhlw.go.jp/znk-web/juminkanja/S2430/initialize?prefCd=09&kikanCd=22090100475&kikanKbn=2", "url2": "https://www.maedaclinic.biz", "内容": "医療法人　前田クリニック【2:診療所】【診療科目:0】栃木県宇都宮市宮の内１－３４－５" }, "geometry": { "type": "Point", "coordinates": [ 139.878876, 36.50624 ] } },
{ "type": "Feature", "properties": { "ID": 922090100478, "正式名称": "益田内科医院", "機関区分": 2, "都道府県コード": 9, "市区町村コード": 201, "所在地": "栃木県宇都宮市東宿郷６ー８－２３", "緯度": 36.555961, "経度": 139.907708, "url": "https://www.iryou.teikyouseido.mhlw.go.jp/znk-web/juminkanja/S2430/initialize?prefCd=09&kikanCd=22090100478&kikanKbn=2", "url2": "https://www.masuda-naikaiin.com", "内容": "益田内科医院【2:診療所】【診療科目:0】栃木県宇都宮市東宿郷６ー８－２３" }, "geometry": { "type": "Point", "coordinates": [ 139.907708, 36.555961 ] } },
{ "type": "Feature", "properties": { "ID": 922090100479, "正式名称": "ますぶち　クリニック", "機関区分": 2, "都道府県コード": 9, "市区町村コード": 201, "所在地": "栃木県宇都宮市海道町１５３－３", "緯度": 36.607669, "経度": 139.926697, "url": "https://www.iryou.teikyouseido.mhlw.go.jp/znk-web/juminkanja/S2430/initialize?prefCd=09&kikanCd=22090100479&kikanKbn=2", "url2": null, "内容": "ますぶち　クリニック【2:診療所】【診療科目:0】栃木県宇都宮市海道町１５３－３" }, "geometry": { "type": "Point", "coordinates": [ 139.926697, 36.607669 ] } },
{ "type": "Feature", "properties": { "ID": 922090100480, "正式名称": "ますぶちクリニック", "機関区分": 2, "都道府県コード": 9, "市区町村コード": 201, "所在地": "栃木県宇都宮市中今泉３－１３－２０", "緯度": 36.568993, "経度": 139.909215, "url": "https://www.iryou.teikyouseido.mhlw.go.jp/znk-web/juminkanja/S2430/initialize?prefCd=09&kikanCd=22090100480&kikanKbn=2", "url2": null, "内容": "ますぶちクリニック【2:診療所】【診療科目:0】栃木県宇都宮市中今泉３－１３－２０" }, "geometry": { "type": "Point", "coordinates": [ 139.909215, 36.568993 ] } },
{ "type": "Feature", "properties": { "ID": 922090100481, "正式名称": "増山内科小児科クリニック", "機関区分": 2, "都道府県コード": 9, "市区町村コード": 201, "所在地": "栃木県宇都宮市平松本町３４０－６", "緯度": 36.54224, "経度": 139.908511, "url": "https://www.iryou.teikyouseido.mhlw.go.jp/znk-web/juminkanja/S2430/initialize?prefCd=09&kikanCd=22090100481&kikanKbn=2", "url2": "http://www.masuyama-clinic.jp", "内容": "増山内科小児科クリニック【2:診療所】【診療科目:0】栃木県宇都宮市平松本町３４０－６" }, "geometry": { "type": "Point", "coordinates": [ 139.908511, 36.54224 ] } },
{ "type": "Feature", "properties": { "ID": 922090100482, "正式名称": "松村外科整形外科医院", "機関区分": 2, "都道府県コード": 9, "市区町村コード": 201, "所在地": "栃木県宇都宮市馬場通り１−１−６", "緯度": 36.561923, "経度": 139.885284, "url": "https://www.iryou.teikyouseido.mhlw.go.jp/znk-web/juminkanja/S2430/initialize?prefCd=09&kikanCd=22090100482&kikanKbn=2", "url2": "https://matsumura-geka.jimdofree.com", "内容": "松村外科整形外科医院【2:診療所】【診療科目:0】栃木県宇都宮市馬場通り１−１−６" }, "geometry": { "type": "Point", "coordinates": [ 139.885284, 36.561923 ] } },
{ "type": "Feature", "properties": { "ID": 922090100483, "正式名称": "松本医院", "機関区分": 2, "都道府県コード": 9, "市区町村コード": 201, "所在地": "栃木県宇都宮市宝木本町２０５８番地５", "緯度": 36.617969, "経度": 139.852912, "url": "https://www.iryou.teikyouseido.mhlw.go.jp/znk-web/juminkanja/S2430/initialize?prefCd=09&kikanCd=22090100483&kikanKbn=2", "url2": "https://www.matsumoto-cl0975.com/", "内容": "松本医院【2:診療所】【診療科目:0】栃木県宇都宮市宝木本町２０５８番地５" }, "geometry": { "type": "Point", "coordinates": [ 139.852912, 36.617969 ] } },
{ "type": "Feature", "properties": { "ID": 922090100490, "正式名称": "医療法人社団宮川内科", "機関区分": 2, "都道府県コード": 9, "市区町村コード": 201, "所在地": "栃木県宇都宮市北一の沢町１０－１２", "緯度": 36.57013, "経度": 139.86556, "url": "https://www.iryou.teikyouseido.mhlw.go.jp/znk-web/juminkanja/S2430/initialize?prefCd=09&kikanCd=22090100490&kikanKbn=2", "url2": null, "内容": "医療法人社団宮川内科【2:診療所】【診療科目:0】栃木県宇都宮市北一の沢町１０－１２" }, "geometry": { "type": "Point", "coordinates": [ 139.86556, 36.57013 ] } },
{ "type": "Feature", "properties": { "ID": 922090100491, "正式名称": "医療法人　富士見会　ミヤ健康クリニック", "機関区分": 2, "都道府県コード": 9, "市区町村コード": 201, "所在地": "栃木県宇都宮市ゆいの杜３丁目２番２３号", "緯度": 36.57107, "経度": 139.987324, "url": "https://www.iryou.teikyouseido.mhlw.go.jp/znk-web/juminkanja/S2430/initialize?prefCd=09&kikanCd=22090100491&kikanKbn=2", "url2": "https://miya-kenkou.jp/", "内容": "医療法人　富士見会　ミヤ健康クリニック【2:診療所】【診療科目:0】栃木県宇都宮市ゆいの杜３丁目２番２３号" }, "geometry": { "type": "Point", "coordinates": [ 139.987324, 36.57107 ] } },
{ "type": "Feature", "properties": { "ID": 922090100493, "正式名称": "宮下眼科医院", "機関区分": 2, "都道府県コード": 9, "市区町村コード": 201, "所在地": "栃木県宇都宮市南大通り１－２－４", "緯度": 36.55723, "経度": 139.8948, "url": "https://www.iryou.teikyouseido.mhlw.go.jp/znk-web/juminkanja/S2430/initialize?prefCd=09&kikanCd=22090100493&kikanKbn=2", "url2": "https://www.miyashita-ganka.or.jp/", "内容": "宮下眼科医院【2:診療所】【診療科目:0】栃木県宇都宮市南大通り１－２－４" }, "geometry": { "type": "Point", "coordinates": [ 139.8948, 36.55723 ] } },
{ "type": "Feature", "properties": { "ID": 922090100496, "正式名称": "御幸内科医院", "機関区分": 2, "都道府県コード": 9, "市区町村コード": 201, "所在地": "栃木県宇都宮市御幸町１０８ー２２", "緯度": 36.575995, "経度": 139.920463, "url": "https://www.iryou.teikyouseido.mhlw.go.jp/znk-web/juminkanja/S2430/initialize?prefCd=09&kikanCd=22090100496&kikanKbn=2", "url2": null, "内容": "御幸内科医院【2:診療所】【診療科目:0】栃木県宇都宮市御幸町１０８ー２２" }, "geometry": { "type": "Point", "coordinates": [ 139.920463, 36.575995 ] } },
{ "type": "Feature", "properties": { "ID": 922090100499, "正式名称": "室本眼科医院", "機関区分": 2, "都道府県コード": 9, "市区町村コード": 201, "所在地": "栃木県宇都宮市江野町", "緯度": 36.560074, "経度": 139.882851, "url": "https://www.iryou.teikyouseido.mhlw.go.jp/znk-web/juminkanja/S2430/initialize?prefCd=09&kikanCd=22090100499&kikanKbn=2", "url2": null, "内容": "室本眼科医院【2:診療所】【診療科目:0】栃木県宇都宮市江野町" }, "geometry": { "type": "Point", "coordinates": [ 139.882851, 36.560074 ] } },
{ "type": "Feature", "properties": { "ID": 9220901005, "正式名称": "浅原眼科クリニック", "機関区分": 2, "都道府県コード": 9, "市区町村コード": 202, "所在地": "栃木県足利市朝倉町３－１６－４", "緯度": 36.317337, "経度": 139.442751, "url": "https://www.iryou.teikyouseido.mhlw.go.jp/znk-web/juminkanja/S2430/initialize?prefCd=09&kikanCd=220901005&kikanKbn=2", "url2": null, "内容": "浅原眼科クリニック【2:診療所】【診療科目:0】栃木県足利市朝倉町３－１６－４" }, "geometry": { "type": "Point", "coordinates": [ 139.442751, 36.317337 ] } },
{ "type": "Feature", "properties": { "ID": 922090100501, "正式名称": "医療法人やたがい内科クリニック", "機関区分": 2, "都道府県コード": 9, "市区町村コード": 201, "所在地": "栃木県宇都宮市屋板町", "緯度": 36.520113, "経度": 139.893441, "url": "https://www.iryou.teikyouseido.mhlw.go.jp/znk-web/juminkanja/S2430/initialize?prefCd=09&kikanCd=22090100501&kikanKbn=2", "url2": "http://www.yatagai-clinic.or.jp/", "内容": "医療法人やたがい内科クリニック【2:診療所】【診療科目:0】栃木県宇都宮市屋板町" }, "geometry": { "type": "Point", "coordinates": [ 139.893441, 36.520113 ] } },
{ "type": "Feature", "properties": { "ID": 922090100502, "正式名称": "柳田整形外科医院", "機関区分": 2, "都道府県コード": 9, "市区町村コード": 201, "所在地": "栃木県宇都宮市岩曽町３７－１", "緯度": 36.591362, "経度": 139.895648, "url": "https://www.iryou.teikyouseido.mhlw.go.jp/znk-web/juminkanja/S2430/initialize?prefCd=09&kikanCd=22090100502&kikanKbn=2", "url2": null, "内容": "柳田整形外科医院【2:診療所】【診療科目:0】栃木県宇都宮市岩曽町３７－１" }, "geometry": { "type": "Point", "coordinates": [ 139.895648, 36.591362 ] } },
{ "type": "Feature", "properties": { "ID": 922090100504, "正式名称": "やはぎ整形外科クリニック", "機関区分": 2, "都道府県コード": 9, "市区町村コード": 201, "所在地": "栃木県宇都宮市宝木本町１１４０－２６３", "緯度": 36.603009, "経度": 139.846147, "url": "https://www.iryou.teikyouseido.mhlw.go.jp/znk-web/juminkanja/S2430/initialize?prefCd=09&kikanCd=22090100504&kikanKbn=2", "url2": "http://www.yahagi-clinic.jp", "内容": "やはぎ整形外科クリニック【2:診療所】【診療科目:0】栃木県宇都宮市宝木本町１１４０－２６３" }, "geometry": { "type": "Point", "coordinates": [ 139.846147, 36.603009 ] } },
{ "type": "Feature", "properties": { "ID": 922090100505, "正式名称": "八幡医院", "機関区分": 2, "都道府県コード": 9, "市区町村コード": 201, "所在地": "栃木県宇都宮市西１－３－３７", "緯度": 36.560401, "経度": 139.876951, "url": "https://www.iryou.teikyouseido.mhlw.go.jp/znk-web/juminkanja/S2430/initialize?prefCd=09&kikanCd=22090100505&kikanKbn=2", "url2": "http://yahataclinic.byoinnavi.jp", "内容": "八幡医院【2:診療所】【診療科目:0】栃木県宇都宮市西１－３－３７" }, "geometry": { "type": "Point", "coordinates": [ 139.876951, 36.560401 ] } },
{ "type": "Feature", "properties": { "ID": 922090100506, "正式名称": "山井内科小児科クリニック", "機関区分": 2, "都道府県コード": 9, "市区町村コード": 201, "所在地": "栃木県宇都宮市上戸祭町６９６－６", "緯度": 36.588231, "経度": 139.871612, "url": "https://www.iryou.teikyouseido.mhlw.go.jp/znk-web/juminkanja/S2430/initialize?prefCd=09&kikanCd=22090100506&kikanKbn=2", "url2": null, "内容": "山井内科小児科クリニック【2:診療所】【診療科目:0】栃木県宇都宮市上戸祭町６９６－６" }, "geometry": { "type": "Point", "coordinates": [ 139.871612, 36.588231 ] } },
{ "type": "Feature", "properties": { "ID": 922090100507, "正式名称": "医療法人　秀和会　山川耳鼻咽喉科医院", "機関区分": 2, "都道府県コード": 9, "市区町村コード": 201, "所在地": "栃木県宇都宮市若松原１－２２－３２", "緯度": 36.49986, "経度": 139.868563, "url": "https://www.iryou.teikyouseido.mhlw.go.jp/znk-web/juminkanja/S2430/initialize?prefCd=09&kikanCd=22090100507&kikanKbn=2", "url2": "https://www.yamakawa-ent.net/", "内容": "医療法人　秀和会　山川耳鼻咽喉科医院【2:診療所】【診療科目:0】栃木県宇都宮市若松原１－２２－３２" }, "geometry": { "type": "Point", "coordinates": [ 139.868563, 36.49986 ] } },
{ "type": "Feature", "properties": { "ID": 922090100508, "正式名称": "医療法人弥生会　山口クリニック", "機関区分": 2, "都道府県コード": 9, "市区町村コード": 201, "所在地": "栃木県宇都宮市元今泉６－２－９", "緯度": 36.562293, "経度": 139.914231, "url": "https://www.iryou.teikyouseido.mhlw.go.jp/znk-web/juminkanja/S2430/initialize?prefCd=09&kikanCd=22090100508&kikanKbn=2", "url2": null, "内容": "医療法人弥生会　山口クリニック【2:診療所】【診療科目:0】栃木県宇都宮市元今泉６－２－９" }, "geometry": { "type": "Point", "coordinates": [ 139.914231, 36.562293 ] } },
{ "type": "Feature", "properties": { "ID": 922090100510, "正式名称": "山崎小児科医院", "機関区分": 2, "都道府県コード": 9, "市区町村コード": 201, "所在地": "栃木県宇都宮市新富町２－５", "緯度": 36.486561, "経度": 139.872611, "url": "https://www.iryou.teikyouseido.mhlw.go.jp/znk-web/juminkanja/S2430/initialize?prefCd=09&kikanCd=22090100510&kikanKbn=2", "url2": "http://yamazaki-shounika.com/", "内容": "山崎小児科医院【2:診療所】【診療科目:0】栃木県宇都宮市新富町２－５" }, "geometry": { "type": "Point", "coordinates": [ 139.872611, 36.486561 ] } },
{ "type": "Feature", "properties": { "ID": 922090100512, "正式名称": "山本耳鼻咽喉科医院", "機関区分": 2, "都道府県コード": 9, "市区町村コード": 201, "所在地": "栃木県宇都宮市今泉１－１－１５", "緯度": 36.562387, "経度": 139.896225, "url": "https://www.iryou.teikyouseido.mhlw.go.jp/znk-web/juminkanja/S2430/initialize?prefCd=09&kikanCd=22090100512&kikanKbn=2", "url2": null, "内容": "山本耳鼻咽喉科医院【2:診療所】【診療科目:0】栃木県宇都宮市今泉１－１－１５" }, "geometry": { "type": "Point", "coordinates": [ 139.896225, 36.562387 ] } },
{ "type": "Feature", "properties": { "ID": 922090100515, "正式名称": "医療法人　よしざわクリニック", "機関区分": 2, "都道府県コード": 9, "市区町村コード": 201, "所在地": "栃木県宇都宮市台新田１－２－２５", "緯度": 36.517181, "経度": 139.877784, "url": "https://www.iryou.teikyouseido.mhlw.go.jp/znk-web/juminkanja/S2430/initialize?prefCd=09&kikanCd=22090100515&kikanKbn=2", "url2": "http://www.yoshizawaclinic.com", "内容": "医療法人　よしざわクリニック【2:診療所】【診療科目:0】栃木県宇都宮市台新田１－２－２５" }, "geometry": { "type": "Point", "coordinates": [ 139.877784, 36.517181 ] } },
{ "type": "Feature", "properties": { "ID": 922090100518, "正式名称": "吉田内科クリニック", "機関区分": 2, "都道府県コード": 9, "市区町村コード": 201, "所在地": "栃木県宇都宮市屋板町", "緯度": 36.522583, "経度": 139.900754, "url": "https://www.iryou.teikyouseido.mhlw.go.jp/znk-web/juminkanja/S2430/initialize?prefCd=09&kikanCd=22090100518&kikanKbn=2", "url2": null, "内容": "吉田内科クリニック【2:診療所】【診療科目:0】栃木県宇都宮市屋板町" }, "geometry": { "type": "Point", "coordinates": [ 139.900754, 36.522583 ] } },
{ "type": "Feature", "properties": { "ID": 922090100523, "正式名称": "医療法人わたなべ会渡辺内科クリニック", "機関区分": 2, "都道府県コード": 9, "市区町村コード": 201, "所在地": "栃木県宇都宮市江野町６－１３", "緯度": 36.560885, "経度": 139.880076, "url": "https://www.iryou.teikyouseido.mhlw.go.jp/znk-web/juminkanja/S2430/initialize?prefCd=09&kikanCd=22090100523&kikanKbn=2", "url2": "http://www.watanabenaika.com", "内容": "医療法人わたなべ会渡辺内科クリニック【2:診療所】【診療科目:0】栃木県宇都宮市江野町６－１３" }, "geometry": { "type": "Point", "coordinates": [ 139.880076, 36.560885 ] } },
{ "type": "Feature", "properties": { "ID": 922090100531, "正式名称": "医療法人社団　浅岡医院", "機関区分": 2, "都道府県コード": 9, "市区町村コード": 202, "所在地": "栃木県足利市相生町３８７", "緯度": 36.336833, "経度": 139.460914, "url": "https://www.iryou.teikyouseido.mhlw.go.jp/znk-web/juminkanja/S2430/initialize?prefCd=09&kikanCd=22090100531&kikanKbn=2", "url2": "http://www.asaokacl.jp/", "内容": "医療法人社団　浅岡医院【2:診療所】【診療科目:0】栃木県足利市相生町３８７" }, "geometry": { "type": "Point", "coordinates": [ 139.460914, 36.336833 ] } },
{ "type": "Feature", "properties": { "ID": 922090100534, "正式名称": "足利腎クリニック", "機関区分": 2, "都道府県コード": 9, "市区町村コード": 202, "所在地": "栃木県足利市伊勢南町９－５", "緯度": 36.329305, "経度": 139.458145, "url": "https://www.iryou.teikyouseido.mhlw.go.jp/znk-web/juminkanja/S2430/initialize?prefCd=09&kikanCd=22090100534&kikanKbn=2", "url2": null, "内容": "足利腎クリニック【2:診療所】【診療科目:0】栃木県足利市伊勢南町９－５" }, "geometry": { "type": "Point", "coordinates": [ 139.458145, 36.329305 ] } },
{ "type": "Feature", "properties": { "ID": 922090100536, "正式名称": "あしかがメンタルクリニック", "機関区分": 2, "都道府県コード": 9, "市区町村コード": 202, "所在地": "栃木県足利市田中町８２６－２", "緯度": 36.326531, "経度": 139.450167, "url": "https://www.iryou.teikyouseido.mhlw.go.jp/znk-web/juminkanja/S2430/initialize?prefCd=09&kikanCd=22090100536&kikanKbn=2", "url2": "http://www.ashikaga-mentalclinic.jp", "内容": "あしかがメンタルクリニック【2:診療所】【診療科目:0】栃木県足利市田中町８２６－２" }, "geometry": { "type": "Point", "coordinates": [ 139.450167, 36.326531 ] } },
{ "type": "Feature", "properties": { "ID": 922090100538, "正式名称": "医療法人社団正和会　あなはらクリニック", "機関区分": 2, "都道府県コード": 9, "市区町村コード": 202, "所在地": "栃木県足利市伊勢町２－１３－５", "緯度": 36.332747, "経度": 139.460894, "url": "https://www.iryou.teikyouseido.mhlw.go.jp/znk-web/juminkanja/S2430/initialize?prefCd=09&kikanCd=22090100538&kikanKbn=2", "url2": null, "内容": "医療法人社団正和会　あなはらクリニック【2:診療所】【診療科目:0】栃木県足利市伊勢町２－１３－５" }, "geometry": { "type": "Point", "coordinates": [ 139.460894, 36.332747 ] } },
{ "type": "Feature", "properties": { "ID": 922090100542, "正式名称": "天貝皮フ科クリニック", "機関区分": 2, "都道府県コード": 9, "市区町村コード": 202, "所在地": "栃木県足利市堀込町１６２４－２", "緯度": 36.309143, "経度": 139.435786, "url": "https://www.iryou.teikyouseido.mhlw.go.jp/znk-web/juminkanja/S2430/initialize?prefCd=09&kikanCd=22090100542&kikanKbn=2", "url2": null, "内容": "天貝皮フ科クリニック【2:診療所】【診療科目:0】栃木県足利市堀込町１６２４－２" }, "geometry": { "type": "Point", "coordinates": [ 139.435786, 36.309143 ] } },
{ "type": "Feature", "properties": { "ID": 922090100545, "正式名称": "井戸川クリニック", "機関区分": 2, "都道府県コード": 9, "市区町村コード": 202, "所在地": "栃木県足利市福富町２０９６－１", "緯度": 36.316427, "経度": 139.464428, "url": "https://www.iryou.teikyouseido.mhlw.go.jp/znk-web/juminkanja/S2430/initialize?prefCd=09&kikanCd=22090100545&kikanKbn=2", "url2": null, "内容": "井戸川クリニック【2:診療所】【診療科目:0】栃木県足利市福富町２０９６－１" }, "geometry": { "type": "Point", "coordinates": [ 139.464428, 36.316427 ] } },
{ "type": "Feature", "properties": { "ID": 922090100548, "正式名称": "医療法人　正美会　大岡胃腸内科", "機関区分": 2, "都道府県コード": 9, "市区町村コード": 202, "所在地": "栃木県足利市花園町４－２", "緯度": 36.335518, "経度": 139.474374, "url": "https://www.iryou.teikyouseido.mhlw.go.jp/znk-web/juminkanja/S2430/initialize?prefCd=09&kikanCd=22090100548&kikanKbn=2", "url2": "http://shobikai.com", "内容": "医療法人　正美会　大岡胃腸内科【2:診療所】【診療科目:0】栃木県足利市花園町４－２" }, "geometry": { "type": "Point", "coordinates": [ 139.474374, 36.335518 ] } },
{ "type": "Feature", "properties": { "ID": 922090100550, "正式名称": "岡田内科・小児科", "機関区分": 2, "都道府県コード": 9, "市区町村コード": 202, "所在地": "栃木県足利市朝倉町３－８－１４", "緯度": 36.319764, "経度": 139.444903, "url": "https://www.iryou.teikyouseido.mhlw.go.jp/znk-web/juminkanja/S2430/initialize?prefCd=09&kikanCd=22090100550&kikanKbn=2", "url2": "https://okada-familyclinic.com/", "内容": "岡田内科・小児科【2:診療所】【診療科目:0】栃木県足利市朝倉町３－８－１４" }, "geometry": { "type": "Point", "coordinates": [ 139.444903, 36.319764 ] } },
{ "type": "Feature", "properties": { "ID": 922090100553, "正式名称": "小平小児科クリニック", "機関区分": 2, "都道府県コード": 9, "市区町村コード": 202, "所在地": "栃木県足利市助戸１－７１０", "緯度": 36.329892, "経度": 139.470908, "url": "https://www.iryou.teikyouseido.mhlw.go.jp/znk-web/juminkanja/S2430/initialize?prefCd=09&kikanCd=22090100553&kikanKbn=2", "url2": null, "内容": "小平小児科クリニック【2:診療所】【診療科目:0】栃木県足利市助戸１－７１０" }, "geometry": { "type": "Point", "coordinates": [ 139.470908, 36.329892 ] } },
{ "type": "Feature", "properties": { "ID": 922090100555, "正式名称": "医療法人　落合医院", "機関区分": 2, "都道府県コード": 9, "市区町村コード": 202, "所在地": "栃木県足利市今福町６６", "緯度": 36.340037, "経度": 139.433339, "url": "https://www.iryou.teikyouseido.mhlw.go.jp/znk-web/juminkanja/S2430/initialize?prefCd=09&kikanCd=22090100555&kikanKbn=2", "url2": null, "内容": "医療法人　落合医院【2:診療所】【診療科目:0】栃木県足利市今福町６６" }, "geometry": { "type": "Point", "coordinates": [ 139.433339, 36.340037 ] } },
{ "type": "Feature", "properties": { "ID": 922090100558, "正式名称": "医療法人　社団　裕幸会　賀川診療所", "機関区分": 2, "都道府県コード": 9, "市区町村コード": 202, "所在地": "栃木県足利市五十部町１７８５", "緯度": 36.346103, "経度": 139.417095, "url": "https://www.iryou.teikyouseido.mhlw.go.jp/znk-web/juminkanja/S2430/initialize?prefCd=09&kikanCd=22090100558&kikanKbn=2", "url2": null, "内容": "医療法人　社団　裕幸会　賀川診療所【2:診療所】【診療科目:0】栃木県足利市五十部町１７８５" }, "geometry": { "type": "Point", "coordinates": [ 139.417095, 36.346103 ] } },
{ "type": "Feature", "properties": { "ID": 922090100559, "正式名称": "笠原外科胃腸科医院", "機関区分": 2, "都道府県コード": 9, "市区町村コード": 202, "所在地": "栃木県足利市福居町９９４", "緯度": 36.312681, "経度": 139.452895, "url": "https://www.iryou.teikyouseido.mhlw.go.jp/znk-web/juminkanja/S2430/initialize?prefCd=09&kikanCd=22090100559&kikanKbn=2", "url2": null, "内容": "笠原外科胃腸科医院【2:診療所】【診療科目:0】栃木県足利市福居町９９４" }, "geometry": { "type": "Point", "coordinates": [ 139.452895, 36.312681 ] } },
{ "type": "Feature", "properties": { "ID": 922090100561, "正式名称": "鹿島こどもクリニック", "機関区分": 2, "都道府県コード": 9, "市区町村コード": 202, "所在地": "栃木県足利市鹿島町５０１－３", "緯度": 36.348911, "経度": 139.402765, "url": "https://www.iryou.teikyouseido.mhlw.go.jp/znk-web/juminkanja/S2430/initialize?prefCd=09&kikanCd=22090100561&kikanKbn=2", "url2": "https://www.kasimakc.com", "内容": "鹿島こどもクリニック【2:診療所】【診療科目:0】栃木県足利市鹿島町５０１－３" }, "geometry": { "type": "Point", "coordinates": [ 139.402765, 36.348911 ] } },
{ "type": "Feature", "properties": { "ID": 922090100562, "正式名称": "鹿島整形外科", "機関区分": 2, "都道府県コード": 9, "市区町村コード": 202, "所在地": "栃木県足利市鹿島町５０６", "緯度": 36.349089, "経度": 139.40384, "url": "https://www.iryou.teikyouseido.mhlw.go.jp/znk-web/juminkanja/S2430/initialize?prefCd=09&kikanCd=22090100562&kikanKbn=2", "url2": "http://kashima-seikei.jp/", "内容": "鹿島整形外科【2:診療所】【診療科目:0】栃木県足利市鹿島町５０６" }, "geometry": { "type": "Point", "coordinates": [ 139.40384, 36.349089 ] } },
{ "type": "Feature", "properties": { "ID": 922090100563, "正式名称": "医療法人　柏瀬眼科", "機関区分": 2, "都道府県コード": 9, "市区町村コード": 202, "所在地": "栃木県足利市相生町３８６－１", "緯度": 36.336264, "経度": 139.461822, "url": "https://www.iryou.teikyouseido.mhlw.go.jp/znk-web/juminkanja/S2430/initialize?prefCd=09&kikanCd=22090100563&kikanKbn=2", "url2": "http://kashiwase.com/", "内容": "医療法人　柏瀬眼科【2:診療所】【診療科目:0】栃木県足利市相生町３８６－１" }, "geometry": { "type": "Point", "coordinates": [ 139.461822, 36.336264 ] } },
{ "type": "Feature", "properties": { "ID": 922090100565, "正式名称": "亀田医院ペインクリニック", "機関区分": 2, "都道府県コード": 9, "市区町村コード": 202, "所在地": "栃木県足利市朝倉町", "緯度": 36.31737, "経度": 139.443066, "url": "https://www.iryou.teikyouseido.mhlw.go.jp/znk-web/juminkanja/S2430/initialize?prefCd=09&kikanCd=22090100565&kikanKbn=2", "url2": null, "内容": "亀田医院ペインクリニック【2:診療所】【診療科目:0】栃木県足利市朝倉町" }, "geometry": { "type": "Point", "coordinates": [ 139.443066, 36.31737 ] } },
{ "type": "Feature", "properties": { "ID": 922090100567, "正式名称": "医療法人清心会行徳整形外科クリニック", "機関区分": 2, "都道府県コード": 9, "市区町村コード": 202, "所在地": "栃木県足利市福居町１８２", "緯度": 36.306888, "経度": 139.446616, "url": "https://www.iryou.teikyouseido.mhlw.go.jp/znk-web/juminkanja/S2430/initialize?prefCd=09&kikanCd=22090100567&kikanKbn=2", "url2": null, "内容": "医療法人清心会行徳整形外科クリニック【2:診療所】【診療科目:0】栃木県足利市福居町１８２" }, "geometry": { "type": "Point", "coordinates": [ 139.446616, 36.306888 ] } },
{ "type": "Feature", "properties": { "ID": 922090100568, "正式名称": "くさの小児科", "機関区分": 2, "都道府県コード": 9, "市区町村コード": 202, "所在地": "栃木県足利市上渋垂町３３８－３", "緯度": 36.305497, "経度": 139.463722, "url": "https://www.iryou.teikyouseido.mhlw.go.jp/znk-web/juminkanja/S2430/initialize?prefCd=09&kikanCd=22090100568&kikanKbn=2", "url2": null, "内容": "くさの小児科【2:診療所】【診療科目:0】栃木県足利市上渋垂町３３８－３" }, "geometry": { "type": "Point", "coordinates": [ 139.463722, 36.305497 ] } },
{ "type": "Feature", "properties": { "ID": 922090100571, "正式名称": "医療法人　三和会　小林内科", "機関区分": 2, "都道府県コード": 9, "市区町村コード": 202, "所在地": "栃木県足利市堀込町", "緯度": 36.308166, "経度": 139.444333, "url": "https://www.iryou.teikyouseido.mhlw.go.jp/znk-web/juminkanja/S2430/initialize?prefCd=09&kikanCd=22090100571&kikanKbn=2", "url2": null, "内容": "医療法人　三和会　小林内科【2:診療所】【診療科目:0】栃木県足利市堀込町" }, "geometry": { "type": "Point", "coordinates": [ 139.444333, 36.308166 ] } },
{ "type": "Feature", "properties": { "ID": 922090100574, "正式名称": "三瓶医院", "機関区分": 2, "都道府県コード": 9, "市区町村コード": 202, "所在地": "栃木県足利市大町１１ー１２", "緯度": 36.335285, "経度": 139.457525, "url": "https://www.iryou.teikyouseido.mhlw.go.jp/znk-web/juminkanja/S2430/initialize?prefCd=09&kikanCd=22090100574&kikanKbn=2", "url2": null, "内容": "三瓶医院【2:診療所】【診療科目:0】栃木県足利市大町１１ー１２" }, "geometry": { "type": "Point", "coordinates": [ 139.457525, 36.335285 ] } },
{ "type": "Feature", "properties": { "ID": 922090100575, "正式名称": "柴田クリニック", "機関区分": 2, "都道府県コード": 9, "市区町村コード": 202, "所在地": "栃木県足利市千歳町６７－７", "緯度": 36.327001, "経度": 139.465875, "url": "https://www.iryou.teikyouseido.mhlw.go.jp/znk-web/juminkanja/S2430/initialize?prefCd=09&kikanCd=22090100575&kikanKbn=2", "url2": "http://shibata-clinic.webmedipr.jp", "内容": "柴田クリニック【2:診療所】【診療科目:0】栃木県足利市千歳町６７－７" }, "geometry": { "type": "Point", "coordinates": [ 139.465875, 36.327001 ] } },
{ "type": "Feature", "properties": { "ID": 922090100577, "正式名称": "昌平町こどもクリニック", "機関区分": 2, "都道府県コード": 9, "市区町村コード": 202, "所在地": "栃木県足利市昌平町２３６８", "緯度": 36.335488, "経度": 139.452162, "url": "https://www.iryou.teikyouseido.mhlw.go.jp/znk-web/juminkanja/S2430/initialize?prefCd=09&kikanCd=22090100577&kikanKbn=2", "url2": "https://www.shoheicho-kodomoclinic.com/", "内容": "昌平町こどもクリニック【2:診療所】【診療科目:0】栃木県足利市昌平町２３６８" }, "geometry": { "type": "Point", "coordinates": [ 139.452162, 36.335488 ] } },
{ "type": "Feature", "properties": { "ID": 922090100579, "正式名称": "医療法人日和会すながクリニック", "機関区分": 2, "都道府県コード": 9, "市区町村コード": 202, "所在地": "栃木県足利市八椚町４９４－１", "緯度": 36.324219, "経度": 139.489459, "url": "https://www.iryou.teikyouseido.mhlw.go.jp/znk-web/juminkanja/S2430/initialize?prefCd=09&kikanCd=22090100579&kikanKbn=2", "url2": null, "内容": "医療法人日和会すながクリニック【2:診療所】【診療科目:0】栃木県足利市八椚町４９４－１" }, "geometry": { "type": "Point", "coordinates": [ 139.489459, 36.324219 ] } },
{ "type": "Feature", "properties": { "ID": 922090100582, "正式名称": "関内科医院", "機関区分": 2, "都道府県コード": 9, "市区町村コード": 202, "所在地": "栃木県足利市利保町３－７－１", "緯度": 36.359501, "経度": 139.472354, "url": "https://www.iryou.teikyouseido.mhlw.go.jp/znk-web/juminkanja/S2430/initialize?prefCd=09&kikanCd=22090100582&kikanKbn=2", "url2": null, "内容": "関内科医院【2:診療所】【診療科目:0】栃木県足利市利保町３－７－１" }, "geometry": { "type": "Point", "coordinates": [ 139.472354, 36.359501 ] } },
{ "type": "Feature", "properties": { "ID": 922090100593, "正式名称": "ときたクリニック", "機関区分": 2, "都道府県コード": 9, "市区町村コード": 202, "所在地": "栃木県足利市江川町２－１３－５", "緯度": 36.352512, "経度": 139.466622, "url": "https://www.iryou.teikyouseido.mhlw.go.jp/znk-web/juminkanja/S2430/initialize?prefCd=09&kikanCd=22090100593&kikanKbn=2", "url2": null, "内容": "ときたクリニック【2:診療所】【診療科目:0】栃木県足利市江川町２－１３－５" }, "geometry": { "type": "Point", "coordinates": [ 139.466622, 36.352512 ] } },
{ "type": "Feature", "properties": { "ID": 922090100595, "正式名称": "冨田内科医院", "機関区分": 2, "都道府県コード": 9, "市区町村コード": 202, "所在地": "栃木県足利市錦町４５ー１", "緯度": 36.328037, "経度": 139.463508, "url": "https://www.iryou.teikyouseido.mhlw.go.jp/znk-web/juminkanja/S2430/initialize?prefCd=09&kikanCd=22090100595&kikanKbn=2", "url2": "http://tomitanaika.com", "内容": "冨田内科医院【2:診療所】【診療科目:0】栃木県足利市錦町４５ー１" }, "geometry": { "type": "Point", "coordinates": [ 139.463508, 36.328037 ] } },
{ "type": "Feature", "properties": { "ID": 922090100596, "正式名称": "富谷耳鼻咽喉科医院", "機関区分": 2, "都道府県コード": 9, "市区町村コード": 202, "所在地": "栃木県足利市大橋町１－１８２８－５", "緯度": 36.340516, "経度": 139.461942, "url": "https://www.iryou.teikyouseido.mhlw.go.jp/znk-web/juminkanja/S2430/initialize?prefCd=09&kikanCd=22090100596&kikanKbn=2", "url2": "http://www7b.biglobe.ne.jp/~tomiyajb/", "内容": "富谷耳鼻咽喉科医院【2:診療所】【診療科目:0】栃木県足利市大橋町１－１８２８－５" }, "geometry": { "type": "Point", "coordinates": [ 139.461942, 36.340516 ] } },
{ "type": "Feature", "properties": { "ID": 922090100599, "正式名称": "医療法人中三川クリニック　なかみがわ内科・小児科クリニック", "機関区分": 2, "都道府県コード": 9, "市区町村コード": 202, "所在地": "栃木県足利市八幡町１－７－１", "緯度": 36.325555, "経度": 139.442893, "url": "https://www.iryou.teikyouseido.mhlw.go.jp/znk-web/juminkanja/S2430/initialize?prefCd=09&kikanCd=22090100599&kikanKbn=2", "url2": null, "内容": "医療法人中三川クリニック　なかみがわ内科・小児科クリニック【2:診療所】【診療科目:0】栃木県足利市八幡町１－７－１" }, "geometry": { "type": "Point", "coordinates": [ 139.442893, 36.325555 ] } },
{ "type": "Feature", "properties": { "ID": 922090100600, "正式名称": "医療法人　櫻会　中谷医院", "機関区分": 2, "都道府県コード": 9, "市区町村コード": 202, "所在地": "栃木県足利市通２丁目２６４６－１", "緯度": 36.335177, "経度": 139.450634, "url": "https://www.iryou.teikyouseido.mhlw.go.jp/znk-web/juminkanja/S2430/initialize?prefCd=09&kikanCd=22090100600&kikanKbn=2", "url2": null, "内容": "医療法人　櫻会　中谷医院【2:診療所】【診療科目:0】栃木県足利市通２丁目２６４６－１" }, "geometry": { "type": "Point", "coordinates": [ 139.450634, 36.335177 ] } },
{ "type": "Feature", "properties": { "ID": 922090100601, "正式名称": "中山内科医院", "機関区分": 2, "都道府県コード": 9, "市区町村コード": 202, "所在地": "栃木県足利市通２−２７３９", "緯度": 36.334366, "経度": 139.449542, "url": "https://www.iryou.teikyouseido.mhlw.go.jp/znk-web/juminkanja/S2430/initialize?prefCd=09&kikanCd=22090100601&kikanKbn=2", "url2": null, "内容": "中山内科医院【2:診療所】【診療科目:0】栃木県足利市通２−２７３９" }, "geometry": { "type": "Point", "coordinates": [ 139.449542, 36.334366 ] } },
{ "type": "Feature", "properties": { "ID": 922090100604, "正式名称": "深井眼科医院", "機関区分": 2, "都道府県コード": 9, "市区町村コード": 202, "所在地": "栃木県足利市通４ー２７９６", "緯度": 36.336057, "経度": 139.445201, "url": "https://www.iryou.teikyouseido.mhlw.go.jp/znk-web/juminkanja/S2430/initialize?prefCd=09&kikanCd=22090100604&kikanKbn=2", "url2": null, "内容": "深井眼科医院【2:診療所】【診療科目:0】栃木県足利市通４ー２７９６" }, "geometry": { "type": "Point", "coordinates": [ 139.445201, 36.336057 ] } },
{ "type": "Feature", "properties": { "ID": 922090100606, "正式名称": "医療法人仁窓会　福地医院", "機関区分": 2, "都道府県コード": 9, "市区町村コード": 202, "所在地": "栃木県足利市西新井町３１７８", "緯度": 36.318526, "経度": 139.431987, "url": "https://www.iryou.teikyouseido.mhlw.go.jp/znk-web/juminkanja/S2430/initialize?prefCd=09&kikanCd=22090100606&kikanKbn=2", "url2": null, "内容": "医療法人仁窓会　福地医院【2:診療所】【診療科目:0】栃木県足利市西新井町３１７８" }, "geometry": { "type": "Point", "coordinates": [ 139.431987, 36.318526 ] } },
{ "type": "Feature", "properties": { "ID": 922090100610, "正式名称": "伏島クリニック", "機関区分": 2, "都道府県コード": 9, "市区町村コード": 202, "所在地": "栃木県足利市朝倉町３－３－１", "緯度": 36.322251, "経度": 139.444129, "url": "https://www.iryou.teikyouseido.mhlw.go.jp/znk-web/juminkanja/S2430/initialize?prefCd=09&kikanCd=22090100610&kikanKbn=2", "url2": null, "内容": "伏島クリニック【2:診療所】【診療科目:0】栃木県足利市朝倉町３－３－１" }, "geometry": { "type": "Point", "coordinates": [ 139.444129, 36.322251 ] } },
{ "type": "Feature", "properties": { "ID": 922090100613, "正式名称": "増田医院", "機関区分": 2, "都道府県コード": 9, "市区町村コード": 202, "所在地": "栃木県足利市上渋垂町７２－１", "緯度": 36.30328, "経度": 139.460739, "url": "https://www.iryou.teikyouseido.mhlw.go.jp/znk-web/juminkanja/S2430/initialize?prefCd=09&kikanCd=22090100613&kikanKbn=2", "url2": null, "内容": "増田医院【2:診療所】【診療科目:0】栃木県足利市上渋垂町７２－１" }, "geometry": { "type": "Point", "coordinates": [ 139.460739, 36.30328 ] } },
{ "type": "Feature", "properties": { "ID": 922090100615, "正式名称": "みくりや整形外科", "機関区分": 2, "都道府県コード": 9, "市区町村コード": 202, "所在地": "栃木県足利市島田町８２２－６", "緯度": 36.301964, "経度": 139.45174, "url": "https://www.iryou.teikyouseido.mhlw.go.jp/znk-web/juminkanja/S2430/initialize?prefCd=09&kikanCd=22090100615&kikanKbn=2", "url2": null, "内容": "みくりや整形外科【2:診療所】【診療科目:0】栃木県足利市島田町８２２－６" }, "geometry": { "type": "Point", "coordinates": [ 139.45174, 36.301964 ] } },
{ "type": "Feature", "properties": { "ID": 922090100618, "正式名称": "柳田医院", "機関区分": 2, "都道府県コード": 9, "市区町村コード": 202, "所在地": "栃木県足利市福居町５８９", "緯度": 36.305619, "経度": 139.455106, "url": "https://www.iryou.teikyouseido.mhlw.go.jp/znk-web/juminkanja/S2430/initialize?prefCd=09&kikanCd=22090100618&kikanKbn=2", "url2": null, "内容": "柳田医院【2:診療所】【診療科目:0】栃木県足利市福居町５８９" }, "geometry": { "type": "Point", "coordinates": [ 139.455106, 36.305619 ] } },
{ "type": "Feature", "properties": { "ID": 922090100622, "正式名称": "横山皮膚科医院", "機関区分": 2, "都道府県コード": 9, "市区町村コード": 202, "所在地": "栃木県足利市伊勢町３－８－１４", "緯度": 36.334244, "経度": 139.455742, "url": "https://www.iryou.teikyouseido.mhlw.go.jp/znk-web/juminkanja/S2430/initialize?prefCd=09&kikanCd=22090100622&kikanKbn=2", "url2": "https://www.yokoyamahihuka.com/", "内容": "横山皮膚科医院【2:診療所】【診療科目:0】栃木県足利市伊勢町３－８－１４" }, "geometry": { "type": "Point", "coordinates": [ 139.455742, 36.334244 ] } },
{ "type": "Feature", "properties": { "ID": 922090100624, "正式名称": "医療法人社団廣和会両毛クリニック", "機関区分": 2, "都道府県コード": 9, "市区町村コード": 202, "所在地": "栃木県足利市中川町３５４６－５", "緯度": 36.328665, "経度": 139.426538, "url": "https://www.iryou.teikyouseido.mhlw.go.jp/znk-web/juminkanja/S2430/initialize?prefCd=09&kikanCd=22090100624&kikanKbn=2", "url2": null, "内容": "医療法人社団廣和会両毛クリニック【2:診療所】【診療科目:0】栃木県足利市中川町３５４６－５" }, "geometry": { "type": "Point", "coordinates": [ 139.426538, 36.328665 ] } },
{ "type": "Feature", "properties": { "ID": 922090100627, "正式名称": "秋山内科医院", "機関区分": 2, "都道府県コード": 9, "市区町村コード": 204, "所在地": "栃木県佐野市大和町２５８７－２", "緯度": 36.311991, "経度": 139.575483, "url": "https://www.iryou.teikyouseido.mhlw.go.jp/znk-web/juminkanja/S2430/initialize?prefCd=09&kikanCd=22090100627&kikanKbn=2", "url2": null, "内容": "秋山内科医院【2:診療所】【診療科目:0】栃木県佐野市大和町２５８７－２" }, "geometry": { "type": "Point", "coordinates": [ 139.575483, 36.311991 ] } },
{ "type": "Feature", "properties": { "ID": 922090100628, "正式名称": "医療法人生澤会くまいクリニック", "機関区分": 2, "都道府県コード": 9, "市区町村コード": 204, "所在地": "栃木県佐野市田沼町７３２－２", "緯度": 36.370628, "経度": 139.575834, "url": "https://www.iryou.teikyouseido.mhlw.go.jp/znk-web/juminkanja/S2430/initialize?prefCd=09&kikanCd=22090100628&kikanKbn=2", "url2": null, "内容": "医療法人生澤会くまいクリニック【2:診療所】【診療科目:0】栃木県佐野市田沼町７３２－２" }, "geometry": { "type": "Point", "coordinates": [ 139.575834, 36.370628 ] } },
{ "type": "Feature", "properties": { "ID": 922090100633, "正式名称": "医療法人大野眼科クリニック", "機関区分": 2, "都道府県コード": 9, "市区町村コード": 204, "所在地": "栃木県佐野市赤坂町９４８－１", "緯度": 36.302665, "経度": 139.563306, "url": "https://www.iryou.teikyouseido.mhlw.go.jp/znk-web/juminkanja/S2430/initialize?prefCd=09&kikanCd=22090100633&kikanKbn=2", "url2": "https://www.oono-ganka-clinic.or.jp/", "内容": "医療法人大野眼科クリニック【2:診療所】【診療科目:0】栃木県佐野市赤坂町９４８－１" }, "geometry": { "type": "Point", "coordinates": [ 139.563306, 36.302665 ] } },
{ "type": "Feature", "properties": { "ID": 922090100634, "正式名称": "医療法人康仁会岡医院", "機関区分": 2, "都道府県コード": 9, "市区町村コード": 204, "所在地": "栃木県佐野市久保町１１０ー１", "緯度": 36.318936, "経度": 139.586518, "url": "https://www.iryou.teikyouseido.mhlw.go.jp/znk-web/juminkanja/S2430/initialize?prefCd=09&kikanCd=22090100634&kikanKbn=2", "url2": "http://www.okasanfujinka.or.jp", "内容": "医療法人康仁会岡医院【2:診療所】【診療科目:0】栃木県佐野市久保町１１０ー１" }, "geometry": { "type": "Point", "coordinates": [ 139.586518, 36.318936 ] } },
{ "type": "Feature", "properties": { "ID": 922090100635, "正式名称": "医療法人　岡田こどもクリニック　岡田こどもクリニック", "機関区分": 2, "都道府県コード": 9, "市区町村コード": 204, "所在地": "栃木県佐野市植上町１４０８ー２", "緯度": 36.301376, "経度": 139.586643, "url": "https://www.iryou.teikyouseido.mhlw.go.jp/znk-web/juminkanja/S2430/initialize?prefCd=09&kikanCd=22090100635&kikanKbn=2", "url2": "https://okada-kodomo.jp", "内容": "医療法人　岡田こどもクリニック　岡田こどもクリニック【2:診療所】【診療科目:0】栃木県佐野市植上町１４０８ー２" }, "geometry": { "type": "Point", "coordinates": [ 139.586643, 36.301376 ] } },
{ "type": "Feature", "properties": { "ID": 922090100636, "正式名称": "小倉医師会通りクリニック", "機関区分": 2, "都道府県コード": 9, "市区町村コード": 204, "所在地": "栃木県佐野市植上町１７５２ー２", "緯度": 36.303822, "経度": 139.579608, "url": "https://www.iryou.teikyouseido.mhlw.go.jp/znk-web/juminkanja/S2430/initialize?prefCd=09&kikanCd=22090100636&kikanKbn=2", "url2": "http://www.ishikaitori-clinic.com", "内容": "小倉医師会通りクリニック【2:診療所】【診療科目:0】栃木県佐野市植上町１７５２ー２" }, "geometry": { "type": "Point", "coordinates": [ 139.579608, 36.303822 ] } },
{ "type": "Feature", "properties": { "ID": 922090100638, "正式名称": "おぬき内科クリニック", "機関区分": 2, "都道府県コード": 9, "市区町村コード": 204, "所在地": "栃木県佐野市並木町", "緯度": 36.320628, "経度": 139.549004, "url": "https://www.iryou.teikyouseido.mhlw.go.jp/znk-web/juminkanja/S2430/initialize?prefCd=09&kikanCd=22090100638&kikanKbn=2", "url2": null, "内容": "おぬき内科クリニック【2:診療所】【診療科目:0】栃木県佐野市並木町" }, "geometry": { "type": "Point", "coordinates": [ 139.549004, 36.320628 ] } },
{ "type": "Feature", "properties": { "ID": 922090100640, "正式名称": "加藤クリニックプラザ", "機関区分": 2, "都道府県コード": 9, "市区町村コード": 204, "所在地": "栃木県佐野市浅沼町", "緯度": 36.311184, "経度": 139.593879, "url": "https://www.iryou.teikyouseido.mhlw.go.jp/znk-web/juminkanja/S2430/initialize?prefCd=09&kikanCd=22090100640&kikanKbn=2", "url2": null, "内容": "加藤クリニックプラザ【2:診療所】【診療科目:0】栃木県佐野市浅沼町" }, "geometry": { "type": "Point", "coordinates": [ 139.593879, 36.311184 ] } },
{ "type": "Feature", "properties": { "ID": 922090100642, "正式名称": "医療法人　神永皮膚科医院", "機関区分": 2, "都道府県コード": 9, "市区町村コード": 204, "所在地": "栃木県佐野市亀井町２６０８", "緯度": 36.312205, "経度": 139.577919, "url": "https://www.iryou.teikyouseido.mhlw.go.jp/znk-web/juminkanja/S2430/initialize?prefCd=09&kikanCd=22090100642&kikanKbn=2", "url2": null, "内容": "医療法人　神永皮膚科医院【2:診療所】【診療科目:0】栃木県佐野市亀井町２６０８" }, "geometry": { "type": "Point", "coordinates": [ 139.577919, 36.312205 ] } },
{ "type": "Feature", "properties": { "ID": 922090100643, "正式名称": "医療法人　社団　亀田医院", "機関区分": 2, "都道府県コード": 9, "市区町村コード": 204, "所在地": "栃木県佐野市村上町１１１－１", "緯度": 36.299358, "経度": 139.540922, "url": "https://www.iryou.teikyouseido.mhlw.go.jp/znk-web/juminkanja/S2430/initialize?prefCd=09&kikanCd=22090100643&kikanKbn=2", "url2": "http://www.kamedaiin.com/", "内容": "医療法人　社団　亀田医院【2:診療所】【診療科目:0】栃木県佐野市村上町１１１－１" }, "geometry": { "type": "Point", "coordinates": [ 139.540922, 36.299358 ] } },
{ "type": "Feature", "properties": { "ID": 922090100646, "正式名称": "くすのき整形外科", "機関区分": 2, "都道府県コード": 9, "市区町村コード": 204, "所在地": "栃木県佐野市金屋仲町", "緯度": 36.311128, "経度": 139.576152, "url": "https://www.iryou.teikyouseido.mhlw.go.jp/znk-web/juminkanja/S2430/initialize?prefCd=09&kikanCd=22090100646&kikanKbn=2", "url2": null, "内容": "くすのき整形外科【2:診療所】【診療科目:0】栃木県佐野市金屋仲町" }, "geometry": { "type": "Point", "coordinates": [ 139.576152, 36.311128 ] } },
{ "type": "Feature", "properties": { "ID": 922090100647, "正式名称": "黒田整形外科医院", "機関区分": 2, "都道府県コード": 9, "市区町村コード": 204, "所在地": "栃木県佐野市伊勢山町１７９８－３", "緯度": 36.318, "経度": 139.60253, "url": "https://www.iryou.teikyouseido.mhlw.go.jp/znk-web/juminkanja/S2430/initialize?prefCd=09&kikanCd=22090100647&kikanKbn=2", "url2": null, "内容": "黒田整形外科医院【2:診療所】【診療科目:0】栃木県佐野市伊勢山町１７９８－３" }, "geometry": { "type": "Point", "coordinates": [ 139.60253, 36.318 ] } },
{ "type": "Feature", "properties": { "ID": 922090100649, "正式名称": "クワサキメンタルクリニック", "機関区分": 2, "都道府県コード": 9, "市区町村コード": 204, "所在地": "栃木県佐野市免鳥町４７２－１", "緯度": 36.310402, "経度": 139.546801, "url": "https://www.iryou.teikyouseido.mhlw.go.jp/znk-web/juminkanja/S2430/initialize?prefCd=09&kikanCd=22090100649&kikanKbn=2", "url2": "http://kuwasakikai.jp/", "内容": "クワサキメンタルクリニック【2:診療所】【診療科目:0】栃木県佐野市免鳥町４７２－１" }, "geometry": { "type": "Point", "coordinates": [ 139.546801, 36.310402 ] } },
{ "type": "Feature", "properties": { "ID": 922090100652, "正式名称": "サン・クリニック", "機関区分": 2, "都道府県コード": 9, "市区町村コード": 204, "所在地": "栃木県佐野市高砂町２８００－１", "緯度": 36.312985, "経度": 139.57933, "url": "https://www.iryou.teikyouseido.mhlw.go.jp/znk-web/juminkanja/S2430/initialize?prefCd=09&kikanCd=22090100652&kikanKbn=2", "url2": null, "内容": "サン・クリニック【2:診療所】【診療科目:0】栃木県佐野市高砂町２８００－１" }, "geometry": { "type": "Point", "coordinates": [ 139.57933, 36.312985 ] } },
{ "type": "Feature", "properties": { "ID": 922090100653, "正式名称": "医療法人志賀クリニック", "機関区分": 2, "都道府県コード": 9, "市区町村コード": 204, "所在地": "栃木県佐野市赤見町", "緯度": 36.351926, "経度": 139.538206, "url": "https://www.iryou.teikyouseido.mhlw.go.jp/znk-web/juminkanja/S2430/initialize?prefCd=09&kikanCd=22090100653&kikanKbn=2", "url2": null, "内容": "医療法人志賀クリニック【2:診療所】【診療科目:0】栃木県佐野市赤見町" }, "geometry": { "type": "Point", "coordinates": [ 139.538206, 36.351926 ] } },
{ "type": "Feature", "properties": { "ID": 922090100655, "正式名称": "清水整形外科クリニック", "機関区分": 2, "都道府県コード": 9, "市区町村コード": 204, "所在地": "栃木県佐野市田沼町", "緯度": 36.372129, "経度": 139.570347, "url": "https://www.iryou.teikyouseido.mhlw.go.jp/znk-web/juminkanja/S2430/initialize?prefCd=09&kikanCd=22090100655&kikanKbn=2", "url2": null, "内容": "清水整形外科クリニック【2:診療所】【診療科目:0】栃木県佐野市田沼町" }, "geometry": { "type": "Point", "coordinates": [ 139.570347, 36.372129 ] } },
{ "type": "Feature", "properties": { "ID": 922090100657, "正式名称": "蘇原医院", "機関区分": 2, "都道府県コード": 9, "市区町村コード": 204, "所在地": "栃木県佐野市葛生東１－６－１５", "緯度": 36.399465, "経度": 139.609226, "url": "https://www.iryou.teikyouseido.mhlw.go.jp/znk-web/juminkanja/S2430/initialize?prefCd=09&kikanCd=22090100657&kikanKbn=2", "url2": null, "内容": "蘇原医院【2:診療所】【診療科目:0】栃木県佐野市葛生東１－６－１５" }, "geometry": { "type": "Point", "coordinates": [ 139.609226, 36.399465 ] } },
{ "type": "Feature", "properties": { "ID": 922090100660, "正式名称": "医療法人桜のかおりクリニック", "機関区分": 2, "都道府県コード": 9, "市区町村コード": 204, "所在地": "栃木県佐野市堀米町３９３６－６", "緯度": 36.329208, "経度": 139.575349, "url": "https://www.iryou.teikyouseido.mhlw.go.jp/znk-web/juminkanja/S2430/initialize?prefCd=09&kikanCd=22090100660&kikanKbn=2", "url2": "http://www.sakuranokaori-2121.jp", "内容": "医療法人桜のかおりクリニック【2:診療所】【診療科目:0】栃木県佐野市堀米町３９３６－６" }, "geometry": { "type": "Point", "coordinates": [ 139.575349, 36.329208 ] } },
{ "type": "Feature", "properties": { "ID": 922090100662, "正式名称": "塚原皮膚科", "機関区分": 2, "都道府県コード": 9, "市区町村コード": 204, "所在地": "栃木県佐野市朝日町７１７", "緯度": 36.317355, "経度": 139.575891, "url": "https://www.iryou.teikyouseido.mhlw.go.jp/znk-web/juminkanja/S2430/initialize?prefCd=09&kikanCd=22090100662&kikanKbn=2", "url2": null, "内容": "塚原皮膚科【2:診療所】【診療科目:0】栃木県佐野市朝日町７１７" }, "geometry": { "type": "Point", "coordinates": [ 139.575891, 36.317355 ] } },
{ "type": "Feature", "properties": { "ID": 922090100663, "正式名称": "医療法人　泉心会　坪水医院", "機関区分": 2, "都道府県コード": 9, "市区町村コード": 204, "所在地": "栃木県佐野市栃本町２２４１", "緯度": 36.36586, "経度": 139.581524, "url": "https://www.iryou.teikyouseido.mhlw.go.jp/znk-web/juminkanja/S2430/initialize?prefCd=09&kikanCd=22090100663&kikanKbn=2", "url2": null, "内容": "医療法人　泉心会　坪水医院【2:診療所】【診療科目:0】栃木県佐野市栃本町２２４１" }, "geometry": { "type": "Point", "coordinates": [ 139.581524, 36.36586 ] } },
{ "type": "Feature", "properties": { "ID": 922090100664, "正式名称": "医療法人　翼望会　長島医院", "機関区分": 2, "都道府県コード": 9, "市区町村コード": 204, "所在地": "栃木県佐野市葛生東１－１０－３２", "緯度": 36.401256, "経度": 139.612861, "url": "https://www.iryou.teikyouseido.mhlw.go.jp/znk-web/juminkanja/S2430/initialize?prefCd=09&kikanCd=22090100664&kikanKbn=2", "url2": null, "内容": "医療法人　翼望会　長島医院【2:診療所】【診療科目:0】栃木県佐野市葛生東１－１０－３２" }, "geometry": { "type": "Point", "coordinates": [ 139.612861, 36.401256 ] } },
{ "type": "Feature", "properties": { "ID": 922090100665, "正式名称": "のしろクリニック", "機関区分": 2, "都道府県コード": 9, "市区町村コード": 204, "所在地": "栃木県佐野市石塚町２３９８－１", "緯度": 36.362449, "経度": 139.559348, "url": "https://www.iryou.teikyouseido.mhlw.go.jp/znk-web/juminkanja/S2430/initialize?prefCd=09&kikanCd=22090100665&kikanKbn=2", "url2": null, "内容": "のしろクリニック【2:診療所】【診療科目:0】栃木県佐野市石塚町２３９８－１" }, "geometry": { "type": "Point", "coordinates": [ 139.559348, 36.362449 ] } },
{ "type": "Feature", "properties": { "ID": 922090100668, "正式名称": "林整形外科医院", "機関区分": 2, "都道府県コード": 9, "市区町村コード": 204, "所在地": "栃木県佐野市亀井町２６１６－２", "緯度": 36.312163, "経度": 139.578888, "url": "https://www.iryou.teikyouseido.mhlw.go.jp/znk-web/juminkanja/S2430/initialize?prefCd=09&kikanCd=22090100668&kikanKbn=2", "url2": null, "内容": "林整形外科医院【2:診療所】【診療科目:0】栃木県佐野市亀井町２６１６－２" }, "geometry": { "type": "Point", "coordinates": [ 139.578888, 36.312163 ] } },
{ "type": "Feature", "properties": { "ID": 922090100669, "正式名称": "平野外科醫院", "機関区分": 2, "都道府県コード": 9, "市区町村コード": 204, "所在地": "栃木県佐野市赤坂町６８", "緯度": 36.309756, "経度": 139.573627, "url": "https://www.iryou.teikyouseido.mhlw.go.jp/znk-web/juminkanja/S2430/initialize?prefCd=09&kikanCd=22090100669&kikanKbn=2", "url2": null, "内容": "平野外科醫院【2:診療所】【診療科目:0】栃木県佐野市赤坂町６８" }, "geometry": { "type": "Point", "coordinates": [ 139.573627, 36.309756 ] } },
{ "type": "Feature", "properties": { "ID": 922090100672, "正式名称": "増田内科医院", "機関区分": 2, "都道府県コード": 9, "市区町村コード": 204, "所在地": "栃木県佐野市高砂町９０番地", "緯度": 36.313988, "経度": 139.579588, "url": "https://www.iryou.teikyouseido.mhlw.go.jp/znk-web/juminkanja/S2430/initialize?prefCd=09&kikanCd=22090100672&kikanKbn=2", "url2": null, "内容": "増田内科医院【2:診療所】【診療科目:0】栃木県佐野市高砂町９０番地" }, "geometry": { "type": "Point", "coordinates": [ 139.579588, 36.313988 ] } },
{ "type": "Feature", "properties": { "ID": 922090100676, "正式名称": "医療法人柳川小児科医院", "機関区分": 2, "都道府県コード": 9, "市区町村コード": 204, "所在地": "栃木県佐野市赤坂町１８６", "緯度": 36.30712, "経度": 139.572269, "url": "https://www.iryou.teikyouseido.mhlw.go.jp/znk-web/juminkanja/S2430/initialize?prefCd=09&kikanCd=22090100676&kikanKbn=2", "url2": null, "内容": "医療法人柳川小児科医院【2:診療所】【診療科目:0】栃木県佐野市赤坂町１８６" }, "geometry": { "type": "Point", "coordinates": [ 139.572269, 36.30712 ] } },
{ "type": "Feature", "properties": { "ID": 922090100681, "正式名称": "綿引クリニック", "機関区分": 2, "都道府県コード": 9, "市区町村コード": 204, "所在地": "栃木県佐野市奈良渕町３２５－１５", "緯度": 36.334634, "経度": 139.585075, "url": "https://www.iryou.teikyouseido.mhlw.go.jp/znk-web/juminkanja/S2430/initialize?prefCd=09&kikanCd=22090100681&kikanKbn=2", "url2": null, "内容": "綿引クリニック【2:診療所】【診療科目:0】栃木県佐野市奈良渕町３２５－１５" }, "geometry": { "type": "Point", "coordinates": [ 139.585075, 36.334634 ] } },
{ "type": "Feature", "properties": { "ID": 922090100689, "正式名称": "栃木地区急患センタ－", "機関区分": 2, "都道府県コード": 9, "市区町村コード": 203, "所在地": "栃木県栃木市境町２７－１５", "緯度": 36.368299, "経度": 139.727476, "url": "https://www.iryou.teikyouseido.mhlw.go.jp/znk-web/juminkanja/S2430/initialize?prefCd=09&kikanCd=22090100689&kikanKbn=2", "url2": null, "内容": "栃木地区急患センタ－【2:診療所】【診療科目:0】栃木県栃木市境町２７－１５" }, "geometry": { "type": "Point", "coordinates": [ 139.727476, 36.368299 ] } },
{ "type": "Feature", "properties": { "ID": 922091000001, "正式名称": "きくち内科クリニック", "機関区分": 2, "都道府県コード": 9, "市区町村コード": 213, "所在地": "栃木県那須塩原市下田野５３１‐１３０", "緯度": 36.937788, "経度": 139.911951, "url": "https://www.iryou.teikyouseido.mhlw.go.jp/znk-web/juminkanja/S2430/initialize?prefCd=09&kikanCd=22091000001&kikanKbn=2", "url2": null, "内容": "きくち内科クリニック【2:診療所】【診療科目:0】栃木県那須塩原市下田野５３１‐１３０" }, "geometry": { "type": "Point", "coordinates": [ 139.911951, 36.937788 ] } },
{ "type": "Feature", "properties": { "ID": 922091000003, "正式名称": "上石せぼね・骨そしょう症クリニック", "機関区分": 2, "都道府県コード": 9, "市区町村コード": 204, "所在地": "栃木県佐野市高萩町１３３２－３", "緯度": 36.29928, "経度": 139.600658, "url": "https://www.iryou.teikyouseido.mhlw.go.jp/znk-web/juminkanja/S2430/initialize?prefCd=09&kikanCd=22091000003&kikanKbn=2", "url2": "http://www.kamiishi-c.com", "内容": "上石せぼね・骨そしょう症クリニック【2:診療所】【診療科目:0】栃木県佐野市高萩町１３３２－３" }, "geometry": { "type": "Point", "coordinates": [ 139.600658, 36.29928 ] } },
{ "type": "Feature", "properties": { "ID": 922091000005, "正式名称": "さかい皮フ科クリニック", "機関区分": 2, "都道府県コード": 9, "市区町村コード": 204, "所在地": "栃木県佐野市浅沼町８４７", "緯度": 36.310251, "経度": 139.593021, "url": "https://www.iryou.teikyouseido.mhlw.go.jp/znk-web/juminkanja/S2430/initialize?prefCd=09&kikanCd=22091000005&kikanKbn=2", "url2": null, "内容": "さかい皮フ科クリニック【2:診療所】【診療科目:0】栃木県佐野市浅沼町８４７" }, "geometry": { "type": "Point", "coordinates": [ 139.593021, 36.310251 ] } },
{ "type": "Feature", "properties": { "ID": 922091000009, "正式名称": "吉田耳鼻咽喉科クリニック", "機関区分": 2, "都道府県コード": 9, "市区町村コード": 204, "所在地": "栃木県佐野市浅沼町", "緯度": 36.310581, "経度": 139.593104, "url": "https://www.iryou.teikyouseido.mhlw.go.jp/znk-web/juminkanja/S2430/initialize?prefCd=09&kikanCd=22091000009&kikanKbn=2", "url2": null, "内容": "吉田耳鼻咽喉科クリニック【2:診療所】【診療科目:0】栃木県佐野市浅沼町" }, "geometry": { "type": "Point", "coordinates": [ 139.593104, 36.310581 ] } },
{ "type": "Feature", "properties": { "ID": 922091000010, "正式名称": "医療法人社団信証会　江田クリニック", "機関区分": 2, "都道府県コード": 9, "市区町村コード": 203, "所在地": "栃木県栃木市岩舟町小野寺", "緯度": 36.373191, "経度": 139.637083, "url": "https://www.iryou.teikyouseido.mhlw.go.jp/znk-web/juminkanja/S2430/initialize?prefCd=09&kikanCd=22091000010&kikanKbn=2", "url2": null, "内容": "医療法人社団信証会　江田クリニック【2:診療所】【診療科目:0】栃木県栃木市岩舟町小野寺" }, "geometry": { "type": "Point", "coordinates": [ 139.637083, 36.373191 ] } },
{ "type": "Feature", "properties": { "ID": 922091000017, "正式名称": "しもつけ痛みのクリニック", "機関区分": 2, "都道府県コード": 9, "市区町村コード": 216, "所在地": "栃木県下野市柴８７１ー７", "緯度": 36.375327, "経度": 139.852605, "url": "https://www.iryou.teikyouseido.mhlw.go.jp/znk-web/juminkanja/S2430/initialize?prefCd=09&kikanCd=22091000017&kikanKbn=2", "url2": null, "内容": "しもつけ痛みのクリニック【2:診療所】【診療科目:0】栃木県下野市柴８７１ー７" }, "geometry": { "type": "Point", "coordinates": [ 139.852605, 36.375327 ] } },
{ "type": "Feature", "properties": { "ID": 922091000018, "正式名称": "特別養護老人ホームかがやき医務室", "機関区分": 2, "都道府県コード": 9, "市区町村コード": 203, "所在地": "栃木県栃木市岩舟町静戸９７０番地１", "緯度": 36.31585, "経度": 139.699037, "url": "https://www.iryou.teikyouseido.mhlw.go.jp/znk-web/juminkanja/S2430/initialize?prefCd=09&kikanCd=22091000018&kikanKbn=2", "url2": "http://kagayaki.s-y.gr.com/", "内容": "特別養護老人ホームかがやき医務室【2:診療所】【診療科目:0】栃木県栃木市岩舟町静戸９７０番地１" }, "geometry": { "type": "Point", "coordinates": [ 139.699037, 36.31585 ] } },
{ "type": "Feature", "properties": { "ID": 922091000021, "正式名称": "特別養護老人ホーム万葉診療所", "機関区分": 2, "都道府県コード": 9, "市区町村コード": 204, "所在地": "栃木県佐野市堀米町１３３６－１", "緯度": 36.329831, "経度": 139.579709, "url": "https://www.iryou.teikyouseido.mhlw.go.jp/znk-web/juminkanja/S2430/initialize?prefCd=09&kikanCd=22091000021&kikanKbn=2", "url2": null, "内容": "特別養護老人ホーム万葉診療所【2:診療所】【診療科目:0】栃木県佐野市堀米町１３３６－１" }, "geometry": { "type": "Point", "coordinates": [ 139.579709, 36.329831 ] } },
{ "type": "Feature", "properties": { "ID": 922091000028, "正式名称": "特別養護老人ホームまごころ医務室", "機関区分": 2, "都道府県コード": 9, "市区町村コード": 202, "所在地": "栃木県足利市本城１－１４８０－６", "緯度": 36.347478, "経度": 139.455984, "url": "https://www.iryou.teikyouseido.mhlw.go.jp/znk-web/juminkanja/S2430/initialize?prefCd=09&kikanCd=22091000028&kikanKbn=2", "url2": "http://www.magokoro-kaigo.com/", "内容": "特別養護老人ホームまごころ医務室【2:診療所】【診療科目:0】栃木県足利市本城１－１４８０－６" }, "geometry": { "type": "Point", "coordinates": [ 139.455984, 36.347478 ] } },
{ "type": "Feature", "properties": { "ID": 922091000029, "正式名称": "いわせ歯科口腔外科耳鼻咽喉科クリニック", "機関区分": 2, "都道府県コード": 9, "市区町村コード": 206, "所在地": "栃木県日光市塩野室町", "緯度": 36.730873, "経度": 139.808186, "url": "https://www.iryou.teikyouseido.mhlw.go.jp/znk-web/juminkanja/S2430/initialize?prefCd=09&kikanCd=22091000029&kikanKbn=2", "url2": null, "内容": "いわせ歯科口腔外科耳鼻咽喉科クリニック【2:診療所】【診療科目:0】栃木県日光市塩野室町" }, "geometry": { "type": "Point", "coordinates": [ 139.808186, 36.730873 ] } },
{ "type": "Feature", "properties": { "ID": 922092000001, "正式名称": "医）蒼蓉会　あおい内科小児科クリニック", "機関区分": 2, "都道府県コード": 9, "市区町村コード": 201, "所在地": "栃木県宇都宮市岩曽町１０８６－１", "緯度": 36.580988, "経度": 139.899476, "url": "https://www.iryou.teikyouseido.mhlw.go.jp/znk-web/juminkanja/S2430/initialize?prefCd=09&kikanCd=22092000001&kikanKbn=2", "url2": "http://www.aoinaika-clinic.com", "内容": "医）蒼蓉会　あおい内科小児科クリニック【2:診療所】【診療科目:0】栃木県宇都宮市岩曽町１０８６－１" }, "geometry": { "type": "Point", "coordinates": [ 139.899476, 36.580988 ] } },
{ "type": "Feature", "properties": { "ID": 922092000008, "正式名称": "公益財団法人宇都宮市医療保健事業団健診センター", "機関区分": 2, "都道府県コード": 9, "市区町村コード": 201, "所在地": "栃木県宇都宮市竹林町９６８", "緯度": 36.578111, "経度": 139.895805, "url": "https://www.iryou.teikyouseido.mhlw.go.jp/znk-web/juminkanja/S2430/initialize?prefCd=09&kikanCd=22092000008&kikanKbn=2", "url2": "http://www.umth.or.jp", "内容": "公益財団法人宇都宮市医療保健事業団健診センター【2:診療所】【診療科目:0】栃木県宇都宮市竹林町９６８" }, "geometry": { "type": "Point", "coordinates": [ 139.895805, 36.578111 ] } },
{ "type": "Feature", "properties": { "ID": 922092000009, "正式名称": "宇都宮市子ども発達センター診療所", "機関区分": 2, "都道府県コード": 9, "市区町村コード": 201, "所在地": "栃木県宇都宮市鶴田町９７０－１", "緯度": 36.558206, "経度": 139.853217, "url": "https://www.iryou.teikyouseido.mhlw.go.jp/znk-web/juminkanja/S2430/initialize?prefCd=09&kikanCd=22092000009&kikanKbn=2", "url2": null, "内容": "宇都宮市子ども発達センター診療所【2:診療所】【診療科目:0】栃木県宇都宮市鶴田町９７０－１" }, "geometry": { "type": "Point", "coordinates": [ 139.853217, 36.558206 ] } },
{ "type": "Feature", "properties": { "ID": 922092000011, "正式名称": "宇都宮大学保健管理センター", "機関区分": 2, "都道府県コード": 9, "市区町村コード": 201, "所在地": "栃木県宇都宮市峰町３５０", "緯度": 36.550695, "経度": 139.914993, "url": "https://www.iryou.teikyouseido.mhlw.go.jp/znk-web/juminkanja/S2430/initialize?prefCd=09&kikanCd=22092000011&kikanKbn=2", "url2": "http://www.utsunomiya-u.ac.jp/campuslife/healthsrv.html", "内容": "宇都宮大学保健管理センター【2:診療所】【診療科目:0】栃木県宇都宮市峰町３５０" }, "geometry": { "type": "Point", "coordinates": [ 139.914993, 36.550695 ] } },
{ "type": "Feature", "properties": { "ID": 922092000013, "正式名称": "おおやま皮フ科クリニック", "機関区分": 2, "都道府県コード": 9, "市区町村コード": 201, "所在地": "栃木県宇都宮市平松本町３６５－１", "緯度": 36.54492, "経度": 139.908933, "url": "https://www.iryou.teikyouseido.mhlw.go.jp/znk-web/juminkanja/S2430/initialize?prefCd=09&kikanCd=22092000013&kikanKbn=2", "url2": "http://ooyama-hifuka..com/", "内容": "おおやま皮フ科クリニック【2:診療所】【診療科目:0】栃木県宇都宮市平松本町３６５－１" }, "geometry": { "type": "Point", "coordinates": [ 139.908933, 36.54492 ] } },
{ "type": "Feature", "properties": { "ID": 922092000015, "正式名称": "株式会社クボタ宇都宮工場　健康管理室", "機関区分": 2, "都道府県コード": 9, "市区町村コード": 201, "所在地": "栃木県宇都宮市平出工業団地", "緯度": 36.57671, "経度": 139.933168, "url": "https://www.iryou.teikyouseido.mhlw.go.jp/znk-web/juminkanja/S2430/initialize?prefCd=09&kikanCd=22092000015&kikanKbn=2", "url2": null, "内容": "株式会社クボタ宇都宮工場　健康管理室【2:診療所】【診療科目:0】栃木県宇都宮市平出工業団地" }, "geometry": { "type": "Point", "coordinates": [ 139.933168, 36.57671 ] } },
{ "type": "Feature", "properties": { "ID": 922092000016, "正式名称": "倉持整形外科・皮膚科　美容皮膚科", "機関区分": 2, "都道府県コード": 9, "市区町村コード": 201, "所在地": "栃木県宇都宮市屋板町４０５－１", "緯度": 36.503078, "経度": 139.901682, "url": "https://www.iryou.teikyouseido.mhlw.go.jp/znk-web/juminkanja/S2430/initialize?prefCd=09&kikanCd=22092000016&kikanKbn=2", "url2": "https://www.kuramochi-hp.com/", "内容": "倉持整形外科・皮膚科　美容皮膚科【2:診療所】【診療科目:0】栃木県宇都宮市屋板町４０５－１" }, "geometry": { "type": "Point", "coordinates": [ 139.901682, 36.503078 ] } },
{ "type": "Feature", "properties": { "ID": 922092000019, "正式名称": "小林外科クリニック", "機関区分": 2, "都道府県コード": 9, "市区町村コード": 201, "所在地": "栃木県宇都宮市竹林町８６５－３", "緯度": 36.57622, "経度": 139.89744, "url": "https://www.iryou.teikyouseido.mhlw.go.jp/znk-web/juminkanja/S2430/initialize?prefCd=09&kikanCd=22092000019&kikanKbn=2", "url2": "http://kobayashi-geka.com", "内容": "小林外科クリニック【2:診療所】【診療科目:0】栃木県宇都宮市竹林町８６５－３" }, "geometry": { "type": "Point", "coordinates": [ 139.89744, 36.57622 ] } },
{ "type": "Feature", "properties": { "ID": 922092000020, "正式名称": "さくらがおかクリニック", "機関区分": 2, "都道府県コード": 9, "市区町村コード": 201, "所在地": "栃木県宇都宮市桜２－３－３４", "緯度": 36.566842, "経度": 139.870207, "url": "https://www.iryou.teikyouseido.mhlw.go.jp/znk-web/juminkanja/S2430/initialize?prefCd=09&kikanCd=22092000020&kikanKbn=2", "url2": "http://www.myclinic.ne.jp/sakura_c/pc/", "内容": "さくらがおかクリニック【2:診療所】【診療科目:0】栃木県宇都宮市桜２－３－３４" }, "geometry": { "type": "Point", "coordinates": [ 139.870207, 36.566842 ] } },
{ "type": "Feature", "properties": { "ID": 922092000021, "正式名称": "さくら・ら心療内科", "機関区分": 2, "都道府県コード": 9, "市区町村コード": 201, "所在地": "栃木県宇都宮市桜３－１－３６", "緯度": 36.553642, "経度": 139.929086, "url": "https://www.iryou.teikyouseido.mhlw.go.jp/znk-web/juminkanja/S2430/initialize?prefCd=09&kikanCd=22092000021&kikanKbn=2", "url2": "http://www.sakurara.jp", "内容": "さくら・ら心療内科【2:診療所】【診療科目:0】栃木県宇都宮市桜３－１－３６" }, "geometry": { "type": "Point", "coordinates": [ 139.929086, 36.553642 ] } },
{ "type": "Feature", "properties": { "ID": 922092000022, "正式名称": "さとう内科クリニック", "機関区分": 2, "都道府県コード": 9, "市区町村コード": 201, "所在地": "栃木県宇都宮市緑１－１１－２１", "緯度": 36.52201, "経度": 139.861332, "url": "https://www.iryou.teikyouseido.mhlw.go.jp/znk-web/juminkanja/S2430/initialize?prefCd=09&kikanCd=22092000022&kikanKbn=2", "url2": "http://machi.goo.ne.jp/028-684-2660", "内容": "さとう内科クリニック【2:診療所】【診療科目:0】栃木県宇都宮市緑１－１１－２１" }, "geometry": { "type": "Point", "coordinates": [ 139.861332, 36.52201 ] } },
{ "type": "Feature", "properties": { "ID": 922092000024, "正式名称": "医療法人　しみずファミリークリニック", "機関区分": 2, "都道府県コード": 9, "市区町村コード": 201, "所在地": "栃木県宇都宮市越戸３－１５－２７", "緯度": 36.570215, "経度": 139.924588, "url": "https://www.iryou.teikyouseido.mhlw.go.jp/znk-web/juminkanja/S2430/initialize?prefCd=09&kikanCd=22092000024&kikanKbn=2", "url2": "http://www.shimizufamilyclinic.com", "内容": "医療法人　しみずファミリークリニック【2:診療所】【診療科目:0】栃木県宇都宮市越戸３－１５－２７" }, "geometry": { "type": "Point", "coordinates": [ 139.924588, 36.570215 ] } },
{ "type": "Feature", "properties": { "ID": 922092000027, "正式名称": "医療法人高橋内科循環器科クリニック", "機関区分": 2, "都道府県コード": 9, "市区町村コード": 201, "所在地": "栃木県宇都宮市鶴田３－１４－３", "緯度": 36.560792, "経度": 139.849797, "url": "https://www.iryou.teikyouseido.mhlw.go.jp/znk-web/juminkanja/S2430/initialize?prefCd=09&kikanCd=22092000027&kikanKbn=2", "url2": "http://takahashiclinic.la.coocan.jp/", "内容": "医療法人高橋内科循環器科クリニック【2:診療所】【診療科目:0】栃木県宇都宮市鶴田３－１４－３" }, "geometry": { "type": "Point", "coordinates": [ 139.849797, 36.560792 ] } },
{ "type": "Feature", "properties": { "ID": 922092000029, "正式名称": "医療法人順和会　中央公園クリニック", "機関区分": 2, "都道府県コード": 9, "市区町村コード": 201, "所在地": "栃木県宇都宮市鶴田町３６０８－８", "緯度": 36.561218, "経度": 139.859522, "url": "https://www.iryou.teikyouseido.mhlw.go.jp/znk-web/juminkanja/S2430/initialize?prefCd=09&kikanCd=22092000029&kikanKbn=2", "url2": "http://www.cent-p-clinic.com", "内容": "医療法人順和会　中央公園クリニック【2:診療所】【診療科目:0】栃木県宇都宮市鶴田町３６０８－８" }, "geometry": { "type": "Point", "coordinates": [ 139.859522, 36.561218 ] } },
{ "type": "Feature", "properties": { "ID": 922092000039, "正式名称": "公益財団法人　栃木県保健衛生事業団", "機関区分": 2, "都道府県コード": 9, "市区町村コード": 201, "所在地": "栃木県宇都宮市駒生町３３３７－１　とちぎ健康の森", "緯度": 36.584842, "経度": 139.844325, "url": "https://www.iryou.teikyouseido.mhlw.go.jp/znk-web/juminkanja/S2430/initialize?prefCd=09&kikanCd=22092000039&kikanKbn=2", "url2": "https://tochigi-health.or.jp", "内容": "公益財団法人　栃木県保健衛生事業団【2:診療所】【診療科目:0】栃木県宇都宮市駒生町３３３７－１　とちぎ健康の森" }, "geometry": { "type": "Point", "coordinates": [ 139.844325, 36.584842 ] } },
{ "type": "Feature", "properties": { "ID": 922092000040, "正式名称": "医療法人　戸祭診療所", "機関区分": 2, "都道府県コード": 9, "市区町村コード": 201, "所在地": "栃木県宇都宮市戸祭町", "緯度": 36.576347, "経度": 139.875773, "url": "https://www.iryou.teikyouseido.mhlw.go.jp/znk-web/juminkanja/S2430/initialize?prefCd=09&kikanCd=22092000040&kikanKbn=2", "url2": "http://tomatsuri-cl.jp/", "内容": "医療法人　戸祭診療所【2:診療所】【診療科目:0】栃木県宇都宮市戸祭町" }, "geometry": { "type": "Point", "coordinates": [ 139.875773, 36.576347 ] } },
{ "type": "Feature", "properties": { "ID": 922092000041, "正式名称": "日本たばこ産業株式会社　東京支社人事労務部宇都宮駐在保健担当", "機関区分": 2, "都道府県コード": 9, "市区町村コード": 201, "所在地": "栃木県宇都宮市宿郷１－８－２５", "緯度": 36.555566, "経度": 139.898275, "url": "https://www.iryou.teikyouseido.mhlw.go.jp/znk-web/juminkanja/S2430/initialize?prefCd=09&kikanCd=22092000041&kikanKbn=2", "url2": null, "内容": "日本たばこ産業株式会社　東京支社人事労務部宇都宮駐在保健担当【2:診療所】【診療科目:0】栃木県宇都宮市宿郷１－８－２５" }, "geometry": { "type": "Point", "coordinates": [ 139.898275, 36.555566 ] } },
{ "type": "Feature", "properties": { "ID": 922092000043, "正式名称": "橋壁皮膚科", "機関区分": 2, "都道府県コード": 9, "市区町村コード": 201, "所在地": "栃木県宇都宮市下栗町１５０５", "緯度": 36.535391, "経度": 139.897722, "url": "https://www.iryou.teikyouseido.mhlw.go.jp/znk-web/juminkanja/S2430/initialize?prefCd=09&kikanCd=22092000043&kikanKbn=2", "url2": "http://hashikabe-hifuka.ci-hp.jp/", "内容": "橋壁皮膚科【2:診療所】【診療科目:0】栃木県宇都宮市下栗町１５０５" }, "geometry": { "type": "Point", "coordinates": [ 139.897722, 36.535391 ] } },
{ "type": "Feature", "properties": { "ID": 922092000048, "正式名称": "ふくだ耳鼻科クリニック", "機関区分": 2, "都道府県コード": 9, "市区町村コード": 201, "所在地": "栃木県宇都宮市花園町６−７", "緯度": 36.550282, "経度": 139.869731, "url": "https://www.iryou.teikyouseido.mhlw.go.jp/znk-web/juminkanja/S2430/initialize?prefCd=09&kikanCd=22092000048&kikanKbn=2", "url2": "http://www.fukujibi.com", "内容": "ふくだ耳鼻科クリニック【2:診療所】【診療科目:0】栃木県宇都宮市花園町６−７" }, "geometry": { "type": "Point", "coordinates": [ 139.869731, 36.550282 ] } },
{ "type": "Feature", "properties": { "ID": 922092000051, "正式名称": "医療法人百生会　星脳神経外科", "機関区分": 2, "都道府県コード": 9, "市区町村コード": 201, "所在地": "栃木県宇都宮市竹林町８７７－１", "緯度": 36.576456, "経度": 139.896241, "url": "https://www.iryou.teikyouseido.mhlw.go.jp/znk-web/juminkanja/S2430/initialize?prefCd=09&kikanCd=22092000051&kikanKbn=2", "url2": "http://hoshi-nogeka.com", "内容": "医療法人百生会　星脳神経外科【2:診療所】【診療科目:0】栃木県宇都宮市竹林町８７７－１" }, "geometry": { "type": "Point", "coordinates": [ 139.896241, 36.576456 ] } },
{ "type": "Feature", "properties": { "ID": 922092000052, "正式名称": "ホームタウンほそや医務室", "機関区分": 2, "都道府県コード": 9, "市区町村コード": 201, "所在地": "栃木県宇都宮市細谷町４９５－１", "緯度": 36.593577, "経度": 139.856404, "url": "https://www.iryou.teikyouseido.mhlw.go.jp/znk-web/juminkanja/S2430/initialize?prefCd=09&kikanCd=22092000052&kikanKbn=2", "url2": null, "内容": "ホームタウンほそや医務室【2:診療所】【診療科目:0】栃木県宇都宮市細谷町４９５－１" }, "geometry": { "type": "Point", "coordinates": [ 139.856404, 36.593577 ] } },
{ "type": "Feature", "properties": { "ID": 922092000053, "正式名称": "真純乃園医務室", "機関区分": 2, "都道府県コード": 9, "市区町村コード": 201, "所在地": "栃木県宇都宮市大谷町１９８７－２", "緯度": 36.587582, "経度": 139.813183, "url": "https://www.iryou.teikyouseido.mhlw.go.jp/znk-web/juminkanja/S2430/initialize?prefCd=09&kikanCd=22092000053&kikanKbn=2", "url2": null, "内容": "真純乃園医務室【2:診療所】【診療科目:0】栃木県宇都宮市大谷町１９８７－２" }, "geometry": { "type": "Point", "coordinates": [ 139.813183, 36.587582 ] } },
{ "type": "Feature", "properties": { "ID": 922092000055, "正式名称": "みとべ医院", "機関区分": 2, "都道府県コード": 9, "市区町村コード": 201, "所在地": "栃木県宇都宮市駅前通り２－３－４", "緯度": 36.557952, "経度": 139.895522, "url": "https://www.iryou.teikyouseido.mhlw.go.jp/znk-web/juminkanja/S2430/initialize?prefCd=09&kikanCd=22092000055&kikanKbn=2", "url2": null, "内容": "みとべ医院【2:診療所】【診療科目:0】栃木県宇都宮市駅前通り２－３－４" }, "geometry": { "type": "Point", "coordinates": [ 139.895522, 36.557952 ] } },
{ "type": "Feature", "properties": { "ID": 922092000056, "正式名称": "医療法人森クリニック", "機関区分": 2, "都道府県コード": 9, "市区町村コード": 201, "所在地": "栃木県宇都宮市中岡本町３６５０－２０", "緯度": 36.605175, "経度": 139.934158, "url": "https://www.iryou.teikyouseido.mhlw.go.jp/znk-web/juminkanja/S2430/initialize?prefCd=09&kikanCd=22092000056&kikanKbn=2", "url2": "http://moriclinic.la.coocan.jp/", "内容": "医療法人森クリニック【2:診療所】【診療科目:0】栃木県宇都宮市中岡本町３６５０－２０" }, "geometry": { "type": "Point", "coordinates": [ 139.934158, 36.605175 ] } },
{ "type": "Feature", "properties": { "ID": 922092000057, "正式名称": "吉田医院", "機関区分": 2, "都道府県コード": 9, "市区町村コード": 201, "所在地": "栃木県宇都宮市岩曽町９１７−１", "緯度": 36.585319, "経度": 139.904539, "url": "https://www.iryou.teikyouseido.mhlw.go.jp/znk-web/juminkanja/S2430/initialize?prefCd=09&kikanCd=22092000057&kikanKbn=2", "url2": "http://www.yoshida-iin.jp/", "内容": "吉田医院【2:診療所】【診療科目:0】栃木県宇都宮市岩曽町９１７−１" }, "geometry": { "type": "Point", "coordinates": [ 139.904539, 36.585319 ] } },
{ "type": "Feature", "properties": { "ID": 922092000061, "正式名称": "青空ひふ科", "機関区分": 2, "都道府県コード": 9, "市区町村コード": 202, "所在地": "栃木県足利市鹿島町３７１－２", "緯度": 36.345617, "経度": 139.406718, "url": "https://www.iryou.teikyouseido.mhlw.go.jp/znk-web/juminkanja/S2430/initialize?prefCd=09&kikanCd=22092000061&kikanKbn=2", "url2": null, "内容": "青空ひふ科【2:診療所】【診療科目:0】栃木県足利市鹿島町３７１－２" }, "geometry": { "type": "Point", "coordinates": [ 139.406718, 36.345617 ] } },
{ "type": "Feature", "properties": { "ID": 922092000065, "正式名称": "特別養護老人ホーム　こはく苑医務室", "機関区分": 2, "都道府県コード": 9, "市区町村コード": 202, "所在地": "栃木県足利市堀込町２００６－１", "緯度": 36.307802, "経度": 139.437341, "url": "https://www.iryou.teikyouseido.mhlw.go.jp/znk-web/juminkanja/S2430/initialize?prefCd=09&kikanCd=22092000065&kikanKbn=2", "url2": null, "内容": "特別養護老人ホーム　こはく苑医務室【2:診療所】【診療科目:0】栃木県足利市堀込町２００６－１" }, "geometry": { "type": "Point", "coordinates": [ 139.437341, 36.307802 ] } },
{ "type": "Feature", "properties": { "ID": 922092000075, "正式名称": "ふじた外科内科クリニック", "機関区分": 2, "都道府県コード": 9, "市区町村コード": 209, "所在地": "栃木県真岡市田町", "緯度": 36.438058, "経度": 140.01863, "url": "https://www.iryou.teikyouseido.mhlw.go.jp/znk-web/juminkanja/S2430/initialize?prefCd=09&kikanCd=22092000075&kikanKbn=2", "url2": "http://www.moka-fujita-cl.jp/", "内容": "ふじた外科内科クリニック【2:診療所】【診療科目:0】栃木県真岡市田町" }, "geometry": { "type": "Point", "coordinates": [ 140.01863, 36.438058 ] } },
{ "type": "Feature", "properties": { "ID": 922092000079, "正式名称": "特別養護老人ホーム　　　　　桜の華医務室", "機関区分": 2, "都道府県コード": 9, "市区町村コード": 209, "所在地": "栃木県真岡市久下田７１２－８", "緯度": 36.37446, "経度": 139.968123, "url": "https://www.iryou.teikyouseido.mhlw.go.jp/znk-web/juminkanja/S2430/initialize?prefCd=09&kikanCd=22092000079&kikanKbn=2", "url2": "https://sakuranohana.net", "内容": "特別養護老人ホーム　　　　　桜の華医務室【2:診療所】【診療科目:0】栃木県真岡市久下田７１２－８" }, "geometry": { "type": "Point", "coordinates": [ 139.968123, 36.37446 ] } },
{ "type": "Feature", "properties": { "ID": 922092000080, "正式名称": "普門院診療所分院", "機関区分": 2, "都道府県コード": 9, "市区町村コード": 342, "所在地": "栃木県芳賀郡益子町益子４４９２", "緯度": 36.449556, "経度": 140.114346, "url": "https://www.iryou.teikyouseido.mhlw.go.jp/znk-web/juminkanja/S2430/initialize?prefCd=09&kikanCd=22092000080&kikanKbn=2", "url2": "http://www.fumon.jp", "内容": "普門院診療所分院【2:診療所】【診療科目:0】栃木県芳賀郡益子町益子４４９２" }, "geometry": { "type": "Point", "coordinates": [ 140.114346, 36.449556 ] } },
{ "type": "Feature", "properties": { "ID": 922092000082, "正式名称": "花王株式会社栃木工場健康相談室", "機関区分": 2, "都道府県コード": 9, "市区町村コード": 344, "所在地": "栃木県芳賀郡市貝町赤羽２６０６番地", "緯度": 36.523441, "経度": 140.063788, "url": "https://www.iryou.teikyouseido.mhlw.go.jp/znk-web/juminkanja/S2430/initialize?prefCd=09&kikanCd=22092000082&kikanKbn=2", "url2": null, "内容": "花王株式会社栃木工場健康相談室【2:診療所】【診療科目:0】栃木県芳賀郡市貝町赤羽２６０６番地" }, "geometry": { "type": "Point", "coordinates": [ 140.063788, 36.523441 ] } },
{ "type": "Feature", "properties": { "ID": 922092000085, "正式名称": "白桑田診療所", "機関区分": 2, "都道府県コード": 9, "市区町村コード": 205, "所在地": "栃木県鹿沼市白桑田３６９－７", "緯度": 36.55453, "経度": 139.809151, "url": "https://www.iryou.teikyouseido.mhlw.go.jp/znk-web/juminkanja/S2430/initialize?prefCd=09&kikanCd=22092000085&kikanKbn=2", "url2": null, "内容": "白桑田診療所【2:診療所】【診療科目:0】栃木県鹿沼市白桑田３６９－７" }, "geometry": { "type": "Point", "coordinates": [ 139.809151, 36.55453 ] } },
{ "type": "Feature", "properties": { "ID": 922092000087, "正式名称": "特別養護老人ホームおりづる医務室", "機関区分": 2, "都道府県コード": 9, "市区町村コード": 205, "所在地": "栃木県鹿沼市茂呂１０９０－２５", "緯度": 36.549158, "経度": 139.779718, "url": "https://www.iryou.teikyouseido.mhlw.go.jp/znk-web/juminkanja/S2430/initialize?prefCd=09&kikanCd=22092000087&kikanKbn=2", "url2": "http://moro-skf.jp/", "内容": "特別養護老人ホームおりづる医務室【2:診療所】【診療科目:0】栃木県鹿沼市茂呂１０９０－２５" }, "geometry": { "type": "Point", "coordinates": [ 139.779718, 36.549158 ] } },
{ "type": "Feature", "properties": { "ID": 922092000088, "正式名称": "医療法人千風会　いとうクリニック", "機関区分": 2, "都道府県コード": 9, "市区町村コード": 206, "所在地": "栃木県日光市木和田島３０４３", "緯度": 36.692802, "経度": 139.741571, "url": "https://www.iryou.teikyouseido.mhlw.go.jp/znk-web/juminkanja/S2430/initialize?prefCd=09&kikanCd=22092000088&kikanKbn=2", "url2": "http://www.tochigi-ito-clinic.com/pc/", "内容": "医療法人千風会　いとうクリニック【2:診療所】【診療科目:0】栃木県日光市木和田島３０４３" }, "geometry": { "type": "Point", "coordinates": [ 139.741571, 36.692802 ] } },
{ "type": "Feature", "properties": { "ID": 922092000089, "正式名称": "おおはしアイクリニック", "機関区分": 2, "都道府県コード": 9, "市区町村コード": 206, "所在地": "栃木県日光市今市１１２４", "緯度": 36.724256, "経度": 139.690823, "url": "https://www.iryou.teikyouseido.mhlw.go.jp/znk-web/juminkanja/S2430/initialize?prefCd=09&kikanCd=22092000089&kikanKbn=2", "url2": "http://www.ohashi-eye.com/", "内容": "おおはしアイクリニック【2:診療所】【診療科目:0】栃木県日光市今市１１２４" }, "geometry": { "type": "Point", "coordinates": [ 139.690823, 36.724256 ] } },
{ "type": "Feature", "properties": { "ID": 922092000092, "正式名称": "医）明誠会秋元クリニック", "機関区分": 2, "都道府県コード": 9, "市区町村コード": 203, "所在地": "栃木県栃木市平柳町２－２７－１３", "緯度": 36.395871, "経度": 139.75335, "url": "https://www.iryou.teikyouseido.mhlw.go.jp/znk-web/juminkanja/S2430/initialize?prefCd=09&kikanCd=22092000092&kikanKbn=2", "url2": null, "内容": "医）明誠会秋元クリニック【2:診療所】【診療科目:0】栃木県栃木市平柳町２－２７－１３" }, "geometry": { "type": "Point", "coordinates": [ 139.75335, 36.395871 ] } },
{ "type": "Feature", "properties": { "ID": 922092000093, "正式名称": "えぐち内科クリニック", "機関区分": 2, "都道府県コード": 9, "市区町村コード": 203, "所在地": "栃木県栃木市錦町９－５", "緯度": 36.385247, "経度": 139.730506, "url": "https://www.iryou.teikyouseido.mhlw.go.jp/znk-web/juminkanja/S2430/initialize?prefCd=09&kikanCd=22092000093&kikanKbn=2", "url2": null, "内容": "えぐち内科クリニック【2:診療所】【診療科目:0】栃木県栃木市錦町９－５" }, "geometry": { "type": "Point", "coordinates": [ 139.730506, 36.385247 ] } },
{ "type": "Feature", "properties": { "ID": 922092000095, "正式名称": "社会福祉法人創和会まろにえ四季の里内医務室", "機関区分": 2, "都道府県コード": 9, "市区町村コード": 203, "所在地": "栃木県栃木市大宮町２０２３－３", "緯度": 36.392603, "経度": 139.756452, "url": "https://www.iryou.teikyouseido.mhlw.go.jp/znk-web/juminkanja/S2430/initialize?prefCd=09&kikanCd=22092000095&kikanKbn=2", "url2": "http://www.maronie-shiki.rpr.jp/", "内容": "社会福祉法人創和会まろにえ四季の里内医務室【2:診療所】【診療科目:0】栃木県栃木市大宮町２０２３－３" }, "geometry": { "type": "Point", "coordinates": [ 139.756452, 36.392603 ] } },
{ "type": "Feature", "properties": { "ID": 922092000097, "正式名称": "積善会医院", "機関区分": 2, "都道府県コード": 9, "市区町村コード": 203, "所在地": "栃木県栃木市泉町５－１７", "緯度": 36.386544, "経度": 139.734457, "url": "https://www.iryou.teikyouseido.mhlw.go.jp/znk-web/juminkanja/S2430/initialize?prefCd=09&kikanCd=22092000097&kikanKbn=2", "url2": null, "内容": "積善会医院【2:診療所】【診療科目:0】栃木県栃木市泉町５－１７" }, "geometry": { "type": "Point", "coordinates": [ 139.734457, 36.386544 ] } },
{ "type": "Feature", "properties": { "ID": 922092000098, "正式名称": "一般財団法人日本健康管理協会とちぎ健診プラザ", "機関区分": 2, "都道府県コード": 9, "市区町村コード": 208, "所在地": "栃木県小山市向原新田７７－３", "緯度": 36.294258, "経度": 139.823479, "url": "https://www.iryou.teikyouseido.mhlw.go.jp/znk-web/juminkanja/S2430/initialize?prefCd=09&kikanCd=22092000098&kikanKbn=2", "url2": "http://nikkenkyo.or.jp/tochigi/", "内容": "一般財団法人日本健康管理協会とちぎ健診プラザ【2:診療所】【診療科目:0】栃木県小山市向原新田７７－３" }, "geometry": { "type": "Point", "coordinates": [ 139.823479, 36.294258 ] } },
{ "type": "Feature", "properties": { "ID": 922092000103, "正式名称": "城東メンタルクリニック", "機関区分": 2, "都道府県コード": 9, "市区町村コード": 208, "所在地": "栃木県小山市城東６−３−１２", "緯度": 36.310593, "経度": 139.818693, "url": "https://www.iryou.teikyouseido.mhlw.go.jp/znk-web/juminkanja/S2430/initialize?prefCd=09&kikanCd=22092000103&kikanKbn=2", "url2": "http://masayak.sakura.ne.jp/joto/index.html", "内容": "城東メンタルクリニック【2:診療所】【診療科目:0】栃木県小山市城東６−３−１２" }, "geometry": { "type": "Point", "coordinates": [ 139.818693, 36.310593 ] } },
{ "type": "Feature", "properties": { "ID": 922092000114, "正式名称": "さくら診療所", "機関区分": 2, "都道府県コード": 9, "市区町村コード": 364, "所在地": "栃木県下都賀郡野木町野渡１０９７", "緯度": 36.211975, "経度": 139.705492, "url": "https://www.iryou.teikyouseido.mhlw.go.jp/znk-web/juminkanja/S2430/initialize?prefCd=09&kikanCd=22092000114&kikanKbn=2", "url2": "http://www.sakura-suishin.com/sinryoujo/sinryoujo-top.html", "内容": "さくら診療所【2:診療所】【診療科目:0】栃木県下都賀郡野木町野渡１０９７" }, "geometry": { "type": "Point", "coordinates": [ 139.705492, 36.211975 ] } },
{ "type": "Feature", "properties": { "ID": 922092000115, "正式名称": "栃木市大平健康福祉センター　ゆうゆうプラザ", "機関区分": 2, "都道府県コード": 9, "市区町村コード": 203, "所在地": "栃木県栃木市大平町西野田６６６－１", "緯度": 36.336373, "経度": 139.71844, "url": "https://www.iryou.teikyouseido.mhlw.go.jp/znk-web/juminkanja/S2430/initialize?prefCd=09&kikanCd=22092000115&kikanKbn=2", "url2": null, "内容": "栃木市大平健康福祉センター　ゆうゆうプラザ【2:診療所】【診療科目:0】栃木県栃木市大平町西野田６６６－１" }, "geometry": { "type": "Point", "coordinates": [ 139.71844, 36.336373 ] } },
{ "type": "Feature", "properties": { "ID": 922092000118, "正式名称": "森川内科・外科クリニック", "機関区分": 2, "都道府県コード": 9, "市区町村コード": 203, "所在地": "栃木県栃木市大平町新１０６８", "緯度": 36.329575, "経度": 139.705461, "url": "https://www.iryou.teikyouseido.mhlw.go.jp/znk-web/juminkanja/S2430/initialize?prefCd=09&kikanCd=22092000118&kikanKbn=2", "url2": "http://www.morikawa-cl.jp/", "内容": "森川内科・外科クリニック【2:診療所】【診療科目:0】栃木県栃木市大平町新１０６８" }, "geometry": { "type": "Point", "coordinates": [ 139.705461, 36.329575 ] } },
{ "type": "Feature", "properties": { "ID": 922092000119, "正式名称": "医療法人　慈誠会　橋本腎内科クリニック", "機関区分": 2, "都道府県コード": 9, "市区町村コード": 203, "所在地": "栃木県栃木市岩舟町和泉１４５７－１", "緯度": 36.319447, "経度": 139.673153, "url": "https://www.iryou.teikyouseido.mhlw.go.jp/znk-web/juminkanja/S2430/initialize?prefCd=09&kikanCd=22092000119&kikanKbn=2", "url2": "http://www.hashimotoclinic.jp/", "内容": "医療法人　慈誠会　橋本腎内科クリニック【2:診療所】【診療科目:0】栃木県栃木市岩舟町和泉１４５７－１" }, "geometry": { "type": "Point", "coordinates": [ 139.673153, 36.319447 ] } },
{ "type": "Feature", "properties": { "ID": 922092000120, "正式名称": "合戦場クリニック", "機関区分": 2, "都道府県コード": 9, "市区町村コード": 203, "所在地": "栃木県栃木市都賀町合戦場２１２－５", "緯度": 36.406014, "経度": 139.746294, "url": "https://www.iryou.teikyouseido.mhlw.go.jp/znk-web/juminkanja/S2430/initialize?prefCd=09&kikanCd=22092000120&kikanKbn=2", "url2": null, "内容": "合戦場クリニック【2:診療所】【診療科目:0】栃木県栃木市都賀町合戦場２１２－５" }, "geometry": { "type": "Point", "coordinates": [ 139.746294, 36.406014 ] } },
{ "type": "Feature", "properties": { "ID": 922092000122, "正式名称": "キヤノンメディカルシステムズ株式会社那須事業所診療所", "機関区分": 2, "都道府県コード": 9, "市区町村コード": 210, "所在地": "栃木県大田原市下石上１３８５番地", "緯度": 36.857689, "経度": 139.948965, "url": "https://www.iryou.teikyouseido.mhlw.go.jp/znk-web/juminkanja/S2430/initialize?prefCd=09&kikanCd=22092000122&kikanKbn=2", "url2": null, "内容": "キヤノンメディカルシステムズ株式会社那須事業所診療所【2:診療所】【診療科目:0】栃木県大田原市下石上１３８５番地" }, "geometry": { "type": "Point", "coordinates": [ 139.948965, 36.857689 ] } },
{ "type": "Feature", "properties": { "ID": 922092000123, "正式名称": "ときながメンタルクリニック", "機関区分": 2, "都道府県コード": 9, "市区町村コード": 210, "所在地": "栃木県大田原市美原", "緯度": 36.86636, "経度": 140.004412, "url": "https://www.iryou.teikyouseido.mhlw.go.jp/znk-web/juminkanja/S2430/initialize?prefCd=09&kikanCd=22092000123&kikanKbn=2", "url2": null, "内容": "ときながメンタルクリニック【2:診療所】【診療科目:0】栃木県大田原市美原" }, "geometry": { "type": "Point", "coordinates": [ 140.004412, 36.86636 ] } },
{ "type": "Feature", "properties": { "ID": 922092000127, "正式名称": "特別養護老人ホーム　さちの森内診療所", "機関区分": 2, "都道府県コード": 9, "市区町村コード": 213, "所在地": "栃木県那須塩原市野間４５３－２３", "緯度": 36.931863, "経度": 140.080803, "url": "https://www.iryou.teikyouseido.mhlw.go.jp/znk-web/juminkanja/S2430/initialize?prefCd=09&kikanCd=22092000127&kikanKbn=2", "url2": null, "内容": "特別養護老人ホーム　さちの森内診療所【2:診療所】【診療科目:0】栃木県那須塩原市野間４５３－２３" }, "geometry": { "type": "Point", "coordinates": [ 140.080803, 36.931863 ] } },
{ "type": "Feature", "properties": { "ID": 922092000130, "正式名称": "医療法人里栄会　早坂眼科医院", "機関区分": 2, "都道府県コード": 9, "市区町村コード": 214, "所在地": "栃木県さくら市卯の里３－３６－１", "緯度": 36.679949, "経度": 139.961475, "url": "https://www.iryou.teikyouseido.mhlw.go.jp/znk-web/juminkanja/S2430/initialize?prefCd=09&kikanCd=22092000130&kikanKbn=2", "url2": "http://www.hayasaka-ganka.or.jp/", "内容": "医療法人里栄会　早坂眼科医院【2:診療所】【診療科目:0】栃木県さくら市卯の里３－３６－１" }, "geometry": { "type": "Point", "coordinates": [ 139.961475, 36.679949 ] } },
{ "type": "Feature", "properties": { "ID": 922092000132, "正式名称": "特別養護老人ホームフローラりんくる", "機関区分": 2, "都道府県コード": 9, "市区町村コード": 386, "所在地": "栃木県塩谷郡高根沢町宝積寺２２４０－１　特別養護老人ホームフローラりんくる", "緯度": 36.625449, "経度": 139.989955, "url": "https://www.iryou.teikyouseido.mhlw.go.jp/znk-web/juminkanja/S2430/initialize?prefCd=09&kikanCd=22092000132&kikanKbn=2", "url2": null, "内容": "特別養護老人ホームフローラりんくる【2:診療所】【診療科目:0】栃木県塩谷郡高根沢町宝積寺２２４０－１　特別養護老人ホームフローラりんくる" }, "geometry": { "type": "Point", "coordinates": [ 139.989955, 36.625449 ] } },
{ "type": "Feature", "properties": { "ID": 922092000136, "正式名称": "特別養護老人ホームかたくりの郷医務室", "機関区分": 2, "都道府県コード": 9, "市区町村コード": 411, "所在地": "栃木県那須郡那珂川町小川２９５８番地２", "緯度": 36.761072, "経度": 140.119895, "url": "https://www.iryou.teikyouseido.mhlw.go.jp/znk-web/juminkanja/S2430/initialize?prefCd=09&kikanCd=22092000136&kikanKbn=2", "url2": null, "内容": "特別養護老人ホームかたくりの郷医務室【2:診療所】【診療科目:0】栃木県那須郡那珂川町小川２９５８番地２" }, "geometry": { "type": "Point", "coordinates": [ 140.119895, 36.761072 ] } },
{ "type": "Feature", "properties": { "ID": 922092000137, "正式名称": "特別養護老人ホームひかりの里", "機関区分": 2, "都道府県コード": 9, "市区町村コード": 206, "所在地": "栃木県日光市今市１０８６－２", "緯度": 36.725116, "経度": 139.697875, "url": "https://www.iryou.teikyouseido.mhlw.go.jp/znk-web/juminkanja/S2430/initialize?prefCd=09&kikanCd=22092000137&kikanKbn=2", "url2": null, "内容": "特別養護老人ホームひかりの里【2:診療所】【診療科目:0】栃木県日光市今市１０８６－２" }, "geometry": { "type": "Point", "coordinates": [ 139.697875, 36.725116 ] } },
{ "type": "Feature", "properties": { "ID": 922092000138, "正式名称": "おおはし整形外科", "機関区分": 2, "都道府県コード": 9, "市区町村コード": 209, "所在地": "栃木県真岡市下高間木１－２９－１０", "緯度": 36.43508, "経度": 139.985388, "url": "https://www.iryou.teikyouseido.mhlw.go.jp/znk-web/juminkanja/S2430/initialize?prefCd=09&kikanCd=22092000138&kikanKbn=2", "url2": "http://ohashi-seikeigeka.jimdo.com/", "内容": "おおはし整形外科【2:診療所】【診療科目:0】栃木県真岡市下高間木１－２９－１０" }, "geometry": { "type": "Point", "coordinates": [ 139.985388, 36.43508 ] } },
{ "type": "Feature", "properties": { "ID": 922092000139, "正式名称": "小野内科消化器科医院", "機関区分": 2, "都道府県コード": 9, "市区町村コード": 202, "所在地": "栃木県足利市旭町８５１－４", "緯度": 36.341118, "経度": 139.455634, "url": "https://www.iryou.teikyouseido.mhlw.go.jp/znk-web/juminkanja/S2430/initialize?prefCd=09&kikanCd=22092000139&kikanKbn=2", "url2": "http://www.onoiin.net", "内容": "小野内科消化器科医院【2:診療所】【診療科目:0】栃木県足利市旭町８５１－４" }, "geometry": { "type": "Point", "coordinates": [ 139.455634, 36.341118 ] } },
{ "type": "Feature", "properties": { "ID": 922092000145, "正式名称": "三浦整形外科", "機関区分": 2, "都道府県コード": 9, "市区町村コード": 203, "所在地": "栃木県栃木市野中町", "緯度": 36.398417, "経度": 139.724063, "url": "https://www.iryou.teikyouseido.mhlw.go.jp/znk-web/juminkanja/S2430/initialize?prefCd=09&kikanCd=22092000145&kikanKbn=2", "url2": "http://miuraseikeigeka.jp", "内容": "三浦整形外科【2:診療所】【診療科目:0】栃木県栃木市野中町" }, "geometry": { "type": "Point", "coordinates": [ 139.724063, 36.398417 ] } },
{ "type": "Feature", "properties": { "ID": 922092000146, "正式名称": "高橋とおるクリニック", "機関区分": 2, "都道府県コード": 9, "市区町村コード": 361, "所在地": "栃木県下都賀郡壬生町寿町５－３", "緯度": 36.461527, "経度": 139.82494, "url": "https://www.iryou.teikyouseido.mhlw.go.jp/znk-web/juminkanja/S2430/initialize?prefCd=09&kikanCd=22092000146&kikanKbn=2", "url2": "http://takahashi-toru.com/", "内容": "高橋とおるクリニック【2:診療所】【診療科目:0】栃木県下都賀郡壬生町寿町５－３" }, "geometry": { "type": "Point", "coordinates": [ 139.82494, 36.461527 ] } },
{ "type": "Feature", "properties": { "ID": 922092000150, "正式名称": "竹林クリニック", "機関区分": 2, "都道府県コード": 9, "市区町村コード": 201, "所在地": "栃木県宇都宮市竹林町８８８－１", "緯度": 36.577272, "経度": 139.896494, "url": "https://www.iryou.teikyouseido.mhlw.go.jp/znk-web/juminkanja/S2430/initialize?prefCd=09&kikanCd=22092000150&kikanKbn=2", "url2": "http://www.takebayashi-clinic.jp/", "内容": "竹林クリニック【2:診療所】【診療科目:0】栃木県宇都宮市竹林町８８８－１" }, "geometry": { "type": "Point", "coordinates": [ 139.896494, 36.577272 ] } },
{ "type": "Feature", "properties": { "ID": 922092000200, "正式名称": "栃木リウマチ科クリニック", "機関区分": 2, "都道府県コード": 9, "市区町村コード": 201, "所在地": "栃木県宇都宮市駅前通り１ー１ー９駅前通り第１ビル３階", "緯度": 36.561285, "経度": 139.896408, "url": "https://www.iryou.teikyouseido.mhlw.go.jp/znk-web/juminkanja/S2430/initialize?prefCd=09&kikanCd=22092000200&kikanKbn=2", "url2": "http://tochigi-riumachi.b.la9.jp", "内容": "栃木リウマチ科クリニック【2:診療所】【診療科目:0】栃木県宇都宮市駅前通り１ー１ー９駅前通り第１ビル３階" }, "geometry": { "type": "Point", "coordinates": [ 139.896408, 36.561285 ] } },
{ "type": "Feature", "properties": { "ID": 922092000203, "正式名称": "堀江皮フ科クリニック", "機関区分": 2, "都道府県コード": 9, "市区町村コード": 202, "所在地": "栃木県足利市堀込町", "緯度": 36.307121, "経度": 139.444996, "url": "https://www.iryou.teikyouseido.mhlw.go.jp/znk-web/juminkanja/S2430/initialize?prefCd=09&kikanCd=22092000203&kikanKbn=2", "url2": null, "内容": "堀江皮フ科クリニック【2:診療所】【診療科目:0】栃木県足利市堀込町" }, "geometry": { "type": "Point", "coordinates": [ 139.444996, 36.307121 ] } },
{ "type": "Feature", "properties": { "ID": 922092000205, "正式名称": "菅間付属診療所", "機関区分": 2, "都道府県コード": 9, "市区町村コード": 213, "所在地": "栃木県那須塩原市前弥六５１番地１", "緯度": 36.936432, "経度": 140.014544, "url": "https://www.iryou.teikyouseido.mhlw.go.jp/znk-web/juminkanja/S2430/initialize?prefCd=09&kikanCd=22092000205&kikanKbn=2", "url2": "https://www.hakuai.or.jp/modules/clinic/index.html", "内容": "菅間付属診療所【2:診療所】【診療科目:0】栃木県那須塩原市前弥六５１番地１" }, "geometry": { "type": "Point", "coordinates": [ 140.014544, 36.936432 ] } },
{ "type": "Feature", "properties": { "ID": 922092000207, "正式名称": "医療法人彰優会かつらクリニック", "機関区分": 2, "都道府県コード": 9, "市区町村コード": 213, "所在地": "栃木県那須塩原市方京２丁目２番１号　ＫＰＥＣビル２階", "緯度": 36.934617, "経度": 140.015624, "url": "https://www.iryou.teikyouseido.mhlw.go.jp/znk-web/juminkanja/S2430/initialize?prefCd=09&kikanCd=22092000207&kikanKbn=2", "url2": null, "内容": "医療法人彰優会かつらクリニック【2:診療所】【診療科目:0】栃木県那須塩原市方京２丁目２番１号　ＫＰＥＣビル２階" }, "geometry": { "type": "Point", "coordinates": [ 140.015624, 36.934617 ] } },
{ "type": "Feature", "properties": { "ID": 922092000208, "正式名称": "真岡皮膚科クリニック", "機関区分": 2, "都道府県コード": 9, "市区町村コード": 209, "所在地": "栃木県真岡市下高間木１－１３－１１", "緯度": 36.433444, "経度": 139.986374, "url": "https://www.iryou.teikyouseido.mhlw.go.jp/znk-web/juminkanja/S2430/initialize?prefCd=09&kikanCd=22092000208&kikanKbn=2", "url2": "http://www.mokaclinic.com", "内容": "真岡皮膚科クリニック【2:診療所】【診療科目:0】栃木県真岡市下高間木１－１３－１１" }, "geometry": { "type": "Point", "coordinates": [ 139.986374, 36.433444 ] } },
{ "type": "Feature", "properties": { "ID": 922092000209, "正式名称": "龍野医院", "機関区分": 2, "都道府県コード": 9, "市区町村コード": 205, "所在地": "栃木県鹿沼市上殿町７１９－３", "緯度": 36.548666, "経度": 139.752726, "url": "https://www.iryou.teikyouseido.mhlw.go.jp/znk-web/juminkanja/S2430/initialize?prefCd=09&kikanCd=22092000209&kikanKbn=2", "url2": null, "内容": "龍野医院【2:診療所】【診療科目:0】栃木県鹿沼市上殿町７１９－３" }, "geometry": { "type": "Point", "coordinates": [ 139.752726, 36.548666 ] } },
{ "type": "Feature", "properties": { "ID": 922092000210, "正式名称": "さくらのクリニック", "機関区分": 2, "都道府県コード": 9, "市区町村コード": 208, "所在地": "栃木県小山市卒島２４４番地１", "緯度": 36.338395, "経度": 139.77836, "url": "https://www.iryou.teikyouseido.mhlw.go.jp/znk-web/juminkanja/S2430/initialize?prefCd=09&kikanCd=22092000210&kikanKbn=2", "url2": "http://www.sakura-ac.com/", "内容": "さくらのクリニック【2:診療所】【診療科目:0】栃木県小山市卒島２４４番地１" }, "geometry": { "type": "Point", "coordinates": [ 139.77836, 36.338395 ] } },
{ "type": "Feature", "properties": { "ID": 922092000213, "正式名称": "特別養護老人ホームみどり", "機関区分": 2, "都道府県コード": 9, "市区町村コード": 201, "所在地": "栃木県宇都宮市緑５丁目１３番６号", "緯度": 36.513855, "経度": 139.859543, "url": "https://www.iryou.teikyouseido.mhlw.go.jp/znk-web/juminkanja/S2430/initialize?prefCd=09&kikanCd=22092000213&kikanKbn=2", "url2": null, "内容": "特別養護老人ホームみどり【2:診療所】【診療科目:0】栃木県宇都宮市緑５丁目１３番６号" }, "geometry": { "type": "Point", "coordinates": [ 139.859543, 36.513855 ] } },
{ "type": "Feature", "properties": { "ID": 922092000214, "正式名称": "医療法人さつき会　倉持整形外科・内科", "機関区分": 2, "都道府県コード": 9, "市区町村コード": 201, "所在地": "栃木県宇都宮市今宮３－１－６", "緯度": 36.517286, "経度": 139.863857, "url": "https://www.iryou.teikyouseido.mhlw.go.jp/znk-web/juminkanja/S2430/initialize?prefCd=09&kikanCd=22092000214&kikanKbn=2", "url2": "https://www.kuramochi-seikei.com/", "内容": "医療法人さつき会　倉持整形外科・内科【2:診療所】【診療科目:0】栃木県宇都宮市今宮３－１－６" }, "geometry": { "type": "Point", "coordinates": [ 139.863857, 36.517286 ] } },
{ "type": "Feature", "properties": { "ID": 922092000216, "正式名称": "医療法人　千優会　ちばクリニック", "機関区分": 2, "都道府県コード": 9, "市区町村コード": 208, "所在地": "栃木県小山市東城南", "緯度": 36.288297, "経度": 139.811422, "url": "https://www.iryou.teikyouseido.mhlw.go.jp/znk-web/juminkanja/S2430/initialize?prefCd=09&kikanCd=22092000216&kikanKbn=2", "url2": "http://www.clinic-chiba.jp", "内容": "医療法人　千優会　ちばクリニック【2:診療所】【診療科目:0】栃木県小山市東城南" }, "geometry": { "type": "Point", "coordinates": [ 139.811422, 36.288297 ] } },
{ "type": "Feature", "properties": { "ID": 922092000217, "正式名称": "つるかめ診療所", "機関区分": 2, "都道府県コード": 9, "市区町村コード": 216, "所在地": "栃木県下野市緑３－１８－１６", "緯度": 36.387025, "経度": 139.854685, "url": "https://www.iryou.teikyouseido.mhlw.go.jp/znk-web/juminkanja/S2430/initialize?prefCd=09&kikanCd=22092000217&kikanKbn=2", "url2": null, "内容": "つるかめ診療所【2:診療所】【診療科目:0】栃木県下野市緑３－１８－１６" }, "geometry": { "type": "Point", "coordinates": [ 139.854685, 36.387025 ] } },
{ "type": "Feature", "properties": { "ID": 922092000218, "正式名称": "しもつけクリニック", "機関区分": 2, "都道府県コード": 9, "市区町村コード": 216, "所在地": "栃木県下野市薬師寺３１７１－４", "緯度": 36.397645, "経度": 139.862785, "url": "https://www.iryou.teikyouseido.mhlw.go.jp/znk-web/juminkanja/S2430/initialize?prefCd=09&kikanCd=22092000218&kikanKbn=2", "url2": "http://www.shimotsuke-cl.info/", "内容": "しもつけクリニック【2:診療所】【診療科目:0】栃木県下野市薬師寺３１７１－４" }, "geometry": { "type": "Point", "coordinates": [ 139.862785, 36.397645 ] } },
{ "type": "Feature", "properties": { "ID": 922092000219, "正式名称": "しもつけ腎・内科クリニック", "機関区分": 2, "都道府県コード": 9, "市区町村コード": 216, "所在地": "栃木県下野市下古山３３００－５", "緯度": 36.455801, "経度": 139.862976, "url": "https://www.iryou.teikyouseido.mhlw.go.jp/znk-web/juminkanja/S2430/initialize?prefCd=09&kikanCd=22092000219&kikanKbn=2", "url2": "https://tsuga-central-clinic.com", "内容": "しもつけ腎・内科クリニック【2:診療所】【診療科目:0】栃木県下野市下古山３３００－５" }, "geometry": { "type": "Point", "coordinates": [ 139.862976, 36.455801 ] } },
{ "type": "Feature", "properties": { "ID": 922092000222, "正式名称": "上三川町立保健センター", "機関区分": 2, "都道府県コード": 9, "市区町村コード": 301, "所在地": "栃木県河内郡上三川町上蒲生１２７番地１", "緯度": 36.437129, "経度": 139.909434, "url": "https://www.iryou.teikyouseido.mhlw.go.jp/znk-web/juminkanja/S2430/initialize?prefCd=09&kikanCd=22092000222&kikanKbn=2", "url2": null, "内容": "上三川町立保健センター【2:診療所】【診療科目:0】栃木県河内郡上三川町上蒲生１２７番地１" }, "geometry": { "type": "Point", "coordinates": [ 139.909434, 36.437129 ] } },
{ "type": "Feature", "properties": { "ID": 922092000223, "正式名称": "野村消化器内科クリニック", "機関区分": 2, "都道府県コード": 9, "市区町村コード": 208, "所在地": "栃木県小山市乙女２ー３ー１５", "緯度": 36.263273, "経度": 139.761644, "url": "https://www.iryou.teikyouseido.mhlw.go.jp/znk-web/juminkanja/S2430/initialize?prefCd=09&kikanCd=22092000223&kikanKbn=2", "url2": "http://www.clinic-nomura.com/", "内容": "野村消化器内科クリニック【2:診療所】【診療科目:0】栃木県小山市乙女２ー３ー１５" }, "geometry": { "type": "Point", "coordinates": [ 139.761644, 36.263273 ] } },
{ "type": "Feature", "properties": { "ID": 922092000227, "正式名称": "駅前メンタルクリニック", "機関区分": 2, "都道府県コード": 9, "市区町村コード": 201, "所在地": "栃木県宇都宮市駅前通り１丁目１番９号　駅前通り第一ビル２Ｆ", "緯度": 36.561285, "経度": 139.896408, "url": "https://www.iryou.teikyouseido.mhlw.go.jp/znk-web/juminkanja/S2430/initialize?prefCd=09&kikanCd=22092000227&kikanKbn=2", "url2": "http://www.ekimaemental.jp/", "内容": "駅前メンタルクリニック【2:診療所】【診療科目:0】栃木県宇都宮市駅前通り１丁目１番９号　駅前通り第一ビル２Ｆ" }, "geometry": { "type": "Point", "coordinates": [ 139.896408, 36.561285 ] } },
{ "type": "Feature", "properties": { "ID": 922092000230, "正式名称": "医療法人社団　幸訪会　しいな整形外科クリニック", "機関区分": 2, "都道府県コード": 9, "市区町村コード": 205, "所在地": "栃木県鹿沼市上殿町", "緯度": 36.542548, "経度": 139.76347, "url": "https://www.iryou.teikyouseido.mhlw.go.jp/znk-web/juminkanja/S2430/initialize?prefCd=09&kikanCd=22092000230&kikanKbn=2", "url2": "http://kohokai.com/shiina/", "内容": "医療法人社団　幸訪会　しいな整形外科クリニック【2:診療所】【診療科目:0】栃木県鹿沼市上殿町" }, "geometry": { "type": "Point", "coordinates": [ 139.76347, 36.542548 ] } },
{ "type": "Feature", "properties": { "ID": 922092000231, "正式名称": "介護老人福祉施設　ゆずりは　医務室", "機関区分": 2, "都道府県コード": 9, "市区町村コード": 204, "所在地": "栃木県佐野市山形町２５５－１", "緯度": 36.382802, "経度": 139.54684, "url": "https://www.iryou.teikyouseido.mhlw.go.jp/znk-web/juminkanja/S2430/initialize?prefCd=09&kikanCd=22092000231&kikanKbn=2", "url2": "http://www.tochinomi.or.jp/", "内容": "介護老人福祉施設　ゆずりは　医務室【2:診療所】【診療科目:0】栃木県佐野市山形町２５５－１" }, "geometry": { "type": "Point", "coordinates": [ 139.54684, 36.382802 ] } },
{ "type": "Feature", "properties": { "ID": 922092000232, "正式名称": "医療法人慧仁会よこづかハートクリニック", "機関区分": 2, "都道府県コード": 9, "市区町村コード": 204, "所在地": "栃木県佐野市堀米町堀米町３９１３ー１１", "緯度": 36.330517, "経度": 139.578357, "url": "https://www.iryou.teikyouseido.mhlw.go.jp/znk-web/juminkanja/S2430/initialize?prefCd=09&kikanCd=22092000232&kikanKbn=2", "url2": "http://www.yokozuka.net/yokozukahc/Home.html", "内容": "医療法人慧仁会よこづかハートクリニック【2:診療所】【診療科目:0】栃木県佐野市堀米町堀米町３９１３ー１１" }, "geometry": { "type": "Point", "coordinates": [ 139.578357, 36.330517 ] } },
{ "type": "Feature", "properties": { "ID": 922092000235, "正式名称": "きねぶちクリニック", "機関区分": 2, "都道府県コード": 9, "市区町村コード": 202, "所在地": "栃木県足利市元学町", "緯度": 36.34071, "経度": 139.459114, "url": "https://www.iryou.teikyouseido.mhlw.go.jp/znk-web/juminkanja/S2430/initialize?prefCd=09&kikanCd=22092000235&kikanKbn=2", "url2": "http://www.kinebuchi-cl.com", "内容": "きねぶちクリニック【2:診療所】【診療科目:0】栃木県足利市元学町" }, "geometry": { "type": "Point", "coordinates": [ 139.459114, 36.34071 ] } },
{ "type": "Feature", "properties": { "ID": 922092000237, "正式名称": "医療法人　消化器病研究会　高澤クリニック", "機関区分": 2, "都道府県コード": 9, "市区町村コード": 213, "所在地": "栃木県那須塩原市緑", "緯度": 36.868438, "経度": 140.004945, "url": "https://www.iryou.teikyouseido.mhlw.go.jp/znk-web/juminkanja/S2430/initialize?prefCd=09&kikanCd=22092000237&kikanKbn=2", "url2": null, "内容": "医療法人　消化器病研究会　高澤クリニック【2:診療所】【診療科目:0】栃木県那須塩原市緑" }, "geometry": { "type": "Point", "coordinates": [ 140.004945, 36.868438 ] } },
{ "type": "Feature", "properties": { "ID": 922092000240, "正式名称": "おがたクリニック", "機関区分": 2, "都道府県コード": 9, "市区町村コード": 201, "所在地": "栃木県宇都宮市竹林町９７５－１", "緯度": 36.576483, "経度": 139.89578, "url": "https://www.iryou.teikyouseido.mhlw.go.jp/znk-web/juminkanja/S2430/initialize?prefCd=09&kikanCd=22092000240&kikanKbn=2", "url2": "http://www.myclinic.ne.jp/ogataclinic/", "内容": "おがたクリニック【2:診療所】【診療科目:0】栃木県宇都宮市竹林町９７５－１" }, "geometry": { "type": "Point", "coordinates": [ 139.89578, 36.576483 ] } },
{ "type": "Feature", "properties": { "ID": 922092000243, "正式名称": "プレス工業株式会社宇都宮工場診療所", "機関区分": 2, "都道府県コード": 9, "市区町村コード": 216, "所在地": "栃木県下野市下坪山１７０４番地", "緯度": 36.364798, "経度": 139.869224, "url": "https://www.iryou.teikyouseido.mhlw.go.jp/znk-web/juminkanja/S2430/initialize?prefCd=09&kikanCd=22092000243&kikanKbn=2", "url2": null, "内容": "プレス工業株式会社宇都宮工場診療所【2:診療所】【診療科目:0】栃木県下野市下坪山１７０４番地" }, "geometry": { "type": "Point", "coordinates": [ 139.869224, 36.364798 ] } },
{ "type": "Feature", "properties": { "ID": 922092000245, "正式名称": "こひらメディカルクリニック", "機関区分": 2, "都道府県コード": 9, "市区町村コード": 203, "所在地": "栃木県栃木市小平町１２－１７", "緯度": 36.389313, "経度": 139.728644, "url": "https://www.iryou.teikyouseido.mhlw.go.jp/znk-web/juminkanja/S2430/initialize?prefCd=09&kikanCd=22092000245&kikanKbn=2", "url2": "https://www.cc9.ne.jp/~kohiramed/index.html", "内容": "こひらメディカルクリニック【2:診療所】【診療科目:0】栃木県栃木市小平町１２－１７" }, "geometry": { "type": "Point", "coordinates": [ 139.728644, 36.389313 ] } },
{ "type": "Feature", "properties": { "ID": 922092000249, "正式名称": "医療法人　おおきこどもクリニック", "機関区分": 2, "都道府県コード": 9, "市区町村コード": 208, "所在地": "栃木県小山市美しが丘３－３５－３", "緯度": 36.258517, "経度": 139.776326, "url": "https://www.iryou.teikyouseido.mhlw.go.jp/znk-web/juminkanja/S2430/initialize?prefCd=09&kikanCd=22092000249&kikanKbn=2", "url2": "http://www.ohkiclinic.com/", "内容": "医療法人　おおきこどもクリニック【2:診療所】【診療科目:0】栃木県小山市美しが丘３－３５－３" }, "geometry": { "type": "Point", "coordinates": [ 139.776326, 36.258517 ] } },
{ "type": "Feature", "properties": { "ID": 922092000251, "正式名称": "医療法人　日和会　すながクリニック　赤見診療所", "機関区分": 2, "都道府県コード": 9, "市区町村コード": 204, "所在地": "栃木県佐野市赤見町１１４６", "緯度": 36.348205, "経度": 139.536866, "url": "https://www.iryou.teikyouseido.mhlw.go.jp/znk-web/juminkanja/S2430/initialize?prefCd=09&kikanCd=22092000251&kikanKbn=2", "url2": null, "内容": "医療法人　日和会　すながクリニック　赤見診療所【2:診療所】【診療科目:0】栃木県佐野市赤見町１１４６" }, "geometry": { "type": "Point", "coordinates": [ 139.536866, 36.348205 ] } },
{ "type": "Feature", "properties": { "ID": 922092000256, "正式名称": "中村耳鼻咽喉科", "機関区分": 2, "都道府県コード": 9, "市区町村コード": 205, "所在地": "栃木県鹿沼市万町９６３－１", "緯度": 36.557181, "経度": 139.750578, "url": "https://www.iryou.teikyouseido.mhlw.go.jp/znk-web/juminkanja/S2430/initialize?prefCd=09&kikanCd=22092000256&kikanKbn=2", "url2": null, "内容": "中村耳鼻咽喉科【2:診療所】【診療科目:0】栃木県鹿沼市万町９６３－１" }, "geometry": { "type": "Point", "coordinates": [ 139.750578, 36.557181 ] } },
{ "type": "Feature", "properties": { "ID": 922092000257, "正式名称": "医療法人弘真会　二宮中央腎・健診クリニック", "機関区分": 2, "都道府県コード": 9, "市区町村コード": 209, "所在地": "栃木県真岡市久下田７０８－１", "緯度": 36.373301, "経度": 139.967887, "url": "https://www.iryou.teikyouseido.mhlw.go.jp/znk-web/juminkanja/S2430/initialize?prefCd=09&kikanCd=22092000257&kikanKbn=2", "url2": "http://ncclinic.or.jp", "内容": "医療法人弘真会　二宮中央腎・健診クリニック【2:診療所】【診療科目:0】栃木県真岡市久下田７０８－１" }, "geometry": { "type": "Point", "coordinates": [ 139.967887, 36.373301 ] } },
{ "type": "Feature", "properties": { "ID": 922092000258, "正式名称": "医療法人弘真会　二宮中央クリニック", "機関区分": 2, "都道府県コード": 9, "市区町村コード": 209, "所在地": "栃木県真岡市久下田７１２ー２", "緯度": 36.37421, "経度": 139.968376, "url": "https://www.iryou.teikyouseido.mhlw.go.jp/znk-web/juminkanja/S2430/initialize?prefCd=09&kikanCd=22092000258&kikanKbn=2", "url2": "http://ncclinic.or.jp", "内容": "医療法人弘真会　二宮中央クリニック【2:診療所】【診療科目:0】栃木県真岡市久下田７１２ー２" }, "geometry": { "type": "Point", "coordinates": [ 139.968376, 36.37421 ] } },
{ "type": "Feature", "properties": { "ID": 922092000261, "正式名称": "とちぎ診療所", "機関区分": 2, "都道府県コード": 9, "市区町村コード": 203, "所在地": "栃木県栃木市薗部町２－１１－４", "緯度": 36.370828, "経度": 139.712586, "url": "https://www.iryou.teikyouseido.mhlw.go.jp/znk-web/juminkanja/S2430/initialize?prefCd=09&kikanCd=22092000261&kikanKbn=2", "url2": null, "内容": "とちぎ診療所【2:診療所】【診療科目:0】栃木県栃木市薗部町２－１１－４" }, "geometry": { "type": "Point", "coordinates": [ 139.712586, 36.370828 ] } },
{ "type": "Feature", "properties": { "ID": 922092000263, "正式名称": "富士見アイクリニック", "機関区分": 2, "都道府県コード": 9, "市区町村コード": 210, "所在地": "栃木県大田原市富士見１－１６２８－１", "緯度": 36.855511, "経度": 140.02663, "url": "https://www.iryou.teikyouseido.mhlw.go.jp/znk-web/juminkanja/S2430/initialize?prefCd=09&kikanCd=22092000263&kikanKbn=2", "url2": null, "内容": "富士見アイクリニック【2:診療所】【診療科目:0】栃木県大田原市富士見１－１６２８－１" }, "geometry": { "type": "Point", "coordinates": [ 140.02663, 36.855511 ] } },
{ "type": "Feature", "properties": { "ID": 922092000265, "正式名称": "ももやこどもクリニック", "機関区分": 2, "都道府県コード": 9, "市区町村コード": 201, "所在地": "栃木県宇都宮市インターパーク３－６－１", "緯度": 36.493065, "経度": 139.903282, "url": "https://www.iryou.teikyouseido.mhlw.go.jp/znk-web/juminkanja/S2430/initialize?prefCd=09&kikanCd=22092000265&kikanKbn=2", "url2": "http://www.mkc.med-apple.co.jp/", "内容": "ももやこどもクリニック【2:診療所】【診療科目:0】栃木県宇都宮市インターパーク３－６－１" }, "geometry": { "type": "Point", "coordinates": [ 139.903282, 36.493065 ] } },
{ "type": "Feature", "properties": { "ID": 922092000266, "正式名称": "青木医院", "機関区分": 2, "都道府県コード": 9, "市区町村コード": 208, "所在地": "栃木県小山市網戸１８５０", "緯度": 36.265292, "経度": 139.741121, "url": "https://www.iryou.teikyouseido.mhlw.go.jp/znk-web/juminkanja/S2430/initialize?prefCd=09&kikanCd=22092000266&kikanKbn=2", "url2": "http://aoki-iin.net/", "内容": "青木医院【2:診療所】【診療科目:0】栃木県小山市網戸１８５０" }, "geometry": { "type": "Point", "coordinates": [ 139.741121, 36.265292 ] } },
{ "type": "Feature", "properties": { "ID": 922092000267, "正式名称": "医療法人生寿会てらだファミリークリニック", "機関区分": 2, "都道府県コード": 9, "市区町村コード": 201, "所在地": "栃木県宇都宮市雀の宮５－５－１", "緯度": 36.491017, "経度": 139.873385, "url": "https://www.iryou.teikyouseido.mhlw.go.jp/znk-web/juminkanja/S2430/initialize?prefCd=09&kikanCd=22092000267&kikanKbn=2", "url2": "https://terada-family-clinic.jp/", "内容": "医療法人生寿会てらだファミリークリニック【2:診療所】【診療科目:0】栃木県宇都宮市雀の宮５－５－１" }, "geometry": { "type": "Point", "coordinates": [ 139.873385, 36.491017 ] } },
{ "type": "Feature", "properties": { "ID": 922092000277, "正式名称": "さとう耳鼻咽喉科クリニック", "機関区分": 2, "都道府県コード": 9, "市区町村コード": 343, "所在地": "栃木県芳賀郡茂木町茂木１１６０‐５", "緯度": 36.528548, "経度": 140.170541, "url": "https://www.iryou.teikyouseido.mhlw.go.jp/znk-web/juminkanja/S2430/initialize?prefCd=09&kikanCd=22092000277&kikanKbn=2", "url2": "http://sato-jibika.jp/", "内容": "さとう耳鼻咽喉科クリニック【2:診療所】【診療科目:0】栃木県芳賀郡茂木町茂木１１６０‐５" }, "geometry": { "type": "Point", "coordinates": [ 140.170541, 36.528548 ] } },
{ "type": "Feature", "properties": { "ID": 922092000278, "正式名称": "やまなかレディースクリニック", "機関区分": 2, "都道府県コード": 9, "市区町村コード": 208, "所在地": "栃木県小山市若木町２－１１－２０", "緯度": 36.32716, "経度": 139.810051, "url": "https://www.iryou.teikyouseido.mhlw.go.jp/znk-web/juminkanja/S2430/initialize?prefCd=09&kikanCd=22092000278&kikanKbn=2", "url2": "http://www.yamanaka-lc.com/", "内容": "やまなかレディースクリニック【2:診療所】【診療科目:0】栃木県小山市若木町２－１１－２０" }, "geometry": { "type": "Point", "coordinates": [ 139.810051, 36.32716 ] } },
{ "type": "Feature", "properties": { "ID": 922092000281, "正式名称": "小林内科外科医院", "機関区分": 2, "都道府県コード": 9, "市区町村コード": 210, "所在地": "栃木県大田原市富士見１－１６０６－２６５", "緯度": 36.851018, "経度": 140.030505, "url": "https://www.iryou.teikyouseido.mhlw.go.jp/znk-web/juminkanja/S2430/initialize?prefCd=09&kikanCd=22092000281&kikanKbn=2", "url2": "http://www.kobayashi-naikageka.com/", "内容": "小林内科外科医院【2:診療所】【診療科目:0】栃木県大田原市富士見１－１６０６－２６５" }, "geometry": { "type": "Point", "coordinates": [ 140.030505, 36.851018 ] } },
{ "type": "Feature", "properties": { "ID": 922092000283, "正式名称": "見龍堂医療福祉総合クリニック", "機関区分": 2, "都道府県コード": 9, "市区町村コード": 206, "所在地": "栃木県日光市木和田島３００８－８", "緯度": 36.681275, "経度": 139.753027, "url": "https://www.iryou.teikyouseido.mhlw.go.jp/znk-web/juminkanja/S2430/initialize?prefCd=09&kikanCd=22092000283&kikanKbn=2", "url2": "http://yaoitakinenkai.or.jp/", "内容": "見龍堂医療福祉総合クリニック【2:診療所】【診療科目:0】栃木県日光市木和田島３００８－８" }, "geometry": { "type": "Point", "coordinates": [ 139.753027, 36.681275 ] } },
{ "type": "Feature", "properties": { "ID": 922092000286, "正式名称": "いなば内科クリニック", "機関区分": 2, "都道府県コード": 9, "市区町村コード": 364, "所在地": "栃木県下都賀郡野木町丸林５８３－３", "緯度": 36.235485, "経度": 139.736064, "url": "https://www.iryou.teikyouseido.mhlw.go.jp/znk-web/juminkanja/S2430/initialize?prefCd=09&kikanCd=22092000286&kikanKbn=2", "url2": "http://www.inaba-naika.com/", "内容": "いなば内科クリニック【2:診療所】【診療科目:0】栃木県下都賀郡野木町丸林５８３－３" }, "geometry": { "type": "Point", "coordinates": [ 139.736064, 36.235485 ] } },
{ "type": "Feature", "properties": { "ID": 922092000288, "正式名称": "医療法人５つのわ　なかたクリニック", "機関区分": 2, "都道府県コード": 9, "市区町村コード": 202, "所在地": "栃木県足利市借宿町５５８", "緯度": 36.325733, "経度": 139.428865, "url": "https://www.iryou.teikyouseido.mhlw.go.jp/znk-web/juminkanja/S2430/initialize?prefCd=09&kikanCd=22092000288&kikanKbn=2", "url2": "http://www.nakata-cl.com", "内容": "医療法人５つのわ　なかたクリニック【2:診療所】【診療科目:0】栃木県足利市借宿町５５８" }, "geometry": { "type": "Point", "coordinates": [ 139.428865, 36.325733 ] } },
{ "type": "Feature", "properties": { "ID": 922092000289, "正式名称": "丸山レディースクリニック", "機関区分": 2, "都道府県コード": 9, "市区町村コード": 204, "所在地": "栃木県佐野市浅沼町８０４－３", "緯度": 36.31044, "経度": 139.592501, "url": "https://www.iryou.teikyouseido.mhlw.go.jp/znk-web/juminkanja/S2430/initialize?prefCd=09&kikanCd=22092000289&kikanKbn=2", "url2": "https://maruyama-lc.com/access/", "内容": "丸山レディースクリニック【2:診療所】【診療科目:0】栃木県佐野市浅沼町８０４－３" }, "geometry": { "type": "Point", "coordinates": [ 139.592501, 36.31044 ] } },
{ "type": "Feature", "properties": { "ID": 922092000290, "正式名称": "よこぼり耳鼻咽喉科", "機関区分": 2, "都道府県コード": 9, "市区町村コード": 201, "所在地": "栃木県宇都宮市岩曽町１２５５－２", "緯度": 36.586086, "経度": 139.911818, "url": "https://www.iryou.teikyouseido.mhlw.go.jp/znk-web/juminkanja/S2430/initialize?prefCd=09&kikanCd=22092000290&kikanKbn=2", "url2": "http://www.yokobori-ent.com/", "内容": "よこぼり耳鼻咽喉科【2:診療所】【診療科目:0】栃木県宇都宮市岩曽町１２５５－２" }, "geometry": { "type": "Point", "coordinates": [ 139.911818, 36.586086 ] } },
{ "type": "Feature", "properties": { "ID": 922092000293, "正式名称": "雪乃下皮ふ科クリニック", "機関区分": 2, "都道府県コード": 9, "市区町村コード": 204, "所在地": "栃木県佐野市堀米町３８５５－５", "緯度": 36.322848, "経度": 139.564191, "url": "https://www.iryou.teikyouseido.mhlw.go.jp/znk-web/juminkanja/S2430/initialize?prefCd=09&kikanCd=22092000293&kikanKbn=2", "url2": null, "内容": "雪乃下皮ふ科クリニック【2:診療所】【診療科目:0】栃木県佐野市堀米町３８５５－５" }, "geometry": { "type": "Point", "coordinates": [ 139.564191, 36.322848 ] } },
{ "type": "Feature", "properties": { "ID": 922092000294, "正式名称": "慶桜クリニック", "機関区分": 2, "都道府県コード": 9, "市区町村コード": 201, "所在地": "栃木県宇都宮市元今泉", "緯度": 36.559186, "経度": 139.912912, "url": "https://www.iryou.teikyouseido.mhlw.go.jp/znk-web/juminkanja/S2430/initialize?prefCd=09&kikanCd=22092000294&kikanKbn=2", "url2": "http://www4.plala.or.jp/keio-clinic/", "内容": "慶桜クリニック【2:診療所】【診療科目:0】栃木県宇都宮市元今泉" }, "geometry": { "type": "Point", "coordinates": [ 139.912912, 36.559186 ] } },
{ "type": "Feature", "properties": { "ID": 922092000295, "正式名称": "医療法人緑新会　四葉みみ・はな・のどクリニック", "機関区分": 2, "都道府県コード": 9, "市区町村コード": 201, "所在地": "栃木県宇都宮市平出町４００－８", "緯度": 36.570535, "経度": 139.947811, "url": "https://www.iryou.teikyouseido.mhlw.go.jp/znk-web/juminkanja/S2430/initialize?prefCd=09&kikanCd=22092000295&kikanKbn=2", "url2": "http://www.yotsubaclinic.com/", "内容": "医療法人緑新会　四葉みみ・はな・のどクリニック【2:診療所】【診療科目:0】栃木県宇都宮市平出町４００－８" }, "geometry": { "type": "Point", "coordinates": [ 139.947811, 36.570535 ] } },
{ "type": "Feature", "properties": { "ID": 922092000297, "正式名称": "伊保内診療所", "機関区分": 2, "都道府県コード": 9, "市区町村コード": 204, "所在地": "栃木県佐野市伊保内町３８４１番地１", "緯度": 36.280658, "経度": 139.581353, "url": "https://www.iryou.teikyouseido.mhlw.go.jp/znk-web/juminkanja/S2430/initialize?prefCd=09&kikanCd=22092000297&kikanKbn=2", "url2": "http://www.kamedaiin.com", "内容": "伊保内診療所【2:診療所】【診療科目:0】栃木県佐野市伊保内町３８４１番地１" }, "geometry": { "type": "Point", "coordinates": [ 139.581353, 36.280658 ] } },
{ "type": "Feature", "properties": { "ID": 922092000298, "正式名称": "豊郷たちかわ皮ふ科クリニック", "機関区分": 2, "都道府県コード": 9, "市区町村コード": 201, "所在地": "栃木県宇都宮市関堀町", "緯度": 36.602898, "経度": 139.90026, "url": "https://www.iryou.teikyouseido.mhlw.go.jp/znk-web/juminkanja/S2430/initialize?prefCd=09&kikanCd=22092000298&kikanKbn=2", "url2": "http://www.tachikawahifuka.com/", "内容": "豊郷たちかわ皮ふ科クリニック【2:診療所】【診療科目:0】栃木県宇都宮市関堀町" }, "geometry": { "type": "Point", "coordinates": [ 139.90026, 36.602898 ] } },
{ "type": "Feature", "properties": { "ID": 922092000299, "正式名称": "ししど内科胃腸クリニック", "機関区分": 2, "都道府県コード": 9, "市区町村コード": 201, "所在地": "栃木県宇都宮市関堀町７６７－１", "緯度": 36.602595, "経度": 139.899763, "url": "https://www.iryou.teikyouseido.mhlw.go.jp/znk-web/juminkanja/S2430/initialize?prefCd=09&kikanCd=22092000299&kikanKbn=2", "url2": "http://shishido-clinic.com/", "内容": "ししど内科胃腸クリニック【2:診療所】【診療科目:0】栃木県宇都宮市関堀町７６７－１" }, "geometry": { "type": "Point", "coordinates": [ 139.899763, 36.602595 ] } },
{ "type": "Feature", "properties": { "ID": 922092000300, "正式名称": "青い鳥こどもクリニック", "機関区分": 2, "都道府県コード": 9, "市区町村コード": 208, "所在地": "栃木県小山市城東２－１９－２", "緯度": 36.313958, "経度": 139.815951, "url": "https://www.iryou.teikyouseido.mhlw.go.jp/znk-web/juminkanja/S2430/initialize?prefCd=09&kikanCd=22092000300&kikanKbn=2", "url2": "http://aoitori-kids-clinic.com/index.php", "内容": "青い鳥こどもクリニック【2:診療所】【診療科目:0】栃木県小山市城東２－１９－２" }, "geometry": { "type": "Point", "coordinates": [ 139.815951, 36.313958 ] } },
{ "type": "Feature", "properties": { "ID": 922092000301, "正式名称": "はしもとクリニック", "機関区分": 2, "都道府県コード": 9, "市区町村コード": 361, "所在地": "栃木県下都賀郡壬生町駅東町５番６号", "緯度": 36.42275, "経度": 139.806185, "url": "https://www.iryou.teikyouseido.mhlw.go.jp/znk-web/juminkanja/S2430/initialize?prefCd=09&kikanCd=22092000301&kikanKbn=2", "url2": "https://www.hashimotoclinic2010.com/", "内容": "はしもとクリニック【2:診療所】【診療科目:0】栃木県下都賀郡壬生町駅東町５番６号" }, "geometry": { "type": "Point", "coordinates": [ 139.806185, 36.42275 ] } },
{ "type": "Feature", "properties": { "ID": 922092000302, "正式名称": "鶴見皮膚科", "機関区分": 2, "都道府県コード": 9, "市区町村コード": 203, "所在地": "栃木県栃木市大平町新１５４０－３１", "緯度": 36.332698, "経度": 139.710588, "url": "https://www.iryou.teikyouseido.mhlw.go.jp/znk-web/juminkanja/S2430/initialize?prefCd=09&kikanCd=22092000302&kikanKbn=2", "url2": "http://www.tsurumi-clinic.com/", "内容": "鶴見皮膚科【2:診療所】【診療科目:0】栃木県栃木市大平町新１５４０－３１" }, "geometry": { "type": "Point", "coordinates": [ 139.710588, 36.332698 ] } },
{ "type": "Feature", "properties": { "ID": 922092000307, "正式名称": "医療法人恵愛会　さくら通りクリニック", "機関区分": 2, "都道府県コード": 9, "市区町村コード": 202, "所在地": "栃木県足利市田所町１１０２－１", "緯度": 36.349015, "経度": 139.462297, "url": "https://www.iryou.teikyouseido.mhlw.go.jp/znk-web/juminkanja/S2430/initialize?prefCd=09&kikanCd=22092000307&kikanKbn=2", "url2": "http://www.sakurast-clinic.com", "内容": "医療法人恵愛会　さくら通りクリニック【2:診療所】【診療科目:0】栃木県足利市田所町１１０２－１" }, "geometry": { "type": "Point", "coordinates": [ 139.462297, 36.349015 ] } },
{ "type": "Feature", "properties": { "ID": 922092000311, "正式名称": "特別養護老人ホームあいぜん診療所", "機関区分": 2, "都道府県コード": 9, "市区町村コード": 215, "所在地": "栃木県那須烏山市上境４５８　特別養護老人ホーム　あいぜん", "緯度": 36.649414, "経度": 140.170832, "url": "https://www.iryou.teikyouseido.mhlw.go.jp/znk-web/juminkanja/S2430/initialize?prefCd=09&kikanCd=22092000311&kikanKbn=2", "url2": "https://seisyu-kai.or.jp", "内容": "特別養護老人ホームあいぜん診療所【2:診療所】【診療科目:0】栃木県那須烏山市上境４５８　特別養護老人ホーム　あいぜん" }, "geometry": { "type": "Point", "coordinates": [ 140.170832, 36.649414 ] } },
{ "type": "Feature", "properties": { "ID": 922092000314, "正式名称": "特別養護老人ホーム明水の里附属診療所", "機関区分": 2, "都道府県コード": 9, "市区町村コード": 204, "所在地": "栃木県佐野市石塚町１０１８", "緯度": 36.349526, "経度": 139.551144, "url": "https://www.iryou.teikyouseido.mhlw.go.jp/znk-web/juminkanja/S2430/initialize?prefCd=09&kikanCd=22092000314&kikanKbn=2", "url2": null, "内容": "特別養護老人ホーム明水の里附属診療所【2:診療所】【診療科目:0】栃木県佐野市石塚町１０１８" }, "geometry": { "type": "Point", "coordinates": [ 139.551144, 36.349526 ] } },
{ "type": "Feature", "properties": { "ID": 922092000316, "正式名称": "養護老人ホームアオーラ而今　医務室", "機関区分": 2, "都道府県コード": 9, "市区町村コード": 201, "所在地": "栃木県宇都宮市陽東３－１５－１２", "緯度": 36.555886, "経度": 139.922514, "url": "https://www.iryou.teikyouseido.mhlw.go.jp/znk-web/juminkanja/S2430/initialize?prefCd=09&kikanCd=22092000316&kikanKbn=2", "url2": null, "内容": "養護老人ホームアオーラ而今　医務室【2:診療所】【診療科目:0】栃木県宇都宮市陽東３－１５－１２" }, "geometry": { "type": "Point", "coordinates": [ 139.922514, 36.555886 ] } },
{ "type": "Feature", "properties": { "ID": 922092000318, "正式名称": "特別養護老人ホーム　元氣の家　医務室", "機関区分": 2, "都道府県コード": 9, "市区町村コード": 201, "所在地": "栃木県宇都宮市幕田町１４５８－１", "緯度": 36.496182, "経度": 139.851648, "url": "https://www.iryou.teikyouseido.mhlw.go.jp/znk-web/juminkanja/S2430/initialize?prefCd=09&kikanCd=22092000318&kikanKbn=2", "url2": null, "内容": "特別養護老人ホーム　元氣の家　医務室【2:診療所】【診療科目:0】栃木県宇都宮市幕田町１４５８－１" }, "geometry": { "type": "Point", "coordinates": [ 139.851648, 36.496182 ] } },
{ "type": "Feature", "properties": { "ID": 922092000320, "正式名称": "特別養護老人ホーム　宮の里かわだ　医務室", "機関区分": 2, "都道府県コード": 9, "市区町村コード": 201, "所在地": "栃木県宇都宮市川田町１０７７－２", "緯度": 36.538225, "経度": 139.88716, "url": "https://www.iryou.teikyouseido.mhlw.go.jp/znk-web/juminkanja/S2430/initialize?prefCd=09&kikanCd=22092000320&kikanKbn=2", "url2": null, "内容": "特別養護老人ホーム　宮の里かわだ　医務室【2:診療所】【診療科目:0】栃木県宇都宮市川田町１０７７－２" }, "geometry": { "type": "Point", "coordinates": [ 139.88716, 36.538225 ] } },
{ "type": "Feature", "properties": { "ID": 922092000321, "正式名称": "つじ耳鼻咽喉科クリニック", "機関区分": 2, "都道府県コード": 9, "市区町村コード": 201, "所在地": "栃木県宇都宮市宝木町１－２５８９－２２", "緯度": 36.58149, "経度": 139.859224, "url": "https://www.iryou.teikyouseido.mhlw.go.jp/znk-web/juminkanja/S2430/initialize?prefCd=09&kikanCd=22092000321&kikanKbn=2", "url2": "http://www.tsuji-ent-cl.com", "内容": "つじ耳鼻咽喉科クリニック【2:診療所】【診療科目:0】栃木県宇都宮市宝木町１－２５８９－２２" }, "geometry": { "type": "Point", "coordinates": [ 139.859224, 36.58149 ] } },
{ "type": "Feature", "properties": { "ID": 922092000322, "正式名称": "特別養護老人ホーム春わらう舎　医務室", "機関区分": 2, "都道府県コード": 9, "市区町村コード": 208, "所在地": "栃木県小山市小山１５０９番地１", "緯度": 36.302232, "経度": 139.817643, "url": "https://www.iryou.teikyouseido.mhlw.go.jp/znk-web/juminkanja/S2430/initialize?prefCd=09&kikanCd=22092000322&kikanKbn=2", "url2": "http://www.nogihosp.or.jp/", "内容": "特別養護老人ホーム春わらう舎　医務室【2:診療所】【診療科目:0】栃木県小山市小山１５０９番地１" }, "geometry": { "type": "Point", "coordinates": [ 139.817643, 36.302232 ] } },
{ "type": "Feature", "properties": { "ID": 922092000324, "正式名称": "サンフラワーグリーンホーム", "機関区分": 2, "都道府県コード": 9, "市区町村コード": 208, "所在地": "栃木県小山市出井１９３９", "緯度": 36.334052, "経度": 139.836808, "url": "https://www.iryou.teikyouseido.mhlw.go.jp/znk-web/juminkanja/S2430/initialize?prefCd=09&kikanCd=22092000324&kikanKbn=2", "url2": null, "内容": "サンフラワーグリーンホーム【2:診療所】【診療科目:0】栃木県小山市出井１９３９" }, "geometry": { "type": "Point", "coordinates": [ 139.836808, 36.334052 ] } },
{ "type": "Feature", "properties": { "ID": 922092000327, "正式名称": "つるたアイケアクリニック", "機関区分": 2, "都道府県コード": 9, "市区町村コード": 201, "所在地": "栃木県宇都宮市鶴田町７２０－１", "緯度": 36.558231, "経度": 139.85547, "url": "https://www.iryou.teikyouseido.mhlw.go.jp/znk-web/juminkanja/S2430/initialize?prefCd=09&kikanCd=22092000327&kikanKbn=2", "url2": "tsuruta-eyecare.com", "内容": "つるたアイケアクリニック【2:診療所】【診療科目:0】栃木県宇都宮市鶴田町７２０－１" }, "geometry": { "type": "Point", "coordinates": [ 139.85547, 36.558231 ] } },
{ "type": "Feature", "properties": { "ID": 922092000328, "正式名称": "本町内科クリニック", "機関区分": 2, "都道府県コード": 9, "市区町村コード": 206, "所在地": "栃木県日光市吉沢", "緯度": 36.715882, "経度": 139.700324, "url": "https://www.iryou.teikyouseido.mhlw.go.jp/znk-web/juminkanja/S2430/initialize?prefCd=09&kikanCd=22092000328&kikanKbn=2", "url2": null, "内容": "本町内科クリニック【2:診療所】【診療科目:0】栃木県日光市吉沢" }, "geometry": { "type": "Point", "coordinates": [ 139.700324, 36.715882 ] } },
{ "type": "Feature", "properties": { "ID": 922092000329, "正式名称": "医療法人社団誠徳会佐野在宅診療所", "機関区分": 2, "都道府県コード": 9, "市区町村コード": 204, "所在地": "栃木県佐野市大橋町", "緯度": 36.31386, "経度": 139.562492, "url": "https://www.iryou.teikyouseido.mhlw.go.jp/znk-web/juminkanja/S2430/initialize?prefCd=09&kikanCd=22092000329&kikanKbn=2", "url2": null, "内容": "医療法人社団誠徳会佐野在宅診療所【2:診療所】【診療科目:0】栃木県佐野市大橋町" }, "geometry": { "type": "Point", "coordinates": [ 139.562492, 36.31386 ] } },
{ "type": "Feature", "properties": { "ID": 922092000331, "正式名称": "そうとめ皮膚科クリニック", "機関区分": 2, "都道府県コード": 9, "市区町村コード": 216, "所在地": "栃木県下野市石橋８０３－１", "緯度": 36.435707, "経度": 139.858293, "url": "https://www.iryou.teikyouseido.mhlw.go.jp/znk-web/juminkanja/S2430/initialize?prefCd=09&kikanCd=22092000331&kikanKbn=2", "url2": "http://sotome-skin-clinic.com/sp/", "内容": "そうとめ皮膚科クリニック【2:診療所】【診療科目:0】栃木県下野市石橋８０３－１" }, "geometry": { "type": "Point", "coordinates": [ 139.858293, 36.435707 ] } },
{ "type": "Feature", "properties": { "ID": 922092000332, "正式名称": "アイ・こころのクリニック", "機関区分": 2, "都道府県コード": 9, "市区町村コード": 201, "所在地": "栃木県宇都宮市松が峰２－４－１", "緯度": 36.557137, "経度": 139.879732, "url": "https://www.iryou.teikyouseido.mhlw.go.jp/znk-web/juminkanja/S2430/initialize?prefCd=09&kikanCd=22092000332&kikanKbn=2", "url2": "http://www.kokoro-clinic.net/ai", "内容": "アイ・こころのクリニック【2:診療所】【診療科目:0】栃木県宇都宮市松が峰２－４－１" }, "geometry": { "type": "Point", "coordinates": [ 139.879732, 36.557137 ] } },
{ "type": "Feature", "properties": { "ID": 922092000334, "正式名称": "社会福祉法人星風会小規模特別養護老人ホームおおひら医務室", "機関区分": 2, "都道府県コード": 9, "市区町村コード": 203, "所在地": "栃木県栃木市大平町西水代１９３０－１", "緯度": 36.319929, "経度": 139.711105, "url": "https://www.iryou.teikyouseido.mhlw.go.jp/znk-web/juminkanja/S2430/initialize?prefCd=09&kikanCd=22092000334&kikanKbn=2", "url2": null, "内容": "社会福祉法人星風会小規模特別養護老人ホームおおひら医務室【2:診療所】【診療科目:0】栃木県栃木市大平町西水代１９３０－１" }, "geometry": { "type": "Point", "coordinates": [ 139.711105, 36.319929 ] } },
{ "type": "Feature", "properties": { "ID": 922092000335, "正式名称": "医療法人　ふくだ皮フ科クリニック", "機関区分": 2, "都道府県コード": 9, "市区町村コード": 208, "所在地": "栃木県小山市東間々田２ー３６２２", "緯度": 36.262776, "経度": 139.768113, "url": "https://www.iryou.teikyouseido.mhlw.go.jp/znk-web/juminkanja/S2430/initialize?prefCd=09&kikanCd=22092000335&kikanKbn=2", "url2": "http://fukudaskinclinic.com/", "内容": "医療法人　ふくだ皮フ科クリニック【2:診療所】【診療科目:0】栃木県小山市東間々田２ー３６２２" }, "geometry": { "type": "Point", "coordinates": [ 139.768113, 36.262776 ] } },
{ "type": "Feature", "properties": { "ID": 922092000338, "正式名称": "佐野西村眼科クリニック", "機関区分": 2, "都道府県コード": 9, "市区町村コード": 204, "所在地": "栃木県佐野市浅沼町８５０", "緯度": 36.310817, "経度": 139.592924, "url": "https://www.iryou.teikyouseido.mhlw.go.jp/znk-web/juminkanja/S2430/initialize?prefCd=09&kikanCd=22092000338&kikanKbn=2", "url2": "http://www.nishimura-ganka.com", "内容": "佐野西村眼科クリニック【2:診療所】【診療科目:0】栃木県佐野市浅沼町８５０" }, "geometry": { "type": "Point", "coordinates": [ 139.592924, 36.310817 ] } },
{ "type": "Feature", "properties": { "ID": 922092000340, "正式名称": "なんばクリニック", "機関区分": 2, "都道府県コード": 9, "市区町村コード": 203, "所在地": "栃木県栃木市平井町２１９－５", "緯度": 36.36756, "経度": 139.711192, "url": "https://www.iryou.teikyouseido.mhlw.go.jp/znk-web/juminkanja/S2430/initialize?prefCd=09&kikanCd=22092000340&kikanKbn=2", "url2": null, "内容": "なんばクリニック【2:診療所】【診療科目:0】栃木県栃木市平井町２１９－５" }, "geometry": { "type": "Point", "coordinates": [ 139.711192, 36.36756 ] } },
{ "type": "Feature", "properties": { "ID": 922092000341, "正式名称": "おのこどもクリニック", "機関区分": 2, "都道府県コード": 9, "市区町村コード": 214, "所在地": "栃木県さくら市狹間田１９２３－１", "緯度": 36.689493, "経度": 139.988944, "url": "https://www.iryou.teikyouseido.mhlw.go.jp/znk-web/juminkanja/S2430/initialize?prefCd=09&kikanCd=22092000341&kikanKbn=2", "url2": "http://ono-kids-clinic.com/", "内容": "おのこどもクリニック【2:診療所】【診療科目:0】栃木県さくら市狹間田１９２３－１" }, "geometry": { "type": "Point", "coordinates": [ 139.988944, 36.689493 ] } },
{ "type": "Feature", "properties": { "ID": 922092000347, "正式名称": "能美内科外科クリニック", "機関区分": 2, "都道府県コード": 9, "市区町村コード": 208, "所在地": "栃木県小山市間々田２６－３", "緯度": 36.257844, "経度": 139.779404, "url": "https://www.iryou.teikyouseido.mhlw.go.jp/znk-web/juminkanja/S2430/initialize?prefCd=09&kikanCd=22092000347&kikanKbn=2", "url2": null, "内容": "能美内科外科クリニック【2:診療所】【診療科目:0】栃木県小山市間々田２６－３" }, "geometry": { "type": "Point", "coordinates": [ 139.779404, 36.257844 ] } },
{ "type": "Feature", "properties": { "ID": 922092000348, "正式名称": "特別養護老人ホーム寿山荘ブランチさきたま医務室", "機関区分": 2, "都道府県コード": 9, "市区町村コード": 213, "所在地": "栃木県那須塩原市埼玉３番１７号", "緯度": 36.98364, "経度": 140.025103, "url": "https://www.iryou.teikyouseido.mhlw.go.jp/znk-web/juminkanja/S2430/initialize?prefCd=09&kikanCd=22092000348&kikanKbn=2", "url2": null, "内容": "特別養護老人ホーム寿山荘ブランチさきたま医務室【2:診療所】【診療科目:0】栃木県那須塩原市埼玉３番１７号" }, "geometry": { "type": "Point", "coordinates": [ 140.025103, 36.98364 ] } },
{ "type": "Feature", "properties": { "ID": 922092000349, "正式名称": "高根沢皮フ科クリニック", "機関区分": 2, "都道府県コード": 9, "市区町村コード": 386, "所在地": "栃木県塩谷郡高根沢町宝石台２丁目５番地１８", "緯度": 36.618539, "経度": 139.995008, "url": "https://www.iryou.teikyouseido.mhlw.go.jp/znk-web/juminkanja/S2430/initialize?prefCd=09&kikanCd=22092000349&kikanKbn=2", "url2": "http://takanezawa-skin-clinic.com", "内容": "高根沢皮フ科クリニック【2:診療所】【診療科目:0】栃木県塩谷郡高根沢町宝石台２丁目５番地１８" }, "geometry": { "type": "Point", "coordinates": [ 139.995008, 36.618539 ] } },
{ "type": "Feature", "properties": { "ID": 922092000352, "正式名称": "とみやまクリニック", "機関区分": 2, "都道府県コード": 9, "市区町村コード": 208, "所在地": "栃木県小山市城北６－２６－５", "緯度": 36.318953, "経度": 139.817065, "url": "https://www.iryou.teikyouseido.mhlw.go.jp/znk-web/juminkanja/S2430/initialize?prefCd=09&kikanCd=22092000352&kikanKbn=2", "url2": "https://tomiyama-clinic.com/", "内容": "とみやまクリニック【2:診療所】【診療科目:0】栃木県小山市城北６－２６－５" }, "geometry": { "type": "Point", "coordinates": [ 139.817065, 36.318953 ] } },
{ "type": "Feature", "properties": { "ID": 922092000353, "正式名称": "医療法人社団ひつじ会　もりや眼科", "機関区分": 2, "都道府県コード": 9, "市区町村コード": 208, "所在地": "栃木県小山市駅東通り１丁目１５番１２号", "緯度": 36.313044, "経度": 139.804341, "url": "https://www.iryou.teikyouseido.mhlw.go.jp/znk-web/juminkanja/S2430/initialize?prefCd=09&kikanCd=22092000353&kikanKbn=2", "url2": "http://www.moriyaganka.com", "内容": "医療法人社団ひつじ会　もりや眼科【2:診療所】【診療科目:0】栃木県小山市駅東通り１丁目１５番１２号" }, "geometry": { "type": "Point", "coordinates": [ 139.804341, 36.313044 ] } },
{ "type": "Feature", "properties": { "ID": 922092000354, "正式名称": "那須地区夜間急患診療所", "機関区分": 2, "都道府県コード": 9, "市区町村コード": 210, "所在地": "栃木県大田原市中田原１０８１－４", "緯度": 36.881687, "経度": 140.037441, "url": "https://www.iryou.teikyouseido.mhlw.go.jp/znk-web/juminkanja/S2430/initialize?prefCd=09&kikanCd=22092000354&kikanKbn=2", "url2": "https://www.nasukouiki.or.jp/night/about.html", "内容": "那須地区夜間急患診療所【2:診療所】【診療科目:0】栃木県大田原市中田原１０８１－４" }, "geometry": { "type": "Point", "coordinates": [ 140.037441, 36.881687 ] } },
{ "type": "Feature", "properties": { "ID": 922092000355, "正式名称": "ありさわ眼科クリニック", "機関区分": 2, "都道府県コード": 9, "市区町村コード": 204, "所在地": "栃木県佐野市堀米町３９５６－３", "緯度": 36.326443, "経度": 139.576935, "url": "https://www.iryou.teikyouseido.mhlw.go.jp/znk-web/juminkanja/S2430/initialize?prefCd=09&kikanCd=22092000355&kikanKbn=2", "url2": "http://arisawa-ganka-clinic.jp/", "内容": "ありさわ眼科クリニック【2:診療所】【診療科目:0】栃木県佐野市堀米町３９５６－３" }, "geometry": { "type": "Point", "coordinates": [ 139.576935, 36.326443 ] } },
{ "type": "Feature", "properties": { "ID": 922092000358, "正式名称": "はやさか眼科", "機関区分": 2, "都道府県コード": 9, "市区町村コード": 214, "所在地": "栃木県さくら市北草川２－１９－７", "緯度": 36.686012, "経度": 139.956375, "url": "https://www.iryou.teikyouseido.mhlw.go.jp/znk-web/juminkanja/S2430/initialize?prefCd=09&kikanCd=22092000358&kikanKbn=2", "url2": "http://hayasaka-eye-clinic.com/", "内容": "はやさか眼科【2:診療所】【診療科目:0】栃木県さくら市北草川２－１９－７" }, "geometry": { "type": "Point", "coordinates": [ 139.956375, 36.686012 ] } },
{ "type": "Feature", "properties": { "ID": 922092000361, "正式名称": "医療法人　安慈会　みなみ整形外科", "機関区分": 2, "都道府県コード": 9, "市区町村コード": 208, "所在地": "栃木県小山市西城南３－１６－７", "緯度": 36.296601, "経度": 139.806325, "url": "https://www.iryou.teikyouseido.mhlw.go.jp/znk-web/juminkanja/S2430/initialize?prefCd=09&kikanCd=22092000361&kikanKbn=2", "url2": null, "内容": "医療法人　安慈会　みなみ整形外科【2:診療所】【診療科目:0】栃木県小山市西城南３－１６－７" }, "geometry": { "type": "Point", "coordinates": [ 139.806325, 36.296601 ] } },
{ "type": "Feature", "properties": { "ID": 922092000362, "正式名称": "地域密着型特別養護老人ホームひらわの郷医務室", "機関区分": 2, "都道府県コード": 9, "市区町村コード": 208, "所在地": "栃木県小山市平和２５６", "緯度": 36.258138, "経度": 139.770641, "url": "https://www.iryou.teikyouseido.mhlw.go.jp/znk-web/juminkanja/S2430/initialize?prefCd=09&kikanCd=22092000362&kikanKbn=2", "url2": null, "内容": "地域密着型特別養護老人ホームひらわの郷医務室【2:診療所】【診療科目:0】栃木県小山市平和２５６" }, "geometry": { "type": "Point", "coordinates": [ 139.770641, 36.258138 ] } },
{ "type": "Feature", "properties": { "ID": 922092000363, "正式名称": "和田マタニティクリニック", "機関区分": 2, "都道府県コード": 9, "市区町村コード": 216, "所在地": "栃木県下野市小金井１−３０−６", "緯度": 36.381387, "経度": 139.841462, "url": "https://www.iryou.teikyouseido.mhlw.go.jp/znk-web/juminkanja/S2430/initialize?prefCd=09&kikanCd=22092000363&kikanKbn=2", "url2": "http://www.wada-maternity.jp", "内容": "和田マタニティクリニック【2:診療所】【診療科目:0】栃木県下野市小金井１−３０−６" }, "geometry": { "type": "Point", "coordinates": [ 139.841462, 36.381387 ] } },
{ "type": "Feature", "properties": { "ID": 922092000364, "正式名称": "特別養護老人ホーム四季の風医務室", "機関区分": 2, "都道府県コード": 9, "市区町村コード": 210, "所在地": "栃木県大田原市城山１－６－１９", "緯度": 36.864274, "経度": 140.032457, "url": "https://www.iryou.teikyouseido.mhlw.go.jp/znk-web/juminkanja/S2430/initialize?prefCd=09&kikanCd=22092000364&kikanKbn=2", "url2": null, "内容": "特別養護老人ホーム四季の風医務室【2:診療所】【診療科目:0】栃木県大田原市城山１－６－１９" }, "geometry": { "type": "Point", "coordinates": [ 140.032457, 36.864274 ] } },
{ "type": "Feature", "properties": { "ID": 922092000367, "正式名称": "特別養護老人ホーム温寿苑附属診療所", "機関区分": 2, "都道府県コード": 9, "市区町村コード": 204, "所在地": "栃木県佐野市馬門町１４７０", "緯度": 36.281551, "経度": 139.603783, "url": "https://www.iryou.teikyouseido.mhlw.go.jp/znk-web/juminkanja/S2430/initialize?prefCd=09&kikanCd=22092000367&kikanKbn=2", "url2": null, "内容": "特別養護老人ホーム温寿苑附属診療所【2:診療所】【診療科目:0】栃木県佐野市馬門町１４７０" }, "geometry": { "type": "Point", "coordinates": [ 139.603783, 36.281551 ] } },
{ "type": "Feature", "properties": { "ID": 922092000368, "正式名称": "医療法人玉井医院　ファミリークリニックたまい", "機関区分": 2, "都道府県コード": 9, "市区町村コード": 201, "所在地": "栃木県宇都宮市末広２－６－２０", "緯度": 36.478144, "経度": 139.871975, "url": "https://www.iryou.teikyouseido.mhlw.go.jp/znk-web/juminkanja/S2430/initialize?prefCd=09&kikanCd=22092000368&kikanKbn=2", "url2": "http://fc-tamai.com/", "内容": "医療法人玉井医院　ファミリークリニックたまい【2:診療所】【診療科目:0】栃木県宇都宮市末広２－６－２０" }, "geometry": { "type": "Point", "coordinates": [ 139.871975, 36.478144 ] } },
{ "type": "Feature", "properties": { "ID": 922092000370, "正式名称": "医療法人大香会西真岡こどもクリニック", "機関区分": 2, "都道府県コード": 9, "市区町村コード": 209, "所在地": "栃木県真岡市高勢町３－２０５－１", "緯度": 36.427361, "経度": 139.980856, "url": "https://www.iryou.teikyouseido.mhlw.go.jp/znk-web/juminkanja/S2430/initialize?prefCd=09&kikanCd=22092000370&kikanKbn=2", "url2": "http://www.nishimoka-cl.com", "内容": "医療法人大香会西真岡こどもクリニック【2:診療所】【診療科目:0】栃木県真岡市高勢町３－２０５－１" }, "geometry": { "type": "Point", "coordinates": [ 139.980856, 36.427361 ] } },
{ "type": "Feature", "properties": { "ID": 922092000371, "正式名称": "ふじやまの里医務室", "機関区分": 2, "都道府県コード": 9, "市区町村コード": 301, "所在地": "栃木県河内郡上三川町上三川３９５０－１", "緯度": 36.424014, "経度": 139.909207, "url": "https://www.iryou.teikyouseido.mhlw.go.jp/znk-web/juminkanja/S2430/initialize?prefCd=09&kikanCd=22092000371&kikanKbn=2", "url2": null, "内容": "ふじやまの里医務室【2:診療所】【診療科目:0】栃木県河内郡上三川町上三川３９５０－１" }, "geometry": { "type": "Point", "coordinates": [ 139.909207, 36.424014 ] } },
{ "type": "Feature", "properties": { "ID": 922092000372, "正式名称": "関谷内科胃腸科医院", "機関区分": 2, "都道府県コード": 9, "市区町村コード": 204, "所在地": "栃木県佐野市堀米町６０２ー２０", "緯度": 36.329345, "経度": 139.581548, "url": "https://www.iryou.teikyouseido.mhlw.go.jp/znk-web/juminkanja/S2430/initialize?prefCd=09&kikanCd=22092000372&kikanKbn=2", "url2": null, "内容": "関谷内科胃腸科医院【2:診療所】【診療科目:0】栃木県佐野市堀米町６０２ー２０" }, "geometry": { "type": "Point", "coordinates": [ 139.581548, 36.329345 ] } },
{ "type": "Feature", "properties": { "ID": 922092000373, "正式名称": "特別養護老人ホーム万葉植野の里診療所", "機関区分": 2, "都道府県コード": 9, "市区町村コード": 204, "所在地": "栃木県佐野市植下町４０１０－１０", "緯度": 36.294183, "経度": 139.585459, "url": "https://www.iryou.teikyouseido.mhlw.go.jp/znk-web/juminkanja/S2430/initialize?prefCd=09&kikanCd=22092000373&kikanKbn=2", "url2": null, "内容": "特別養護老人ホーム万葉植野の里診療所【2:診療所】【診療科目:0】栃木県佐野市植下町４０１０－１０" }, "geometry": { "type": "Point", "coordinates": [ 139.585459, 36.294183 ] } },
{ "type": "Feature", "properties": { "ID": 922092000374, "正式名称": "医療法人　珀樹会　ほりごめクリニック", "機関区分": 2, "都道府県コード": 9, "市区町村コード": 204, "所在地": "栃木県佐野市堀米町３９５２－１", "緯度": 36.327151, "経度": 139.577918, "url": "https://www.iryou.teikyouseido.mhlw.go.jp/znk-web/juminkanja/S2430/initialize?prefCd=09&kikanCd=22092000374&kikanKbn=2", "url2": "http://nttbj.itp.ne.jp/0283258006/", "内容": "医療法人　珀樹会　ほりごめクリニック【2:診療所】【診療科目:0】栃木県佐野市堀米町３９５２－１" }, "geometry": { "type": "Point", "coordinates": [ 139.577918, 36.327151 ] } },
{ "type": "Feature", "properties": { "ID": 922092000377, "正式名称": "特別養護老人ホームキラリの舎医務室", "機関区分": 2, "都道府県コード": 9, "市区町村コード": 364, "所在地": "栃木県下都賀郡野木町南赤塚１２１８－９", "緯度": 36.218237, "経度": 139.747353, "url": "https://www.iryou.teikyouseido.mhlw.go.jp/znk-web/juminkanja/S2430/initialize?prefCd=09&kikanCd=22092000377&kikanKbn=2", "url2": null, "内容": "特別養護老人ホームキラリの舎医務室【2:診療所】【診療科目:0】栃木県下都賀郡野木町南赤塚１２１８－９" }, "geometry": { "type": "Point", "coordinates": [ 139.747353, 36.218237 ] } },
{ "type": "Feature", "properties": { "ID": 922092000379, "正式名称": "特別養護老人ホーム　ひらがさ喜の里", "機関区分": 2, "都道府県コード": 9, "市区町村コード": 206, "所在地": "栃木県日光市平ケ崎６０８－５", "緯度": 36.715716, "経度": 139.680695, "url": "https://www.iryou.teikyouseido.mhlw.go.jp/znk-web/juminkanja/S2430/initialize?prefCd=09&kikanCd=22092000379&kikanKbn=2", "url2": null, "内容": "特別養護老人ホーム　ひらがさ喜の里【2:診療所】【診療科目:0】栃木県日光市平ケ崎６０８－５" }, "geometry": { "type": "Point", "coordinates": [ 139.680695, 36.715716 ] } },
{ "type": "Feature", "properties": { "ID": 922092000380, "正式名称": "特別養護老人ホームポプリ診療所", "機関区分": 2, "都道府県コード": 9, "市区町村コード": 205, "所在地": "栃木県鹿沼市下永野２７０－２", "緯度": 36.478694, "経度": 139.619881, "url": "https://www.iryou.teikyouseido.mhlw.go.jp/znk-web/juminkanja/S2430/initialize?prefCd=09&kikanCd=22092000380&kikanKbn=2", "url2": null, "内容": "特別養護老人ホームポプリ診療所【2:診療所】【診療科目:0】栃木県鹿沼市下永野２７０－２" }, "geometry": { "type": "Point", "coordinates": [ 139.619881, 36.478694 ] } },
{ "type": "Feature", "properties": { "ID": 922092000381, "正式名称": "たかはし眼科クリニック", "機関区分": 2, "都道府県コード": 9, "市区町村コード": 216, "所在地": "栃木県下野市小金井１－３４－６", "緯度": 36.382095, "経度": 139.839956, "url": "https://www.iryou.teikyouseido.mhlw.go.jp/znk-web/juminkanja/S2430/initialize?prefCd=09&kikanCd=22092000381&kikanKbn=2", "url2": "http://eye-takahashi.com/", "内容": "たかはし眼科クリニック【2:診療所】【診療科目:0】栃木県下野市小金井１－３４－６" }, "geometry": { "type": "Point", "coordinates": [ 139.839956, 36.382095 ] } },
{ "type": "Feature", "properties": { "ID": 922092000382, "正式名称": "医療法人　かんけ胃腸クリニック", "機関区分": 2, "都道府県コード": 9, "市区町村コード": 201, "所在地": "栃木県宇都宮市豊郷台３丁目５０－２", "緯度": 36.605363, "経度": 139.884387, "url": "https://www.iryou.teikyouseido.mhlw.go.jp/znk-web/juminkanja/S2430/initialize?prefCd=09&kikanCd=22092000382&kikanKbn=2", "url2": "http://www.kanke-gic.jp", "内容": "医療法人　かんけ胃腸クリニック【2:診療所】【診療科目:0】栃木県宇都宮市豊郷台３丁目５０－２" }, "geometry": { "type": "Point", "coordinates": [ 139.884387, 36.605363 ] } },
{ "type": "Feature", "properties": { "ID": 922092000383, "正式名称": "たかたクリニック", "機関区分": 2, "都道府県コード": 9, "市区町村コード": 201, "所在地": "栃木県宇都宮市戸祭町３０３９－２", "緯度": 36.576922, "経度": 139.874425, "url": "https://www.iryou.teikyouseido.mhlw.go.jp/znk-web/juminkanja/S2430/initialize?prefCd=09&kikanCd=22092000383&kikanKbn=2", "url2": null, "内容": "たかたクリニック【2:診療所】【診療科目:0】栃木県宇都宮市戸祭町３０３９－２" }, "geometry": { "type": "Point", "coordinates": [ 139.874425, 36.576922 ] } },
{ "type": "Feature", "properties": { "ID": 922092000386, "正式名称": "特別養護老人ホーム那須友愛苑医務室", "機関区分": 2, "都道府県コード": 9, "市区町村コード": 213, "所在地": "栃木県那須塩原市西富山５８－１", "緯度": 36.902905, "経度": 139.985456, "url": "https://www.iryou.teikyouseido.mhlw.go.jp/znk-web/juminkanja/S2430/initialize?prefCd=09&kikanCd=22092000386&kikanKbn=2", "url2": null, "内容": "特別養護老人ホーム那須友愛苑医務室【2:診療所】【診療科目:0】栃木県那須塩原市西富山５８－１" }, "geometry": { "type": "Point", "coordinates": [ 139.985456, 36.902905 ] } },
{ "type": "Feature", "properties": { "ID": 922092000388, "正式名称": "ベルモールなかまる眼科", "機関区分": 2, "都道府県コード": 9, "市区町村コード": 201, "所在地": "栃木県宇都宮市陽東６－２－１　ベルモール２階", "緯度": 36.554522, "経度": 139.928194, "url": "https://www.iryou.teikyouseido.mhlw.go.jp/znk-web/juminkanja/S2430/initialize?prefCd=09&kikanCd=22092000388&kikanKbn=2", "url2": "http://www.nakamaru-ganka.com/bellmall/", "内容": "ベルモールなかまる眼科【2:診療所】【診療科目:0】栃木県宇都宮市陽東６－２－１　ベルモール２階" }, "geometry": { "type": "Point", "coordinates": [ 139.928194, 36.554522 ] } },
{ "type": "Feature", "properties": { "ID": 922092000389, "正式名称": "社会医療法人中山会　中山会巡回クリニック", "機関区分": 2, "都道府県コード": 9, "市区町村コード": 201, "所在地": "栃木県宇都宮市大通り１丁目４番２２号", "緯度": 36.560763, "経度": 139.892392, "url": "https://www.iryou.teikyouseido.mhlw.go.jp/znk-web/juminkanja/S2430/initialize?prefCd=09&kikanCd=22092000389&kikanKbn=2", "url2": null, "内容": "社会医療法人中山会　中山会巡回クリニック【2:診療所】【診療科目:0】栃木県宇都宮市大通り１丁目４番２２号" }, "geometry": { "type": "Point", "coordinates": [ 139.892392, 36.560763 ] } },
{ "type": "Feature", "properties": { "ID": 922092000395, "正式名称": "うるしばらクリニック", "機関区分": 2, "都道府県コード": 9, "市区町村コード": 202, "所在地": "栃木県足利市借宿町６１０番地７", "緯度": 36.325083, "経度": 139.426223, "url": "https://www.iryou.teikyouseido.mhlw.go.jp/znk-web/juminkanja/S2430/initialize?prefCd=09&kikanCd=22092000395&kikanKbn=2", "url2": "https://urushibara-cl.com/", "内容": "うるしばらクリニック【2:診療所】【診療科目:0】栃木県足利市借宿町６１０番地７" }, "geometry": { "type": "Point", "coordinates": [ 139.426223, 36.325083 ] } },
{ "type": "Feature", "properties": { "ID": 922092000399, "正式名称": "医療法人いちはらファミリークリニック", "機関区分": 2, "都道府県コード": 9, "市区町村コード": 201, "所在地": "栃木県宇都宮市中里町３２２", "緯度": 36.675999, "経度": 139.898342, "url": "https://www.iryou.teikyouseido.mhlw.go.jp/znk-web/juminkanja/S2430/initialize?prefCd=09&kikanCd=22092000399&kikanKbn=2", "url2": "http://ichiara-family-cl.com/", "内容": "医療法人いちはらファミリークリニック【2:診療所】【診療科目:0】栃木県宇都宮市中里町３２２" }, "geometry": { "type": "Point", "coordinates": [ 139.898342, 36.675999 ] } },
{ "type": "Feature", "properties": { "ID": 922092000405, "正式名称": "社会福祉法人星風会小規模特別養護老人ホームみぶ例幣使医務室", "機関区分": 2, "都道府県コード": 9, "市区町村コード": 361, "所在地": "栃木県下都賀郡壬生町壬生甲", "緯度": 36.439962, "経度": 139.787841, "url": "https://www.iryou.teikyouseido.mhlw.go.jp/znk-web/juminkanja/S2430/initialize?prefCd=09&kikanCd=22092000405&kikanKbn=2", "url2": null, "内容": "社会福祉法人星風会小規模特別養護老人ホームみぶ例幣使医務室【2:診療所】【診療科目:0】栃木県下都賀郡壬生町壬生甲" }, "geometry": { "type": "Point", "coordinates": [ 139.787841, 36.439962 ] } },
{ "type": "Feature", "properties": { "ID": 922092000406, "正式名称": "関根クリニック", "機関区分": 2, "都道府県コード": 9, "市区町村コード": 386, "所在地": "栃木県塩谷郡高根沢町光陽台５－７－３", "緯度": 36.617325, "経度": 139.981456, "url": "https://www.iryou.teikyouseido.mhlw.go.jp/znk-web/juminkanja/S2430/initialize?prefCd=09&kikanCd=22092000406&kikanKbn=2", "url2": "https://www.sekine-clinic.org", "内容": "関根クリニック【2:診療所】【診療科目:0】栃木県塩谷郡高根沢町光陽台５－７－３" }, "geometry": { "type": "Point", "coordinates": [ 139.981456, 36.617325 ] } },
{ "type": "Feature", "properties": { "ID": 922092000408, "正式名称": "おぐら内科・腎クリニック", "機関区分": 2, "都道府県コード": 9, "市区町村コード": 208, "所在地": "栃木県小山市雨ケ谷町２４番地", "緯度": 36.285584, "経度": 139.812118, "url": "https://www.iryou.teikyouseido.mhlw.go.jp/znk-web/juminkanja/S2430/initialize?prefCd=09&kikanCd=22092000408&kikanKbn=2", "url2": "http://www.ogura-cl.com", "内容": "おぐら内科・腎クリニック【2:診療所】【診療科目:0】栃木県小山市雨ケ谷町２４番地" }, "geometry": { "type": "Point", "coordinates": [ 139.812118, 36.285584 ] } },
{ "type": "Feature", "properties": { "ID": 922092000410, "正式名称": "さつきホームクリニック益子", "機関区分": 2, "都道府県コード": 9, "市区町村コード": 342, "所在地": "栃木県芳賀郡益子町長堤５７４－１", "緯度": 36.432263, "経度": 140.082855, "url": "https://www.iryou.teikyouseido.mhlw.go.jp/znk-web/juminkanja/S2430/initialize?prefCd=09&kikanCd=22092000410&kikanKbn=2", "url2": "https://mashiko.satsuki-hc.com", "内容": "さつきホームクリニック益子【2:診療所】【診療科目:0】栃木県芳賀郡益子町長堤５７４－１" }, "geometry": { "type": "Point", "coordinates": [ 140.082855, 36.432263 ] } },
{ "type": "Feature", "properties": { "ID": 922092000412, "正式名称": "きぬの里クリニック", "機関区分": 2, "都道府県コード": 9, "市区町村コード": 214, "所在地": "栃木県さくら市きぬの里一丁目２２番地１６", "緯度": 36.661026, "経度": 139.961986, "url": "https://www.iryou.teikyouseido.mhlw.go.jp/znk-web/juminkanja/S2430/initialize?prefCd=09&kikanCd=22092000412&kikanKbn=2", "url2": "http://kinucli.com", "内容": "きぬの里クリニック【2:診療所】【診療科目:0】栃木県さくら市きぬの里一丁目２２番地１６" }, "geometry": { "type": "Point", "coordinates": [ 139.961986, 36.661026 ] } },
{ "type": "Feature", "properties": { "ID": 922092000413, "正式名称": "大田原中央クリニック", "機関区分": 2, "都道府県コード": 9, "市区町村コード": 210, "所在地": "栃木県大田原市中央１丁目３－１５　トコトコ大田原１階", "緯度": 36.868555, "経度": 140.026007, "url": "https://www.iryou.teikyouseido.mhlw.go.jp/znk-web/juminkanja/S2430/initialize?prefCd=09&kikanCd=22092000413&kikanKbn=2", "url2": "http://chuo-clinic.jp/", "内容": "大田原中央クリニック【2:診療所】【診療科目:0】栃木県大田原市中央１丁目３－１５　トコトコ大田原１階" }, "geometry": { "type": "Point", "coordinates": [ 140.026007, 36.868555 ] } },
{ "type": "Feature", "properties": { "ID": 922092000416, "正式名称": "でいリウマチ科内科クリニック", "機関区分": 2, "都道府県コード": 9, "市区町村コード": 201, "所在地": "栃木県宇都宮市下栗町２９３５－２", "緯度": 36.536771, "経度": 139.911558, "url": "https://www.iryou.teikyouseido.mhlw.go.jp/znk-web/juminkanja/S2430/initialize?prefCd=09&kikanCd=22092000416&kikanKbn=2", "url2": null, "内容": "でいリウマチ科内科クリニック【2:診療所】【診療科目:0】栃木県宇都宮市下栗町２９３５－２" }, "geometry": { "type": "Point", "coordinates": [ 139.911558, 36.536771 ] } },
{ "type": "Feature", "properties": { "ID": 922092000419, "正式名称": "ふれあい漢方内科", "機関区分": 2, "都道府県コード": 9, "市区町村コード": 216, "所在地": "栃木県下野市文教１－２－２８", "緯度": 36.443128, "経度": 139.864179, "url": "https://www.iryou.teikyouseido.mhlw.go.jp/znk-web/juminkanja/S2430/initialize?prefCd=09&kikanCd=22092000419&kikanKbn=2", "url2": "http://www.fureaikanpou.com/", "内容": "ふれあい漢方内科【2:診療所】【診療科目:0】栃木県下野市文教１－２－２８" }, "geometry": { "type": "Point", "coordinates": [ 139.864179, 36.443128 ] } },
{ "type": "Feature", "properties": { "ID": 922092000420, "正式名称": "はま皮フ科クリニック", "機関区分": 2, "都道府県コード": 9, "市区町村コード": 201, "所在地": "栃木県宇都宮市兵庫塚３－２９－２８", "緯度": 36.495389, "経度": 139.855519, "url": "https://www.iryou.teikyouseido.mhlw.go.jp/znk-web/juminkanja/S2430/initialize?prefCd=09&kikanCd=22092000420&kikanKbn=2", "url2": "https://hama-skin-clinic.com", "内容": "はま皮フ科クリニック【2:診療所】【診療科目:0】栃木県宇都宮市兵庫塚３－２９－２８" }, "geometry": { "type": "Point", "coordinates": [ 139.855519, 36.495389 ] } },
{ "type": "Feature", "properties": { "ID": 922092000422, "正式名称": "南が丘整形外科ペインクリニック", "機関区分": 2, "都道府県コード": 9, "市区町村コード": 201, "所在地": "栃木県宇都宮市西川田町４７０－６", "緯度": 36.511652, "経度": 139.840723, "url": "https://www.iryou.teikyouseido.mhlw.go.jp/znk-web/juminkanja/S2430/initialize?prefCd=09&kikanCd=22092000422&kikanKbn=2", "url2": "http://www7b.biglobe.ne.jp/~minamigaoka/", "内容": "南が丘整形外科ペインクリニック【2:診療所】【診療科目:0】栃木県宇都宮市西川田町４７０－６" }, "geometry": { "type": "Point", "coordinates": [ 139.840723, 36.511652 ] } },
{ "type": "Feature", "properties": { "ID": 922092000423, "正式名称": "医療法人ブレイン　自治医大ステーション・ブレインクリニック", "機関区分": 2, "都道府県コード": 9, "市区町村コード": 216, "所在地": "栃木県下野市医大前３－２－２　３階", "緯度": 36.395638, "経度": 139.855307, "url": "https://www.iryou.teikyouseido.mhlw.go.jp/znk-web/juminkanja/S2430/initialize?prefCd=09&kikanCd=22092000423&kikanKbn=2", "url2": null, "内容": "医療法人ブレイン　自治医大ステーション・ブレインクリニック【2:診療所】【診療科目:0】栃木県下野市医大前３－２－２　３階" }, "geometry": { "type": "Point", "coordinates": [ 139.855307, 36.395638 ] } },
{ "type": "Feature", "properties": { "ID": 922092000425, "正式名称": "医療法人瑶林会ともこ皮フ科クリニック", "機関区分": 2, "都道府県コード": 9, "市区町村コード": 204, "所在地": "栃木県佐野市鐙塚町１５６－１", "緯度": 36.297344, "経度": 139.603467, "url": "https://www.iryou.teikyouseido.mhlw.go.jp/znk-web/juminkanja/S2430/initialize?prefCd=09&kikanCd=22092000425&kikanKbn=2", "url2": "http://www.tomoko-clinic.jp", "内容": "医療法人瑶林会ともこ皮フ科クリニック【2:診療所】【診療科目:0】栃木県佐野市鐙塚町１５６－１" }, "geometry": { "type": "Point", "coordinates": [ 139.603467, 36.297344 ] } },
{ "type": "Feature", "properties": { "ID": 922092000426, "正式名称": "特別養護老人ホーム　はりがや花の風　医務室", "機関区分": 2, "都道府県コード": 9, "市区町村コード": 201, "所在地": "栃木県宇都宮市針ケ谷町", "緯度": 36.490522, "経度": 139.850138, "url": "https://www.iryou.teikyouseido.mhlw.go.jp/znk-web/juminkanja/S2430/initialize?prefCd=09&kikanCd=22092000426&kikanKbn=2", "url2": "http://www.fukushi-asahikai.or.jp", "内容": "特別養護老人ホーム　はりがや花の風　医務室【2:診療所】【診療科目:0】栃木県宇都宮市針ケ谷町" }, "geometry": { "type": "Point", "coordinates": [ 139.850138, 36.490522 ] } },
{ "type": "Feature", "properties": { "ID": 922092000427, "正式名称": "真岡メディカルクリニック", "機関区分": 2, "都道府県コード": 9, "市区町村コード": 209, "所在地": "栃木県真岡市荒町３－４９－６", "緯度": 36.445412, "経度": 140.015121, "url": "https://www.iryou.teikyouseido.mhlw.go.jp/znk-web/juminkanja/S2430/initialize?prefCd=09&kikanCd=22092000427&kikanKbn=2", "url2": "http://www.wano-kai.com/mohka-med-clinic/", "内容": "真岡メディカルクリニック【2:診療所】【診療科目:0】栃木県真岡市荒町３－４９－６" }, "geometry": { "type": "Point", "coordinates": [ 140.015121, 36.445412 ] } },
{ "type": "Feature", "properties": { "ID": 922092000429, "正式名称": "ふじさわクリニック", "機関区分": 2, "都道府県コード": 9, "市区町村コード": 203, "所在地": "栃木県栃木市境町", "緯度": 36.372476, "経度": 139.730837, "url": "https://www.iryou.teikyouseido.mhlw.go.jp/znk-web/juminkanja/S2430/initialize?prefCd=09&kikanCd=22092000429&kikanKbn=2", "url2": "http://www.fjsw-clinic.com", "内容": "ふじさわクリニック【2:診療所】【診療科目:0】栃木県栃木市境町" }, "geometry": { "type": "Point", "coordinates": [ 139.730837, 36.372476 ] } },
{ "type": "Feature", "properties": { "ID": 922092000430, "正式名称": "にじいろこども診療所", "機関区分": 2, "都道府県コード": 9, "市区町村コード": 216, "所在地": "栃木県下野市小金井４－１－１", "緯度": 36.38209, "経度": 139.839192, "url": "https://www.iryou.teikyouseido.mhlw.go.jp/znk-web/juminkanja/S2430/initialize?prefCd=09&kikanCd=22092000430&kikanKbn=2", "url2": "http://www.nijiirokodomo.jp", "内容": "にじいろこども診療所【2:診療所】【診療科目:0】栃木県下野市小金井４－１－１" }, "geometry": { "type": "Point", "coordinates": [ 139.839192, 36.38209 ] } },
{ "type": "Feature", "properties": { "ID": 922092000433, "正式名称": "特別養護老人ホーム　蔵の街ひまわり診療所", "機関区分": 2, "都道府県コード": 9, "市区町村コード": 203, "所在地": "栃木県栃木市城内町２－１７－２３", "緯度": 36.372549, "経度": 139.751685, "url": "https://www.iryou.teikyouseido.mhlw.go.jp/znk-web/juminkanja/S2430/initialize?prefCd=09&kikanCd=22092000433&kikanKbn=2", "url2": null, "内容": "特別養護老人ホーム　蔵の街ひまわり診療所【2:診療所】【診療科目:0】栃木県栃木市城内町２－１７－２３" }, "geometry": { "type": "Point", "coordinates": [ 139.751685, 36.372549 ] } },
{ "type": "Feature", "properties": { "ID": 922092000434, "正式名称": "ふみの耳鼻咽喉科クリニック", "機関区分": 2, "都道府県コード": 9, "市区町村コード": 213, "所在地": "栃木県那須塩原市沓掛１－１１－５", "緯度": 36.935828, "経度": 140.021993, "url": "https://www.iryou.teikyouseido.mhlw.go.jp/znk-web/juminkanja/S2430/initialize?prefCd=09&kikanCd=22092000434&kikanKbn=2", "url2": "http://www.fumino-jibika.com/", "内容": "ふみの耳鼻咽喉科クリニック【2:診療所】【診療科目:0】栃木県那須塩原市沓掛１－１１－５" }, "geometry": { "type": "Point", "coordinates": [ 140.021993, 36.935828 ] } },
{ "type": "Feature", "properties": { "ID": 922092000435, "正式名称": "こばやしファミリークリニック", "機関区分": 2, "都道府県コード": 9, "市区町村コード": 204, "所在地": "栃木県佐野市多田町５６５－１", "緯度": 36.378231, "経度": 139.600428, "url": "https://www.iryou.teikyouseido.mhlw.go.jp/znk-web/juminkanja/S2430/initialize?prefCd=09&kikanCd=22092000435&kikanKbn=2", "url2": "http://kobayashi-fcl.com/", "内容": "こばやしファミリークリニック【2:診療所】【診療科目:0】栃木県佐野市多田町５６５－１" }, "geometry": { "type": "Point", "coordinates": [ 139.600428, 36.378231 ] } },
{ "type": "Feature", "properties": { "ID": 922092000436, "正式名称": "にがみどう内科クリニック", "機関区分": 2, "都道府県コード": 9, "市区町村コード": 205, "所在地": "栃木県鹿沼市仁神堂町３５１－２６", "緯度": 36.579854, "経度": 139.765312, "url": "https://www.iryou.teikyouseido.mhlw.go.jp/znk-web/juminkanja/S2430/initialize?prefCd=09&kikanCd=22092000436&kikanKbn=2", "url2": "http://nigamido-medical-clinic.com", "内容": "にがみどう内科クリニック【2:診療所】【診療科目:0】栃木県鹿沼市仁神堂町３５１－２６" }, "geometry": { "type": "Point", "coordinates": [ 139.765312, 36.579854 ] } },
{ "type": "Feature", "properties": { "ID": 922092000438, "正式名称": "特別養護老人ホーム　かぬま花の風医務室", "機関区分": 2, "都道府県コード": 9, "市区町村コード": 205, "所在地": "栃木県鹿沼市緑町２－３－１７", "緯度": 36.55801, "経度": 139.77464, "url": "https://www.iryou.teikyouseido.mhlw.go.jp/znk-web/juminkanja/S2430/initialize?prefCd=09&kikanCd=22092000438&kikanKbn=2", "url2": null, "内容": "特別養護老人ホーム　かぬま花の風医務室【2:診療所】【診療科目:0】栃木県鹿沼市緑町２－３－１７" }, "geometry": { "type": "Point", "coordinates": [ 139.77464, 36.55801 ] } },
{ "type": "Feature", "properties": { "ID": 922092000440, "正式名称": "いけもりクリニック", "機関区分": 2, "都道府県コード": 9, "市区町村コード": 205, "所在地": "栃木県鹿沼市下田町１－８７１－１", "緯度": 36.562089, "経度": 139.752589, "url": "https://www.iryou.teikyouseido.mhlw.go.jp/znk-web/juminkanja/S2430/initialize?prefCd=09&kikanCd=22092000440&kikanKbn=2", "url2": null, "内容": "いけもりクリニック【2:診療所】【診療科目:0】栃木県鹿沼市下田町１－８７１－１" }, "geometry": { "type": "Point", "coordinates": [ 139.752589, 36.562089 ] } },
{ "type": "Feature", "properties": { "ID": 922092000442, "正式名称": "きくちクリニック", "機関区分": 2, "都道府県コード": 9, "市区町村コード": 201, "所在地": "栃木県宇都宮市下平出町", "緯度": 36.55939, "経度": 139.948428, "url": "https://www.iryou.teikyouseido.mhlw.go.jp/znk-web/juminkanja/S2430/initialize?prefCd=09&kikanCd=22092000442&kikanKbn=2", "url2": "http://kikuchi-cl.net", "内容": "きくちクリニック【2:診療所】【診療科目:0】栃木県宇都宮市下平出町" }, "geometry": { "type": "Point", "coordinates": [ 139.948428, 36.55939 ] } },
{ "type": "Feature", "properties": { "ID": 922092000444, "正式名称": "たからぎ胃腸外科クリニック", "機関区分": 2, "都道府県コード": 9, "市区町村コード": 201, "所在地": "栃木県宇都宮市宝木町１－２５８８－６", "緯度": 36.580656, "経度": 139.859213, "url": "https://www.iryou.teikyouseido.mhlw.go.jp/znk-web/juminkanja/S2430/initialize?prefCd=09&kikanCd=22092000444&kikanKbn=2", "url2": null, "内容": "たからぎ胃腸外科クリニック【2:診療所】【診療科目:0】栃木県宇都宮市宝木町１－２５８８－６" }, "geometry": { "type": "Point", "coordinates": [ 139.859213, 36.580656 ] } },
{ "type": "Feature", "properties": { "ID": 922092000445, "正式名称": "医療法人社団　健暉会　清原診療所", "機関区分": 2, "都道府県コード": 9, "市区町村コード": 201, "所在地": "栃木県宇都宮市清原工業団地１５－１", "緯度": 36.546986, "経度": 139.983912, "url": "https://www.iryou.teikyouseido.mhlw.go.jp/znk-web/juminkanja/S2430/initialize?prefCd=09&kikanCd=22092000445&kikanKbn=2", "url2": "http://www.kenkikai2015.or.jp/", "内容": "医療法人社団　健暉会　清原診療所【2:診療所】【診療科目:0】栃木県宇都宮市清原工業団地１５－１" }, "geometry": { "type": "Point", "coordinates": [ 139.983912, 36.546986 ] } },
{ "type": "Feature", "properties": { "ID": 922092000446, "正式名称": "あいファミリィクリニック足利", "機関区分": 2, "都道府県コード": 9, "市区町村コード": 202, "所在地": "栃木県足利市寺岡町", "緯度": 36.313623, "経度": 139.538521, "url": "https://www.iryou.teikyouseido.mhlw.go.jp/znk-web/juminkanja/S2430/initialize?prefCd=09&kikanCd=22092000446&kikanKbn=2", "url2": null, "内容": "あいファミリィクリニック足利【2:診療所】【診療科目:0】栃木県足利市寺岡町" }, "geometry": { "type": "Point", "coordinates": [ 139.538521, 36.313623 ] } },
{ "type": "Feature", "properties": { "ID": 922092000447, "正式名称": "医療法人メープル会　さいとうハート＆キッズクリニック", "機関区分": 2, "都道府県コード": 9, "市区町村コード": 210, "所在地": "栃木県大田原市浅香１－４－３", "緯度": 36.859603, "経度": 140.013547, "url": "https://www.iryou.teikyouseido.mhlw.go.jp/znk-web/juminkanja/S2430/initialize?prefCd=09&kikanCd=22092000447&kikanKbn=2", "url2": null, "内容": "医療法人メープル会　さいとうハート＆キッズクリニック【2:診療所】【診療科目:0】栃木県大田原市浅香１－４－３" }, "geometry": { "type": "Point", "coordinates": [ 140.013547, 36.859603 ] } },
{ "type": "Feature", "properties": { "ID": 922092000448, "正式名称": "特別養護老人ホーム　田井の里医務室", "機関区分": 2, "都道府県コード": 9, "市区町村コード": 209, "所在地": "栃木県真岡市西田井７４８－２", "緯度": 36.453632, "経度": 140.070408, "url": "https://www.iryou.teikyouseido.mhlw.go.jp/znk-web/juminkanja/S2430/initialize?prefCd=09&kikanCd=22092000448&kikanKbn=2", "url2": null, "内容": "特別養護老人ホーム　田井の里医務室【2:診療所】【診療科目:0】栃木県真岡市西田井７４８－２" }, "geometry": { "type": "Point", "coordinates": [ 140.070408, 36.453632 ] } },
{ "type": "Feature", "properties": { "ID": 922092000450, "正式名称": "医療法人あんずの森　あんずの森クリニック", "機関区分": 2, "都道府県コード": 9, "市区町村コード": 216, "所在地": "栃木県下野市仁良川１５１８ー１", "緯度": 36.382849, "経度": 139.875281, "url": "https://www.iryou.teikyouseido.mhlw.go.jp/znk-web/juminkanja/S2430/initialize?prefCd=09&kikanCd=22092000450&kikanKbn=2", "url2": "http://anzunomori.net", "内容": "医療法人あんずの森　あんずの森クリニック【2:診療所】【診療科目:0】栃木県下野市仁良川１５１８ー１" }, "geometry": { "type": "Point", "coordinates": [ 139.875281, 36.382849 ] } },
{ "type": "Feature", "properties": { "ID": 922092000451, "正式名称": "あおき耳鼻咽喉科医院", "機関区分": 2, "都道府県コード": 9, "市区町村コード": 203, "所在地": "栃木県栃木市大平町新１４７４ー１", "緯度": 36.329406, "経度": 139.711707, "url": "https://www.iryou.teikyouseido.mhlw.go.jp/znk-web/juminkanja/S2430/initialize?prefCd=09&kikanCd=22092000451&kikanKbn=2", "url2": "http://aoki-ent.jp", "内容": "あおき耳鼻咽喉科医院【2:診療所】【診療科目:0】栃木県栃木市大平町新１４７４ー１" }, "geometry": { "type": "Point", "coordinates": [ 139.711707, 36.329406 ] } },
{ "type": "Feature", "properties": { "ID": 922092000457, "正式名称": "特別養護老人ホーム四季舎診療所", "機関区分": 2, "都道府県コード": 9, "市区町村コード": 202, "所在地": "栃木県足利市伊勢町２丁目１０－２３", "緯度": 36.332933, "経度": 139.459686, "url": "https://www.iryou.teikyouseido.mhlw.go.jp/znk-web/juminkanja/S2430/initialize?prefCd=09&kikanCd=22092000457&kikanKbn=2", "url2": null, "内容": "特別養護老人ホーム四季舎診療所【2:診療所】【診療科目:0】栃木県足利市伊勢町２丁目１０－２３" }, "geometry": { "type": "Point", "coordinates": [ 139.459686, 36.332933 ] } },
{ "type": "Feature", "properties": { "ID": 922092000458, "正式名称": "医療法人　直心会　小林内科クリニック", "機関区分": 2, "都道府県コード": 9, "市区町村コード": 361, "所在地": "栃木県下都賀郡壬生町安塚西南原７９３－１", "緯度": 36.476406, "経度": 139.828428, "url": "https://www.iryou.teikyouseido.mhlw.go.jp/znk-web/juminkanja/S2430/initialize?prefCd=09&kikanCd=22092000458&kikanKbn=2", "url2": "http://kobayashi-naika-clinic.com", "内容": "医療法人　直心会　小林内科クリニック【2:診療所】【診療科目:0】栃木県下都賀郡壬生町安塚西南原７９３－１" }, "geometry": { "type": "Point", "coordinates": [ 139.828428, 36.476406 ] } },
{ "type": "Feature", "properties": { "ID": 922092000462, "正式名称": "特別養護老人ホーム青葉の杜医務室", "機関区分": 2, "都道府県コード": 9, "市区町村コード": 213, "所在地": "栃木県那須塩原市大原間西１－１９－６", "緯度": 36.929511, "経度": 140.01573, "url": "https://www.iryou.teikyouseido.mhlw.go.jp/znk-web/juminkanja/S2430/initialize?prefCd=09&kikanCd=22092000462&kikanKbn=2", "url2": null, "内容": "特別養護老人ホーム青葉の杜医務室【2:診療所】【診療科目:0】栃木県那須塩原市大原間西１－１９－６" }, "geometry": { "type": "Point", "coordinates": [ 140.01573, 36.929511 ] } },
{ "type": "Feature", "properties": { "ID": 922092000463, "正式名称": "医療法人社団　弘徳会　那須訪問診療所", "機関区分": 2, "都道府県コード": 9, "市区町村コード": 213, "所在地": "栃木県那須塩原市佐野２－１９", "緯度": 36.953033, "経度": 140.05781, "url": "https://www.iryou.teikyouseido.mhlw.go.jp/znk-web/juminkanja/S2430/initialize?prefCd=09&kikanCd=22092000463&kikanKbn=2", "url2": "https://www.kotokukainasu.com/", "内容": "医療法人社団　弘徳会　那須訪問診療所【2:診療所】【診療科目:0】栃木県那須塩原市佐野２－１９" }, "geometry": { "type": "Point", "coordinates": [ 140.05781, 36.953033 ] } },
{ "type": "Feature", "properties": { "ID": 922092000465, "正式名称": "特別養護老人ホーム横倉の里医務室", "機関区分": 2, "都道府県コード": 9, "市区町村コード": 208, "所在地": "栃木県小山市横倉８６２－１", "緯度": 36.27765, "経度": 139.837211, "url": "https://www.iryou.teikyouseido.mhlw.go.jp/znk-web/juminkanja/S2430/initialize?prefCd=09&kikanCd=22092000465&kikanKbn=2", "url2": null, "内容": "特別養護老人ホーム横倉の里医務室【2:診療所】【診療科目:0】栃木県小山市横倉８６２－１" }, "geometry": { "type": "Point", "coordinates": [ 139.837211, 36.27765 ] } },
{ "type": "Feature", "properties": { "ID": 922092000466, "正式名称": "宇都宮　腎・内科・皮膚科クリニック", "機関区分": 2, "都道府県コード": 9, "市区町村コード": 201, "所在地": "栃木県宇都宮市鶴田２－３８－３", "緯度": 36.562327, "経度": 139.851175, "url": "https://www.iryou.teikyouseido.mhlw.go.jp/znk-web/juminkanja/S2430/initialize?prefCd=09&kikanCd=22092000466&kikanKbn=2", "url2": "https://utsunomiya-clinic.com/", "内容": "宇都宮　腎・内科・皮膚科クリニック【2:診療所】【診療科目:0】栃木県宇都宮市鶴田２－３８－３" }, "geometry": { "type": "Point", "coordinates": [ 139.851175, 36.562327 ] } },
{ "type": "Feature", "properties": { "ID": 922092000468, "正式名称": "インターパーク倉持呼吸器内科", "機関区分": 2, "都道府県コード": 9, "市区町村コード": 201, "所在地": "栃木県宇都宮市中島町７６５－１", "緯度": 36.493987, "経度": 139.902863, "url": "https://www.iryou.teikyouseido.mhlw.go.jp/znk-web/juminkanja/S2430/initialize?prefCd=09&kikanCd=22092000468&kikanKbn=2", "url2": "http://www.kuramochi-naika.com", "内容": "インターパーク倉持呼吸器内科【2:診療所】【診療科目:0】栃木県宇都宮市中島町７６５－１" }, "geometry": { "type": "Point", "coordinates": [ 139.902863, 36.493987 ] } },
{ "type": "Feature", "properties": { "ID": 922092000470, "正式名称": "特別養護老人ホーム和見の里山医務室", "機関区分": 2, "都道府県コード": 9, "市区町村コード": 411, "所在地": "栃木県那須郡那珂川町和見１９４０－１", "緯度": 36.761531, "経度": 140.16357, "url": "https://www.iryou.teikyouseido.mhlw.go.jp/znk-web/juminkanja/S2430/initialize?prefCd=09&kikanCd=22092000470&kikanKbn=2", "url2": null, "内容": "特別養護老人ホーム和見の里山医務室【2:診療所】【診療科目:0】栃木県那須郡那珂川町和見１９４０－１" }, "geometry": { "type": "Point", "coordinates": [ 140.16357, 36.761531 ] } },
{ "type": "Feature", "properties": { "ID": 922092000471, "正式名称": "いしばし眼科", "機関区分": 2, "都道府県コード": 9, "市区町村コード": 213, "所在地": "栃木県那須塩原市睦１４６－１２", "緯度": 36.894994, "経度": 139.984096, "url": "https://www.iryou.teikyouseido.mhlw.go.jp/znk-web/juminkanja/S2430/initialize?prefCd=09&kikanCd=22092000471&kikanKbn=2", "url2": null, "内容": "いしばし眼科【2:診療所】【診療科目:0】栃木県那須塩原市睦１４６－１２" }, "geometry": { "type": "Point", "coordinates": [ 139.984096, 36.894994 ] } },
{ "type": "Feature", "properties": { "ID": 922092000472, "正式名称": "うえのクリニック", "機関区分": 2, "都道府県コード": 9, "市区町村コード": 301, "所在地": "栃木県河内郡上三川町上蒲生２３１２－３", "緯度": 36.444529, "経度": 139.902554, "url": "https://www.iryou.teikyouseido.mhlw.go.jp/znk-web/juminkanja/S2430/initialize?prefCd=09&kikanCd=22092000472&kikanKbn=2", "url2": "http://uenoclinic.info/", "内容": "うえのクリニック【2:診療所】【診療科目:0】栃木県河内郡上三川町上蒲生２３１２－３" }, "geometry": { "type": "Point", "coordinates": [ 139.902554, 36.444529 ] } },
{ "type": "Feature", "properties": { "ID": 922092000473, "正式名称": "イオン小山かなまる眼科・アレルギー科", "機関区分": 2, "都道府県コード": 9, "市区町村コード": 208, "所在地": "栃木県小山市中久喜１４６７－１　イオンモール１階", "緯度": 36.321642, "経度": 139.840816, "url": "https://www.iryou.teikyouseido.mhlw.go.jp/znk-web/juminkanja/S2430/initialize?prefCd=09&kikanCd=22092000473&kikanKbn=2", "url2": "https://oyamakanamaru-ganka.navi-clinic.jp/", "内容": "イオン小山かなまる眼科・アレルギー科【2:診療所】【診療科目:0】栃木県小山市中久喜１４６７－１　イオンモール１階" }, "geometry": { "type": "Point", "coordinates": [ 139.840816, 36.321642 ] } },
{ "type": "Feature", "properties": { "ID": 922092000476, "正式名称": "木村医院", "機関区分": 2, "都道府県コード": 9, "市区町村コード": 364, "所在地": "栃木県下都賀郡野木町野渡２７９７－３", "緯度": 36.207273, "経度": 139.722585, "url": "https://www.iryou.teikyouseido.mhlw.go.jp/znk-web/juminkanja/S2430/initialize?prefCd=09&kikanCd=22092000476&kikanKbn=2", "url2": "http://kimura-heart.com/", "内容": "木村医院【2:診療所】【診療科目:0】栃木県下都賀郡野木町野渡２７９７－３" }, "geometry": { "type": "Point", "coordinates": [ 139.722585, 36.207273 ] } },
{ "type": "Feature", "properties": { "ID": 922092000477, "正式名称": "幸寿苑たかしまの郷医務室", "機関区分": 2, "都道府県コード": 9, "市区町村コード": 203, "所在地": "栃木県栃木市大平町上高島７７７－２", "緯度": 36.347613, "経度": 139.731941, "url": "https://www.iryou.teikyouseido.mhlw.go.jp/znk-web/juminkanja/S2430/initialize?prefCd=09&kikanCd=22092000477&kikanKbn=2", "url2": null, "内容": "幸寿苑たかしまの郷医務室【2:診療所】【診療科目:0】栃木県栃木市大平町上高島７７７－２" }, "geometry": { "type": "Point", "coordinates": [ 139.731941, 36.347613 ] } },
{ "type": "Feature", "properties": { "ID": 922092000478, "正式名称": "金子内科医院", "機関区分": 2, "都道府県コード": 9, "市区町村コード": 203, "所在地": "栃木県栃木市吹上町", "緯度": 36.411731, "経度": 139.703758, "url": "https://www.iryou.teikyouseido.mhlw.go.jp/znk-web/juminkanja/S2430/initialize?prefCd=09&kikanCd=22092000478&kikanKbn=2", "url2": "http://www.kaneko-naika.com", "内容": "金子内科医院【2:診療所】【診療科目:0】栃木県栃木市吹上町" }, "geometry": { "type": "Point", "coordinates": [ 139.703758, 36.411731 ] } },
{ "type": "Feature", "properties": { "ID": 922092000479, "正式名称": "小山広域保健衛生組合小山地区夜間休日急患診療所", "機関区分": 2, "都道府県コード": 9, "市区町村コード": 208, "所在地": "栃木県小山市神鳥谷２２５１－７", "緯度": 36.276027, "経度": 139.801795, "url": "https://www.iryou.teikyouseido.mhlw.go.jp/znk-web/juminkanja/S2430/initialize?prefCd=09&kikanCd=22092000479&kikanKbn=2", "url2": "https://www.city.oyama.tochigi.jp/kouiki/shinryojo/page001501.html", "内容": "小山広域保健衛生組合小山地区夜間休日急患診療所【2:診療所】【診療科目:0】栃木県小山市神鳥谷２２５１－７" }, "geometry": { "type": "Point", "coordinates": [ 139.801795, 36.276027 ] } },
{ "type": "Feature", "properties": { "ID": 922092000480, "正式名称": "いちえ眼科クリニック", "機関区分": 2, "都道府県コード": 9, "市区町村コード": 201, "所在地": "栃木県宇都宮市野沢町５９－１", "緯度": 36.606995, "経度": 139.858037, "url": "https://www.iryou.teikyouseido.mhlw.go.jp/znk-web/juminkanja/S2430/initialize?prefCd=09&kikanCd=22092000480&kikanKbn=2", "url2": "https://www.toho489.com/ichie/login.asp", "内容": "いちえ眼科クリニック【2:診療所】【診療科目:0】栃木県宇都宮市野沢町５９－１" }, "geometry": { "type": "Point", "coordinates": [ 139.858037, 36.606995 ] } },
{ "type": "Feature", "properties": { "ID": 922092000481, "正式名称": "もちづき女性クリニック", "機関区分": 2, "都道府県コード": 9, "市区町村コード": 201, "所在地": "栃木県宇都宮市双葉１－２－１　陽南ビル１階", "緯度": 36.528107, "経度": 139.862792, "url": "https://www.iryou.teikyouseido.mhlw.go.jp/znk-web/juminkanja/S2430/initialize?prefCd=09&kikanCd=22092000481&kikanKbn=2", "url2": "mjcl.jp", "内容": "もちづき女性クリニック【2:診療所】【診療科目:0】栃木県宇都宮市双葉１－２－１　陽南ビル１階" }, "geometry": { "type": "Point", "coordinates": [ 139.862792, 36.528107 ] } },
{ "type": "Feature", "properties": { "ID": 922092000483, "正式名称": "いちだクリニック", "機関区分": 2, "都道府県コード": 9, "市区町村コード": 205, "所在地": "栃木県鹿沼市磯町３－２", "緯度": 36.498534, "経度": 139.753564, "url": "https://www.iryou.teikyouseido.mhlw.go.jp/znk-web/juminkanja/S2430/initialize?prefCd=09&kikanCd=22092000483&kikanKbn=2", "url2": "http://ichidaclinic.com/", "内容": "いちだクリニック【2:診療所】【診療科目:0】栃木県鹿沼市磯町３－２" }, "geometry": { "type": "Point", "coordinates": [ 139.753564, 36.498534 ] } },
{ "type": "Feature", "properties": { "ID": 922092000484, "正式名称": "養護老人ホーム喜重苑　医務室", "機関区分": 2, "都道府県コード": 9, "市区町村コード": 202, "所在地": "栃木県足利市今福町３９７－１", "緯度": 36.339548, "経度": 139.430762, "url": "https://www.iryou.teikyouseido.mhlw.go.jp/znk-web/juminkanja/S2430/initialize?prefCd=09&kikanCd=22092000484&kikanKbn=2", "url2": "http://seimeien.or.jp", "内容": "養護老人ホーム喜重苑　医務室【2:診療所】【診療科目:0】栃木県足利市今福町３９７－１" }, "geometry": { "type": "Point", "coordinates": [ 139.430762, 36.339548 ] } },
{ "type": "Feature", "properties": { "ID": 922092000486, "正式名称": "特別養護老人ホーム而今桜医務室", "機関区分": 2, "都道府県コード": 9, "市区町村コード": 214, "所在地": "栃木県さくら市喜連川８０７－４", "緯度": 36.722893, "経度": 140.030772, "url": "https://www.iryou.teikyouseido.mhlw.go.jp/znk-web/juminkanja/S2430/initialize?prefCd=09&kikanCd=22092000486&kikanKbn=2", "url2": "http://www.hoaikai.or.jp", "内容": "特別養護老人ホーム而今桜医務室【2:診療所】【診療科目:0】栃木県さくら市喜連川８０７－４" }, "geometry": { "type": "Point", "coordinates": [ 140.030772, 36.722893 ] } },
{ "type": "Feature", "properties": { "ID": 922092000487, "正式名称": "特別養護老人ホームこぶしの丘医務室", "機関区分": 2, "都道府県コード": 9, "市区町村コード": 215, "所在地": "栃木県那須烏山市向田２１８７", "緯度": 36.623328, "経度": 140.145705, "url": "https://www.iryou.teikyouseido.mhlw.go.jp/znk-web/juminkanja/S2430/initialize?prefCd=09&kikanCd=22092000487&kikanKbn=2", "url2": null, "内容": "特別養護老人ホームこぶしの丘医務室【2:診療所】【診療科目:0】栃木県那須烏山市向田２１８７" }, "geometry": { "type": "Point", "coordinates": [ 140.145705, 36.623328 ] } },
{ "type": "Feature", "properties": { "ID": 922092000488, "正式名称": "さつきホームクリニック", "機関区分": 2, "都道府県コード": 9, "市区町村コード": 201, "所在地": "栃木県宇都宮市花園町１７ー１", "緯度": 36.54966, "経度": 139.873138, "url": "https://www.iryou.teikyouseido.mhlw.go.jp/znk-web/juminkanja/S2430/initialize?prefCd=09&kikanCd=22092000488&kikanKbn=2", "url2": "http://www.satsuki-hc.com/", "内容": "さつきホームクリニック【2:診療所】【診療科目:0】栃木県宇都宮市花園町１７ー１" }, "geometry": { "type": "Point", "coordinates": [ 139.873138, 36.54966 ] } },
{ "type": "Feature", "properties": { "ID": 922092000489, "正式名称": "医療法人永福会　永田眼科クリニック", "機関区分": 2, "都道府県コード": 9, "市区町村コード": 201, "所在地": "栃木県宇都宮市御幸ケ原町７７－６", "緯度": 36.591017, "経度": 139.923762, "url": "https://www.iryou.teikyouseido.mhlw.go.jp/znk-web/juminkanja/S2430/initialize?prefCd=09&kikanCd=22092000489&kikanKbn=2", "url2": "http://nagata-eye.net", "内容": "医療法人永福会　永田眼科クリニック【2:診療所】【診療科目:0】栃木県宇都宮市御幸ケ原町７７－６" }, "geometry": { "type": "Point", "coordinates": [ 139.923762, 36.591017 ] } },
{ "type": "Feature", "properties": { "ID": 922092000490, "正式名称": "医療法人高野クリニック", "機関区分": 2, "都道府県コード": 9, "市区町村コード": 201, "所在地": "栃木県宇都宮市中岡本町３４１０ー５", "緯度": 36.61303, "経度": 139.937626, "url": "https://www.iryou.teikyouseido.mhlw.go.jp/znk-web/juminkanja/S2430/initialize?prefCd=09&kikanCd=22092000490&kikanKbn=2", "url2": "http://www.konoclinic.jp", "内容": "医療法人高野クリニック【2:診療所】【診療科目:0】栃木県宇都宮市中岡本町３４１０ー５" }, "geometry": { "type": "Point", "coordinates": [ 139.937626, 36.61303 ] } },
{ "type": "Feature", "properties": { "ID": 922092000493, "正式名称": "医療法人社団　よつばハートクリニック", "機関区分": 2, "都道府県コード": 9, "市区町村コード": 201, "所在地": "栃木県宇都宮市竹林町９８０－１", "緯度": 36.57595, "経度": 139.895538, "url": "https://www.iryou.teikyouseido.mhlw.go.jp/znk-web/juminkanja/S2430/initialize?prefCd=09&kikanCd=22092000493&kikanKbn=2", "url2": "http://www.yotsubaheart.com", "内容": "医療法人社団　よつばハートクリニック【2:診療所】【診療科目:0】栃木県宇都宮市竹林町９８０－１" }, "geometry": { "type": "Point", "coordinates": [ 139.895538, 36.57595 ] } },
{ "type": "Feature", "properties": { "ID": 922092000494, "正式名称": "尾形クリニック那須", "機関区分": 2, "都道府県コード": 9, "市区町村コード": 213, "所在地": "栃木県那須塩原市沓掛２－１０－３", "緯度": 36.935017, "経度": 140.020363, "url": "https://www.iryou.teikyouseido.mhlw.go.jp/znk-web/juminkanja/S2430/initialize?prefCd=09&kikanCd=22092000494&kikanKbn=2", "url2": "https://www.ogata-cl-nasu.com/", "内容": "尾形クリニック那須【2:診療所】【診療科目:0】栃木県那須塩原市沓掛２－１０－３" }, "geometry": { "type": "Point", "coordinates": [ 140.020363, 36.935017 ] } },
{ "type": "Feature", "properties": { "ID": 922092000495, "正式名称": "いかるぎ町内科クリニック", "機関区分": 2, "都道府県コード": 9, "市区町村コード": 202, "所在地": "栃木県足利市鵤木町３－１", "緯度": 36.316795, "経度": 139.498258, "url": "https://www.iryou.teikyouseido.mhlw.go.jp/znk-web/juminkanja/S2430/initialize?prefCd=09&kikanCd=22092000495&kikanKbn=2", "url2": "http://ikarugicho.clinic/", "内容": "いかるぎ町内科クリニック【2:診療所】【診療科目:0】栃木県足利市鵤木町３－１" }, "geometry": { "type": "Point", "coordinates": [ 139.498258, 36.316795 ] } },
{ "type": "Feature", "properties": { "ID": 922092000496, "正式名称": "クリニック美渉", "機関区分": 2, "都道府県コード": 9, "市区町村コード": 201, "所在地": "栃木県宇都宮市砥上町", "緯度": 36.544174, "経度": 139.84531, "url": "https://www.iryou.teikyouseido.mhlw.go.jp/znk-web/juminkanja/S2430/initialize?prefCd=09&kikanCd=22092000496&kikanKbn=2", "url2": null, "内容": "クリニック美渉【2:診療所】【診療科目:0】栃木県宇都宮市砥上町" }, "geometry": { "type": "Point", "coordinates": [ 139.84531, 36.544174 ] } },
{ "type": "Feature", "properties": { "ID": 922092000497, "正式名称": "湘南美容クリニック宇都宮院", "機関区分": 2, "都道府県コード": 9, "市区町村コード": 201, "所在地": "栃木県宇都宮市東宿郷２－４－３　宇都宮大塚ビル３階", "緯度": 36.55813, "経度": 139.901472, "url": "https://www.iryou.teikyouseido.mhlw.go.jp/znk-web/juminkanja/S2430/initialize?prefCd=09&kikanCd=22092000497&kikanKbn=2", "url2": "https://www.s-b-c.net/clinic/branch/utsunomiya/", "内容": "湘南美容クリニック宇都宮院【2:診療所】【診療科目:0】栃木県宇都宮市東宿郷２－４－３　宇都宮大塚ビル３階" }, "geometry": { "type": "Point", "coordinates": [ 139.901472, 36.55813 ] } },
{ "type": "Feature", "properties": { "ID": 922092000498, "正式名称": "医療法人社団翠光会　インターパーク小児科眼科", "機関区分": 2, "都道府県コード": 9, "市区町村コード": 201, "所在地": "栃木県宇都宮市インターパーク４－１－３　インターパークショッピングビレッジＦ－０４", "緯度": 36.494598, "経度": 139.906988, "url": "https://www.iryou.teikyouseido.mhlw.go.jp/znk-web/juminkanja/S2430/initialize?prefCd=09&kikanCd=22092000498&kikanKbn=2", "url2": "https://utsunomiya-interpark-medicalclinic.com/", "内容": "医療法人社団翠光会　インターパーク小児科眼科【2:診療所】【診療科目:0】栃木県宇都宮市インターパーク４－１－３　インターパークショッピングビレッジＦ－０４" }, "geometry": { "type": "Point", "coordinates": [ 139.906988, 36.494598 ] } },
{ "type": "Feature", "properties": { "ID": 922092000500, "正式名称": "ほり眼科クリニック", "機関区分": 2, "都道府県コード": 9, "市区町村コード": 201, "所在地": "栃木県宇都宮市岩曽町宇都宮市岩曽町８４１", "緯度": 36.585762, "経度": 139.902029, "url": "https://www.iryou.teikyouseido.mhlw.go.jp/znk-web/juminkanja/S2430/initialize?prefCd=09&kikanCd=22092000500&kikanKbn=2", "url2": "http://hori-eye.com", "内容": "ほり眼科クリニック【2:診療所】【診療科目:0】栃木県宇都宮市岩曽町宇都宮市岩曽町８４１" }, "geometry": { "type": "Point", "coordinates": [ 139.902029, 36.585762 ] } },
{ "type": "Feature", "properties": { "ID": 922092000501, "正式名称": "関澤内科クリニック", "機関区分": 2, "都道府県コード": 9, "市区町村コード": 344, "所在地": "栃木県芳賀郡市貝町文谷３３３", "緯度": 36.563001, "経度": 140.101448, "url": "https://www.iryou.teikyouseido.mhlw.go.jp/znk-web/juminkanja/S2430/initialize?prefCd=09&kikanCd=22092000501&kikanKbn=2", "url2": "http://sekizawa-naika.com/", "内容": "関澤内科クリニック【2:診療所】【診療科目:0】栃木県芳賀郡市貝町文谷３３３" }, "geometry": { "type": "Point", "coordinates": [ 140.101448, 36.563001 ] } },
{ "type": "Feature", "properties": { "ID": 922092000502, "正式名称": "おだ内科クリニック", "機関区分": 2, "都道府県コード": 9, "市区町村コード": 208, "所在地": "栃木県小山市羽川５２４－４", "緯度": 36.366984, "経度": 139.836571, "url": "https://www.iryou.teikyouseido.mhlw.go.jp/znk-web/juminkanja/S2430/initialize?prefCd=09&kikanCd=22092000502&kikanKbn=2", "url2": "http://www.oda-heart.jp/", "内容": "おだ内科クリニック【2:診療所】【診療科目:0】栃木県小山市羽川５２４－４" }, "geometry": { "type": "Point", "coordinates": [ 139.836571, 36.366984 ] } },
{ "type": "Feature", "properties": { "ID": 922092000503, "正式名称": "古川麻酔科クリニック", "機関区分": 2, "都道府県コード": 9, "市区町村コード": 361, "所在地": "栃木県下都賀郡壬生町幸町３－３２－２", "緯度": 36.467671, "経度": 139.832817, "url": "https://www.iryou.teikyouseido.mhlw.go.jp/znk-web/juminkanja/S2430/initialize?prefCd=09&kikanCd=22092000503&kikanKbn=2", "url2": null, "内容": "古川麻酔科クリニック【2:診療所】【診療科目:0】栃木県下都賀郡壬生町幸町３－３２－２" }, "geometry": { "type": "Point", "coordinates": [ 139.832817, 36.467671 ] } },
{ "type": "Feature", "properties": { "ID": 922092000507, "正式名称": "大平眼科", "機関区分": 2, "都道府県コード": 9, "市区町村コード": 203, "所在地": "栃木県栃木市大平町富田３７１－２５", "緯度": 36.33798, "経度": 139.697486, "url": "https://www.iryou.teikyouseido.mhlw.go.jp/znk-web/juminkanja/S2430/initialize?prefCd=09&kikanCd=22092000507&kikanKbn=2", "url2": "http://ohira-ganka.com/", "内容": "大平眼科【2:診療所】【診療科目:0】栃木県栃木市大平町富田３７１－２５" }, "geometry": { "type": "Point", "coordinates": [ 139.697486, 36.33798 ] } },
{ "type": "Feature", "properties": { "ID": 922092000508, "正式名称": "川田耳鼻咽喉科クリニック", "機関区分": 2, "都道府県コード": 9, "市区町村コード": 208, "所在地": "栃木県小山市東城南４ー６ー４", "緯度": 36.294228, "経度": 139.811218, "url": "https://www.iryou.teikyouseido.mhlw.go.jp/znk-web/juminkanja/S2430/initialize?prefCd=09&kikanCd=22092000508&kikanKbn=2", "url2": "https://www.kawada-clinic.net/", "内容": "川田耳鼻咽喉科クリニック【2:診療所】【診療科目:0】栃木県小山市東城南４ー６ー４" }, "geometry": { "type": "Point", "coordinates": [ 139.811218, 36.294228 ] } },
{ "type": "Feature", "properties": { "ID": 922092000509, "正式名称": "在宅ほすぴす", "機関区分": 2, "都道府県コード": 9, "市区町村コード": 386, "所在地": "栃木県塩谷郡高根沢町宝積寺１１０５－３　花舎　Ｌ棟", "緯度": 36.630295, "経度": 139.974459, "url": "https://www.iryou.teikyouseido.mhlw.go.jp/znk-web/juminkanja/S2430/initialize?prefCd=09&kikanCd=22092000509&kikanKbn=2", "url2": "http://www.zaitakuhospice.com/page1", "内容": "在宅ほすぴす【2:診療所】【診療科目:0】栃木県塩谷郡高根沢町宝積寺１１０５－３　花舎　Ｌ棟" }, "geometry": { "type": "Point", "coordinates": [ 139.974459, 36.630295 ] } },
{ "type": "Feature", "properties": { "ID": 922092000510, "正式名称": "山川ゆい診療所", "機関区分": 2, "都道府県コード": 9, "市区町村コード": 202, "所在地": "栃木県足利市山川町８８－７", "緯度": 36.318425, "経度": 139.480343, "url": "https://www.iryou.teikyouseido.mhlw.go.jp/znk-web/juminkanja/S2430/initialize?prefCd=09&kikanCd=22092000510&kikanKbn=2", "url2": "https://yui-y.com/", "内容": "山川ゆい診療所【2:診療所】【診療科目:0】栃木県足利市山川町８８－７" }, "geometry": { "type": "Point", "coordinates": [ 139.480343, 36.318425 ] } },
{ "type": "Feature", "properties": { "ID": 922092000511, "正式名称": "ノアＡＧＡクリニック宇都宮院", "機関区分": 2, "都道府県コード": 9, "市区町村コード": 201, "所在地": "栃木県宇都宮市駅前通り３－３－２　いずみビル３階", "緯度": 36.558538, "経度": 139.897541, "url": "https://www.iryou.teikyouseido.mhlw.go.jp/znk-web/juminkanja/S2430/initialize?prefCd=09&kikanCd=22092000511&kikanKbn=2", "url2": "http://noa-aga.com", "内容": "ノアＡＧＡクリニック宇都宮院【2:診療所】【診療科目:0】栃木県宇都宮市駅前通り３－３－２　いずみビル３階" }, "geometry": { "type": "Point", "coordinates": [ 139.897541, 36.558538 ] } },
{ "type": "Feature", "properties": { "ID": 922092000513, "正式名称": "小菅胃腸外科クリニック", "機関区分": 2, "都道府県コード": 9, "市区町村コード": 209, "所在地": "栃木県真岡市熊倉３－２１－３", "緯度": 36.440801, "経度": 139.991624, "url": "https://www.iryou.teikyouseido.mhlw.go.jp/znk-web/juminkanja/S2430/initialize?prefCd=09&kikanCd=22092000513&kikanKbn=2", "url2": "https://kosugeclinic201705.wixsite.com/general-surgery", "内容": "小菅胃腸外科クリニック【2:診療所】【診療科目:0】栃木県真岡市熊倉３－２１－３" }, "geometry": { "type": "Point", "coordinates": [ 139.991624, 36.440801 ] } },
{ "type": "Feature", "properties": { "ID": 922092000514, "正式名称": "あかりこどもクリニック", "機関区分": 2, "都道府県コード": 9, "市区町村コード": 361, "所在地": "栃木県下都賀郡壬生町大師町３８－４", "緯度": 36.431896, "経度": 139.802337, "url": "https://www.iryou.teikyouseido.mhlw.go.jp/znk-web/juminkanja/S2430/initialize?prefCd=09&kikanCd=22092000514&kikanKbn=2", "url2": "http://akari-kodomo.com", "内容": "あかりこどもクリニック【2:診療所】【診療科目:0】栃木県下都賀郡壬生町大師町３８－４" }, "geometry": { "type": "Point", "coordinates": [ 139.802337, 36.431896 ] } },
{ "type": "Feature", "properties": { "ID": 922092000516, "正式名称": "地域密着型特別養護老人ホーム義明苑ふくとみ　医務室", "機関区分": 2, "都道府県コード": 9, "市区町村コード": 202, "所在地": "栃木県足利市福富町１６８８", "緯度": 36.313705, "経度": 139.470744, "url": "https://www.iryou.teikyouseido.mhlw.go.jp/znk-web/juminkanja/S2430/initialize?prefCd=09&kikanCd=22092000516&kikanKbn=2", "url2": "http://www.mimeikai.com/", "内容": "地域密着型特別養護老人ホーム義明苑ふくとみ　医務室【2:診療所】【診療科目:0】栃木県足利市福富町１６８８" }, "geometry": { "type": "Point", "coordinates": [ 139.470744, 36.313705 ] } },
{ "type": "Feature", "properties": { "ID": 922092000517, "正式名称": "特別養護老人ホームいきいき萌丘東ノ郷医務室", "機関区分": 2, "都道府県コード": 9, "市区町村コード": 209, "所在地": "栃木県真岡市東郷４５７－１", "緯度": 36.445899, "経度": 140.027317, "url": "https://www.iryou.teikyouseido.mhlw.go.jp/znk-web/juminkanja/S2430/initialize?prefCd=09&kikanCd=22092000517&kikanKbn=2", "url2": null, "内容": "特別養護老人ホームいきいき萌丘東ノ郷医務室【2:診療所】【診療科目:0】栃木県真岡市東郷４５７－１" }, "geometry": { "type": "Point", "coordinates": [ 140.027317, 36.445899 ] } },
{ "type": "Feature", "properties": { "ID": 922092000519, "正式名称": "医療法人社団さくら慈愛会　宇都宮さくらみらい眼科", "機関区分": 2, "都道府県コード": 9, "市区町村コード": 201, "所在地": "栃木県宇都宮市駅前通り", "緯度": 36.560897, "経度": 139.897296, "url": "https://www.iryou.teikyouseido.mhlw.go.jp/znk-web/juminkanja/S2430/initialize?prefCd=09&kikanCd=22092000519&kikanKbn=2", "url2": "http://sakura-mirai.jp/", "内容": "医療法人社団さくら慈愛会　宇都宮さくらみらい眼科【2:診療所】【診療科目:0】栃木県宇都宮市駅前通り" }, "geometry": { "type": "Point", "coordinates": [ 139.897296, 36.560897 ] } },
{ "type": "Feature", "properties": { "ID": 922092000520, "正式名称": "特別養護老人ホームさかた園", "機関区分": 2, "都道府県コード": 9, "市区町村コード": 205, "所在地": "栃木県鹿沼市日吉町", "緯度": 36.567913, "経度": 139.734175, "url": "https://www.iryou.teikyouseido.mhlw.go.jp/znk-web/juminkanja/S2430/initialize?prefCd=09&kikanCd=22092000520&kikanKbn=2", "url2": "http://nikko-fukueikai.or.jp", "内容": "特別養護老人ホームさかた園【2:診療所】【診療科目:0】栃木県鹿沼市日吉町" }, "geometry": { "type": "Point", "coordinates": [ 139.734175, 36.567913 ] } },
{ "type": "Feature", "properties": { "ID": 922092000522, "正式名称": "東日本病理診断科医院", "機関区分": 2, "都道府県コード": 9, "市区町村コード": 216, "所在地": "栃木県下野市医大前三丁目７番地１５", "緯度": 36.39573, "経度": 139.856518, "url": "https://www.iryou.teikyouseido.mhlw.go.jp/znk-web/juminkanja/S2430/initialize?prefCd=09&kikanCd=22092000522&kikanKbn=2", "url2": null, "内容": "東日本病理診断科医院【2:診療所】【診療科目:0】栃木県下野市医大前三丁目７番地１５" }, "geometry": { "type": "Point", "coordinates": [ 139.856518, 36.39573 ] } },
{ "type": "Feature", "properties": { "ID": 922092000523, "正式名称": "医療法人社団誠徳会　わたらせ在宅診療所", "機関区分": 2, "都道府県コード": 9, "市区町村コード": 203, "所在地": "栃木県栃木市藤岡町帯刀", "緯度": 36.261234, "経度": 139.695206, "url": "https://www.iryou.teikyouseido.mhlw.go.jp/znk-web/juminkanja/S2430/initialize?prefCd=09&kikanCd=22092000523&kikanKbn=2", "url2": null, "内容": "医療法人社団誠徳会　わたらせ在宅診療所【2:診療所】【診療科目:0】栃木県栃木市藤岡町帯刀" }, "geometry": { "type": "Point", "coordinates": [ 139.695206, 36.261234 ] } },
{ "type": "Feature", "properties": { "ID": 922092000524, "正式名称": "ふじた糖尿病内分泌内科クリニック", "機関区分": 2, "都道府県コード": 9, "市区町村コード": 201, "所在地": "栃木県宇都宮市錦１丁目５６５－１", "緯度": 36.569894, "経度": 139.894585, "url": "https://www.iryou.teikyouseido.mhlw.go.jp/znk-web/juminkanja/S2430/initialize?prefCd=09&kikanCd=22092000524&kikanKbn=2", "url2": "http://fujita-dm.com/", "内容": "ふじた糖尿病内分泌内科クリニック【2:診療所】【診療科目:0】栃木県宇都宮市錦１丁目５６５－１" }, "geometry": { "type": "Point", "coordinates": [ 139.894585, 36.569894 ] } },
{ "type": "Feature", "properties": { "ID": 922092000525, "正式名称": "ファナック株式会社壬生工場健康管理室", "機関区分": 2, "都道府県コード": 9, "市区町村コード": 361, "所在地": "栃木県下都賀郡壬生町羽生田３１０１", "緯度": 36.483974, "経度": 139.788984, "url": "https://www.iryou.teikyouseido.mhlw.go.jp/znk-web/juminkanja/S2430/initialize?prefCd=09&kikanCd=22092000525&kikanKbn=2", "url2": null, "内容": "ファナック株式会社壬生工場健康管理室【2:診療所】【診療科目:0】栃木県下都賀郡壬生町羽生田３１０１" }, "geometry": { "type": "Point", "coordinates": [ 139.788984, 36.483974 ] } },
{ "type": "Feature", "properties": { "ID": 922092000527, "正式名称": "地域密着型特別養護老人ホームなつぼ", "機関区分": 2, "都道府県コード": 9, "市区町村コード": 201, "所在地": "栃木県宇都宮市中岡本町３７２０－６７", "緯度": 36.608772, "経度": 139.933688, "url": "https://www.iryou.teikyouseido.mhlw.go.jp/znk-web/juminkanja/S2430/initialize?prefCd=09&kikanCd=22092000527&kikanKbn=2", "url2": null, "内容": "地域密着型特別養護老人ホームなつぼ【2:診療所】【診療科目:0】栃木県宇都宮市中岡本町３７２０－６７" }, "geometry": { "type": "Point", "coordinates": [ 139.933688, 36.608772 ] } },
{ "type": "Feature", "properties": { "ID": 922092000529, "正式名称": "今泉メディカルクリニック", "機関区分": 2, "都道府県コード": 9, "市区町村コード": 201, "所在地": "栃木県宇都宮市中今泉５－２９－３０", "緯度": 36.569224, "経度": 139.914203, "url": "https://www.iryou.teikyouseido.mhlw.go.jp/znk-web/juminkanja/S2430/initialize?prefCd=09&kikanCd=22092000529&kikanKbn=2", "url2": "http://imaizumi-medical.jp", "内容": "今泉メディカルクリニック【2:診療所】【診療科目:0】栃木県宇都宮市中今泉５－２９－３０" }, "geometry": { "type": "Point", "coordinates": [ 139.914203, 36.569224 ] } },
{ "type": "Feature", "properties": { "ID": 922092000530, "正式名称": "こもれび心の診療所", "機関区分": 2, "都道府県コード": 9, "市区町村コード": 208, "所在地": "栃木県小山市中央町３－７－１　ロブレ７階", "緯度": 36.312588, "経度": 139.805266, "url": "https://www.iryou.teikyouseido.mhlw.go.jp/znk-web/juminkanja/S2430/initialize?prefCd=09&kikanCd=22092000530&kikanKbn=2", "url2": "http://komorebi-clinic.jp/", "内容": "こもれび心の診療所【2:診療所】【診療科目:0】栃木県小山市中央町３－７－１　ロブレ７階" }, "geometry": { "type": "Point", "coordinates": [ 139.805266, 36.312588 ] } },
{ "type": "Feature", "properties": { "ID": 922092000531, "正式名称": "特別養護老人ホーム　常若の杜みながわ　医務室", "機関区分": 2, "都道府県コード": 9, "市区町村コード": 203, "所在地": "栃木県栃木市皆川城内町１７７１－１", "緯度": 36.391817, "経度": 139.682444, "url": "https://www.iryou.teikyouseido.mhlw.go.jp/znk-web/juminkanja/S2430/initialize?prefCd=09&kikanCd=22092000531&kikanKbn=2", "url2": null, "内容": "特別養護老人ホーム　常若の杜みながわ　医務室【2:診療所】【診療科目:0】栃木県栃木市皆川城内町１７７１－１" }, "geometry": { "type": "Point", "coordinates": [ 139.682444, 36.391817 ] } },
{ "type": "Feature", "properties": { "ID": 922092000532, "正式名称": "すずきクリニック", "機関区分": 2, "都道府県コード": 9, "市区町村コード": 203, "所在地": "栃木県栃木市沼和田町１０－１２", "緯度": 36.370526, "経度": 139.728712, "url": "https://www.iryou.teikyouseido.mhlw.go.jp/znk-web/juminkanja/S2430/initialize?prefCd=09&kikanCd=22092000532&kikanKbn=2", "url2": "https://suzukicl.net", "内容": "すずきクリニック【2:診療所】【診療科目:0】栃木県栃木市沼和田町１０－１２" }, "geometry": { "type": "Point", "coordinates": [ 139.728712, 36.370526 ] } },
{ "type": "Feature", "properties": { "ID": 922092000533, "正式名称": "いわい町クリニック", "機関区分": 2, "都道府県コード": 9, "市区町村コード": 203, "所在地": "栃木県栃木市祝町４－３０", "緯度": 36.378769, "経度": 139.72562, "url": "https://www.iryou.teikyouseido.mhlw.go.jp/znk-web/juminkanja/S2430/initialize?prefCd=09&kikanCd=22092000533&kikanKbn=2", "url2": "https://iwaicho-clinic.com", "内容": "いわい町クリニック【2:診療所】【診療科目:0】栃木県栃木市祝町４－３０" }, "geometry": { "type": "Point", "coordinates": [ 139.72562, 36.378769 ] } },
{ "type": "Feature", "properties": { "ID": 922092000534, "正式名称": "トマト内科糖尿病高血圧甲状腺クリニック", "機関区分": 2, "都道府県コード": 9, "市区町村コード": 201, "所在地": "栃木県宇都宮市西川田町８５１－２", "緯度": 36.535439, "経度": 139.851265, "url": "https://www.iryou.teikyouseido.mhlw.go.jp/znk-web/juminkanja/S2430/initialize?prefCd=09&kikanCd=22092000534&kikanKbn=2", "url2": "https://tomatoclinic.jimdo.com/", "内容": "トマト内科糖尿病高血圧甲状腺クリニック【2:診療所】【診療科目:0】栃木県宇都宮市西川田町８５１－２" }, "geometry": { "type": "Point", "coordinates": [ 139.851265, 36.535439 ] } },
{ "type": "Feature", "properties": { "ID": 922092000536, "正式名称": "いぬづか眼科", "機関区分": 2, "都道府県コード": 9, "市区町村コード": 208, "所在地": "栃木県小山市犬塚８ー１０ー２０", "緯度": 36.301058, "経度": 139.831853, "url": "https://www.iryou.teikyouseido.mhlw.go.jp/znk-web/juminkanja/S2430/initialize?prefCd=09&kikanCd=22092000536&kikanKbn=2", "url2": "http://www.inuzuka-ganka.com/", "内容": "いぬづか眼科【2:診療所】【診療科目:0】栃木県小山市犬塚８ー１０ー２０" }, "geometry": { "type": "Point", "coordinates": [ 139.831853, 36.301058 ] } },
{ "type": "Feature", "properties": { "ID": 922092000538, "正式名称": "清原台こどもクリニック", "機関区分": 2, "都道府県コード": 9, "市区町村コード": 201, "所在地": "栃木県宇都宮市清原台２－４－１４", "緯度": 36.560575, "経度": 139.98981, "url": "https://www.iryou.teikyouseido.mhlw.go.jp/znk-web/juminkanja/S2430/initialize?prefCd=09&kikanCd=22092000538&kikanKbn=2", "url2": "http://www.kiyoharadai-clinic.com", "内容": "清原台こどもクリニック【2:診療所】【診療科目:0】栃木県宇都宮市清原台２－４－１４" }, "geometry": { "type": "Point", "coordinates": [ 139.98981, 36.560575 ] } },
{ "type": "Feature", "properties": { "ID": 922092000539, "正式名称": "医療法人社団こいし会　こんのクリニック", "機関区分": 2, "都道府県コード": 9, "市区町村コード": 202, "所在地": "栃木県足利市福居町５０６", "緯度": 36.307416, "経度": 139.449259, "url": "https://www.iryou.teikyouseido.mhlw.go.jp/znk-web/juminkanja/S2430/initialize?prefCd=09&kikanCd=22092000539&kikanKbn=2", "url2": "https://www.konnoclinic.com", "内容": "医療法人社団こいし会　こんのクリニック【2:診療所】【診療科目:0】栃木県足利市福居町５０６" }, "geometry": { "type": "Point", "coordinates": [ 139.449259, 36.307416 ] } },
{ "type": "Feature", "properties": { "ID": 922092000541, "正式名称": "ぶんかばしファミリークリニック", "機関区分": 2, "都道府県コード": 9, "市区町村コード": 205, "所在地": "栃木県鹿沼市文化橋町２３００－１", "緯度": 36.570296, "経度": 139.750839, "url": "https://www.iryou.teikyouseido.mhlw.go.jp/znk-web/juminkanja/S2430/initialize?prefCd=09&kikanCd=22092000541&kikanKbn=2", "url2": "http://bunkabashi.jp", "内容": "ぶんかばしファミリークリニック【2:診療所】【診療科目:0】栃木県鹿沼市文化橋町２３００－１" }, "geometry": { "type": "Point", "coordinates": [ 139.750839, 36.570296 ] } },
{ "type": "Feature", "properties": { "ID": 922092000542, "正式名称": "乾林堂医院", "機関区分": 2, "都道府県コード": 9, "市区町村コード": 201, "所在地": "栃木県宇都宮市石井町", "緯度": 36.532944, "経度": 139.943452, "url": "https://www.iryou.teikyouseido.mhlw.go.jp/znk-web/juminkanja/S2430/initialize?prefCd=09&kikanCd=22092000542&kikanKbn=2", "url2": "http://www.kanrindoiin.com", "内容": "乾林堂医院【2:診療所】【診療科目:0】栃木県宇都宮市石井町" }, "geometry": { "type": "Point", "coordinates": [ 139.943452, 36.532944 ] } },
{ "type": "Feature", "properties": { "ID": 922092000546, "正式名称": "かみやま子どもと親のクリニック", "機関区分": 2, "都道府県コード": 9, "市区町村コード": 201, "所在地": "栃木県宇都宮市鶴田町１５０６－５", "緯度": 36.547746, "経度": 139.848384, "url": "https://www.iryou.teikyouseido.mhlw.go.jp/znk-web/juminkanja/S2430/initialize?prefCd=09&kikanCd=22092000546&kikanKbn=2", "url2": "https://kamiyama-clinic.net", "内容": "かみやま子どもと親のクリニック【2:診療所】【診療科目:0】栃木県宇都宮市鶴田町１５０６－５" }, "geometry": { "type": "Point", "coordinates": [ 139.848384, 36.547746 ] } },
{ "type": "Feature", "properties": { "ID": 922092000547, "正式名称": "ＥＭＩ　ＣＬＩＮＩＣ", "機関区分": 2, "都道府県コード": 9, "市区町村コード": 201, "所在地": "栃木県宇都宮市鶴田３－８－１０", "緯度": 36.562577, "経度": 139.850003, "url": "https://www.iryou.teikyouseido.mhlw.go.jp/znk-web/juminkanja/S2430/initialize?prefCd=09&kikanCd=22092000547&kikanKbn=2", "url2": null, "内容": "ＥＭＩ　ＣＬＩＮＩＣ【2:診療所】【診療科目:0】栃木県宇都宮市鶴田３－８－１０" }, "geometry": { "type": "Point", "coordinates": [ 139.850003, 36.562577 ] } },
{ "type": "Feature", "properties": { "ID": 922092000548, "正式名称": "ＲＩＥクリニック", "機関区分": 2, "都道府県コード": 9, "市区町村コード": 201, "所在地": "栃木県宇都宮市鶴田３－８－１０", "緯度": 36.562577, "経度": 139.850003, "url": "https://www.iryou.teikyouseido.mhlw.go.jp/znk-web/juminkanja/S2430/initialize?prefCd=09&kikanCd=22092000548&kikanKbn=2", "url2": "https://rie-clinic.com/", "内容": "ＲＩＥクリニック【2:診療所】【診療科目:0】栃木県宇都宮市鶴田３－８－１０" }, "geometry": { "type": "Point", "coordinates": [ 139.850003, 36.562577 ] } },
{ "type": "Feature", "properties": { "ID": 922092000549, "正式名称": "わたなべメディカルクリニック", "機関区分": 2, "都道府県コード": 9, "市区町村コード": 201, "所在地": "栃木県宇都宮市大谷町１３０８－１", "緯度": 36.591585, "経度": 139.820651, "url": "https://www.iryou.teikyouseido.mhlw.go.jp/znk-web/juminkanja/S2430/initialize?prefCd=09&kikanCd=22092000549&kikanKbn=2", "url2": "https://www.watanabe-ooya-clinic.com/", "内容": "わたなべメディカルクリニック【2:診療所】【診療科目:0】栃木県宇都宮市大谷町１３０８－１" }, "geometry": { "type": "Point", "coordinates": [ 139.820651, 36.591585 ] } },
{ "type": "Feature", "properties": { "ID": 922092000550, "正式名称": "いしかわクリニック", "機関区分": 2, "都道府県コード": 9, "市区町村コード": 201, "所在地": "栃木県宇都宮市東原町１０－７", "緯度": 36.527782, "経度": 139.856465, "url": "https://www.iryou.teikyouseido.mhlw.go.jp/znk-web/juminkanja/S2430/initialize?prefCd=09&kikanCd=22092000550&kikanKbn=2", "url2": "http://ishikawa-clinic.info/", "内容": "いしかわクリニック【2:診療所】【診療科目:0】栃木県宇都宮市東原町１０－７" }, "geometry": { "type": "Point", "coordinates": [ 139.856465, 36.527782 ] } },
{ "type": "Feature", "properties": { "ID": 922092000551, "正式名称": "地域密着型特別養護老人ホームチェルシー", "機関区分": 2, "都道府県コード": 9, "市区町村コード": 205, "所在地": "栃木県鹿沼市上野町２７３番地１", "緯度": 36.568109, "経度": 139.766213, "url": "https://www.iryou.teikyouseido.mhlw.go.jp/znk-web/juminkanja/S2430/initialize?prefCd=09&kikanCd=22092000551&kikanKbn=2", "url2": "http://www.you-ando-i-kanuma.jp/", "内容": "地域密着型特別養護老人ホームチェルシー【2:診療所】【診療科目:0】栃木県鹿沼市上野町２７３番地１" }, "geometry": { "type": "Point", "coordinates": [ 139.766213, 36.568109 ] } },
{ "type": "Feature", "properties": { "ID": 922092000552, "正式名称": "特別養護老人ホーム　すかいの郷診療所", "機関区分": 2, "都道府県コード": 9, "市区町村コード": 206, "所在地": "栃木県日光市倉ケ崎新田１４３番地１", "緯度": 36.736989, "経度": 139.701683, "url": "https://www.iryou.teikyouseido.mhlw.go.jp/znk-web/juminkanja/S2430/initialize?prefCd=09&kikanCd=22092000552&kikanKbn=2", "url2": null, "内容": "特別養護老人ホーム　すかいの郷診療所【2:診療所】【診療科目:0】栃木県日光市倉ケ崎新田１４３番地１" }, "geometry": { "type": "Point", "coordinates": [ 139.701683, 36.736989 ] } },
{ "type": "Feature", "properties": { "ID": 922092000553, "正式名称": "社会福祉法人順仁会　特別養護老人ホーム　ふじやま荘医務室", "機関区分": 2, "都道府県コード": 9, "市区町村コード": 301, "所在地": "栃木県河内郡上三川町上三川３３７５－１", "緯度": 36.426837, "経度": 139.911364, "url": "https://www.iryou.teikyouseido.mhlw.go.jp/znk-web/juminkanja/S2430/initialize?prefCd=09&kikanCd=22092000553&kikanKbn=2", "url2": null, "内容": "社会福祉法人順仁会　特別養護老人ホーム　ふじやま荘医務室【2:診療所】【診療科目:0】栃木県河内郡上三川町上三川３３７５－１" }, "geometry": { "type": "Point", "coordinates": [ 139.911364, 36.426837 ] } },
{ "type": "Feature", "properties": { "ID": 922092000554, "正式名称": "みなみこどもクリニック", "機関区分": 2, "都道府県コード": 9, "市区町村コード": 208, "所在地": "栃木県小山市城東６－１０－１", "緯度": 36.310745, "経度": 139.819865, "url": "https://www.iryou.teikyouseido.mhlw.go.jp/znk-web/juminkanja/S2430/initialize?prefCd=09&kikanCd=22092000554&kikanKbn=2", "url2": "http://www.minamicl.jp", "内容": "みなみこどもクリニック【2:診療所】【診療科目:0】栃木県小山市城東６－１０－１" }, "geometry": { "type": "Point", "coordinates": [ 139.819865, 36.310745 ] } },
{ "type": "Feature", "properties": { "ID": 922092000556, "正式名称": "特別養護老人ホームびーね", "機関区分": 2, "都道府県コード": 9, "市区町村コード": 201, "所在地": "栃木県宇都宮市東簗瀬１－２９－１", "緯度": 36.543137, "経度": 139.899856, "url": "https://www.iryou.teikyouseido.mhlw.go.jp/znk-web/juminkanja/S2430/initialize?prefCd=09&kikanCd=22092000556&kikanKbn=2", "url2": "http://kouseikai-flora.or.jp", "内容": "特別養護老人ホームびーね【2:診療所】【診療科目:0】栃木県宇都宮市東簗瀬１－２９－１" }, "geometry": { "type": "Point", "coordinates": [ 139.899856, 36.543137 ] } },
{ "type": "Feature", "properties": { "ID": 922092000557, "正式名称": "医療法人さつき会　那須あいクリニック", "機関区分": 2, "都道府県コード": 9, "市区町村コード": 213, "所在地": "栃木県那須塩原市沓掛３－１２－２", "緯度": 36.940502, "経度": 140.02083, "url": "https://www.iryou.teikyouseido.mhlw.go.jp/znk-web/juminkanja/S2430/initialize?prefCd=09&kikanCd=22092000557&kikanKbn=2", "url2": "https://www.nasuai.com/", "内容": "医療法人さつき会　那須あいクリニック【2:診療所】【診療科目:0】栃木県那須塩原市沓掛３－１２－２" }, "geometry": { "type": "Point", "coordinates": [ 140.02083, 36.940502 ] } },
{ "type": "Feature", "properties": { "ID": 922092000558, "正式名称": "しらさぎ耳鼻咽喉科クリニック", "機関区分": 2, "都道府県コード": 9, "市区町村コード": 301, "所在地": "栃木県河内郡上三川町しらさぎ二丁目２５－７", "緯度": 36.446267, "経度": 139.90995, "url": "https://www.iryou.teikyouseido.mhlw.go.jp/znk-web/juminkanja/S2430/initialize?prefCd=09&kikanCd=22092000558&kikanKbn=2", "url2": "http://www.shirasagi-ent.com", "内容": "しらさぎ耳鼻咽喉科クリニック【2:診療所】【診療科目:0】栃木県河内郡上三川町しらさぎ二丁目２５－７" }, "geometry": { "type": "Point", "coordinates": [ 139.90995, 36.446267 ] } },
{ "type": "Feature", "properties": { "ID": 922092000559, "正式名称": "クレア心療内科医院", "機関区分": 2, "都道府県コード": 9, "市区町村コード": 216, "所在地": "栃木県下野市医大前３－２－１５", "緯度": 36.395399, "経度": 139.855668, "url": "https://www.iryou.teikyouseido.mhlw.go.jp/znk-web/juminkanja/S2430/initialize?prefCd=09&kikanCd=22092000559&kikanKbn=2", "url2": "http://sendai-web.com/creamentalclinic/index.html", "内容": "クレア心療内科医院【2:診療所】【診療科目:0】栃木県下野市医大前３－２－１５" }, "geometry": { "type": "Point", "coordinates": [ 139.855668, 36.395399 ] } },
{ "type": "Feature", "properties": { "ID": 922092000560, "正式名称": "特別養護老人ホームかたやなぎ医務室", "機関区分": 2, "都道府県コード": 9, "市区町村コード": 203, "所在地": "栃木県栃木市片柳町４丁目１４番４３－１８号", "緯度": 36.368974, "経度": 139.713633, "url": "https://www.iryou.teikyouseido.mhlw.go.jp/znk-web/juminkanja/S2430/initialize?prefCd=09&kikanCd=22092000560&kikanKbn=2", "url2": null, "内容": "特別養護老人ホームかたやなぎ医務室【2:診療所】【診療科目:0】栃木県栃木市片柳町４丁目１４番４３－１８号" }, "geometry": { "type": "Point", "coordinates": [ 139.713633, 36.368974 ] } },
{ "type": "Feature", "properties": { "ID": 922092000561, "正式名称": "特別養護老人ホーム万葉堀米の里診療所", "機関区分": 2, "都道府県コード": 9, "市区町村コード": 204, "所在地": "栃木県佐野市堀米町１２７０－８", "緯度": 36.327943, "経度": 139.580196, "url": "https://www.iryou.teikyouseido.mhlw.go.jp/znk-web/juminkanja/S2430/initialize?prefCd=09&kikanCd=22092000561&kikanKbn=2", "url2": null, "内容": "特別養護老人ホーム万葉堀米の里診療所【2:診療所】【診療科目:0】栃木県佐野市堀米町１２７０－８" }, "geometry": { "type": "Point", "coordinates": [ 139.580196, 36.327943 ] } },
{ "type": "Feature", "properties": { "ID": 922092000562, "正式名称": "東京ＡＧＡクリニック宇都宮院", "機関区分": 2, "都道府県コード": 9, "市区町村コード": 201, "所在地": "栃木県宇都宮市駅前通り３丁目１－５　つちやビル５Ｆ", "緯度": 36.559066, "経度": 139.897011, "url": "https://www.iryou.teikyouseido.mhlw.go.jp/znk-web/juminkanja/S2430/initialize?prefCd=09&kikanCd=22092000562&kikanKbn=2", "url2": null, "内容": "東京ＡＧＡクリニック宇都宮院【2:診療所】【診療科目:0】栃木県宇都宮市駅前通り３丁目１－５　つちやビル５Ｆ" }, "geometry": { "type": "Point", "coordinates": [ 139.897011, 36.559066 ] } },
{ "type": "Feature", "properties": { "ID": 922092000563, "正式名称": "医療法人幸の杜　すずの木ファミリークリニック", "機関区分": 2, "都道府県コード": 9, "市区町村コード": 209, "所在地": "栃木県真岡市荒町２－５－１", "緯度": 36.445812, "経度": 140.012305, "url": "https://www.iryou.teikyouseido.mhlw.go.jp/znk-web/juminkanja/S2430/initialize?prefCd=09&kikanCd=22092000563&kikanKbn=2", "url2": "https://suzunoki-family-cl.com", "内容": "医療法人幸の杜　すずの木ファミリークリニック【2:診療所】【診療科目:0】栃木県真岡市荒町２－５－１" }, "geometry": { "type": "Point", "coordinates": [ 140.012305, 36.445812 ] } },
{ "type": "Feature", "properties": { "ID": 922092000564, "正式名称": "医療法人　大香会　西真岡アクセプト・インターナショナルクリニック", "機関区分": 2, "都道府県コード": 9, "市区町村コード": 209, "所在地": "栃木県真岡市高勢町３－２０３ー１", "緯度": 36.427665, "経度": 139.981468, "url": "https://www.iryou.teikyouseido.mhlw.go.jp/znk-web/juminkanja/S2430/initialize?prefCd=09&kikanCd=22092000564&kikanKbn=2", "url2": "http://www.nishimoka-accept.clinic", "内容": "医療法人　大香会　西真岡アクセプト・インターナショナルクリニック【2:診療所】【診療科目:0】栃木県真岡市高勢町３－２０３ー１" }, "geometry": { "type": "Point", "coordinates": [ 139.981468, 36.427665 ] } },
{ "type": "Feature", "properties": { "ID": 922092000566, "正式名称": "特別養護老人ホーム四季の華医務室", "機関区分": 2, "都道府県コード": 9, "市区町村コード": 202, "所在地": "栃木県足利市新山町１－１", "緯度": 36.348059, "経度": 139.46625, "url": "https://www.iryou.teikyouseido.mhlw.go.jp/znk-web/juminkanja/S2430/initialize?prefCd=09&kikanCd=22092000566&kikanKbn=2", "url2": null, "内容": "特別養護老人ホーム四季の華医務室【2:診療所】【診療科目:0】栃木県足利市新山町１－１" }, "geometry": { "type": "Point", "coordinates": [ 139.46625, 36.348059 ] } },
{ "type": "Feature", "properties": { "ID": 922092000567, "正式名称": "ほだかクリニック", "機関区分": 2, "都道府県コード": 9, "市区町村コード": 204, "所在地": "栃木県佐野市北茂呂町１０－３", "緯度": 36.298392, "経度": 139.589863, "url": "https://www.iryou.teikyouseido.mhlw.go.jp/znk-web/juminkanja/S2430/initialize?prefCd=09&kikanCd=22092000567&kikanKbn=2", "url2": "http://www.hodakakai.nobody.jp", "内容": "ほだかクリニック【2:診療所】【診療科目:0】栃木県佐野市北茂呂町１０－３" }, "geometry": { "type": "Point", "coordinates": [ 139.589863, 36.298392 ] } },
{ "type": "Feature", "properties": { "ID": 922092000568, "正式名称": "ひらしま胃腸・内科", "機関区分": 2, "都道府県コード": 9, "市区町村コード": 201, "所在地": "栃木県宇都宮市屋板町１３２－７", "緯度": 36.518278, "経度": 139.903723, "url": "https://www.iryou.teikyouseido.mhlw.go.jp/znk-web/juminkanja/S2430/initialize?prefCd=09&kikanCd=22092000568&kikanKbn=2", "url2": "https://www.hirashima-cl.com/", "内容": "ひらしま胃腸・内科【2:診療所】【診療科目:0】栃木県宇都宮市屋板町１３２－７" }, "geometry": { "type": "Point", "coordinates": [ 139.903723, 36.518278 ] } },
{ "type": "Feature", "properties": { "ID": 922092000569, "正式名称": "特別養護老人ホームあいケアステーション六美医務室", "機関区分": 2, "都道府県コード": 9, "市区町村コード": 361, "所在地": "栃木県下都賀郡壬生町壬生丁９２ー２２", "緯度": 36.450401, "経度": 139.827873, "url": "https://www.iryou.teikyouseido.mhlw.go.jp/znk-web/juminkanja/S2430/initialize?prefCd=09&kikanCd=22092000569&kikanKbn=2", "url2": null, "内容": "特別養護老人ホームあいケアステーション六美医務室【2:診療所】【診療科目:0】栃木県下都賀郡壬生町壬生丁９２ー２２" }, "geometry": { "type": "Point", "coordinates": [ 139.827873, 36.450401 ] } },
{ "type": "Feature", "properties": { "ID": 922092000570, "正式名称": "小山福澤眼科", "機関区分": 2, "都道府県コード": 9, "市区町村コード": 208, "所在地": "栃木県小山市東城南４－１３", "緯度": 36.292645, "経度": 139.812446, "url": "https://www.iryou.teikyouseido.mhlw.go.jp/znk-web/juminkanja/S2430/initialize?prefCd=09&kikanCd=22092000570&kikanKbn=2", "url2": "http://www.fukuzawaganka.com/", "内容": "小山福澤眼科【2:診療所】【診療科目:0】栃木県小山市東城南４－１３" }, "geometry": { "type": "Point", "coordinates": [ 139.812446, 36.292645 ] } },
{ "type": "Feature", "properties": { "ID": 922092000571, "正式名称": "那須こころの医院", "機関区分": 2, "都道府県コード": 9, "市区町村コード": 213, "所在地": "栃木県那須塩原市方京１－１６－２", "緯度": 36.93117, "経度": 140.014333, "url": "https://www.iryou.teikyouseido.mhlw.go.jp/znk-web/juminkanja/S2430/initialize?prefCd=09&kikanCd=22092000571&kikanKbn=2", "url2": "https://nasu-cocoro.com", "内容": "那須こころの医院【2:診療所】【診療科目:0】栃木県那須塩原市方京１－１６－２" }, "geometry": { "type": "Point", "coordinates": [ 140.014333, 36.93117 ] } },
{ "type": "Feature", "properties": { "ID": 922092000572, "正式名称": "はりがや中央クリニック", "機関区分": 2, "都道府県コード": 9, "市区町村コード": 201, "所在地": "栃木県宇都宮市針ケ谷町４７２－７", "緯度": 36.492855, "経度": 139.853759, "url": "https://www.iryou.teikyouseido.mhlw.go.jp/znk-web/juminkanja/S2430/initialize?prefCd=09&kikanCd=22092000572&kikanKbn=2", "url2": "https://hcc-nakamura.com", "内容": "はりがや中央クリニック【2:診療所】【診療科目:0】栃木県宇都宮市針ケ谷町４７２－７" }, "geometry": { "type": "Point", "coordinates": [ 139.853759, 36.492855 ] } },
{ "type": "Feature", "properties": { "ID": 922502150, "正式名称": "立花医院", "機関区分": 2, "都道府県コード": 9, "市区町村コード": 407, "所在地": "栃木県那須郡那須町寺子乙３９６７ー１９０立花医院", "緯度": 37.016315, "経度": 140.123902, "url": "https://www.iryou.teikyouseido.mhlw.go.jp/znk-web/juminkanja/S2430/initialize?prefCd=09&kikanCd=22502150&kikanKbn=2", "url2": "http://www.fan.hi-ho.ne.jp/tachi33/", "内容": "立花医院【2:診療所】【診療科目:0】栃木県那須郡那須町寺子乙３９６７ー１９０立花医院" }, "geometry": { "type": "Point", "coordinates": [ 140.123902, 37.016315 ] } },
{ "type": "Feature", "properties": { "ID": 922610342, "正式名称": "医療法人社団仁寿会檜山医院", "機関区分": 2, "都道府県コード": 9, "市区町村コード": 214, "所在地": "栃木県さくら市櫻野　１２２０", "緯度": 36.684319, "経度": 139.971387, "url": "https://www.iryou.teikyouseido.mhlw.go.jp/znk-web/juminkanja/S2430/initialize?prefCd=09&kikanCd=22610342&kikanKbn=2", "url2": null, "内容": "医療法人社団仁寿会檜山医院【2:診療所】【診療科目:0】栃木県さくら市櫻野　１２２０" }, "geometry": { "type": "Point", "coordinates": [ 139.971387, 36.684319 ] } },
{ "type": "Feature", "properties": { "ID": 926668137, "正式名称": "Ａｐｏｌｌｏｎ　Ｃｌｉｎｉｃ", "機関区分": 2, "都道府県コード": 9, "市区町村コード": 201, "所在地": "栃木県宇都宮市松が峰１－３－１６グラン宇都宮１階", "緯度": 36.557784, "経度": 139.8796044, "url": "https://www.iryou.teikyouseido.mhlw.go.jp/znk-web/juminkanja/S2430/initialize?prefCd=09&kikanCd=26668137&kikanKbn=2", "url2": "https://www.apollon-clinic.com", "内容": "Ａｐｏｌｌｏｎ　Ｃｌｉｎｉｃ【2:診療所】【診療科目:0】栃木県宇都宮市松が峰１－３－１６グラン宇都宮１階" }, "geometry": { "type": "Point", "coordinates": [ 139.8796044, 36.557784 ] } }
]
}
