{
"type": "FeatureCollection",
"name": "geo_9_3",
"crs": { "type": "name", "properties": { "name": "urn:ogc:def:crs:OGC:1.3:CRS84" } },
"features": [
{ "type": "Feature", "properties": { "ID": 930000630074, "正式名称": "医療法人社団ＵＤＡ顎口腔いろはクリニック", "機関区分": 3, "都道府県コード": 9, "市区町村コード": 206, "所在地": "栃木県日光市瀬尾２９８", "緯度": 36.73645, "経度": 139.687826, "url": "https://www.iryou.teikyouseido.mhlw.go.jp/znk-web/juminkanja/S2430/initialize?prefCd=09&kikanCd=0000630074&kikanKbn=3", "url2": "ago-iroha.jp", "内容": "医療法人社団ＵＤＡ顎口腔いろはクリニック【3:歯科】栃木県日光市瀬尾２９８" }, "geometry": { "type": "Point", "coordinates": [ 139.687826, 36.73645 ] } },
{ "type": "Feature", "properties": { "ID": 930122536, "正式名称": "金田歯科医院", "機関区分": 3, "都道府県コード": 9, "市区町村コード": 201, "所在地": "栃木県宇都宮市一ノ沢町２７２", "緯度": 36.575054, "経度": 139.860155, "url": "https://www.iryou.teikyouseido.mhlw.go.jp/znk-web/juminkanja/S2430/initialize?prefCd=09&kikanCd=0122536&kikanKbn=3", "url2": null, "内容": "金田歯科医院【3:歯科】栃木県宇都宮市一ノ沢町２７２" }, "geometry": { "type": "Point", "coordinates": [ 139.860155, 36.575054 ] } },
{ "type": "Feature", "properties": { "ID": 930122973, "正式名称": "オオシマシカイイン", "機関区分": 3, "都道府県コード": 9, "市区町村コード": 201, "所在地": "栃木県宇都宮市下戸祭２－９－１高木コーポ１Ｆ", "緯度": 36.571927, "経度": 139.876727, "url": "https://www.iryou.teikyouseido.mhlw.go.jp/znk-web/juminkanja/S2430/initialize?prefCd=09&kikanCd=0122973&kikanKbn=3", "url2": null, "内容": "オオシマシカイイン【3:歯科】栃木県宇都宮市下戸祭２－９－１高木コーポ１Ｆ" }, "geometry": { "type": "Point", "coordinates": [ 139.876727, 36.571927 ] } },
{ "type": "Feature", "properties": { "ID": 930123823, "正式名称": "榊原歯科クリニック", "機関区分": 3, "都道府県コード": 9, "市区町村コード": 201, "所在地": "栃木県宇都宮市みどり野町６－１榊原歯科クリニック", "緯度": 36.5031299, "経度": 139.8611879, "url": "https://www.iryou.teikyouseido.mhlw.go.jp/znk-web/juminkanja/S2430/initialize?prefCd=09&kikanCd=0123823&kikanKbn=3", "url2": null, "内容": "榊原歯科クリニック【3:歯科】栃木県宇都宮市みどり野町６－１榊原歯科クリニック" }, "geometry": { "type": "Point", "coordinates": [ 139.8611879, 36.5031299 ] } },
{ "type": "Feature", "properties": { "ID": 930124300, "正式名称": "北條歯科医院", "機関区分": 3, "都道府県コード": 9, "市区町村コード": 201, "所在地": "栃木県宇都宮市大曽１－１－１３", "緯度": 36.5702141, "経度": 139.8887586, "url": "https://www.iryou.teikyouseido.mhlw.go.jp/znk-web/juminkanja/S2430/initialize?prefCd=09&kikanCd=0124300&kikanKbn=3", "url2": null, "内容": "北條歯科医院【3:歯科】栃木県宇都宮市大曽１－１－１３" }, "geometry": { "type": "Point", "coordinates": [ 139.888758599999989, 36.5702141 ] } },
{ "type": "Feature", "properties": { "ID": 930125554, "正式名称": "ひろデンタルクリニック", "機関区分": 3, "都道府県コード": 9, "市区町村コード": 201, "所在地": "栃木県宇都宮市田野町４７５－１", "緯度": 36.595104, "経度": 139.803134, "url": "https://www.iryou.teikyouseido.mhlw.go.jp/znk-web/juminkanja/S2430/initialize?prefCd=09&kikanCd=0125554&kikanKbn=3", "url2": null, "内容": "ひろデンタルクリニック【3:歯科】栃木県宇都宮市田野町４７５－１" }, "geometry": { "type": "Point", "coordinates": [ 139.803134, 36.595104 ] } },
{ "type": "Feature", "properties": { "ID": 930125844, "正式名称": "かねこ歯科", "機関区分": 3, "都道府県コード": 9, "市区町村コード": 201, "所在地": "栃木県宇都宮市八千代１－１２－１３", "緯度": 36.531201, "経度": 139.8598345, "url": "https://www.iryou.teikyouseido.mhlw.go.jp/znk-web/juminkanja/S2430/initialize?prefCd=09&kikanCd=0125844&kikanKbn=3", "url2": null, "内容": "かねこ歯科【3:歯科】栃木県宇都宮市八千代１－１２－１３" }, "geometry": { "type": "Point", "coordinates": [ 139.8598345, 36.531201 ] } },
{ "type": "Feature", "properties": { "ID": 930130281, "正式名称": "医療法人社団和宝会渡辺歯科医院", "機関区分": 3, "都道府県コード": 9, "市区町村コード": 201, "所在地": "栃木県宇都宮市戸祭２－９－３１", "緯度": 36.573132, "経度": 139.865225, "url": "https://www.iryou.teikyouseido.mhlw.go.jp/znk-web/juminkanja/S2430/initialize?prefCd=09&kikanCd=0130281&kikanKbn=3", "url2": null, "内容": "医療法人社団和宝会渡辺歯科医院【3:歯科】栃木県宇都宮市戸祭２－９－３１" }, "geometry": { "type": "Point", "coordinates": [ 139.865225, 36.573132 ] } },
{ "type": "Feature", "properties": { "ID": 930130828, "正式名称": "ときわ歯科クリニック", "機関区分": 3, "都道府県コード": 9, "市区町村コード": 201, "所在地": "栃木県宇都宮市ゆいの杜２－１－４", "緯度": 36.5742788, "経度": 139.9898568, "url": "https://www.iryou.teikyouseido.mhlw.go.jp/znk-web/juminkanja/S2430/initialize?prefCd=09&kikanCd=0130828&kikanKbn=3", "url2": null, "内容": "ときわ歯科クリニック【3:歯科】栃木県宇都宮市ゆいの杜２－１－４" }, "geometry": { "type": "Point", "coordinates": [ 139.989856800000013, 36.5742788 ] } },
{ "type": "Feature", "properties": { "ID": 930130893, "正式名称": "岡田歯科医院", "機関区分": 3, "都道府県コード": 9, "市区町村コード": 201, "所在地": "栃木県宇都宮市石井町１３６１－１", "緯度": 36.542045, "経度": 139.932305, "url": "https://www.iryou.teikyouseido.mhlw.go.jp/znk-web/juminkanja/S2430/initialize?prefCd=09&kikanCd=0130893&kikanKbn=3", "url2": "www.okada-shikaiin.jp", "内容": "岡田歯科医院【3:歯科】栃木県宇都宮市石井町１３６１－１" }, "geometry": { "type": "Point", "coordinates": [ 139.932305, 36.542045 ] } },
{ "type": "Feature", "properties": { "ID": 930130950, "正式名称": "おいかわ歯科医院", "機関区分": 3, "都道府県コード": 9, "市区町村コード": 201, "所在地": "栃木県宇都宮市清原台３－６－２４", "緯度": 36.560481, "経度": 139.991521, "url": "https://www.iryou.teikyouseido.mhlw.go.jp/znk-web/juminkanja/S2430/initialize?prefCd=09&kikanCd=0130950&kikanKbn=3", "url2": "https://www.oikawa-shika.jp/", "内容": "おいかわ歯科医院【3:歯科】栃木県宇都宮市清原台３－６－２４" }, "geometry": { "type": "Point", "coordinates": [ 139.991521, 36.560481 ] } },
{ "type": "Feature", "properties": { "ID": 930130976, "正式名称": "亀井歯科・矯正歯科", "機関区分": 3, "都道府県コード": 9, "市区町村コード": 201, "所在地": "栃木県宇都宮市平松３−１−１０", "緯度": 36.53891, "経度": 139.91317, "url": "https://www.iryou.teikyouseido.mhlw.go.jp/znk-web/juminkanja/S2430/initialize?prefCd=09&kikanCd=0130976&kikanKbn=3", "url2": "https://kamei-dc.jp/", "内容": "亀井歯科・矯正歯科【3:歯科】栃木県宇都宮市平松３−１−１０" }, "geometry": { "type": "Point", "coordinates": [ 139.91317, 36.53891 ] } },
{ "type": "Feature", "properties": { "ID": 930131172, "正式名称": "医療法人まるふく会　福田デンタルクリニック", "機関区分": 3, "都道府県コード": 9, "市区町村コード": 201, "所在地": "栃木県宇都宮市下砥上町１５４５ー２０", "緯度": 36.53419, "経度": 139.84207, "url": "https://www.iryou.teikyouseido.mhlw.go.jp/znk-web/juminkanja/S2430/initialize?prefCd=09&kikanCd=0131172&kikanKbn=3", "url2": "fukuda-kodomo-dental.com", "内容": "医療法人まるふく会　福田デンタルクリニック【3:歯科】栃木県宇都宮市下砥上町１５４５ー２０" }, "geometry": { "type": "Point", "coordinates": [ 139.84207, 36.53419 ] } },
{ "type": "Feature", "properties": { "ID": 930131412, "正式名称": "ますやま歯科クリニック", "機関区分": 3, "都道府県コード": 9, "市区町村コード": 201, "所在地": "栃木県宇都宮市平松本町１２１３－７", "緯度": 36.54124, "経度": 139.90414, "url": "https://www.iryou.teikyouseido.mhlw.go.jp/znk-web/juminkanja/S2430/initialize?prefCd=09&kikanCd=0131412&kikanKbn=3", "url2": null, "内容": "ますやま歯科クリニック【3:歯科】栃木県宇都宮市平松本町１２１３－７" }, "geometry": { "type": "Point", "coordinates": [ 139.90414, 36.54124 ] } },
{ "type": "Feature", "properties": { "ID": 930220728, "正式名称": "大輪歯科医院", "機関区分": 3, "都道府県コード": 9, "市区町村コード": 202, "所在地": "栃木県足利市伊勢町３－１２－１２", "緯度": 36.3339916, "経度": 139.4566643, "url": "https://www.iryou.teikyouseido.mhlw.go.jp/znk-web/juminkanja/S2430/initialize?prefCd=09&kikanCd=0220728&kikanKbn=3", "url2": null, "内容": "大輪歯科医院【3:歯科】栃木県足利市伊勢町３－１２－１２" }, "geometry": { "type": "Point", "coordinates": [ 139.4566643, 36.3339916 ] } },
{ "type": "Feature", "properties": { "ID": 930221841, "正式名称": "しのだ歯科クリニック", "機関区分": 3, "都道府県コード": 9, "市区町村コード": 202, "所在地": "栃木県足利市山川町３８－２", "緯度": 36.3213158, "経度": 139.4807313, "url": "https://www.iryou.teikyouseido.mhlw.go.jp/znk-web/juminkanja/S2430/initialize?prefCd=09&kikanCd=0221841&kikanKbn=3", "url2": null, "内容": "しのだ歯科クリニック【3:歯科】栃木県足利市山川町３８－２" }, "geometry": { "type": "Point", "coordinates": [ 139.4807313, 36.3213158 ] } },
{ "type": "Feature", "properties": { "ID": 930285401177, "正式名称": "医療法人敬心会岩井歯科クリニック", "機関区分": 3, "都道府県コード": 9, "市区町村コード": 216, "所在地": "栃木県下野市緑１－９－１", "緯度": 36.3868697, "経度": 139.8541185, "url": "https://www.iryou.teikyouseido.mhlw.go.jp/znk-web/juminkanja/S2430/initialize?prefCd=09&kikanCd=0285401177&kikanKbn=3", "url2": null, "内容": "医療法人敬心会岩井歯科クリニック【3:歯科】栃木県下野市緑１－９－１" }, "geometry": { "type": "Point", "coordinates": [ 139.8541185, 36.3868697 ] } },
{ "type": "Feature", "properties": { "ID": 930330220, "正式名称": "カネダデンタル", "機関区分": 3, "都道府県コード": 9, "市区町村コード": 203, "所在地": "栃木県栃木市城内町２－２７－１５", "緯度": 36.3709433, "経度": 139.7410541, "url": "https://www.iryou.teikyouseido.mhlw.go.jp/znk-web/juminkanja/S2430/initialize?prefCd=09&kikanCd=0330220&kikanKbn=3", "url2": "https://www.kaneda-dental/com", "内容": "カネダデンタル【3:歯科】栃木県栃木市城内町２－２７－１５" }, "geometry": { "type": "Point", "coordinates": [ 139.741054100000014, 36.3709433 ] } },
{ "type": "Feature", "properties": { "ID": 930520820, "正式名称": "きくち歯科医院", "機関区分": 3, "都道府県コード": 9, "市区町村コード": 205, "所在地": "栃木県鹿沼市東町３－６－１９", "緯度": 36.5642965, "経度": 139.7769642, "url": "https://www.iryou.teikyouseido.mhlw.go.jp/znk-web/juminkanja/S2430/initialize?prefCd=09&kikanCd=0520820&kikanKbn=3", "url2": null, "内容": "きくち歯科医院【3:歯科】栃木県鹿沼市東町３－６－１９" }, "geometry": { "type": "Point", "coordinates": [ 139.7769642, 36.5642965 ] } },
{ "type": "Feature", "properties": { "ID": 930530233, "正式名称": "青木歯科医院", "機関区分": 3, "都道府県コード": 9, "市区町村コード": 205, "所在地": "栃木県鹿沼市中田町１３５４－１１", "緯度": 36.56436, "経度": 139.74979, "url": "https://www.iryou.teikyouseido.mhlw.go.jp/znk-web/juminkanja/S2430/initialize?prefCd=09&kikanCd=0530233&kikanKbn=3", "url2": null, "内容": "青木歯科医院【3:歯科】栃木県鹿沼市中田町１３５４－１１" }, "geometry": { "type": "Point", "coordinates": [ 139.74979, 36.56436 ] } },
{ "type": "Feature", "properties": { "ID": 930821178, "正式名称": "長井歯科医院", "機関区分": 3, "都道府県コード": 9, "市区町村コード": 208, "所在地": "栃木県小山市花垣町２－９－３１", "緯度": 36.3222819, "経度": 139.8074607, "url": "https://www.iryou.teikyouseido.mhlw.go.jp/znk-web/juminkanja/S2430/initialize?prefCd=09&kikanCd=0821178&kikanKbn=3", "url2": null, "内容": "長井歯科医院【3:歯科】栃木県小山市花垣町２－９－３１" }, "geometry": { "type": "Point", "coordinates": [ 139.8074607, 36.3222819 ] } },
{ "type": "Feature", "properties": { "ID": 930830146, "正式名称": "医療法人社団孝仁会", "機関区分": 3, "都道府県コード": 9, "市区町村コード": 208, "所在地": "栃木県小山市城東３－２４－３", "緯度": 36.314398, "経度": 139.817689, "url": "https://www.iryou.teikyouseido.mhlw.go.jp/znk-web/juminkanja/S2430/initialize?prefCd=09&kikanCd=0830146&kikanKbn=3", "url2": "www.wakana-dc.jp", "内容": "医療法人社団孝仁会【3:歯科】栃木県小山市城東３－２４－３" }, "geometry": { "type": "Point", "coordinates": [ 139.817689, 36.314398 ] } },
{ "type": "Feature", "properties": { "ID": 930830302, "正式名称": "小山広域保健衛生組合休日急患歯科診療所", "機関区分": 3, "都道府県コード": 9, "市区町村コード": 208, "所在地": "栃木県小山市神鳥谷２２５１－７", "緯度": 36.275879, "経度": 139.801577, "url": "https://www.iryou.teikyouseido.mhlw.go.jp/znk-web/juminkanja/S2430/initialize?prefCd=09&kikanCd=0830302&kikanKbn=3", "url2": "https://www.city.oyama.tochigi.jp/kouiki/shinryojo/page001656.html", "内容": "小山広域保健衛生組合休日急患歯科診療所【3:歯科】栃木県小山市神鳥谷２２５１－７" }, "geometry": { "type": "Point", "coordinates": [ 139.801577, 36.275879 ] } },
{ "type": "Feature", "properties": { "ID": 930930123377, "正式名称": "なかやま歯科クリニック", "機関区分": 3, "都道府県コード": 9, "市区町村コード": 201, "所在地": "栃木県宇都宮市西１－３－１９", "緯度": 36.5588828, "経度": 139.8774723, "url": "https://www.iryou.teikyouseido.mhlw.go.jp/znk-web/juminkanja/S2430/initialize?prefCd=09&kikanCd=0930123377&kikanKbn=3", "url2": null, "内容": "なかやま歯科クリニック【3:歯科】栃木県宇都宮市西１－３－１９" }, "geometry": { "type": "Point", "coordinates": [ 139.8774723, 36.5588828 ] } },
{ "type": "Feature", "properties": { "ID": 930930123845, "正式名称": "かのう歯科", "機関区分": 3, "都道府県コード": 9, "市区町村コード": 201, "所在地": "栃木県宇都宮市五代１－１－６", "緯度": 36.491874, "経度": 139.863477, "url": "https://www.iryou.teikyouseido.mhlw.go.jp/znk-web/juminkanja/S2430/initialize?prefCd=09&kikanCd=0930123845&kikanKbn=3", "url2": "kanou-dental.net/", "内容": "かのう歯科【3:歯科】栃木県宇都宮市五代１－１－６" }, "geometry": { "type": "Point", "coordinates": [ 139.863477, 36.491874 ] } },
{ "type": "Feature", "properties": { "ID": 930930125364, "正式名称": "おおはしデンタルクリニック", "機関区分": 3, "都道府県コード": 9, "市区町村コード": 201, "所在地": "栃木県宇都宮市南一の沢町２の２６斉藤ビル２階", "緯度": 36.564415, "経度": 139.86397, "url": "https://www.iryou.teikyouseido.mhlw.go.jp/znk-web/juminkanja/S2430/initialize?prefCd=09&kikanCd=0930125364&kikanKbn=3", "url2": null, "内容": "おおはしデンタルクリニック【3:歯科】栃木県宇都宮市南一の沢町２の２６斉藤ビル２階" }, "geometry": { "type": "Point", "coordinates": [ 139.86397, 36.564415 ] } },
{ "type": "Feature", "properties": { "ID": 930930125398, "正式名称": "今泉デンタルクリニック", "機関区分": 3, "都道府県コード": 9, "市区町村コード": 201, "所在地": "栃木県宇都宮市中今泉２－７－１６", "緯度": 36.5679474, "経度": 139.9033307, "url": "https://www.iryou.teikyouseido.mhlw.go.jp/znk-web/juminkanja/S2430/initialize?prefCd=09&kikanCd=0930125398&kikanKbn=3", "url2": null, "内容": "今泉デンタルクリニック【3:歯科】栃木県宇都宮市中今泉２－７－１６" }, "geometry": { "type": "Point", "coordinates": [ 139.9033307, 36.5679474 ] } },
{ "type": "Feature", "properties": { "ID": 930930125737, "正式名称": "ならファミリー歯科医院", "機関区分": 3, "都道府県コード": 9, "市区町村コード": 201, "所在地": "栃木県宇都宮市細谷１－７－７１", "緯度": 36.5925669, "経度": 139.8539114, "url": "https://www.iryou.teikyouseido.mhlw.go.jp/znk-web/juminkanja/S2430/initialize?prefCd=09&kikanCd=0930125737&kikanKbn=3", "url2": "http://www.narafamily-dental.jp/", "内容": "ならファミリー歯科医院【3:歯科】栃木県宇都宮市細谷１－７－７１" }, "geometry": { "type": "Point", "coordinates": [ 139.853911399999987, 36.5925669 ] } },
{ "type": "Feature", "properties": { "ID": 930930125752, "正式名称": "星野歯科医院", "機関区分": 3, "都道府県コード": 9, "市区町村コード": 201, "所在地": "栃木県宇都宮市上戸祭町３００７－２", "緯度": 36.58808, "経度": 139.87093, "url": "https://www.iryou.teikyouseido.mhlw.go.jp/znk-web/juminkanja/S2430/initialize?prefCd=09&kikanCd=0930125752&kikanKbn=3", "url2": "https://www.hoshino-dc.info", "内容": "星野歯科医院【3:歯科】栃木県宇都宮市上戸祭町３００７－２" }, "geometry": { "type": "Point", "coordinates": [ 139.87093, 36.58808 ] } },
{ "type": "Feature", "properties": { "ID": 930930125901, "正式名称": "あきデンタルクリニック", "機関区分": 3, "都道府県コード": 9, "市区町村コード": 201, "所在地": "栃木県宇都宮市さつき２ー１９ー８", "緯度": 36.484558, "経度": 139.862719, "url": "https://www.iryou.teikyouseido.mhlw.go.jp/znk-web/juminkanja/S2430/initialize?prefCd=09&kikanCd=0930125901&kikanKbn=3", "url2": null, "内容": "あきデンタルクリニック【3:歯科】栃木県宇都宮市さつき２ー１９ー８" }, "geometry": { "type": "Point", "coordinates": [ 139.862719, 36.484558 ] } },
{ "type": "Feature", "properties": { "ID": 930930130364, "正式名称": "医療法人社団桜会　高田歯科医院", "機関区分": 3, "都道府県コード": 9, "市区町村コード": 201, "所在地": "栃木県宇都宮市桜２－７－９", "緯度": 36.5672717, "経度": 139.8694224, "url": "https://www.iryou.teikyouseido.mhlw.go.jp/znk-web/juminkanja/S2430/initialize?prefCd=09&kikanCd=0930130364&kikanKbn=3", "url2": "https://takadashika.net/", "内容": "医療法人社団桜会　高田歯科医院【3:歯科】栃木県宇都宮市桜２－７－９" }, "geometry": { "type": "Point", "coordinates": [ 139.8694224, 36.5672717 ] } },
{ "type": "Feature", "properties": { "ID": 930930131230, "正式名称": "福田ファミリー歯科", "機関区分": 3, "都道府県コード": 9, "市区町村コード": 201, "所在地": "栃木県宇都宮市下荒針町３８６７－１", "緯度": 36.573406, "経度": 139.82428, "url": "https://www.iryou.teikyouseido.mhlw.go.jp/znk-web/juminkanja/S2430/initialize?prefCd=09&kikanCd=0930131230&kikanKbn=3", "url2": null, "内容": "福田ファミリー歯科【3:歯科】栃木県宇都宮市下荒針町３８６７－１" }, "geometry": { "type": "Point", "coordinates": [ 139.82428, 36.573406 ] } },
{ "type": "Feature", "properties": { "ID": 930930131552, "正式名称": "医療法人ほりえ会　宇都宮歯科", "機関区分": 3, "都道府県コード": 9, "市区町村コード": 201, "所在地": "栃木県宇都宮市西２丁目１－１１", "緯度": 36.557554, "経度": 139.8790483, "url": "https://www.iryou.teikyouseido.mhlw.go.jp/znk-web/juminkanja/S2430/initialize?prefCd=09&kikanCd=0930131552&kikanKbn=3", "url2": "https://horie-dentalclinic.com/", "内容": "医療法人ほりえ会　宇都宮歯科【3:歯科】栃木県宇都宮市西２丁目１－１１" }, "geometry": { "type": "Point", "coordinates": [ 139.8790483, 36.557554 ] } },
{ "type": "Feature", "properties": { "ID": 930930132352, "正式名称": "おおやつ歯科医院", "機関区分": 3, "都道府県コード": 9, "市区町村コード": 201, "所在地": "栃木県宇都宮市中河原町４－１０", "緯度": 36.556774, "経度": 139.88991, "url": "https://www.iryou.teikyouseido.mhlw.go.jp/znk-web/juminkanja/S2430/initialize?prefCd=09&kikanCd=0930132352&kikanKbn=3", "url2": "https://www.ooyatsu-dc.com", "内容": "おおやつ歯科医院【3:歯科】栃木県宇都宮市中河原町４－１０" }, "geometry": { "type": "Point", "coordinates": [ 139.88991, 36.556774 ] } },
{ "type": "Feature", "properties": { "ID": 930930132402, "正式名称": "医療法人典明会　かすや歯科・矯正歯科医院", "機関区分": 3, "都道府県コード": 9, "市区町村コード": 201, "所在地": "栃木県宇都宮市中戸祭町８５０ー３５", "緯度": 36.580066, "経度": 139.869488, "url": "https://www.iryou.teikyouseido.mhlw.go.jp/znk-web/juminkanja/S2430/initialize?prefCd=09&kikanCd=0930132402&kikanKbn=3", "url2": "https://kasuyashika.jp", "内容": "医療法人典明会　かすや歯科・矯正歯科医院【3:歯科】栃木県宇都宮市中戸祭町８５０ー３５" }, "geometry": { "type": "Point", "coordinates": [ 139.869488, 36.580066 ] } },
{ "type": "Feature", "properties": { "ID": 930930132501, "正式名称": "ＹＵＫＩ　ＤＥＮＴＡＬ　ＣＬＩＮＩＣ", "機関区分": 3, "都道府県コード": 9, "市区町村コード": 201, "所在地": "栃木県宇都宮市伝馬町４－２０", "緯度": 36.560774, "経度": 139.876125, "url": "https://www.iryou.teikyouseido.mhlw.go.jp/znk-web/juminkanja/S2430/initialize?prefCd=09&kikanCd=0930132501&kikanKbn=3", "url2": "https://yuki-dental-clinic.jp", "内容": "ＹＵＫＩ　ＤＥＮＴＡＬ　ＣＬＩＮＩＣ【3:歯科】栃木県宇都宮市伝馬町４－２０" }, "geometry": { "type": "Point", "coordinates": [ 139.876125, 36.560774 ] } },
{ "type": "Feature", "properties": { "ID": 930930330261, "正式名称": "医療法人温伸会　さいとう小児歯科", "機関区分": 3, "都道府県コード": 9, "市区町村コード": 203, "所在地": "栃木県栃木市万町３０－５", "緯度": 36.384263, "経度": 139.737066, "url": "https://www.iryou.teikyouseido.mhlw.go.jp/znk-web/juminkanja/S2430/initialize?prefCd=09&kikanCd=0930330261&kikanKbn=3", "url2": "https://www.saito-shounishika.net/", "内容": "医療法人温伸会　さいとう小児歯科【3:歯科】栃木県栃木市万町３０－５" }, "geometry": { "type": "Point", "coordinates": [ 139.737066, 36.384263 ] } },
{ "type": "Feature", "properties": { "ID": 930930420377, "正式名称": "島田歯科診療所", "機関区分": 3, "都道府県コード": 9, "市区町村コード": 204, "所在地": "栃木県佐野市堀米町１８６－１", "緯度": 36.33132, "経度": 139.58127, "url": "https://www.iryou.teikyouseido.mhlw.go.jp/znk-web/juminkanja/S2430/initialize?prefCd=09&kikanCd=0930420377&kikanKbn=3", "url2": null, "内容": "島田歯科診療所【3:歯科】栃木県佐野市堀米町１８６－１" }, "geometry": { "type": "Point", "coordinates": [ 139.58127, 36.33132 ] } },
{ "type": "Feature", "properties": { "ID": 930930421060, "正式名称": "かめのこ歯科医院", "機関区分": 3, "都道府県コード": 9, "市区町村コード": 204, "所在地": "栃木県佐野市高萩町１３３７－３", "緯度": 36.299355, "経度": 139.605, "url": "https://www.iryou.teikyouseido.mhlw.go.jp/znk-web/juminkanja/S2430/initialize?prefCd=09&kikanCd=0930421060&kikanKbn=3", "url2": null, "内容": "かめのこ歯科医院【3:歯科】栃木県佐野市高萩町１３３７－３" }, "geometry": { "type": "Point", "coordinates": [ 139.605, 36.299355 ] } },
{ "type": "Feature", "properties": { "ID": 930930430301, "正式名称": "医師会通りゆもと歯科", "機関区分": 3, "都道府県コード": 9, "市区町村コード": 204, "所在地": "栃木県佐野市植野町１９９７－１", "緯度": 36.30557, "経度": 139.5786, "url": "https://www.iryou.teikyouseido.mhlw.go.jp/znk-web/juminkanja/S2430/initialize?prefCd=09&kikanCd=0930430301&kikanKbn=3", "url2": null, "内容": "医師会通りゆもと歯科【3:歯科】栃木県佐野市植野町１９９７－１" }, "geometry": { "type": "Point", "coordinates": [ 139.5786, 36.30557 ] } },
{ "type": "Feature", "properties": { "ID": 930930530217, "正式名称": "ＳＯＭＡ　ＤＥＮＴＡＬ　ＣＬＩＮＩＣ", "機関区分": 3, "都道府県コード": 9, "市区町村コード": 205, "所在地": "栃木県鹿沼市日吉町５８６－１３", "緯度": 36.5658, "経度": 139.733603, "url": "https://www.iryou.teikyouseido.mhlw.go.jp/znk-web/juminkanja/S2430/initialize?prefCd=09&kikanCd=0930530217&kikanKbn=3", "url2": null, "内容": "ＳＯＭＡ　ＤＥＮＴＡＬ　ＣＬＩＮＩＣ【3:歯科】栃木県鹿沼市日吉町５８６－１３" }, "geometry": { "type": "Point", "coordinates": [ 139.733603, 36.5658 ] } },
{ "type": "Feature", "properties": { "ID": 930930720404, "正式名称": "おちあい歯科医院", "機関区分": 3, "都道府県コード": 9, "市区町村コード": 206, "所在地": "栃木県日光市小代２７１", "緯度": 36.655575, "経度": 139.71231, "url": "https://www.iryou.teikyouseido.mhlw.go.jp/znk-web/juminkanja/S2430/initialize?prefCd=09&kikanCd=0930720404&kikanKbn=3", "url2": null, "内容": "おちあい歯科医院【3:歯科】栃木県日光市小代２７１" }, "geometry": { "type": "Point", "coordinates": [ 139.71231, 36.655575 ] } },
{ "type": "Feature", "properties": { "ID": 930930820824, "正式名称": "石川歯科医院", "機関区分": 3, "都道府県コード": 9, "市区町村コード": 208, "所在地": "栃木県小山市駅東通り１丁目２９番１２号", "緯度": 36.307721, "経度": 139.810938, "url": "https://www.iryou.teikyouseido.mhlw.go.jp/znk-web/juminkanja/S2430/initialize?prefCd=09&kikanCd=0930820824&kikanKbn=3", "url2": null, "内容": "石川歯科医院【3:歯科】栃木県小山市駅東通り１丁目２９番１２号" }, "geometry": { "type": "Point", "coordinates": [ 139.810938, 36.307721 ] } },
{ "type": "Feature", "properties": { "ID": 930930920699, "正式名称": "大関歯科医院", "機関区分": 3, "都道府県コード": 9, "市区町村コード": 209, "所在地": "栃木県真岡市並木町１丁目１２番地２１", "緯度": 36.4408702, "経度": 140.0011145, "url": "https://www.iryou.teikyouseido.mhlw.go.jp/znk-web/juminkanja/S2430/initialize?prefCd=09&kikanCd=0930920699&kikanKbn=3", "url2": null, "内容": "大関歯科医院【3:歯科】栃木県真岡市並木町１丁目１２番地２１" }, "geometry": { "type": "Point", "coordinates": [ 140.0011145, 36.4408702 ] } },
{ "type": "Feature", "properties": { "ID": 930930930144, "正式名称": "いなみ矯正歯科医院", "機関区分": 3, "都道府県コード": 9, "市区町村コード": 209, "所在地": "栃木県真岡市荒町２０９４−１３", "緯度": 36.44285, "経度": 140.0118, "url": "https://www.iryou.teikyouseido.mhlw.go.jp/znk-web/juminkanja/S2430/initialize?prefCd=09&kikanCd=0930930144&kikanKbn=3", "url2": "http://www.inamistyle.com", "内容": "いなみ矯正歯科医院【3:歯科】栃木県真岡市荒町２０９４−１３" }, "geometry": { "type": "Point", "coordinates": [ 140.0118, 36.44285 ] } },
{ "type": "Feature", "properties": { "ID": 930931020317, "正式名称": "みはら歯科医院", "機関区分": 3, "都道府県コード": 9, "市区町村コード": 210, "所在地": "栃木県大田原市美原１丁目１４番１８号", "緯度": 36.8574841, "経度": 140.005522, "url": "https://www.iryou.teikyouseido.mhlw.go.jp/znk-web/juminkanja/S2430/initialize?prefCd=09&kikanCd=0931020317&kikanKbn=3", "url2": null, "内容": "みはら歯科医院【3:歯科】栃木県大田原市美原１丁目１４番１８号" }, "geometry": { "type": "Point", "coordinates": [ 140.005522, 36.8574841 ] } },
{ "type": "Feature", "properties": { "ID": 930931220446, "正式名称": "ＤＥＮＴＡＬ　ＣＬＩＮＩＣ　Ｍ＇Ｓ", "機関区分": 3, "都道府県コード": 9, "市区町村コード": 213, "所在地": "栃木県那須塩原市方京１ー６ー２", "緯度": 36.933647, "経度": 140.01666, "url": "https://www.iryou.teikyouseido.mhlw.go.jp/znk-web/juminkanja/S2430/initialize?prefCd=09&kikanCd=0931220446&kikanKbn=3", "url2": null, "内容": "ＤＥＮＴＡＬ　ＣＬＩＮＩＣ　Ｍ＇Ｓ【3:歯科】栃木県那須塩原市方京１ー６ー２" }, "geometry": { "type": "Point", "coordinates": [ 140.01666, 36.933647 ] } },
{ "type": "Feature", "properties": { "ID": 930931330260, "正式名称": "ＮＡＳＵ　ＤＥＮＴＡＬ　ＣＬＩＮＩＣ", "機関区分": 3, "都道府県コード": 9, "市区町村コード": 213, "所在地": "栃木県那須塩原市北弥六３６２ー４", "緯度": 36.952938, "経度": 140.01378, "url": "https://www.iryou.teikyouseido.mhlw.go.jp/znk-web/juminkanja/S2430/initialize?prefCd=09&kikanCd=0931330260&kikanKbn=3", "url2": null, "内容": "ＮＡＳＵ　ＤＥＮＴＡＬ　ＣＬＩＮＩＣ【3:歯科】栃木県那須塩原市北弥六３６２ー４" }, "geometry": { "type": "Point", "coordinates": [ 140.01378, 36.952938 ] } },
{ "type": "Feature", "properties": { "ID": 930932321177, "正式名称": "亀田歯科", "機関区分": 3, "都道府県コード": 9, "市区町村コード": 203, "所在地": "栃木県栃木市岩舟町和泉１３２５－１", "緯度": 36.31913, "経度": 139.67409, "url": "https://www.iryou.teikyouseido.mhlw.go.jp/znk-web/juminkanja/S2430/initialize?prefCd=09&kikanCd=0932321177&kikanKbn=3", "url2": null, "内容": "亀田歯科【3:歯科】栃木県栃木市岩舟町和泉１３２５－１" }, "geometry": { "type": "Point", "coordinates": [ 139.67409, 36.31913 ] } },
{ "type": "Feature", "properties": { "ID": 930932521347, "正式名称": "遅沢歯科医院", "機関区分": 3, "都道府県コード": 9, "市区町村コード": 411, "所在地": "栃木県那須郡那珂川町小川２５６５番地５", "緯度": 36.762781, "経度": 140.127937, "url": "https://www.iryou.teikyouseido.mhlw.go.jp/znk-web/juminkanja/S2430/initialize?prefCd=09&kikanCd=0932521347&kikanKbn=3", "url2": null, "内容": "遅沢歯科医院【3:歯科】栃木県那須郡那珂川町小川２５６５番地５" }, "geometry": { "type": "Point", "coordinates": [ 140.127937, 36.762781 ] } },
{ "type": "Feature", "properties": { "ID": 930932521388, "正式名称": "佐川歯科クリニック", "機関区分": 3, "都道府県コード": 9, "市区町村コード": 210, "所在地": "栃木県大田原市黒羽向町５００ー１", "緯度": 36.862003, "経度": 140.11426, "url": "https://www.iryou.teikyouseido.mhlw.go.jp/znk-web/juminkanja/S2430/initialize?prefCd=09&kikanCd=0932521388&kikanKbn=3", "url2": null, "内容": "佐川歯科クリニック【3:歯科】栃木県大田原市黒羽向町５００ー１" }, "geometry": { "type": "Point", "coordinates": [ 140.11426, 36.862003 ] } },
{ "type": "Feature", "properties": { "ID": 931020333, "正式名称": "きくち歯科医院", "機関区分": 3, "都道府県コード": 9, "市区町村コード": 210, "所在地": "栃木県大田原市紫塚２ー２６０９ー９５", "緯度": 36.87548, "経度": 140.0184, "url": "https://www.iryou.teikyouseido.mhlw.go.jp/znk-web/juminkanja/S2430/initialize?prefCd=09&kikanCd=1020333&kikanKbn=3", "url2": null, "内容": "きくち歯科医院【3:歯科】栃木県大田原市紫塚２ー２６０９ー９５" }, "geometry": { "type": "Point", "coordinates": [ 140.0184, 36.87548 ] } },
{ "type": "Feature", "properties": { "ID": 931120323, "正式名称": "すずき歯科", "機関区分": 3, "都道府県コード": 9, "市区町村コード": 211, "所在地": "栃木県矢板市片岡２０８８－１１", "緯度": 36.759819, "経度": 139.939633, "url": "https://www.iryou.teikyouseido.mhlw.go.jp/znk-web/juminkanja/S2430/initialize?prefCd=09&kikanCd=1120323&kikanKbn=3", "url2": null, "内容": "すずき歯科【3:歯科】栃木県矢板市片岡２０８８－１１" }, "geometry": { "type": "Point", "coordinates": [ 139.939633, 36.759819 ] } },
{ "type": "Feature", "properties": { "ID": 931320014, "正式名称": "ワタナベミキヒコ歯科クリニック", "機関区分": 3, "都道府県コード": 9, "市区町村コード": 213, "所在地": "栃木県那須塩原市関谷２０４０－２", "緯度": 36.947848, "経度": 139.904439, "url": "https://www.iryou.teikyouseido.mhlw.go.jp/znk-web/juminkanja/S2430/initialize?prefCd=09&kikanCd=1320014&kikanKbn=3", "url2": null, "内容": "ワタナベミキヒコ歯科クリニック【3:歯科】栃木県那須塩原市関谷２０４０－２" }, "geometry": { "type": "Point", "coordinates": [ 139.904439, 36.947848 ] } },
{ "type": "Feature", "properties": { "ID": 932090100691, "正式名称": "足利市休日夜間急患診療所", "機関区分": 3, "都道府県コード": 9, "市区町村コード": 202, "所在地": "栃木県足利市五十部町２８４－１", "緯度": 36.339798, "経度": 139.421377, "url": "https://www.iryou.teikyouseido.mhlw.go.jp/znk-web/juminkanja/S2430/initialize?prefCd=09&kikanCd=2090100691&kikanKbn=3", "url2": null, "内容": "足利市休日夜間急患診療所【3:歯科】栃木県足利市五十部町２８４－１" }, "geometry": { "type": "Point", "coordinates": [ 139.421377, 36.339798 ] } },
{ "type": "Feature", "properties": { "ID": 932090100693, "正式名称": "鹿沼地区休日急患歯科診療所", "機関区分": 3, "都道府県コード": 9, "市区町村コード": 205, "所在地": "栃木県鹿沼市貝島町５０２７－５", "緯度": 36.555962, "経度": 139.758461, "url": "https://www.iryou.teikyouseido.mhlw.go.jp/znk-web/juminkanja/S2430/initialize?prefCd=09&kikanCd=2090100693&kikanKbn=3", "url2": "https://www.city.kanuma.tochigi.jp/0008/info-0000002214-1.html", "内容": "鹿沼地区休日急患歯科診療所【3:歯科】栃木県鹿沼市貝島町５０２７－５" }, "geometry": { "type": "Point", "coordinates": [ 139.758461, 36.555962 ] } },
{ "type": "Feature", "properties": { "ID": 932090100694, "正式名称": "佐野休日歯科診療所", "機関区分": 3, "都道府県コード": 9, "市区町村コード": 204, "所在地": "栃木県佐野市大橋町２１８２", "緯度": 36.310455, "経度": 139.569228, "url": "https://www.iryou.teikyouseido.mhlw.go.jp/znk-web/juminkanja/S2430/initialize?prefCd=09&kikanCd=2090100694&kikanKbn=3", "url2": null, "内容": "佐野休日歯科診療所【3:歯科】栃木県佐野市大橋町２１８２" }, "geometry": { "type": "Point", "coordinates": [ 139.569228, 36.310455 ] } },
{ "type": "Feature", "properties": { "ID": 932092000326, "正式名称": "おかむら小児歯科クリニック", "機関区分": 3, "都道府県コード": 9, "市区町村コード": 202, "所在地": "栃木県足利市弥生町１３－１", "緯度": 36.340089, "経度": 139.47213, "url": "https://www.iryou.teikyouseido.mhlw.go.jp/znk-web/juminkanja/S2430/initialize?prefCd=09&kikanCd=2092000326&kikanKbn=3", "url2": "https://www.okamura-dental-forkids.com", "内容": "おかむら小児歯科クリニック【3:歯科】栃木県足利市弥生町１３－１" }, "geometry": { "type": "Point", "coordinates": [ 139.47213, 36.340089 ] } },
{ "type": "Feature", "properties": { "ID": 932130107, "正式名称": "山﨑歯科クリニック", "機関区分": 3, "都道府県コード": 9, "市区町村コード": 301, "所在地": "栃木県河内郡上三川町下神主５８－５", "緯度": 36.4459484, "経度": 139.8855097, "url": "https://www.iryou.teikyouseido.mhlw.go.jp/znk-web/juminkanja/S2430/initialize?prefCd=09&kikanCd=2130107&kikanKbn=3", "url2": null, "内容": "山﨑歯科クリニック【3:歯科】栃木県河内郡上三川町下神主５８－５" }, "geometry": { "type": "Point", "coordinates": [ 139.8855097, 36.4459484 ] } },
{ "type": "Feature", "properties": { "ID": 932130156, "正式名称": "デンタルオフィスヒロ", "機関区分": 3, "都道府県コード": 9, "市区町村コード": 301, "所在地": "栃木県河内郡上三川町多功１８６８－１", "緯度": 36.430975, "経度": 139.871746, "url": "https://www.iryou.teikyouseido.mhlw.go.jp/znk-web/juminkanja/S2430/initialize?prefCd=09&kikanCd=2130156&kikanKbn=3", "url2": "https://hiro.dental-net.jp/", "内容": "デンタルオフィスヒロ【3:歯科】栃木県河内郡上三川町多功１８６８－１" }, "geometry": { "type": "Point", "coordinates": [ 139.871746, 36.430975 ] } },
{ "type": "Feature", "properties": { "ID": 932320484, "正式名称": "秋山歯科医院", "機関区分": 3, "都道府県コード": 9, "市区町村コード": 203, "所在地": "栃木県栃木市藤岡町藤岡１３８１", "緯度": 36.253834, "経度": 139.648925, "url": "https://www.iryou.teikyouseido.mhlw.go.jp/znk-web/juminkanja/S2430/initialize?prefCd=09&kikanCd=2320484&kikanKbn=3", "url2": null, "内容": "秋山歯科医院【3:歯科】栃木県栃木市藤岡町藤岡１３８１" }, "geometry": { "type": "Point", "coordinates": [ 139.648925, 36.253834 ] } },
{ "type": "Feature", "properties": { "ID": 932321409, "正式名称": "小関歯科医院", "機関区分": 3, "都道府県コード": 9, "市区町村コード": 203, "所在地": "栃木県栃木市大平町富田１６２１－２", "緯度": 36.337082, "経度": 139.702, "url": "https://www.iryou.teikyouseido.mhlw.go.jp/znk-web/juminkanja/S2430/initialize?prefCd=09&kikanCd=2321409&kikanKbn=3", "url2": null, "内容": "小関歯科医院【3:歯科】栃木県栃木市大平町富田１６２１－２" }, "geometry": { "type": "Point", "coordinates": [ 139.702, 36.337082 ] } },
{ "type": "Feature", "properties": { "ID": 932330194, "正式名称": "医療法人社団智栄会　壬生デンタルクリニック", "機関区分": 3, "都道府県コード": 9, "市区町村コード": 361, "所在地": "栃木県下都賀郡壬生町大字安塚３３８１ー２", "緯度": 36.4825, "経度": 139.83159, "url": "https://www.iryou.teikyouseido.mhlw.go.jp/znk-web/juminkanja/S2430/initialize?prefCd=09&kikanCd=2330194&kikanKbn=3", "url2": "https://www.mibudental.com/", "内容": "医療法人社団智栄会　壬生デンタルクリニック【3:歯科】栃木県下都賀郡壬生町大字安塚３３８１ー２" }, "geometry": { "type": "Point", "coordinates": [ 139.83159, 36.4825 ] } },
{ "type": "Feature", "properties": { "ID": 932521164, "正式名称": "三島歯科クリニック", "機関区分": 3, "都道府県コード": 9, "市区町村コード": 213, "所在地": "栃木県那須塩原市三島２－１２１－１０", "緯度": 36.895794, "経度": 139.97334, "url": "https://www.iryou.teikyouseido.mhlw.go.jp/znk-web/juminkanja/S2430/initialize?prefCd=09&kikanCd=2521164&kikanKbn=3", "url2": null, "内容": "三島歯科クリニック【3:歯科】栃木県那須塩原市三島２－１２１－１０" }, "geometry": { "type": "Point", "coordinates": [ 139.97334, 36.895794 ] } },
{ "type": "Feature", "properties": { "ID": 932730179, "正式名称": "みやした歯科医院", "機関区分": 3, "都道府県コード": 9, "市区町村コード": 342, "所在地": "栃木県芳賀郡益子町七井中央２－１１", "緯度": 36.490735, "経度": 140.096485, "url": "https://www.iryou.teikyouseido.mhlw.go.jp/znk-web/juminkanja/S2430/initialize?prefCd=09&kikanCd=2730179&kikanKbn=3", "url2": "miyashita-dc.com", "内容": "みやした歯科医院【3:歯科】栃木県芳賀郡益子町七井中央２－１１" }, "geometry": { "type": "Point", "coordinates": [ 140.096485, 36.490735 ] } },
{ "type": "Feature", "properties": { "ID": 933090000002, "正式名称": "青木歯科", "機関区分": 3, "都道府県コード": 9, "市区町村コード": 201, "所在地": "栃木県宇都宮市西２－３－４", "緯度": 36.558696, "経度": 139.877135, "url": "https://www.iryou.teikyouseido.mhlw.go.jp/znk-web/juminkanja/S2430/initialize?prefCd=09&kikanCd=3090000002&kikanKbn=3", "url2": "http://aokidental.jp", "内容": "青木歯科【3:歯科】栃木県宇都宮市西２－３－４" }, "geometry": { "type": "Point", "coordinates": [ 139.877135, 36.558696 ] } },
{ "type": "Feature", "properties": { "ID": 933090000003, "正式名称": "あおき歯科クリニック", "機関区分": 3, "都道府県コード": 9, "市区町村コード": 201, "所在地": "栃木県宇都宮市川俣町４６５", "緯度": 36.603523, "経度": 139.912395, "url": "https://www.iryou.teikyouseido.mhlw.go.jp/znk-web/juminkanja/S2430/initialize?prefCd=09&kikanCd=3090000003&kikanKbn=3", "url2": null, "内容": "あおき歯科クリニック【3:歯科】栃木県宇都宮市川俣町４６５" }, "geometry": { "type": "Point", "coordinates": [ 139.912395, 36.603523 ] } },
{ "type": "Feature", "properties": { "ID": 933090000004, "正式名称": "医療法人青木会　あおきファミリー歯科", "機関区分": 3, "都道府県コード": 9, "市区町村コード": 201, "所在地": "栃木県宇都宮市下栗町２９３８－２", "緯度": 36.536391, "経度": 139.91111, "url": "https://www.iryou.teikyouseido.mhlw.go.jp/znk-web/juminkanja/S2430/initialize?prefCd=09&kikanCd=3090000004&kikanKbn=3", "url2": "http://www.aoki8214.com", "内容": "医療法人青木会　あおきファミリー歯科【3:歯科】栃木県宇都宮市下栗町２９３８－２" }, "geometry": { "type": "Point", "coordinates": [ 139.91111, 36.536391 ] } },
{ "type": "Feature", "properties": { "ID": 933090000005, "正式名称": "県歯科医院", "機関区分": 3, "都道府県コード": 9, "市区町村コード": 201, "所在地": "栃木県宇都宮市一条１－３－１２", "緯度": 36.554724, "経度": 139.880121, "url": "https://www.iryou.teikyouseido.mhlw.go.jp/znk-web/juminkanja/S2430/initialize?prefCd=09&kikanCd=3090000005&kikanKbn=3", "url2": null, "内容": "県歯科医院【3:歯科】栃木県宇都宮市一条１－３－１２" }, "geometry": { "type": "Point", "coordinates": [ 139.880121, 36.554724 ] } },
{ "type": "Feature", "properties": { "ID": 933090000006, "正式名称": "赤沼歯科医院", "機関区分": 3, "都道府県コード": 9, "市区町村コード": 201, "所在地": "栃木県宇都宮市雀の宮１－８－１５", "緯度": 36.495518, "経度": 139.874943, "url": "https://www.iryou.teikyouseido.mhlw.go.jp/znk-web/juminkanja/S2430/initialize?prefCd=09&kikanCd=3090000006&kikanKbn=3", "url2": null, "内容": "赤沼歯科医院【3:歯科】栃木県宇都宮市雀の宮１－８－１５" }, "geometry": { "type": "Point", "coordinates": [ 139.874943, 36.495518 ] } },
{ "type": "Feature", "properties": { "ID": 933090000007, "正式名称": "あくつ歯科医院", "機関区分": 3, "都道府県コード": 9, "市区町村コード": 201, "所在地": "栃木県宇都宮市駒生町８５９－４０", "緯度": 36.577832, "経度": 139.846606, "url": "https://www.iryou.teikyouseido.mhlw.go.jp/znk-web/juminkanja/S2430/initialize?prefCd=09&kikanCd=3090000007&kikanKbn=3", "url2": "https://www.akutsu-dc.com", "内容": "あくつ歯科医院【3:歯科】栃木県宇都宮市駒生町８５９－４０" }, "geometry": { "type": "Point", "coordinates": [ 139.846606, 36.577832 ] } },
{ "type": "Feature", "properties": { "ID": 933090000008, "正式名称": "阿久津歯科医院", "機関区分": 3, "都道府県コード": 9, "市区町村コード": 201, "所在地": "栃木県宇都宮市中岡本町４０９４", "緯度": 36.600377, "経度": 139.951381, "url": "https://www.iryou.teikyouseido.mhlw.go.jp/znk-web/juminkanja/S2430/initialize?prefCd=09&kikanCd=3090000008&kikanKbn=3", "url2": null, "内容": "阿久津歯科医院【3:歯科】栃木県宇都宮市中岡本町４０９４" }, "geometry": { "type": "Point", "coordinates": [ 139.951381, 36.600377 ] } },
{ "type": "Feature", "properties": { "ID": 933090000010, "正式名称": "芦澤デンタルクリニック", "機関区分": 3, "都道府県コード": 9, "市区町村コード": 201, "所在地": "栃木県宇都宮市平出町１７６８－８", "緯度": 36.560538, "経度": 139.945632, "url": "https://www.iryou.teikyouseido.mhlw.go.jp/znk-web/juminkanja/S2430/initialize?prefCd=09&kikanCd=3090000010&kikanKbn=3", "url2": "http://www.ashizawa-shika.com", "内容": "芦澤デンタルクリニック【3:歯科】栃木県宇都宮市平出町１７６８－８" }, "geometry": { "type": "Point", "coordinates": [ 139.945632, 36.560538 ] } },
{ "type": "Feature", "properties": { "ID": 933090000011, "正式名称": "あつ歯科", "機関区分": 3, "都道府県コード": 9, "市区町村コード": 201, "所在地": "栃木県宇都宮市宿郷５－２３－４", "緯度": 36.554063, "経度": 139.906569, "url": "https://www.iryou.teikyouseido.mhlw.go.jp/znk-web/juminkanja/S2430/initialize?prefCd=09&kikanCd=3090000011&kikanKbn=3", "url2": "http://www.atu-dental.com", "内容": "あつ歯科【3:歯科】栃木県宇都宮市宿郷５－２３－４" }, "geometry": { "type": "Point", "coordinates": [ 139.906569, 36.554063 ] } },
{ "type": "Feature", "properties": { "ID": 933090000013, "正式名称": "医療法人社団　心裕会　アピタ浅井歯科クリニック", "機関区分": 3, "都道府県コード": 9, "市区町村コード": 201, "所在地": "栃木県宇都宮市江曽島本町２２ー７　アピタ宇都宮店２階", "緯度": 36.531562, "経度": 139.867178, "url": "https://www.iryou.teikyouseido.mhlw.go.jp/znk-web/juminkanja/S2430/initialize?prefCd=09&kikanCd=3090000013&kikanKbn=3", "url2": "http://www.apita-asai.com/", "内容": "医療法人社団　心裕会　アピタ浅井歯科クリニック【3:歯科】栃木県宇都宮市江曽島本町２２ー７　アピタ宇都宮店２階" }, "geometry": { "type": "Point", "coordinates": [ 139.867178, 36.531562 ] } },
{ "type": "Feature", "properties": { "ID": 933090000014, "正式名称": "阿部歯科医院", "機関区分": 3, "都道府県コード": 9, "市区町村コード": 201, "所在地": "栃木県宇都宮市徳次郎町２１９４－１", "緯度": 36.650201, "経度": 139.84355, "url": "https://www.iryou.teikyouseido.mhlw.go.jp/znk-web/juminkanja/S2430/initialize?prefCd=09&kikanCd=3090000014&kikanKbn=3", "url2": null, "内容": "阿部歯科医院【3:歯科】栃木県宇都宮市徳次郎町２１９４－１" }, "geometry": { "type": "Point", "coordinates": [ 139.84355, 36.650201 ] } },
{ "type": "Feature", "properties": { "ID": 933090000015, "正式名称": "天沼歯科医院", "機関区分": 3, "都道府県コード": 9, "市区町村コード": 201, "所在地": "栃木県宇都宮市大通り", "緯度": 36.560852, "経度": 139.893442, "url": "https://www.iryou.teikyouseido.mhlw.go.jp/znk-web/juminkanja/S2430/initialize?prefCd=09&kikanCd=3090000015&kikanKbn=3", "url2": null, "内容": "天沼歯科医院【3:歯科】栃木県宇都宮市大通り" }, "geometry": { "type": "Point", "coordinates": [ 139.893442, 36.560852 ] } },
{ "type": "Feature", "properties": { "ID": 933090000016, "正式名称": "荒井歯科診療所", "機関区分": 3, "都道府県コード": 9, "市区町村コード": 201, "所在地": "栃木県宇都宮市大通り", "緯度": 36.56036, "経度": 139.889359, "url": "https://www.iryou.teikyouseido.mhlw.go.jp/znk-web/juminkanja/S2430/initialize?prefCd=09&kikanCd=3090000016&kikanKbn=3", "url2": null, "内容": "荒井歯科診療所【3:歯科】栃木県宇都宮市大通り" }, "geometry": { "type": "Point", "coordinates": [ 139.889359, 36.56036 ] } },
{ "type": "Feature", "properties": { "ID": 933090000017, "正式名称": "荒川歯科クリニック", "機関区分": 3, "都道府県コード": 9, "市区町村コード": 201, "所在地": "栃木県宇都宮市西川田本町１－４－２５", "緯度": 36.513908, "経度": 139.846928, "url": "https://www.iryou.teikyouseido.mhlw.go.jp/znk-web/juminkanja/S2430/initialize?prefCd=09&kikanCd=3090000017&kikanKbn=3", "url2": null, "内容": "荒川歯科クリニック【3:歯科】栃木県宇都宮市西川田本町１－４－２５" }, "geometry": { "type": "Point", "coordinates": [ 139.846928, 36.513908 ] } },
{ "type": "Feature", "properties": { "ID": 933090000018, "正式名称": "医療法人　實悠会　有坂歯科医院", "機関区分": 3, "都道府県コード": 9, "市区町村コード": 201, "所在地": "栃木県宇都宮市元今泉７丁目３０－１９", "緯度": 36.565968, "経度": 139.915759, "url": "https://www.iryou.teikyouseido.mhlw.go.jp/znk-web/juminkanja/S2430/initialize?prefCd=09&kikanCd=3090000018&kikanKbn=3", "url2": "http://arisaka-dc.jp/", "内容": "医療法人　實悠会　有坂歯科医院【3:歯科】栃木県宇都宮市元今泉７丁目３０－１９" }, "geometry": { "type": "Point", "coordinates": [ 139.915759, 36.565968 ] } },
{ "type": "Feature", "properties": { "ID": 933090000019, "正式名称": "あんどう歯科クリニック", "機関区分": 3, "都道府県コード": 9, "市区町村コード": 201, "所在地": "栃木県宇都宮市中久保２－１２－２１", "緯度": 36.559214, "経度": 139.923397, "url": "https://www.iryou.teikyouseido.mhlw.go.jp/znk-web/juminkanja/S2430/initialize?prefCd=09&kikanCd=3090000019&kikanKbn=3", "url2": "EPARK", "内容": "あんどう歯科クリニック【3:歯科】栃木県宇都宮市中久保２－１２－２１" }, "geometry": { "type": "Point", "coordinates": [ 139.923397, 36.559214 ] } },
{ "type": "Feature", "properties": { "ID": 933090000020, "正式名称": "飯田矯正歯科クリニック", "機関区分": 3, "都道府県コード": 9, "市区町村コード": 201, "所在地": "栃木県宇都宮市桜１－５－５", "緯度": 36.561628, "経度": 139.871418, "url": "https://www.iryou.teikyouseido.mhlw.go.jp/znk-web/juminkanja/S2430/initialize?prefCd=09&kikanCd=3090000020&kikanKbn=3", "url2": null, "内容": "飯田矯正歯科クリニック【3:歯科】栃木県宇都宮市桜１－５－５" }, "geometry": { "type": "Point", "coordinates": [ 139.871418, 36.561628 ] } },
{ "type": "Feature", "properties": { "ID": 933090000023, "正式名称": "石川歯科医院", "機関区分": 3, "都道府県コード": 9, "市区町村コード": 201, "所在地": "栃木県宇都宮市石井町３３７２", "緯度": 36.527539, "経度": 139.919681, "url": "https://www.iryou.teikyouseido.mhlw.go.jp/znk-web/juminkanja/S2430/initialize?prefCd=09&kikanCd=3090000023&kikanKbn=3", "url2": null, "内容": "石川歯科医院【3:歯科】栃木県宇都宮市石井町３３７２" }, "geometry": { "type": "Point", "coordinates": [ 139.919681, 36.527539 ] } },
{ "type": "Feature", "properties": { "ID": 933090000024, "正式名称": "石川歯科医院", "機関区分": 3, "都道府県コード": 9, "市区町村コード": 201, "所在地": "栃木県宇都宮市峰１－２－１７", "緯度": 36.553747, "経度": 139.90931, "url": "https://www.iryou.teikyouseido.mhlw.go.jp/znk-web/juminkanja/S2430/initialize?prefCd=09&kikanCd=3090000024&kikanKbn=3", "url2": null, "内容": "石川歯科医院【3:歯科】栃木県宇都宮市峰１－２－１７" }, "geometry": { "type": "Point", "coordinates": [ 139.90931, 36.553747 ] } },
{ "type": "Feature", "properties": { "ID": 933090000026, "正式名称": "礒歯科医院", "機関区分": 3, "都道府県コード": 9, "市区町村コード": 201, "所在地": "栃木県宇都宮市今泉新町１６１－２", "緯度": 36.572045, "経度": 139.912128, "url": "https://www.iryou.teikyouseido.mhlw.go.jp/znk-web/juminkanja/S2430/initialize?prefCd=09&kikanCd=3090000026&kikanKbn=3", "url2": "http://www.isoshika.jp", "内容": "礒歯科医院【3:歯科】栃木県宇都宮市今泉新町１６１－２" }, "geometry": { "type": "Point", "coordinates": [ 139.912128, 36.572045 ] } },
{ "type": "Feature", "properties": { "ID": 933090000029, "正式名称": "井出歯科医院", "機関区分": 3, "都道府県コード": 9, "市区町村コード": 201, "所在地": "栃木県宇都宮市西刑部町１２００番地３", "緯度": 36.501248, "経度": 139.928655, "url": "https://www.iryou.teikyouseido.mhlw.go.jp/znk-web/juminkanja/S2430/initialize?prefCd=09&kikanCd=3090000029&kikanKbn=3", "url2": "http://www.ide-shikaiin.jp", "内容": "井出歯科医院【3:歯科】栃木県宇都宮市西刑部町１２００番地３" }, "geometry": { "type": "Point", "coordinates": [ 139.928655, 36.501248 ] } },
{ "type": "Feature", "properties": { "ID": 933090000031, "正式名称": "いのせ歯科医院", "機関区分": 3, "都道府県コード": 9, "市区町村コード": 201, "所在地": "栃木県宇都宮市野沢町１８７－１３１", "緯度": 36.609245, "経度": 139.855754, "url": "https://www.iryou.teikyouseido.mhlw.go.jp/znk-web/juminkanja/S2430/initialize?prefCd=09&kikanCd=3090000031&kikanKbn=3", "url2": null, "内容": "いのせ歯科医院【3:歯科】栃木県宇都宮市野沢町１８７－１３１" }, "geometry": { "type": "Point", "coordinates": [ 139.855754, 36.609245 ] } },
{ "type": "Feature", "properties": { "ID": 933090000032, "正式名称": "いのまた歯科医院", "機関区分": 3, "都道府県コード": 9, "市区町村コード": 201, "所在地": "栃木県宇都宮市上田原町６６０－１", "緯度": 36.641925, "経度": 139.895874, "url": "https://www.iryou.teikyouseido.mhlw.go.jp/znk-web/juminkanja/S2430/initialize?prefCd=09&kikanCd=3090000032&kikanKbn=3", "url2": null, "内容": "いのまた歯科医院【3:歯科】栃木県宇都宮市上田原町６６０－１" }, "geometry": { "type": "Point", "coordinates": [ 139.895874, 36.641925 ] } },
{ "type": "Feature", "properties": { "ID": 933090000033, "正式名称": "今泉デンタルクリニック", "機関区分": 3, "都道府県コード": 9, "市区町村コード": 201, "所在地": "栃木県宇都宮市中今泉２－７－１６", "緯度": 36.567943, "経度": 139.903343, "url": "https://www.iryou.teikyouseido.mhlw.go.jp/znk-web/juminkanja/S2430/initialize?prefCd=09&kikanCd=3090000033&kikanKbn=3", "url2": "http://imaizumi-dental.net/", "内容": "今泉デンタルクリニック【3:歯科】栃木県宇都宮市中今泉２－７－１６" }, "geometry": { "type": "Point", "coordinates": [ 139.903343, 36.567943 ] } },
{ "type": "Feature", "properties": { "ID": 933090000034, "正式名称": "今谷クリニック", "機関区分": 3, "都道府県コード": 9, "市区町村コード": 201, "所在地": "栃木県宇都宮市高砂町１３－９", "緯度": 36.486192, "経度": 139.870047, "url": "https://www.iryou.teikyouseido.mhlw.go.jp/znk-web/juminkanja/S2430/initialize?prefCd=09&kikanCd=3090000034&kikanKbn=3", "url2": null, "内容": "今谷クリニック【3:歯科】栃木県宇都宮市高砂町１３－９" }, "geometry": { "type": "Point", "coordinates": [ 139.870047, 36.486192 ] } },
{ "type": "Feature", "properties": { "ID": 933090000035, "正式名称": "医療法人社団　全至善會　モリシタ歯科医院", "機関区分": 3, "都道府県コード": 9, "市区町村コード": 201, "所在地": "栃木県宇都宮市駅前通り１－４－６　宇都宮西口ビル６Ｆ", "緯度": 36.560897, "経度": 139.897296, "url": "https://www.iryou.teikyouseido.mhlw.go.jp/znk-web/juminkanja/S2430/initialize?prefCd=09&kikanCd=3090000035&kikanKbn=3", "url2": "http://www.mori-shita.com/", "内容": "医療法人社団　全至善會　モリシタ歯科医院【3:歯科】栃木県宇都宮市駅前通り１－４－６　宇都宮西口ビル６Ｆ" }, "geometry": { "type": "Point", "coordinates": [ 139.897296, 36.560897 ] } },
{ "type": "Feature", "properties": { "ID": 933090000037, "正式名称": "インターパークすずらん歯科", "機関区分": 3, "都道府県コード": 9, "市区町村コード": 201, "所在地": "栃木県宇都宮市インターパーク１－３－４", "緯度": 36.499597, "経度": 139.904749, "url": "https://www.iryou.teikyouseido.mhlw.go.jp/znk-web/juminkanja/S2430/initialize?prefCd=09&kikanCd=3090000037&kikanKbn=3", "url2": "http://www.suzuran-dc.com/", "内容": "インターパークすずらん歯科【3:歯科】栃木県宇都宮市インターパーク１－３－４" }, "geometry": { "type": "Point", "coordinates": [ 139.904749, 36.499597 ] } },
{ "type": "Feature", "properties": { "ID": 933090000038, "正式名称": "印出井歯科医院", "機関区分": 3, "都道府県コード": 9, "市区町村コード": 201, "所在地": "栃木県宇都宮市宮町１－６", "緯度": 36.56212, "経度": 139.886809, "url": "https://www.iryou.teikyouseido.mhlw.go.jp/znk-web/juminkanja/S2430/initialize?prefCd=09&kikanCd=3090000038&kikanKbn=3", "url2": null, "内容": "印出井歯科医院【3:歯科】栃木県宇都宮市宮町１－６" }, "geometry": { "type": "Point", "coordinates": [ 139.886809, 36.56212 ] } },
{ "type": "Feature", "properties": { "ID": 933090000039, "正式名称": "植田歯科医院", "機関区分": 3, "都道府県コード": 9, "市区町村コード": 201, "所在地": "栃木県宇都宮市宮園町３番１１号２階", "緯度": 36.55951, "経度": 139.881298, "url": "https://www.iryou.teikyouseido.mhlw.go.jp/znk-web/juminkanja/S2430/initialize?prefCd=09&kikanCd=3090000039&kikanKbn=3", "url2": null, "内容": "植田歯科医院【3:歯科】栃木県宇都宮市宮園町３番１１号２階" }, "geometry": { "type": "Point", "coordinates": [ 139.881298, 36.55951 ] } },
{ "type": "Feature", "properties": { "ID": 933090000042, "正式名称": "臼井歯科医院", "機関区分": 3, "都道府県コード": 9, "市区町村コード": 201, "所在地": "栃木県宇都宮市清住１－８－４", "緯度": 36.567753, "経度": 139.877673, "url": "https://www.iryou.teikyouseido.mhlw.go.jp/znk-web/juminkanja/S2430/initialize?prefCd=09&kikanCd=3090000042&kikanKbn=3", "url2": null, "内容": "臼井歯科医院【3:歯科】栃木県宇都宮市清住１－８－４" }, "geometry": { "type": "Point", "coordinates": [ 139.877673, 36.567753 ] } },
{ "type": "Feature", "properties": { "ID": 933090000043, "正式名称": "医療法人　宇津矯正歯科医院", "機関区分": 3, "都道府県コード": 9, "市区町村コード": 201, "所在地": "栃木県宇都宮市元今泉４丁目８－２２", "緯度": 36.561824, "経度": 139.904466, "url": "https://www.iryou.teikyouseido.mhlw.go.jp/znk-web/juminkanja/S2430/initialize?prefCd=09&kikanCd=3090000043&kikanKbn=3", "url2": null, "内容": "医療法人　宇津矯正歯科医院【3:歯科】栃木県宇都宮市元今泉４丁目８－２２" }, "geometry": { "type": "Point", "coordinates": [ 139.904466, 36.561824 ] } },
{ "type": "Feature", "properties": { "ID": 933090000044, "正式名称": "駅東ふくだ歯科医院", "機関区分": 3, "都道府県コード": 9, "市区町村コード": 201, "所在地": "栃木県宇都宮市東宿郷１－３－７　アーサビル３０１", "緯度": 36.559236, "経度": 139.901822, "url": "https://www.iryou.teikyouseido.mhlw.go.jp/znk-web/juminkanja/S2430/initialize?prefCd=09&kikanCd=3090000044&kikanKbn=3", "url2": "http://www.fukudasika.com", "内容": "駅東ふくだ歯科医院【3:歯科】栃木県宇都宮市東宿郷１－３－７　アーサビル３０１" }, "geometry": { "type": "Point", "coordinates": [ 139.901822, 36.559236 ] } },
{ "type": "Feature", "properties": { "ID": 933090000045, "正式名称": "江畑歯科医院", "機関区分": 3, "都道府県コード": 9, "市区町村コード": 201, "所在地": "栃木県宇都宮市江曽島町１２５７－５", "緯度": 36.532915, "経度": 139.876514, "url": "https://www.iryou.teikyouseido.mhlw.go.jp/znk-web/juminkanja/S2430/initialize?prefCd=09&kikanCd=3090000045&kikanKbn=3", "url2": null, "内容": "江畑歯科医院【3:歯科】栃木県宇都宮市江曽島町１２５７－５" }, "geometry": { "type": "Point", "coordinates": [ 139.876514, 36.532915 ] } },
{ "type": "Feature", "properties": { "ID": 933090000047, "正式名称": "えばた歯科医院", "機関区分": 3, "都道府県コード": 9, "市区町村コード": 201, "所在地": "栃木県宇都宮市元今泉７－１９－１　クリニックステーションビル２Ｆ", "緯度": 36.565332, "経度": 139.912745, "url": "https://www.iryou.teikyouseido.mhlw.go.jp/znk-web/juminkanja/S2430/initialize?prefCd=09&kikanCd=3090000047&kikanKbn=3", "url2": "http://www.ebata-dc.com", "内容": "えばた歯科医院【3:歯科】栃木県宇都宮市元今泉７－１９－１　クリニックステーションビル２Ｆ" }, "geometry": { "type": "Point", "coordinates": [ 139.912745, 36.565332 ] } },
{ "type": "Feature", "properties": { "ID": 933090000048, "正式名称": "江俣歯科医院", "機関区分": 3, "都道府県コード": 9, "市区町村コード": 201, "所在地": "栃木県宇都宮市松原２－７－１０", "緯度": 36.57366, "経度": 139.871712, "url": "https://www.iryou.teikyouseido.mhlw.go.jp/znk-web/juminkanja/S2430/initialize?prefCd=09&kikanCd=3090000048&kikanKbn=3", "url2": "http://www.emata.jp", "内容": "江俣歯科医院【3:歯科】栃木県宇都宮市松原２－７－１０" }, "geometry": { "type": "Point", "coordinates": [ 139.871712, 36.57366 ] } },
{ "type": "Feature", "properties": { "ID": 933090000049, "正式名称": "医療法人Ｏ．Ｄ．Ｆ暁一会　　おいかわ歯科医院", "機関区分": 3, "都道府県コード": 9, "市区町村コード": 201, "所在地": "栃木県宇都宮市清原台３－６－２４", "緯度": 36.560475, "経度": 139.991535, "url": "https://www.iryou.teikyouseido.mhlw.go.jp/znk-web/juminkanja/S2430/initialize?prefCd=09&kikanCd=3090000049&kikanKbn=3", "url2": "http://www.oikawa-shika.jp/", "内容": "医療法人Ｏ．Ｄ．Ｆ暁一会　　おいかわ歯科医院【3:歯科】栃木県宇都宮市清原台３－６－２４" }, "geometry": { "type": "Point", "coordinates": [ 139.991535, 36.560475 ] } },
{ "type": "Feature", "properties": { "ID": 933090000050, "正式名称": "大柿歯科医院", "機関区分": 3, "都道府県コード": 9, "市区町村コード": 201, "所在地": "栃木県宇都宮市若草５－５－３８", "緯度": 36.592155, "経度": 139.858729, "url": "https://www.iryou.teikyouseido.mhlw.go.jp/znk-web/juminkanja/S2430/initialize?prefCd=09&kikanCd=3090000050&kikanKbn=3", "url2": null, "内容": "大柿歯科医院【3:歯科】栃木県宇都宮市若草５－５－３８" }, "geometry": { "type": "Point", "coordinates": [ 139.858729, 36.592155 ] } },
{ "type": "Feature", "properties": { "ID": 933090000052, "正式名称": "おおくぼ歯科医院", "機関区分": 3, "都道府県コード": 9, "市区町村コード": 201, "所在地": "栃木県宇都宮市滝の原", "緯度": 36.543036, "経度": 139.863608, "url": "https://www.iryou.teikyouseido.mhlw.go.jp/znk-web/juminkanja/S2430/initialize?prefCd=09&kikanCd=3090000052&kikanKbn=3", "url2": null, "内容": "おおくぼ歯科医院【3:歯科】栃木県宇都宮市滝の原" }, "geometry": { "type": "Point", "coordinates": [ 139.863608, 36.543036 ] } },
{ "type": "Feature", "properties": { "ID": 933090000053, "正式名称": "大島歯科医院", "機関区分": 3, "都道府県コード": 9, "市区町村コード": 201, "所在地": "栃木県宇都宮市下戸祭２－９－１　高木コーポ１Ｆ", "緯度": 36.571902, "経度": 139.876631, "url": "https://www.iryou.teikyouseido.mhlw.go.jp/znk-web/juminkanja/S2430/initialize?prefCd=09&kikanCd=3090000053&kikanKbn=3", "url2": null, "内容": "大島歯科医院【3:歯科】栃木県宇都宮市下戸祭２－９－１　高木コーポ１Ｆ" }, "geometry": { "type": "Point", "coordinates": [ 139.876631, 36.571902 ] } },
{ "type": "Feature", "properties": { "ID": 933090000054, "正式名称": "大嶋歯科医院", "機関区分": 3, "都道府県コード": 9, "市区町村コード": 201, "所在地": "栃木県宇都宮市緑３丁目３８番１３号", "緯度": 36.520346, "経度": 139.856302, "url": "https://www.iryou.teikyouseido.mhlw.go.jp/znk-web/juminkanja/S2430/initialize?prefCd=09&kikanCd=3090000054&kikanKbn=3", "url2": "http://www.ohshimadental.com/", "内容": "大嶋歯科医院【3:歯科】栃木県宇都宮市緑３丁目３８番１３号" }, "geometry": { "type": "Point", "coordinates": [ 139.856302, 36.520346 ] } },
{ "type": "Feature", "properties": { "ID": 933090000055, "正式名称": "大関矯正歯科医院", "機関区分": 3, "都道府県コード": 9, "市区町村コード": 201, "所在地": "栃木県宇都宮市塙田３－５－１　桔梗ビル２Ｆ", "緯度": 36.563415, "経度": 139.88717, "url": "https://www.iryou.teikyouseido.mhlw.go.jp/znk-web/juminkanja/S2430/initialize?prefCd=09&kikanCd=3090000055&kikanKbn=3", "url2": null, "内容": "大関矯正歯科医院【3:歯科】栃木県宇都宮市塙田３－５－１　桔梗ビル２Ｆ" }, "geometry": { "type": "Point", "coordinates": [ 139.88717, 36.563415 ] } },
{ "type": "Feature", "properties": { "ID": 933090000057, "正式名称": "大塚歯科", "機関区分": 3, "都道府県コード": 9, "市区町村コード": 201, "所在地": "栃木県宇都宮市鶴田町", "緯度": 36.564561, "経度": 139.856469, "url": "https://www.iryou.teikyouseido.mhlw.go.jp/znk-web/juminkanja/S2430/initialize?prefCd=09&kikanCd=3090000057&kikanKbn=3", "url2": null, "内容": "大塚歯科【3:歯科】栃木県宇都宮市鶴田町" }, "geometry": { "type": "Point", "coordinates": [ 139.856469, 36.564561 ] } },
{ "type": "Feature", "properties": { "ID": 933090000058, "正式名称": "医療法人　Ｙ２Ｄ　おおつか歯科クリニック", "機関区分": 3, "都道府県コード": 9, "市区町村コード": 201, "所在地": "栃木県宇都宮市御幸ケ原町７７−１８", "緯度": 36.590596, "経度": 139.923812, "url": "https://www.iryou.teikyouseido.mhlw.go.jp/znk-web/juminkanja/S2430/initialize?prefCd=09&kikanCd=3090000058&kikanKbn=3", "url2": "https://ohtsuka-dental.com", "内容": "医療法人　Ｙ２Ｄ　おおつか歯科クリニック【3:歯科】栃木県宇都宮市御幸ケ原町７７−１８" }, "geometry": { "type": "Point", "coordinates": [ 139.923812, 36.590596 ] } },
{ "type": "Feature", "properties": { "ID": 933090000060, "正式名称": "大貫歯科医院", "機関区分": 3, "都道府県コード": 9, "市区町村コード": 201, "所在地": "栃木県宇都宮市塙田３－２－９", "緯度": 36.563498, "経度": 139.8885, "url": "https://www.iryou.teikyouseido.mhlw.go.jp/znk-web/juminkanja/S2430/initialize?prefCd=09&kikanCd=3090000060&kikanKbn=3", "url2": null, "内容": "大貫歯科医院【3:歯科】栃木県宇都宮市塙田３－２－９" }, "geometry": { "type": "Point", "coordinates": [ 139.8885, 36.563498 ] } },
{ "type": "Feature", "properties": { "ID": 933090000061, "正式名称": "大貫歯科医院", "機関区分": 3, "都道府県コード": 9, "市区町村コード": 201, "所在地": "栃木県宇都宮市小幡", "緯度": 36.563389, "経度": 139.874115, "url": "https://www.iryou.teikyouseido.mhlw.go.jp/znk-web/juminkanja/S2430/initialize?prefCd=09&kikanCd=3090000061&kikanKbn=3", "url2": null, "内容": "大貫歯科医院【3:歯科】栃木県宇都宮市小幡" }, "geometry": { "type": "Point", "coordinates": [ 139.874115, 36.563389 ] } },
{ "type": "Feature", "properties": { "ID": 933090000062, "正式名称": "おおねだ歯科医院", "機関区分": 3, "都道府県コード": 9, "市区町村コード": 201, "所在地": "栃木県宇都宮市陽東６－１３－１", "緯度": 36.554239, "経度": 139.929589, "url": "https://www.iryou.teikyouseido.mhlw.go.jp/znk-web/juminkanja/S2430/initialize?prefCd=09&kikanCd=3090000062&kikanKbn=3", "url2": null, "内容": "おおねだ歯科医院【3:歯科】栃木県宇都宮市陽東６－１３－１" }, "geometry": { "type": "Point", "coordinates": [ 139.929589, 36.554239 ] } },
{ "type": "Feature", "properties": { "ID": 933090000063, "正式名称": "大野歯科医院", "機関区分": 3, "都道府県コード": 9, "市区町村コード": 201, "所在地": "栃木県宇都宮市御幸本町４６５０－６", "緯度": 36.576646, "経度": 139.926982, "url": "https://www.iryou.teikyouseido.mhlw.go.jp/znk-web/juminkanja/S2430/initialize?prefCd=09&kikanCd=3090000063&kikanKbn=3", "url2": "https://oono-dental-clinic-1.jimdosite.com/", "内容": "大野歯科医院【3:歯科】栃木県宇都宮市御幸本町４６５０－６" }, "geometry": { "type": "Point", "coordinates": [ 139.926982, 36.576646 ] } },
{ "type": "Feature", "properties": { "ID": 933090000064, "正式名称": "大野歯科医院", "機関区分": 3, "都道府県コード": 9, "市区町村コード": 201, "所在地": "栃木県宇都宮市新町２－１－１５", "緯度": 36.548213, "経度": 139.876332, "url": "https://www.iryou.teikyouseido.mhlw.go.jp/znk-web/juminkanja/S2430/initialize?prefCd=09&kikanCd=3090000064&kikanKbn=3", "url2": "http://www.ono-dentalclinic.com", "内容": "大野歯科医院【3:歯科】栃木県宇都宮市新町２－１－１５" }, "geometry": { "type": "Point", "coordinates": [ 139.876332, 36.548213 ] } },
{ "type": "Feature", "properties": { "ID": 933090000066, "正式名称": "おおはしデンタルクリニック", "機関区分": 3, "都道府県コード": 9, "市区町村コード": 201, "所在地": "栃木県宇都宮市南一の沢町２－２６　斉藤ビル２階", "緯度": 36.563147, "経度": 139.863516, "url": "https://www.iryou.teikyouseido.mhlw.go.jp/znk-web/juminkanja/S2430/initialize?prefCd=09&kikanCd=3090000066&kikanKbn=3", "url2": null, "内容": "おおはしデンタルクリニック【3:歯科】栃木県宇都宮市南一の沢町２－２６　斉藤ビル２階" }, "geometry": { "type": "Point", "coordinates": [ 139.863516, 36.563147 ] } },
{ "type": "Feature", "properties": { "ID": 933090000067, "正式名称": "大場歯科医院", "機関区分": 3, "都道府県コード": 9, "市区町村コード": 201, "所在地": "栃木県宇都宮市西刑部町２６１１－１５", "緯度": 36.51184, "経度": 139.921349, "url": "https://www.iryou.teikyouseido.mhlw.go.jp/znk-web/juminkanja/S2430/initialize?prefCd=09&kikanCd=3090000067&kikanKbn=3", "url2": null, "内容": "大場歯科医院【3:歯科】栃木県宇都宮市西刑部町２６１１－１５" }, "geometry": { "type": "Point", "coordinates": [ 139.921349, 36.51184 ] } },
{ "type": "Feature", "properties": { "ID": 933090000068, "正式名称": "大森歯科医院", "機関区分": 3, "都道府県コード": 9, "市区町村コード": 201, "所在地": "栃木県宇都宮市富士見が丘２－１９－２７", "緯度": 36.58471, "経度": 139.885432, "url": "https://www.iryou.teikyouseido.mhlw.go.jp/znk-web/juminkanja/S2430/initialize?prefCd=09&kikanCd=3090000068&kikanKbn=3", "url2": null, "内容": "大森歯科医院【3:歯科】栃木県宇都宮市富士見が丘２－１９－２７" }, "geometry": { "type": "Point", "coordinates": [ 139.885432, 36.58471 ] } },
{ "type": "Feature", "properties": { "ID": 933090000069, "正式名称": "尾形歯科医院", "機関区分": 3, "都道府県コード": 9, "市区町村コード": 201, "所在地": "栃木県宇都宮市下川俣町６０－３", "緯度": 36.591002, "経度": 139.914812, "url": "https://www.iryou.teikyouseido.mhlw.go.jp/znk-web/juminkanja/S2430/initialize?prefCd=09&kikanCd=3090000069&kikanKbn=3", "url2": "https://ogata-dentalclinic.net", "内容": "尾形歯科医院【3:歯科】栃木県宇都宮市下川俣町６０－３" }, "geometry": { "type": "Point", "coordinates": [ 139.914812, 36.591002 ] } },
{ "type": "Feature", "properties": { "ID": 933090000070, "正式名称": "おかだ歯科医院", "機関区分": 3, "都道府県コード": 9, "市区町村コード": 201, "所在地": "栃木県宇都宮市御幸ケ原町", "緯度": 36.593697, "経度": 139.924075, "url": "https://www.iryou.teikyouseido.mhlw.go.jp/znk-web/juminkanja/S2430/initialize?prefCd=09&kikanCd=3090000070&kikanKbn=3", "url2": "http://www.okadadental.com/doc.html", "内容": "おかだ歯科医院【3:歯科】栃木県宇都宮市御幸ケ原町" }, "geometry": { "type": "Point", "coordinates": [ 139.924075, 36.593697 ] } },
{ "type": "Feature", "properties": { "ID": 933090000071, "正式名称": "岡田歯科医院", "機関区分": 3, "都道府県コード": 9, "市区町村コード": 201, "所在地": "栃木県宇都宮市石井町１３６１－１", "緯度": 36.542043, "経度": 139.932261, "url": "https://www.iryou.teikyouseido.mhlw.go.jp/znk-web/juminkanja/S2430/initialize?prefCd=09&kikanCd=3090000071&kikanKbn=3", "url2": "http://www.okadashika.jp", "内容": "岡田歯科医院【3:歯科】栃木県宇都宮市石井町１３６１－１" }, "geometry": { "type": "Point", "coordinates": [ 139.932261, 36.542043 ] } },
{ "type": "Feature", "properties": { "ID": 933090000073, "正式名称": "小倉歯科クリニック", "機関区分": 3, "都道府県コード": 9, "市区町村コード": 201, "所在地": "栃木県宇都宮市簗瀬町１２７９", "緯度": 36.545597, "経度": 139.896476, "url": "https://www.iryou.teikyouseido.mhlw.go.jp/znk-web/juminkanja/S2430/initialize?prefCd=09&kikanCd=3090000073&kikanKbn=3", "url2": "https://ogurashika-clinic.com/", "内容": "小倉歯科クリニック【3:歯科】栃木県宇都宮市簗瀬町１２７９" }, "geometry": { "type": "Point", "coordinates": [ 139.896476, 36.545597 ] } },
{ "type": "Feature", "properties": { "ID": 933090000074, "正式名称": "小澤歯科医院", "機関区分": 3, "都道府県コード": 9, "市区町村コード": 201, "所在地": "栃木県宇都宮市江曽島町", "緯度": 36.524007, "経度": 139.87592, "url": "https://www.iryou.teikyouseido.mhlw.go.jp/znk-web/juminkanja/S2430/initialize?prefCd=09&kikanCd=3090000074&kikanKbn=3", "url2": null, "内容": "小澤歯科医院【3:歯科】栃木県宇都宮市江曽島町" }, "geometry": { "type": "Point", "coordinates": [ 139.87592, 36.524007 ] } },
{ "type": "Feature", "properties": { "ID": 933090000075, "正式名称": "おだいら矯正歯科", "機関区分": 3, "都道府県コード": 9, "市区町村コード": 201, "所在地": "栃木県宇都宮市宝木町１－２５８８－４４", "緯度": 36.58102, "経度": 139.858924, "url": "https://www.iryou.teikyouseido.mhlw.go.jp/znk-web/juminkanja/S2430/initialize?prefCd=09&kikanCd=3090000075&kikanKbn=3", "url2": "https://odaira-ortho.com/", "内容": "おだいら矯正歯科【3:歯科】栃木県宇都宮市宝木町１－２５８８－４４" }, "geometry": { "type": "Point", "coordinates": [ 139.858924, 36.58102 ] } },
{ "type": "Feature", "properties": { "ID": 933090000076, "正式名称": "おとづら歯科医院", "機関区分": 3, "都道府県コード": 9, "市区町村コード": 201, "所在地": "栃木県宇都宮市東簗瀬", "緯度": 36.541579, "経度": 139.902686, "url": "https://www.iryou.teikyouseido.mhlw.go.jp/znk-web/juminkanja/S2430/initialize?prefCd=09&kikanCd=3090000076&kikanKbn=3", "url2": null, "内容": "おとづら歯科医院【3:歯科】栃木県宇都宮市東簗瀬" }, "geometry": { "type": "Point", "coordinates": [ 139.902686, 36.541579 ] } },
{ "type": "Feature", "properties": { "ID": 933090000077, "正式名称": "小野歯科医院", "機関区分": 3, "都道府県コード": 9, "市区町村コード": 201, "所在地": "栃木県宇都宮市池上町４ー５小野歯科ビル２階", "緯度": 36.561388, "経度": 139.881426, "url": "https://www.iryou.teikyouseido.mhlw.go.jp/znk-web/juminkanja/S2430/initialize?prefCd=09&kikanCd=3090000077&kikanKbn=3", "url2": null, "内容": "小野歯科医院【3:歯科】栃木県宇都宮市池上町４ー５小野歯科ビル２階" }, "geometry": { "type": "Point", "coordinates": [ 139.881426, 36.561388 ] } },
{ "type": "Feature", "properties": { "ID": 933090000079, "正式名称": "おのがわ歯科クリニック", "機関区分": 3, "都道府県コード": 9, "市区町村コード": 201, "所在地": "栃木県宇都宮市大曽２－７－１３", "緯度": 36.573633, "経度": 139.888399, "url": "https://www.iryou.teikyouseido.mhlw.go.jp/znk-web/juminkanja/S2430/initialize?prefCd=09&kikanCd=3090000079&kikanKbn=3", "url2": null, "内容": "おのがわ歯科クリニック【3:歯科】栃木県宇都宮市大曽２－７－１３" }, "geometry": { "type": "Point", "coordinates": [ 139.888399, 36.573633 ] } },
{ "type": "Feature", "properties": { "ID": 933090000080, "正式名称": "おのざき歯科医院", "機関区分": 3, "都道府県コード": 9, "市区町村コード": 201, "所在地": "栃木県宇都宮市ゆいの杜四丁目七の一", "緯度": 36.569928, "経度": 139.989266, "url": "https://www.iryou.teikyouseido.mhlw.go.jp/znk-web/juminkanja/S2430/initialize?prefCd=09&kikanCd=3090000080&kikanKbn=3", "url2": "http://www.onozakishika.com/", "内容": "おのざき歯科医院【3:歯科】栃木県宇都宮市ゆいの杜四丁目七の一" }, "geometry": { "type": "Point", "coordinates": [ 139.989266, 36.569928 ] } },
{ "type": "Feature", "properties": { "ID": 933090000081, "正式名称": "小宅歯科医院", "機関区分": 3, "都道府県コード": 9, "市区町村コード": 201, "所在地": "栃木県宇都宮市氷室町２８１５", "緯度": 36.535543, "経度": 139.987739, "url": "https://www.iryou.teikyouseido.mhlw.go.jp/znk-web/juminkanja/S2430/initialize?prefCd=09&kikanCd=3090000081&kikanKbn=3", "url2": "https://oyakeshika.com/", "内容": "小宅歯科医院【3:歯科】栃木県宇都宮市氷室町２８１５" }, "geometry": { "type": "Point", "coordinates": [ 139.987739, 36.535543 ] } },
{ "type": "Feature", "properties": { "ID": 933090000082, "正式名称": "加々美歯科医院", "機関区分": 3, "都道府県コード": 9, "市区町村コード": 201, "所在地": "栃木県宇都宮市本町４－１２", "緯度": 36.561817, "経度": 139.882551, "url": "https://www.iryou.teikyouseido.mhlw.go.jp/znk-web/juminkanja/S2430/initialize?prefCd=09&kikanCd=3090000082&kikanKbn=3", "url2": null, "内容": "加々美歯科医院【3:歯科】栃木県宇都宮市本町４－１２" }, "geometry": { "type": "Point", "coordinates": [ 139.882551, 36.561817 ] } },
{ "type": "Feature", "properties": { "ID": 933090000083, "正式名称": "笠倉歯科医院", "機関区分": 3, "都道府県コード": 9, "市区町村コード": 201, "所在地": "栃木県宇都宮市簗瀬町１８４０－２", "緯度": 36.5449, "経度": 139.889315, "url": "https://www.iryou.teikyouseido.mhlw.go.jp/znk-web/juminkanja/S2430/initialize?prefCd=09&kikanCd=3090000083&kikanKbn=3", "url2": null, "内容": "笠倉歯科医院【3:歯科】栃木県宇都宮市簗瀬町１８４０－２" }, "geometry": { "type": "Point", "coordinates": [ 139.889315, 36.5449 ] } },
{ "type": "Feature", "properties": { "ID": 933090000084, "正式名称": "かさはら歯科医院", "機関区分": 3, "都道府県コード": 9, "市区町村コード": 201, "所在地": "栃木県宇都宮市簗瀬４－６－６", "緯度": 36.552814, "経度": 139.898186, "url": "https://www.iryou.teikyouseido.mhlw.go.jp/znk-web/juminkanja/S2430/initialize?prefCd=09&kikanCd=3090000084&kikanKbn=3", "url2": "http://www.kasahara-dental.com", "内容": "かさはら歯科医院【3:歯科】栃木県宇都宮市簗瀬４－６－６" }, "geometry": { "type": "Point", "coordinates": [ 139.898186, 36.552814 ] } },
{ "type": "Feature", "properties": { "ID": 933090000086, "正式名称": "医療法人　聖心会　カトレア柴田歯科", "機関区分": 3, "都道府県コード": 9, "市区町村コード": 201, "所在地": "栃木県宇都宮市雀宮町１１－３", "緯度": 36.496714, "経度": 139.906435, "url": "https://www.iryou.teikyouseido.mhlw.go.jp/znk-web/juminkanja/S2430/initialize?prefCd=09&kikanCd=3090000086&kikanKbn=3", "url2": null, "内容": "医療法人　聖心会　カトレア柴田歯科【3:歯科】栃木県宇都宮市雀宮町１１－３" }, "geometry": { "type": "Point", "coordinates": [ 139.906435, 36.496714 ] } },
{ "type": "Feature", "properties": { "ID": 933090000087, "正式名称": "金澤歯科医院", "機関区分": 3, "都道府県コード": 9, "市区町村コード": 201, "所在地": "栃木県宇都宮市針ヶ谷町５００－４", "緯度": 36.492065, "経度": 139.85477, "url": "https://www.iryou.teikyouseido.mhlw.go.jp/znk-web/juminkanja/S2430/initialize?prefCd=09&kikanCd=3090000087&kikanKbn=3", "url2": null, "内容": "金澤歯科医院【3:歯科】栃木県宇都宮市針ヶ谷町５００－４" }, "geometry": { "type": "Point", "coordinates": [ 139.85477, 36.492065 ] } },
{ "type": "Feature", "properties": { "ID": 933090000088, "正式名称": "金田歯科医院", "機関区分": 3, "都道府県コード": 9, "市区町村コード": 201, "所在地": "栃木県宇都宮市一ノ沢町２７２", "緯度": 36.575028, "経度": 139.860129, "url": "https://www.iryou.teikyouseido.mhlw.go.jp/znk-web/juminkanja/S2430/initialize?prefCd=09&kikanCd=3090000088&kikanKbn=3", "url2": null, "内容": "金田歯科医院【3:歯科】栃木県宇都宮市一ノ沢町２７２" }, "geometry": { "type": "Point", "coordinates": [ 139.860129, 36.575028 ] } },
{ "type": "Feature", "properties": { "ID": 933090000089, "正式名称": "かのう歯科", "機関区分": 3, "都道府県コード": 9, "市区町村コード": 201, "所在地": "栃木県宇都宮市五代１－１－６", "緯度": 36.491841, "経度": 139.863441, "url": "https://www.iryou.teikyouseido.mhlw.go.jp/znk-web/juminkanja/S2430/initialize?prefCd=09&kikanCd=3090000089&kikanKbn=3", "url2": "http://www.kanou-dental.net/", "内容": "かのう歯科【3:歯科】栃木県宇都宮市五代１－１－６" }, "geometry": { "type": "Point", "coordinates": [ 139.863441, 36.491841 ] } },
{ "type": "Feature", "properties": { "ID": 933090000090, "正式名称": "かまい歯科医院", "機関区分": 3, "都道府県コード": 9, "市区町村コード": 201, "所在地": "栃木県宇都宮市下田原町３２２９－１", "緯度": 36.63408, "経度": 139.919619, "url": "https://www.iryou.teikyouseido.mhlw.go.jp/znk-web/juminkanja/S2430/initialize?prefCd=09&kikanCd=3090000090&kikanKbn=3", "url2": "http://k4618.jp", "内容": "かまい歯科医院【3:歯科】栃木県宇都宮市下田原町３２２９－１" }, "geometry": { "type": "Point", "coordinates": [ 139.919619, 36.63408 ] } },
{ "type": "Feature", "properties": { "ID": 933090000091, "正式名称": "かみかわち歯科クリニック", "機関区分": 3, "都道府県コード": 9, "市区町村コード": 201, "所在地": "栃木県宇都宮市中里町３００１－７", "緯度": 36.676363, "経度": 139.897864, "url": "https://www.iryou.teikyouseido.mhlw.go.jp/znk-web/juminkanja/S2430/initialize?prefCd=09&kikanCd=3090000091&kikanKbn=3", "url2": "http://kamikawachi-dc.com", "内容": "かみかわち歯科クリニック【3:歯科】栃木県宇都宮市中里町３００１－７" }, "geometry": { "type": "Point", "coordinates": [ 139.897864, 36.676363 ] } },
{ "type": "Feature", "properties": { "ID": 933090000093, "正式名称": "神山歯科医院", "機関区分": 3, "都道府県コード": 9, "市区町村コード": 201, "所在地": "栃木県宇都宮市西川田５－１６－１１", "緯度": 36.512613, "経度": 139.851694, "url": "https://www.iryou.teikyouseido.mhlw.go.jp/znk-web/juminkanja/S2430/initialize?prefCd=09&kikanCd=3090000093&kikanKbn=3", "url2": "http://kamiyama.d.door.jp", "内容": "神山歯科医院【3:歯科】栃木県宇都宮市西川田５－１６－１１" }, "geometry": { "type": "Point", "coordinates": [ 139.851694, 36.512613 ] } },
{ "type": "Feature", "properties": { "ID": 933090000095, "正式名称": "亀田歯科医院", "機関区分": 3, "都道府県コード": 9, "市区町村コード": 201, "所在地": "栃木県宇都宮市本町９－６", "緯度": 36.564301, "経度": 139.881981, "url": "https://www.iryou.teikyouseido.mhlw.go.jp/znk-web/juminkanja/S2430/initialize?prefCd=09&kikanCd=3090000095&kikanKbn=3", "url2": null, "内容": "亀田歯科医院【3:歯科】栃木県宇都宮市本町９－６" }, "geometry": { "type": "Point", "coordinates": [ 139.881981, 36.564301 ] } },
{ "type": "Feature", "properties": { "ID": 933090000096, "正式名称": "軽部歯科医院", "機関区分": 3, "都道府県コード": 9, "市区町村コード": 201, "所在地": "栃木県宇都宮市今泉４－１５－２６", "緯度": 36.564429, "経度": 139.89851, "url": "https://www.iryou.teikyouseido.mhlw.go.jp/znk-web/juminkanja/S2430/initialize?prefCd=09&kikanCd=3090000096&kikanKbn=3", "url2": null, "内容": "軽部歯科医院【3:歯科】栃木県宇都宮市今泉４－１５－２６" }, "geometry": { "type": "Point", "coordinates": [ 139.89851, 36.564429 ] } },
{ "type": "Feature", "properties": { "ID": 933090000097, "正式名称": "川島歯科", "機関区分": 3, "都道府県コード": 9, "市区町村コード": 201, "所在地": "栃木県宇都宮市北一の沢町１ー１", "緯度": 36.568631, "経度": 139.862968, "url": "https://www.iryou.teikyouseido.mhlw.go.jp/znk-web/juminkanja/S2430/initialize?prefCd=09&kikanCd=3090000097&kikanKbn=3", "url2": "http://www.kawashima-dent.com", "内容": "川島歯科【3:歯科】栃木県宇都宮市北一の沢町１ー１" }, "geometry": { "type": "Point", "coordinates": [ 139.862968, 36.568631 ] } },
{ "type": "Feature", "properties": { "ID": 933090000100, "正式名称": "医療法人きくち矯正歯科", "機関区分": 3, "都道府県コード": 9, "市区町村コード": 201, "所在地": "栃木県宇都宮市仲町１－１６", "緯度": 36.561676, "経度": 139.889422, "url": "https://www.iryou.teikyouseido.mhlw.go.jp/znk-web/juminkanja/S2430/initialize?prefCd=09&kikanCd=3090000100&kikanKbn=3", "url2": "http://www.kikuchikyousei.com/", "内容": "医療法人きくち矯正歯科【3:歯科】栃木県宇都宮市仲町１－１６" }, "geometry": { "type": "Point", "coordinates": [ 139.889422, 36.561676 ] } },
{ "type": "Feature", "properties": { "ID": 933090000101, "正式名称": "菊池歯科医院", "機関区分": 3, "都道府県コード": 9, "市区町村コード": 201, "所在地": "栃木県宇都宮市石井町２４９０ー４", "緯度": 36.543366, "経度": 139.944085, "url": "https://www.iryou.teikyouseido.mhlw.go.jp/znk-web/juminkanja/S2430/initialize?prefCd=09&kikanCd=3090000101&kikanKbn=3", "url2": null, "内容": "菊池歯科医院【3:歯科】栃木県宇都宮市石井町２４９０ー４" }, "geometry": { "type": "Point", "coordinates": [ 139.944085, 36.543366 ] } },
{ "type": "Feature", "properties": { "ID": 933090000102, "正式名称": "菊池歯科医院", "機関区分": 3, "都道府県コード": 9, "市区町村コード": 201, "所在地": "栃木県宇都宮市緑１丁目２番２３号", "緯度": 36.521663, "経度": 139.863876, "url": "https://www.iryou.teikyouseido.mhlw.go.jp/znk-web/juminkanja/S2430/initialize?prefCd=09&kikanCd=3090000102&kikanKbn=3", "url2": null, "内容": "菊池歯科医院【3:歯科】栃木県宇都宮市緑１丁目２番２３号" }, "geometry": { "type": "Point", "coordinates": [ 139.863876, 36.521663 ] } },
{ "type": "Feature", "properties": { "ID": 933090000103, "正式名称": "菊池歯科医院", "機関区分": 3, "都道府県コード": 9, "市区町村コード": 201, "所在地": "栃木県宇都宮市御幸ケ原町１３７－３４", "緯度": 36.591155, "経度": 139.922889, "url": "https://www.iryou.teikyouseido.mhlw.go.jp/znk-web/juminkanja/S2430/initialize?prefCd=09&kikanCd=3090000103&kikanKbn=3", "url2": "http://kikuchi-dental-office.com/", "内容": "菊池歯科医院【3:歯科】栃木県宇都宮市御幸ケ原町１３７－３４" }, "geometry": { "type": "Point", "coordinates": [ 139.922889, 36.591155 ] } },
{ "type": "Feature", "properties": { "ID": 933090000104, "正式名称": "菊地歯科医院", "機関区分": 3, "都道府県コード": 9, "市区町村コード": 201, "所在地": "栃木県宇都宮市大通り４－１－１７", "緯度": 36.560288, "経度": 139.893917, "url": "https://www.iryou.teikyouseido.mhlw.go.jp/znk-web/juminkanja/S2430/initialize?prefCd=09&kikanCd=3090000104&kikanKbn=3", "url2": "http://www.kikuchi-shika.com/index.html", "内容": "菊地歯科医院【3:歯科】栃木県宇都宮市大通り４－１－１７" }, "geometry": { "type": "Point", "coordinates": [ 139.893917, 36.560288 ] } },
{ "type": "Feature", "properties": { "ID": 933090000105, "正式名称": "きくち歯科医院", "機関区分": 3, "都道府県コード": 9, "市区町村コード": 201, "所在地": "栃木県宇都宮市関堀町５５４－１１", "緯度": 36.601139, "経度": 139.898399, "url": "https://www.iryou.teikyouseido.mhlw.go.jp/znk-web/juminkanja/S2430/initialize?prefCd=09&kikanCd=3090000105&kikanKbn=3", "url2": "http://kikuchi-dc.cihp2.jp/", "内容": "きくち歯科医院【3:歯科】栃木県宇都宮市関堀町５５４－１１" }, "geometry": { "type": "Point", "coordinates": [ 139.898399, 36.601139 ] } },
{ "type": "Feature", "properties": { "ID": 933090000106, "正式名称": "きくち歯科医院", "機関区分": 3, "都道府県コード": 9, "市区町村コード": 201, "所在地": "栃木県宇都宮市氷室町１６３４－１３", "緯度": 36.531971, "経度": 139.98899, "url": "https://www.iryou.teikyouseido.mhlw.go.jp/znk-web/juminkanja/S2430/initialize?prefCd=09&kikanCd=3090000106&kikanKbn=3", "url2": null, "内容": "きくち歯科医院【3:歯科】栃木県宇都宮市氷室町１６３４－１３" }, "geometry": { "type": "Point", "coordinates": [ 139.98899, 36.531971 ] } },
{ "type": "Feature", "properties": { "ID": 933090000107, "正式名称": "きくち歯科医院", "機関区分": 3, "都道府県コード": 9, "市区町村コード": 201, "所在地": "栃木県宇都宮市下岡本町２０８２－６１", "緯度": 36.606437, "経度": 139.946637, "url": "https://www.iryou.teikyouseido.mhlw.go.jp/znk-web/juminkanja/S2430/initialize?prefCd=09&kikanCd=3090000107&kikanKbn=3", "url2": null, "内容": "きくち歯科医院【3:歯科】栃木県宇都宮市下岡本町２０８２－６１" }, "geometry": { "type": "Point", "coordinates": [ 139.946637, 36.606437 ] } },
{ "type": "Feature", "properties": { "ID": 933090000108, "正式名称": "菊池歯科クリニック", "機関区分": 3, "都道府県コード": 9, "市区町村コード": 201, "所在地": "栃木県宇都宮市菊水町", "緯度": 36.546657, "経度": 139.869336, "url": "https://www.iryou.teikyouseido.mhlw.go.jp/znk-web/juminkanja/S2430/initialize?prefCd=09&kikanCd=3090000108&kikanKbn=3", "url2": null, "内容": "菊池歯科クリニック【3:歯科】栃木県宇都宮市菊水町" }, "geometry": { "type": "Point", "coordinates": [ 139.869336, 36.546657 ] } },
{ "type": "Feature", "properties": { "ID": 933090000109, "正式名称": "きし・歯科医院", "機関区分": 3, "都道府県コード": 9, "市区町村コード": 201, "所在地": "栃木県宇都宮市岩曽町７０８－１１", "緯度": 36.583294, "経度": 139.899684, "url": "https://www.iryou.teikyouseido.mhlw.go.jp/znk-web/juminkanja/S2430/initialize?prefCd=09&kikanCd=3090000109&kikanKbn=3", "url2": null, "内容": "きし・歯科医院【3:歯科】栃木県宇都宮市岩曽町７０８－１１" }, "geometry": { "type": "Point", "coordinates": [ 139.899684, 36.583294 ] } },
{ "type": "Feature", "properties": { "ID": 933090000110, "正式名称": "杉村歯科医院", "機関区分": 3, "都道府県コード": 9, "市区町村コード": 201, "所在地": "栃木県宇都宮市今宮２－２１－１３", "緯度": 36.513516, "経度": 139.865385, "url": "https://www.iryou.teikyouseido.mhlw.go.jp/znk-web/juminkanja/S2430/initialize?prefCd=09&kikanCd=3090000110&kikanKbn=3", "url2": null, "内容": "杉村歯科医院【3:歯科】栃木県宇都宮市今宮２－２１－１３" }, "geometry": { "type": "Point", "coordinates": [ 139.865385, 36.513516 ] } },
{ "type": "Feature", "properties": { "ID": 933090000111, "正式名称": "北澤歯科クリニック", "機関区分": 3, "都道府県コード": 9, "市区町村コード": 201, "所在地": "栃木県宇都宮市若草５－１０－１３", "緯度": 36.590061, "経度": 139.859423, "url": "https://www.iryou.teikyouseido.mhlw.go.jp/znk-web/juminkanja/S2430/initialize?prefCd=09&kikanCd=3090000111&kikanKbn=3", "url2": null, "内容": "北澤歯科クリニック【3:歯科】栃木県宇都宮市若草５－１０－１３" }, "geometry": { "type": "Point", "coordinates": [ 139.859423, 36.590061 ] } },
{ "type": "Feature", "properties": { "ID": 933090000113, "正式名称": "久地井歯科医院", "機関区分": 3, "都道府県コード": 9, "市区町村コード": 201, "所在地": "栃木県宇都宮市桜１－７－１７", "緯度": 36.561553, "経度": 139.869438, "url": "https://www.iryou.teikyouseido.mhlw.go.jp/znk-web/juminkanja/S2430/initialize?prefCd=09&kikanCd=3090000113&kikanKbn=3", "url2": null, "内容": "久地井歯科医院【3:歯科】栃木県宇都宮市桜１－７－１７" }, "geometry": { "type": "Point", "coordinates": [ 139.869438, 36.561553 ] } },
{ "type": "Feature", "properties": { "ID": 933090000114, "正式名称": "国井歯科医院", "機関区分": 3, "都道府県コード": 9, "市区町村コード": 201, "所在地": "栃木県宇都宮市若草３－８－１", "緯度": 36.586678, "経度": 139.863032, "url": "https://www.iryou.teikyouseido.mhlw.go.jp/znk-web/juminkanja/S2430/initialize?prefCd=09&kikanCd=3090000114&kikanKbn=3", "url2": "http://katatumurime.web.fc2.com/index.html", "内容": "国井歯科医院【3:歯科】栃木県宇都宮市若草３－８－１" }, "geometry": { "type": "Point", "coordinates": [ 139.863032, 36.586678 ] } },
{ "type": "Feature", "properties": { "ID": 933090000115, "正式名称": "熊倉歯科医院", "機関区分": 3, "都道府県コード": 9, "市区町村コード": 201, "所在地": "栃木県宇都宮市陽東２－１６－１８", "緯度": 36.552126, "経度": 139.927942, "url": "https://www.iryou.teikyouseido.mhlw.go.jp/znk-web/juminkanja/S2430/initialize?prefCd=09&kikanCd=3090000115&kikanKbn=3", "url2": null, "内容": "熊倉歯科医院【3:歯科】栃木県宇都宮市陽東２－１６－１８" }, "geometry": { "type": "Point", "coordinates": [ 139.927942, 36.552126 ] } },
{ "type": "Feature", "properties": { "ID": 933090000116, "正式名称": "くりはら歯科医院", "機関区分": 3, "都道府県コード": 9, "市区町村コード": 201, "所在地": "栃木県宇都宮市清住２－３－８", "緯度": 36.5647, "経度": 139.874823, "url": "https://www.iryou.teikyouseido.mhlw.go.jp/znk-web/juminkanja/S2430/initialize?prefCd=09&kikanCd=3090000116&kikanKbn=3", "url2": null, "内容": "くりはら歯科医院【3:歯科】栃木県宇都宮市清住２－３－８" }, "geometry": { "type": "Point", "coordinates": [ 139.874823, 36.5647 ] } },
{ "type": "Feature", "properties": { "ID": 933090000117, "正式名称": "黒崎歯科医院", "機関区分": 3, "都道府県コード": 9, "市区町村コード": 201, "所在地": "栃木県宇都宮市大通り１－１－１４", "緯度": 36.561182, "経度": 139.889095, "url": "https://www.iryou.teikyouseido.mhlw.go.jp/znk-web/juminkanja/S2430/initialize?prefCd=09&kikanCd=3090000117&kikanKbn=3", "url2": null, "内容": "黒崎歯科医院【3:歯科】栃木県宇都宮市大通り１－１－１４" }, "geometry": { "type": "Point", "coordinates": [ 139.889095, 36.561182 ] } },
{ "type": "Feature", "properties": { "ID": 933090000118, "正式名称": "小塚歯科医院", "機関区分": 3, "都道府県コード": 9, "市区町村コード": 201, "所在地": "栃木県宇都宮市桜三丁目二番八号", "緯度": 36.563714, "経度": 139.868638, "url": "https://www.iryou.teikyouseido.mhlw.go.jp/znk-web/juminkanja/S2430/initialize?prefCd=09&kikanCd=3090000118&kikanKbn=3", "url2": null, "内容": "小塚歯科医院【3:歯科】栃木県宇都宮市桜三丁目二番八号" }, "geometry": { "type": "Point", "coordinates": [ 139.868638, 36.563714 ] } },
{ "type": "Feature", "properties": { "ID": 933090000119, "正式名称": "ごとう歯科医院", "機関区分": 3, "都道府県コード": 9, "市区町村コード": 201, "所在地": "栃木県宇都宮市瑞穂２丁目１５番地－７号", "緯度": 36.508133, "経度": 139.918119, "url": "https://www.iryou.teikyouseido.mhlw.go.jp/znk-web/juminkanja/S2430/initialize?prefCd=09&kikanCd=3090000119&kikanKbn=3", "url2": "http://www.goto-dc.jp", "内容": "ごとう歯科医院【3:歯科】栃木県宇都宮市瑞穂２丁目１５番地－７号" }, "geometry": { "type": "Point", "coordinates": [ 139.918119, 36.508133 ] } },
{ "type": "Feature", "properties": { "ID": 933090000120, "正式名称": "後藤歯科クリニック", "機関区分": 3, "都道府県コード": 9, "市区町村コード": 201, "所在地": "栃木県宇都宮市中戸祭", "緯度": 36.582364, "経度": 139.866815, "url": "https://www.iryou.teikyouseido.mhlw.go.jp/znk-web/juminkanja/S2430/initialize?prefCd=09&kikanCd=3090000120&kikanKbn=3", "url2": null, "内容": "後藤歯科クリニック【3:歯科】栃木県宇都宮市中戸祭" }, "geometry": { "type": "Point", "coordinates": [ 139.866815, 36.582364 ] } },
{ "type": "Feature", "properties": { "ID": 933090000121, "正式名称": "小林歯科医院", "機関区分": 3, "都道府県コード": 9, "市区町村コード": 201, "所在地": "栃木県宇都宮市双葉３－１５－６３", "緯度": 36.528057, "経度": 139.857271, "url": "https://www.iryou.teikyouseido.mhlw.go.jp/znk-web/juminkanja/S2430/initialize?prefCd=09&kikanCd=3090000121&kikanKbn=3", "url2": null, "内容": "小林歯科医院【3:歯科】栃木県宇都宮市双葉３－１５－６３" }, "geometry": { "type": "Point", "coordinates": [ 139.857271, 36.528057 ] } },
{ "type": "Feature", "properties": { "ID": 933090000123, "正式名称": "小林歯科クリニック", "機関区分": 3, "都道府県コード": 9, "市区町村コード": 201, "所在地": "栃木県宇都宮市岩曽町１３７７－１４８", "緯度": 36.583683, "経度": 139.915146, "url": "https://www.iryou.teikyouseido.mhlw.go.jp/znk-web/juminkanja/S2430/initialize?prefCd=09&kikanCd=3090000123&kikanKbn=3", "url2": null, "内容": "小林歯科クリニック【3:歯科】栃木県宇都宮市岩曽町１３７７－１４８" }, "geometry": { "type": "Point", "coordinates": [ 139.915146, 36.583683 ] } },
{ "type": "Feature", "properties": { "ID": 933090000124, "正式名称": "齋藤歯科医院", "機関区分": 3, "都道府県コード": 9, "市区町村コード": 201, "所在地": "栃木県宇都宮市中今泉３－１４－２１　オノラーブルー１階", "緯度": 36.56946, "経度": 139.908679, "url": "https://www.iryou.teikyouseido.mhlw.go.jp/znk-web/juminkanja/S2430/initialize?prefCd=09&kikanCd=3090000124&kikanKbn=3", "url2": null, "内容": "齋藤歯科医院【3:歯科】栃木県宇都宮市中今泉３－１４－２１　オノラーブルー１階" }, "geometry": { "type": "Point", "coordinates": [ 139.908679, 36.56946 ] } },
{ "type": "Feature", "properties": { "ID": 933090000126, "正式名称": "斎藤歯科クリニック", "機関区分": 3, "都道府県コード": 9, "市区町村コード": 201, "所在地": "栃木県宇都宮市今泉町２２０－６", "緯度": 36.571998, "経度": 139.901737, "url": "https://www.iryou.teikyouseido.mhlw.go.jp/znk-web/juminkanja/S2430/initialize?prefCd=09&kikanCd=3090000126&kikanKbn=3", "url2": null, "内容": "斎藤歯科クリニック【3:歯科】栃木県宇都宮市今泉町２２０－６" }, "geometry": { "type": "Point", "coordinates": [ 139.901737, 36.571998 ] } },
{ "type": "Feature", "properties": { "ID": 933090000127, "正式名称": "さいとうデンタルクリニック", "機関区分": 3, "都道府県コード": 9, "市区町村コード": 201, "所在地": "栃木県宇都宮市峰４丁目２３－２２", "緯度": 36.550776, "経度": 139.920407, "url": "https://www.iryou.teikyouseido.mhlw.go.jp/znk-web/juminkanja/S2430/initialize?prefCd=09&kikanCd=3090000127&kikanKbn=3", "url2": "http://www.3110dental.com/", "内容": "さいとうデンタルクリニック【3:歯科】栃木県宇都宮市峰４丁目２３－２２" }, "geometry": { "type": "Point", "coordinates": [ 139.920407, 36.550776 ] } },
{ "type": "Feature", "properties": { "ID": 933090000128, "正式名称": "佐伯歯科医院", "機関区分": 3, "都道府県コード": 9, "市区町村コード": 201, "所在地": "栃木県宇都宮市大通り３－２－６", "緯度": 36.559413, "経度": 139.894395, "url": "https://www.iryou.teikyouseido.mhlw.go.jp/znk-web/juminkanja/S2430/initialize?prefCd=09&kikanCd=3090000128&kikanKbn=3", "url2": null, "内容": "佐伯歯科医院【3:歯科】栃木県宇都宮市大通り３－２－６" }, "geometry": { "type": "Point", "coordinates": [ 139.894395, 36.559413 ] } },
{ "type": "Feature", "properties": { "ID": 933090000129, "正式名称": "さかきばら歯科クリニック", "機関区分": 3, "都道府県コード": 9, "市区町村コード": 201, "所在地": "栃木県宇都宮市みどり野町６－１", "緯度": 36.503115, "経度": 139.861169, "url": "https://www.iryou.teikyouseido.mhlw.go.jp/znk-web/juminkanja/S2430/initialize?prefCd=09&kikanCd=3090000129&kikanKbn=3", "url2": "http://www.o-one.jp/sdc/index.htm", "内容": "さかきばら歯科クリニック【3:歯科】栃木県宇都宮市みどり野町６－１" }, "geometry": { "type": "Point", "coordinates": [ 139.861169, 36.503115 ] } },
{ "type": "Feature", "properties": { "ID": 933090000130, "正式名称": "崎谷歯科医院", "機関区分": 3, "都道府県コード": 9, "市区町村コード": 201, "所在地": "栃木県宇都宮市雀の宮７－１９－１３", "緯度": 36.486869, "経度": 139.865017, "url": "https://www.iryou.teikyouseido.mhlw.go.jp/znk-web/juminkanja/S2430/initialize?prefCd=09&kikanCd=3090000130&kikanKbn=3", "url2": null, "内容": "崎谷歯科医院【3:歯科】栃木県宇都宮市雀の宮７－１９－１３" }, "geometry": { "type": "Point", "coordinates": [ 139.865017, 36.486869 ] } },
{ "type": "Feature", "properties": { "ID": 933090000132, "正式名称": "ささや歯科医院", "機関区分": 3, "都道府県コード": 9, "市区町村コード": 201, "所在地": "栃木県宇都宮市伝馬町１－７　笹谷ビル２階", "緯度": 36.561573, "経度": 139.87937, "url": "https://www.iryou.teikyouseido.mhlw.go.jp/znk-web/juminkanja/S2430/initialize?prefCd=09&kikanCd=3090000132&kikanKbn=3", "url2": null, "内容": "ささや歯科医院【3:歯科】栃木県宇都宮市伝馬町１－７　笹谷ビル２階" }, "geometry": { "type": "Point", "coordinates": [ 139.87937, 36.561573 ] } },
{ "type": "Feature", "properties": { "ID": 933090000133, "正式名称": "佐貫歯科医院", "機関区分": 3, "都道府県コード": 9, "市区町村コード": 201, "所在地": "栃木県宇都宮市今泉３－５－２５", "緯度": 36.564548, "経度": 139.895302, "url": "https://www.iryou.teikyouseido.mhlw.go.jp/znk-web/juminkanja/S2430/initialize?prefCd=09&kikanCd=3090000133&kikanKbn=3", "url2": null, "内容": "佐貫歯科医院【3:歯科】栃木県宇都宮市今泉３－５－２５" }, "geometry": { "type": "Point", "coordinates": [ 139.895302, 36.564548 ] } },
{ "type": "Feature", "properties": { "ID": 933090000134, "正式名称": "沢田歯科医院", "機関区分": 3, "都道府県コード": 9, "市区町村コード": 201, "所在地": "栃木県宇都宮市泉が丘２―４―５", "緯度": 36.562138, "経度": 139.91767, "url": "https://www.iryou.teikyouseido.mhlw.go.jp/znk-web/juminkanja/S2430/initialize?prefCd=09&kikanCd=3090000134&kikanKbn=3", "url2": "http://www.sawada-dc-izumigaoka.jp/", "内容": "沢田歯科医院【3:歯科】栃木県宇都宮市泉が丘２―４―５" }, "geometry": { "type": "Point", "coordinates": [ 139.91767, 36.562138 ] } },
{ "type": "Feature", "properties": { "ID": 933090000135, "正式名称": "医療法人社団　清麗会　椎貝歯科医院", "機関区分": 3, "都道府県コード": 9, "市区町村コード": 201, "所在地": "栃木県宇都宮市馬場通り１－１－２０", "緯度": 36.562437, "経度": 139.884295, "url": "https://www.iryou.teikyouseido.mhlw.go.jp/znk-web/juminkanja/S2430/initialize?prefCd=09&kikanCd=3090000135&kikanKbn=3", "url2": "http://www.shiigai-dc.com", "内容": "医療法人社団　清麗会　椎貝歯科医院【3:歯科】栃木県宇都宮市馬場通り１－１－２０" }, "geometry": { "type": "Point", "coordinates": [ 139.884295, 36.562437 ] } },
{ "type": "Feature", "properties": { "ID": 933090000137, "正式名称": "篠原歯科医院", "機関区分": 3, "都道府県コード": 9, "市区町村コード": 201, "所在地": "栃木県宇都宮市南大通り４－１－１", "緯度": 36.557031, "経度": 139.895684, "url": "https://www.iryou.teikyouseido.mhlw.go.jp/znk-web/juminkanja/S2430/initialize?prefCd=09&kikanCd=3090000137&kikanKbn=3", "url2": "http://www.shinoharashikaiin.com", "内容": "篠原歯科医院【3:歯科】栃木県宇都宮市南大通り４－１－１" }, "geometry": { "type": "Point", "coordinates": [ 139.895684, 36.557031 ] } },
{ "type": "Feature", "properties": { "ID": 933090000138, "正式名称": "清水歯科医院", "機関区分": 3, "都道府県コード": 9, "市区町村コード": 201, "所在地": "栃木県宇都宮市大寛１－１－９", "緯度": 36.560249, "経度": 139.874976, "url": "https://www.iryou.teikyouseido.mhlw.go.jp/znk-web/juminkanja/S2430/initialize?prefCd=09&kikanCd=3090000138&kikanKbn=3", "url2": "http://www.shimizu-shika.net/access.html", "内容": "清水歯科医院【3:歯科】栃木県宇都宮市大寛１－１－９" }, "geometry": { "type": "Point", "coordinates": [ 139.874976, 36.560249 ] } },
{ "type": "Feature", "properties": { "ID": 933090000140, "正式名称": "鈴木歯科医院", "機関区分": 3, "都道府県コード": 9, "市区町村コード": 201, "所在地": "栃木県宇都宮市雀の宮５－２－４３", "緯度": 36.488603, "経度": 139.872602, "url": "https://www.iryou.teikyouseido.mhlw.go.jp/znk-web/juminkanja/S2430/initialize?prefCd=09&kikanCd=3090000140&kikanKbn=3", "url2": null, "内容": "鈴木歯科医院【3:歯科】栃木県宇都宮市雀の宮５－２－４３" }, "geometry": { "type": "Point", "coordinates": [ 139.872602, 36.488603 ] } },
{ "type": "Feature", "properties": { "ID": 933090000142, "正式名称": "鈴木歯科医院", "機関区分": 3, "都道府県コード": 9, "市区町村コード": 201, "所在地": "栃木県宇都宮市一の沢２－１－５", "緯度": 36.571807, "経度": 139.857719, "url": "https://www.iryou.teikyouseido.mhlw.go.jp/znk-web/juminkanja/S2430/initialize?prefCd=09&kikanCd=3090000142&kikanKbn=3", "url2": "https://www.suzuki-dc.net", "内容": "鈴木歯科医院【3:歯科】栃木県宇都宮市一の沢２－１－５" }, "geometry": { "type": "Point", "coordinates": [ 139.857719, 36.571807 ] } },
{ "type": "Feature", "properties": { "ID": 933090000143, "正式名称": "すずき歯科クリニック", "機関区分": 3, "都道府県コード": 9, "市区町村コード": 201, "所在地": "栃木県宇都宮市宿郷３－２２－２　のり廣ビル２Ｆ", "緯度": 36.555816, "経度": 139.908996, "url": "https://www.iryou.teikyouseido.mhlw.go.jp/znk-web/juminkanja/S2430/initialize?prefCd=09&kikanCd=3090000143&kikanKbn=3", "url2": null, "内容": "すずき歯科クリニック【3:歯科】栃木県宇都宮市宿郷３－２２－２　のり廣ビル２Ｆ" }, "geometry": { "type": "Point", "coordinates": [ 139.908996, 36.555816 ] } },
{ "type": "Feature", "properties": { "ID": 933090000144, "正式名称": "鈴木努歯科医院", "機関区分": 3, "都道府県コード": 9, "市区町村コード": 201, "所在地": "栃木県宇都宮市若草", "緯度": 36.58703, "経度": 139.856952, "url": "https://www.iryou.teikyouseido.mhlw.go.jp/znk-web/juminkanja/S2430/initialize?prefCd=09&kikanCd=3090000144&kikanKbn=3", "url2": "https://www.suzukitutomushika.com/", "内容": "鈴木努歯科医院【3:歯科】栃木県宇都宮市若草" }, "geometry": { "type": "Point", "coordinates": [ 139.856952, 36.58703 ] } },
{ "type": "Feature", "properties": { "ID": 933090000145, "正式名称": "雀の宮歯科医院", "機関区分": 3, "都道府県コード": 9, "市区町村コード": 201, "所在地": "栃木県宇都宮市雀の宮１－６－１５", "緯度": 36.4946, "経度": 139.873682, "url": "https://www.iryou.teikyouseido.mhlw.go.jp/znk-web/juminkanja/S2430/initialize?prefCd=09&kikanCd=3090000145&kikanKbn=3", "url2": null, "内容": "雀の宮歯科医院【3:歯科】栃木県宇都宮市雀の宮１－６－１５" }, "geometry": { "type": "Point", "coordinates": [ 139.873682, 36.4946 ] } },
{ "type": "Feature", "properties": { "ID": 933090000146, "正式名称": "須田歯科医院", "機関区分": 3, "都道府県コード": 9, "市区町村コード": 201, "所在地": "栃木県宇都宮市南一の沢町１－２４", "緯度": 36.562686, "経度": 139.864974, "url": "https://www.iryou.teikyouseido.mhlw.go.jp/znk-web/juminkanja/S2430/initialize?prefCd=09&kikanCd=3090000146&kikanKbn=3", "url2": null, "内容": "須田歯科医院【3:歯科】栃木県宇都宮市南一の沢町１－２４" }, "geometry": { "type": "Point", "coordinates": [ 139.864974, 36.562686 ] } },
{ "type": "Feature", "properties": { "ID": 933090000148, "正式名称": "角歯科医院", "機関区分": 3, "都道府県コード": 9, "市区町村コード": 201, "所在地": "栃木県宇都宮市山本", "緯度": 36.579371, "経度": 139.890505, "url": "https://www.iryou.teikyouseido.mhlw.go.jp/znk-web/juminkanja/S2430/initialize?prefCd=09&kikanCd=3090000148&kikanKbn=3", "url2": "http://www.sumishika.com", "内容": "角歯科医院【3:歯科】栃木県宇都宮市山本" }, "geometry": { "type": "Point", "coordinates": [ 139.890505, 36.579371 ] } },
{ "type": "Feature", "properties": { "ID": 933090000150, "正式名称": "関歯科医院", "機関区分": 3, "都道府県コード": 9, "市区町村コード": 201, "所在地": "栃木県宇都宮市末広１丁目１１－１５", "緯度": 36.482504, "経度": 139.873652, "url": "https://www.iryou.teikyouseido.mhlw.go.jp/znk-web/juminkanja/S2430/initialize?prefCd=09&kikanCd=3090000150&kikanKbn=3", "url2": null, "内容": "関歯科医院【3:歯科】栃木県宇都宮市末広１丁目１１－１５" }, "geometry": { "type": "Point", "coordinates": [ 139.873652, 36.482504 ] } },
{ "type": "Feature", "properties": { "ID": 933090000151, "正式名称": "五月女歯科医院", "機関区分": 3, "都道府県コード": 9, "市区町村コード": 201, "所在地": "栃木県宇都宮市東谷町４８９", "緯度": 36.482524, "経度": 139.898025, "url": "https://www.iryou.teikyouseido.mhlw.go.jp/znk-web/juminkanja/S2430/initialize?prefCd=09&kikanCd=3090000151&kikanKbn=3", "url2": null, "内容": "五月女歯科医院【3:歯科】栃木県宇都宮市東谷町４８９" }, "geometry": { "type": "Point", "coordinates": [ 139.898025, 36.482524 ] } },
{ "type": "Feature", "properties": { "ID": 933090000152, "正式名称": "五月女歯科クリニック", "機関区分": 3, "都道府県コード": 9, "市区町村コード": 201, "所在地": "栃木県宇都宮市栄町４－１０", "緯度": 36.563381, "経度": 139.891031, "url": "https://www.iryou.teikyouseido.mhlw.go.jp/znk-web/juminkanja/S2430/initialize?prefCd=09&kikanCd=3090000152&kikanKbn=3", "url2": null, "内容": "五月女歯科クリニック【3:歯科】栃木県宇都宮市栄町４－１０" }, "geometry": { "type": "Point", "coordinates": [ 139.891031, 36.563381 ] } },
{ "type": "Feature", "properties": { "ID": 933090000153, "正式名称": "そね歯科医院", "機関区分": 3, "都道府県コード": 9, "市区町村コード": 201, "所在地": "栃木県宇都宮市中央本町３－１１　２Ｆ", "緯度": 36.558324, "経度": 139.88485, "url": "https://www.iryou.teikyouseido.mhlw.go.jp/znk-web/juminkanja/S2430/initialize?prefCd=09&kikanCd=3090000153&kikanKbn=3", "url2": "http://www.mushiba.jp/", "内容": "そね歯科医院【3:歯科】栃木県宇都宮市中央本町３－１１　２Ｆ" }, "geometry": { "type": "Point", "coordinates": [ 139.88485, 36.558324 ] } },
{ "type": "Feature", "properties": { "ID": 933090000155, "正式名称": "第二髙原歯科医院", "機関区分": 3, "都道府県コード": 9, "市区町村コード": 201, "所在地": "栃木県宇都宮市平出工業団地３８－１１", "緯度": 36.569508, "経度": 139.932541, "url": "https://www.iryou.teikyouseido.mhlw.go.jp/znk-web/juminkanja/S2430/initialize?prefCd=09&kikanCd=3090000155&kikanKbn=3", "url2": null, "内容": "第二髙原歯科医院【3:歯科】栃木県宇都宮市平出工業団地３８－１１" }, "geometry": { "type": "Point", "coordinates": [ 139.932541, 36.569508 ] } },
{ "type": "Feature", "properties": { "ID": 933090000157, "正式名称": "高畑歯科医院", "機関区分": 3, "都道府県コード": 9, "市区町村コード": 201, "所在地": "栃木県宇都宮市桜２－７－９", "緯度": 36.567256, "経度": 139.869438, "url": "https://www.iryou.teikyouseido.mhlw.go.jp/znk-web/juminkanja/S2430/initialize?prefCd=09&kikanCd=3090000157&kikanKbn=3", "url2": "http://takadashika.net", "内容": "高畑歯科医院【3:歯科】栃木県宇都宮市桜２－７－９" }, "geometry": { "type": "Point", "coordinates": [ 139.869438, 36.567256 ] } },
{ "type": "Feature", "properties": { "ID": 933090000158, "正式名称": "高橋歯科医院", "機関区分": 3, "都道府県コード": 9, "市区町村コード": 201, "所在地": "栃木県宇都宮市陽東６－１－１０", "緯度": 36.553589, "経度": 139.927006, "url": "https://www.iryou.teikyouseido.mhlw.go.jp/znk-web/juminkanja/S2430/initialize?prefCd=09&kikanCd=3090000158&kikanKbn=3", "url2": null, "内容": "高橋歯科医院【3:歯科】栃木県宇都宮市陽東６－１－１０" }, "geometry": { "type": "Point", "coordinates": [ 139.927006, 36.553589 ] } },
{ "type": "Feature", "properties": { "ID": 933090000159, "正式名称": "高橋歯科クリニック", "機関区分": 3, "都道府県コード": 9, "市区町村コード": 201, "所在地": "栃木県宇都宮市岩曽町１０７７－１", "緯度": 36.581816, "経度": 139.899206, "url": "https://www.iryou.teikyouseido.mhlw.go.jp/znk-web/juminkanja/S2430/initialize?prefCd=09&kikanCd=3090000159&kikanKbn=3", "url2": "http://park6.wakwak.com/~implant/", "内容": "高橋歯科クリニック【3:歯科】栃木県宇都宮市岩曽町１０７７－１" }, "geometry": { "type": "Point", "coordinates": [ 139.899206, 36.581816 ] } },
{ "type": "Feature", "properties": { "ID": 933090000160, "正式名称": "医療法人たかはら歯科クリニック", "機関区分": 3, "都道府県コード": 9, "市区町村コード": 201, "所在地": "栃木県宇都宮市上桑島町１２７７―８", "緯度": 36.515457, "経度": 139.926996, "url": "https://www.iryou.teikyouseido.mhlw.go.jp/znk-web/juminkanja/S2430/initialize?prefCd=09&kikanCd=3090000160&kikanKbn=3", "url2": "http://takaharadental.com", "内容": "医療法人たかはら歯科クリニック【3:歯科】栃木県宇都宮市上桑島町１２７７―８" }, "geometry": { "type": "Point", "coordinates": [ 139.926996, 36.515457 ] } },
{ "type": "Feature", "properties": { "ID": 933090000161, "正式名称": "高山歯科医院", "機関区分": 3, "都道府県コード": 9, "市区町村コード": 201, "所在地": "栃木県宇都宮市鶴田町１９７６－２０", "緯度": 36.568014, "経度": 139.847461, "url": "https://www.iryou.teikyouseido.mhlw.go.jp/znk-web/juminkanja/S2430/initialize?prefCd=09&kikanCd=3090000161&kikanKbn=3", "url2": null, "内容": "高山歯科医院【3:歯科】栃木県宇都宮市鶴田町１９７６－２０" }, "geometry": { "type": "Point", "coordinates": [ 139.847461, 36.568014 ] } },
{ "type": "Feature", "properties": { "ID": 933090000162, "正式名称": "竹沢歯科クリニック", "機関区分": 3, "都道府県コード": 9, "市区町村コード": 201, "所在地": "栃木県宇都宮市砥上町２１４－１", "緯度": 36.549768, "経度": 139.845888, "url": "https://www.iryou.teikyouseido.mhlw.go.jp/znk-web/juminkanja/S2430/initialize?prefCd=09&kikanCd=3090000162&kikanKbn=3", "url2": null, "内容": "竹沢歯科クリニック【3:歯科】栃木県宇都宮市砥上町２１４－１" }, "geometry": { "type": "Point", "coordinates": [ 139.845888, 36.549768 ] } },
{ "type": "Feature", "properties": { "ID": 933090000163, "正式名称": "武田歯科医院", "機関区分": 3, "都道府県コード": 9, "市区町村コード": 201, "所在地": "栃木県宇都宮市白沢町２０２１－７７", "緯度": 36.618652, "経度": 139.931013, "url": "https://www.iryou.teikyouseido.mhlw.go.jp/znk-web/juminkanja/S2430/initialize?prefCd=09&kikanCd=3090000163&kikanKbn=3", "url2": null, "内容": "武田歯科医院【3:歯科】栃木県宇都宮市白沢町２０２１－７７" }, "geometry": { "type": "Point", "coordinates": [ 139.931013, 36.618652 ] } },
{ "type": "Feature", "properties": { "ID": 933090000164, "正式名称": "医療法人舘野会　舘野歯科診療所", "機関区分": 3, "都道府県コード": 9, "市区町村コード": 201, "所在地": "栃木県宇都宮市岩本町４５４－２", "緯度": 36.60656, "経度": 139.897436, "url": "https://www.iryou.teikyouseido.mhlw.go.jp/znk-web/juminkanja/S2430/initialize?prefCd=09&kikanCd=3090000164&kikanKbn=3", "url2": "http://www.ucatv.ne.jp/~tateno..sun/", "内容": "医療法人舘野会　舘野歯科診療所【3:歯科】栃木県宇都宮市岩本町４５４－２" }, "geometry": { "type": "Point", "coordinates": [ 139.897436, 36.60656 ] } },
{ "type": "Feature", "properties": { "ID": 933090000165, "正式名称": "田中歯科医院", "機関区分": 3, "都道府県コード": 9, "市区町村コード": 201, "所在地": "栃木県宇都宮市今泉町２５４３－１３１　田中歯科ビル１Ｆ", "緯度": 36.570876, "経度": 139.920922, "url": "https://www.iryou.teikyouseido.mhlw.go.jp/znk-web/juminkanja/S2430/initialize?prefCd=09&kikanCd=3090000165&kikanKbn=3", "url2": "http://www.tanaka-dc1971.jp/", "内容": "田中歯科医院【3:歯科】栃木県宇都宮市今泉町２５４３－１３１　田中歯科ビル１Ｆ" }, "geometry": { "type": "Point", "coordinates": [ 139.920922, 36.570876 ] } },
{ "type": "Feature", "properties": { "ID": 933090000166, "正式名称": "田沼歯科医院", "機関区分": 3, "都道府県コード": 9, "市区町村コード": 201, "所在地": "栃木県宇都宮市清原台５－３６－２２", "緯度": 36.546142, "経度": 139.999879, "url": "https://www.iryou.teikyouseido.mhlw.go.jp/znk-web/juminkanja/S2430/initialize?prefCd=09&kikanCd=3090000166&kikanKbn=3", "url2": null, "内容": "田沼歯科医院【3:歯科】栃木県宇都宮市清原台５－３６－２２" }, "geometry": { "type": "Point", "coordinates": [ 139.999879, 36.546142 ] } },
{ "type": "Feature", "properties": { "ID": 933090000167, "正式名称": "田部井歯科", "機関区分": 3, "都道府県コード": 9, "市区町村コード": 201, "所在地": "栃木県宇都宮市北若松原２－１－８", "緯度": 36.506992, "経度": 139.864138, "url": "https://www.iryou.teikyouseido.mhlw.go.jp/znk-web/juminkanja/S2430/initialize?prefCd=09&kikanCd=3090000167&kikanKbn=3", "url2": null, "内容": "田部井歯科【3:歯科】栃木県宇都宮市北若松原２－１－８" }, "geometry": { "type": "Point", "coordinates": [ 139.864138, 36.506992 ] } },
{ "type": "Feature", "properties": { "ID": 933090000168, "正式名称": "医療法人　正敬会　長歯科医院", "機関区分": 3, "都道府県コード": 9, "市区町村コード": 201, "所在地": "栃木県宇都宮市大曽１－８－９", "緯度": 36.569648, "経度": 139.889522, "url": "https://www.iryou.teikyouseido.mhlw.go.jp/znk-web/juminkanja/S2430/initialize?prefCd=09&kikanCd=3090000168&kikanKbn=3", "url2": "http://www.cho-shika.jp", "内容": "医療法人　正敬会　長歯科医院【3:歯科】栃木県宇都宮市大曽１－８－９" }, "geometry": { "type": "Point", "coordinates": [ 139.889522, 36.569648 ] } },
{ "type": "Feature", "properties": { "ID": 933090000169, "正式名称": "塚田歯科医院", "機関区分": 3, "都道府県コード": 9, "市区町村コード": 201, "所在地": "栃木県宇都宮市東簗瀬１－３８－８", "緯度": 36.540784, "経度": 139.902395, "url": "https://www.iryou.teikyouseido.mhlw.go.jp/znk-web/juminkanja/S2430/initialize?prefCd=09&kikanCd=3090000169&kikanKbn=3", "url2": null, "内容": "塚田歯科医院【3:歯科】栃木県宇都宮市東簗瀬１－３８－８" }, "geometry": { "type": "Point", "coordinates": [ 139.902395, 36.540784 ] } },
{ "type": "Feature", "properties": { "ID": 933090000170, "正式名称": "辻歯科医院", "機関区分": 3, "都道府県コード": 9, "市区町村コード": 201, "所在地": "栃木県宇都宮市西川田町９１－１", "緯度": 36.516819, "経度": 139.844359, "url": "https://www.iryou.teikyouseido.mhlw.go.jp/znk-web/juminkanja/S2430/initialize?prefCd=09&kikanCd=3090000170&kikanKbn=3", "url2": null, "内容": "辻歯科医院【3:歯科】栃木県宇都宮市西川田町９１－１" }, "geometry": { "type": "Point", "coordinates": [ 139.844359, 36.516819 ] } },
{ "type": "Feature", "properties": { "ID": 933090000173, "正式名称": "つなかわ歯科医院", "機関区分": 3, "都道府県コード": 9, "市区町村コード": 201, "所在地": "栃木県宇都宮市平松本町３２６－１４", "緯度": 36.545431, "経度": 139.907389, "url": "https://www.iryou.teikyouseido.mhlw.go.jp/znk-web/juminkanja/S2430/initialize?prefCd=09&kikanCd=3090000173&kikanKbn=3", "url2": null, "内容": "つなかわ歯科医院【3:歯科】栃木県宇都宮市平松本町３２６－１４" }, "geometry": { "type": "Point", "coordinates": [ 139.907389, 36.545431 ] } },
{ "type": "Feature", "properties": { "ID": 933090000174, "正式名称": "綱川歯科医院", "機関区分": 3, "都道府県コード": 9, "市区町村コード": 201, "所在地": "栃木県宇都宮市南大通り", "緯度": 36.554364, "経度": 139.896393, "url": "https://www.iryou.teikyouseido.mhlw.go.jp/znk-web/juminkanja/S2430/initialize?prefCd=09&kikanCd=3090000174&kikanKbn=3", "url2": null, "内容": "綱川歯科医院【3:歯科】栃木県宇都宮市南大通り" }, "geometry": { "type": "Point", "coordinates": [ 139.896393, 36.554364 ] } },
{ "type": "Feature", "properties": { "ID": 933090000175, "正式名称": "角田歯科医院", "機関区分": 3, "都道府県コード": 9, "市区町村コード": 201, "所在地": "栃木県宇都宮市御幸本町４７３３－１３　ニューマリッチ平１Ｆ", "緯度": 36.582478, "経度": 139.926884, "url": "https://www.iryou.teikyouseido.mhlw.go.jp/znk-web/juminkanja/S2430/initialize?prefCd=09&kikanCd=3090000175&kikanKbn=3", "url2": null, "内容": "角田歯科医院【3:歯科】栃木県宇都宮市御幸本町４７３３－１３　ニューマリッチ平１Ｆ" }, "geometry": { "type": "Point", "coordinates": [ 139.926884, 36.582478 ] } },
{ "type": "Feature", "properties": { "ID": 933090000176, "正式名称": "つぶら矯正歯科クリニック", "機関区分": 3, "都道府県コード": 9, "市区町村コード": 201, "所在地": "栃木県宇都宮市江野町", "緯度": 36.560126, "経度": 139.883254, "url": "https://www.iryou.teikyouseido.mhlw.go.jp/znk-web/juminkanja/S2430/initialize?prefCd=09&kikanCd=3090000176&kikanKbn=3", "url2": "http://www.888smile.net", "内容": "つぶら矯正歯科クリニック【3:歯科】栃木県宇都宮市江野町" }, "geometry": { "type": "Point", "coordinates": [ 139.883254, 36.560126 ] } },
{ "type": "Feature", "properties": { "ID": 933090000177, "正式名称": "螺良歯科医院", "機関区分": 3, "都道府県コード": 9, "市区町村コード": 201, "所在地": "栃木県宇都宮市江野町９－６", "緯度": 36.559854, "経度": 139.88269, "url": "https://www.iryou.teikyouseido.mhlw.go.jp/znk-web/juminkanja/S2430/initialize?prefCd=09&kikanCd=3090000177&kikanKbn=3", "url2": null, "内容": "螺良歯科医院【3:歯科】栃木県宇都宮市江野町９－６" }, "geometry": { "type": "Point", "coordinates": [ 139.88269, 36.559854 ] } },
{ "type": "Feature", "properties": { "ID": 933090000178, "正式名称": "坪山矯正歯科医院", "機関区分": 3, "都道府県コード": 9, "市区町村コード": 201, "所在地": "栃木県宇都宮市二荒町１－１４", "緯度": 36.560038, "経度": 139.886103, "url": "https://www.iryou.teikyouseido.mhlw.go.jp/znk-web/juminkanja/S2430/initialize?prefCd=09&kikanCd=3090000178&kikanKbn=3", "url2": "https://toc888.com", "内容": "坪山矯正歯科医院【3:歯科】栃木県宇都宮市二荒町１－１４" }, "geometry": { "type": "Point", "coordinates": [ 139.886103, 36.560038 ] } },
{ "type": "Feature", "properties": { "ID": 933090000179, "正式名称": "医療法人　てづか歯科", "機関区分": 3, "都道府県コード": 9, "市区町村コード": 201, "所在地": "栃木県宇都宮市宝木本町１１４４－４３", "緯度": 36.599962, "経度": 139.849682, "url": "https://www.iryou.teikyouseido.mhlw.go.jp/znk-web/juminkanja/S2430/initialize?prefCd=09&kikanCd=3090000179&kikanKbn=3", "url2": null, "内容": "医療法人　てづか歯科【3:歯科】栃木県宇都宮市宝木本町１１４４－４３" }, "geometry": { "type": "Point", "coordinates": [ 139.849682, 36.599962 ] } },
{ "type": "Feature", "properties": { "ID": 933090000180, "正式名称": "てづか歯科医院", "機関区分": 3, "都道府県コード": 9, "市区町村コード": 201, "所在地": "栃木県宇都宮市操町７－１０", "緯度": 36.556968, "経度": 139.868302, "url": "https://www.iryou.teikyouseido.mhlw.go.jp/znk-web/juminkanja/S2430/initialize?prefCd=09&kikanCd=3090000180&kikanKbn=3", "url2": null, "内容": "てづか歯科医院【3:歯科】栃木県宇都宮市操町７－１０" }, "geometry": { "type": "Point", "coordinates": [ 139.868302, 36.556968 ] } },
{ "type": "Feature", "properties": { "ID": 933090000182, "正式名称": "手塚歯科医院", "機関区分": 3, "都道府県コード": 9, "市区町村コード": 201, "所在地": "栃木県宇都宮市上戸祭町２８３４－２１９", "緯度": 36.586853, "経度": 139.876397, "url": "https://www.iryou.teikyouseido.mhlw.go.jp/znk-web/juminkanja/S2430/initialize?prefCd=09&kikanCd=3090000182&kikanKbn=3", "url2": "http://tezukashika.com/", "内容": "手塚歯科医院【3:歯科】栃木県宇都宮市上戸祭町２８３４－２１９" }, "geometry": { "type": "Point", "coordinates": [ 139.876397, 36.586853 ] } },
{ "type": "Feature", "properties": { "ID": 933090000184, "正式名称": "ときめき歯科医院", "機関区分": 3, "都道府県コード": 9, "市区町村コード": 201, "所在地": "栃木県宇都宮市徳次郎町８８８－８", "緯度": 36.639851, "経度": 139.84089, "url": "https://www.iryou.teikyouseido.mhlw.go.jp/znk-web/juminkanja/S2430/initialize?prefCd=09&kikanCd=3090000184&kikanKbn=3", "url2": null, "内容": "ときめき歯科医院【3:歯科】栃木県宇都宮市徳次郎町８８８－８" }, "geometry": { "type": "Point", "coordinates": [ 139.84089, 36.639851 ] } },
{ "type": "Feature", "properties": { "ID": 933090000185, "正式名称": "徳永歯科医院", "機関区分": 3, "都道府県コード": 9, "市区町村コード": 201, "所在地": "栃木県宇都宮市清原台４－４－７", "緯度": 36.557308, "経度": 139.992252, "url": "https://www.iryou.teikyouseido.mhlw.go.jp/znk-web/juminkanja/S2430/initialize?prefCd=09&kikanCd=3090000185&kikanKbn=3", "url2": null, "内容": "徳永歯科医院【3:歯科】栃木県宇都宮市清原台４－４－７" }, "geometry": { "type": "Point", "coordinates": [ 139.992252, 36.557308 ] } },
{ "type": "Feature", "properties": { "ID": 933090000187, "正式名称": "とちぎ歯の健康センター診療所", "機関区分": 3, "都道府県コード": 9, "市区町村コード": 201, "所在地": "栃木県宇都宮市一の沢２－２－５", "緯度": 36.571129, "経度": 139.858024, "url": "https://www.iryou.teikyouseido.mhlw.go.jp/znk-web/juminkanja/S2430/initialize?prefCd=09&kikanCd=3090000187&kikanKbn=3", "url2": "http://www.tochigi-da.or.jp", "内容": "とちぎ歯の健康センター診療所【3:歯科】栃木県宇都宮市一の沢２－２－５" }, "geometry": { "type": "Point", "coordinates": [ 139.858024, 36.571129 ] } },
{ "type": "Feature", "properties": { "ID": 933090000188, "正式名称": "ともえ歯科医院", "機関区分": 3, "都道府県コード": 9, "市区町村コード": 201, "所在地": "栃木県宇都宮市緑２－１８－３３", "緯度": 36.521626, "経度": 139.860585, "url": "https://www.iryou.teikyouseido.mhlw.go.jp/znk-web/juminkanja/S2430/initialize?prefCd=09&kikanCd=3090000188&kikanKbn=3", "url2": null, "内容": "ともえ歯科医院【3:歯科】栃木県宇都宮市緑２－１８－３３" }, "geometry": { "type": "Point", "coordinates": [ 139.860585, 36.521626 ] } },
{ "type": "Feature", "properties": { "ID": 933090000190, "正式名称": "中川歯科医院", "機関区分": 3, "都道府県コード": 9, "市区町村コード": 201, "所在地": "栃木県宇都宮市屋板町１５１－３０", "緯度": 36.521994, "経度": 139.901745, "url": "https://www.iryou.teikyouseido.mhlw.go.jp/znk-web/juminkanja/S2430/initialize?prefCd=09&kikanCd=3090000190&kikanKbn=3", "url2": "http://nakagawa-h-dental.blogdehp.ne.jp", "内容": "中川歯科医院【3:歯科】栃木県宇都宮市屋板町１５１－３０" }, "geometry": { "type": "Point", "coordinates": [ 139.901745, 36.521994 ] } },
{ "type": "Feature", "properties": { "ID": 933090000191, "正式名称": "中島歯科医院", "機関区分": 3, "都道府県コード": 9, "市区町村コード": 201, "所在地": "栃木県宇都宮市中岡本町３６６９－２６", "緯度": 36.604669, "経度": 139.929322, "url": "https://www.iryou.teikyouseido.mhlw.go.jp/znk-web/juminkanja/S2430/initialize?prefCd=09&kikanCd=3090000191&kikanKbn=3", "url2": "http://nakajimadc.com/", "内容": "中島歯科医院【3:歯科】栃木県宇都宮市中岡本町３６６９－２６" }, "geometry": { "type": "Point", "coordinates": [ 139.929322, 36.604669 ] } },
{ "type": "Feature", "properties": { "ID": 933090000192, "正式名称": "中津歯科医院", "機関区分": 3, "都道府県コード": 9, "市区町村コード": 201, "所在地": "栃木県宇都宮市鶴田町１７４０―５", "緯度": 36.562466, "経度": 139.844551, "url": "https://www.iryou.teikyouseido.mhlw.go.jp/znk-web/juminkanja/S2430/initialize?prefCd=09&kikanCd=3090000192&kikanKbn=3", "url2": null, "内容": "中津歯科医院【3:歯科】栃木県宇都宮市鶴田町１７４０―５" }, "geometry": { "type": "Point", "coordinates": [ 139.844551, 36.562466 ] } },
{ "type": "Feature", "properties": { "ID": 933090000193, "正式名称": "中山歯科医院", "機関区分": 3, "都道府県コード": 9, "市区町村コード": 201, "所在地": "栃木県宇都宮市大寛１丁目２番１８号", "緯度": 36.559243, "経度": 139.874129, "url": "https://www.iryou.teikyouseido.mhlw.go.jp/znk-web/juminkanja/S2430/initialize?prefCd=09&kikanCd=3090000193&kikanKbn=3", "url2": null, "内容": "中山歯科医院【3:歯科】栃木県宇都宮市大寛１丁目２番１８号" }, "geometry": { "type": "Point", "coordinates": [ 139.874129, 36.559243 ] } },
{ "type": "Feature", "properties": { "ID": 933090000194, "正式名称": "中山歯科医院", "機関区分": 3, "都道府県コード": 9, "市区町村コード": 201, "所在地": "栃木県宇都宮市大寛２－８－８", "緯度": 36.557735, "経度": 139.873154, "url": "https://www.iryou.teikyouseido.mhlw.go.jp/znk-web/juminkanja/S2430/initialize?prefCd=09&kikanCd=3090000194&kikanKbn=3", "url2": null, "内容": "中山歯科医院【3:歯科】栃木県宇都宮市大寛２－８－８" }, "geometry": { "type": "Point", "coordinates": [ 139.873154, 36.557735 ] } },
{ "type": "Feature", "properties": { "ID": 933090000195, "正式名称": "なかやま歯科クリニック", "機関区分": 3, "都道府県コード": 9, "市区町村コード": 201, "所在地": "栃木県宇都宮市西１－３－１９", "緯度": 36.558896, "経度": 139.877457, "url": "https://www.iryou.teikyouseido.mhlw.go.jp/znk-web/juminkanja/S2430/initialize?prefCd=09&kikanCd=3090000195&kikanKbn=3", "url2": null, "内容": "なかやま歯科クリニック【3:歯科】栃木県宇都宮市西１－３－１９" }, "geometry": { "type": "Point", "coordinates": [ 139.877457, 36.558896 ] } },
{ "type": "Feature", "properties": { "ID": 933090000196, "正式名称": "那須歯科医院", "機関区分": 3, "都道府県コード": 9, "市区町村コード": 201, "所在地": "栃木県宇都宮市南高砂町３－１", "緯度": 36.48479, "経度": 139.870719, "url": "https://www.iryou.teikyouseido.mhlw.go.jp/znk-web/juminkanja/S2430/initialize?prefCd=09&kikanCd=3090000196&kikanKbn=3", "url2": "http://www.nasu-dc.com/", "内容": "那須歯科医院【3:歯科】栃木県宇都宮市南高砂町３－１" }, "geometry": { "type": "Point", "coordinates": [ 139.870719, 36.48479 ] } },
{ "type": "Feature", "properties": { "ID": 933090000197, "正式名称": "医療法人　健明会　名取歯科医院", "機関区分": 3, "都道府県コード": 9, "市区町村コード": 201, "所在地": "栃木県宇都宮市塙田４－１－２９", "緯度": 36.56479, "経度": 139.887478, "url": "https://www.iryou.teikyouseido.mhlw.go.jp/znk-web/juminkanja/S2430/initialize?prefCd=09&kikanCd=3090000197&kikanKbn=3", "url2": "http://www.natori-dds.com", "内容": "医療法人　健明会　名取歯科医院【3:歯科】栃木県宇都宮市塙田４－１－２９" }, "geometry": { "type": "Point", "coordinates": [ 139.887478, 36.56479 ] } },
{ "type": "Feature", "properties": { "ID": 933090000198, "正式名称": "名取歯科クリニック", "機関区分": 3, "都道府県コード": 9, "市区町村コード": 201, "所在地": "栃木県宇都宮市中里町２７０２－２５", "緯度": 36.678687, "経度": 139.900278, "url": "https://www.iryou.teikyouseido.mhlw.go.jp/znk-web/juminkanja/S2430/initialize?prefCd=09&kikanCd=3090000198&kikanKbn=3", "url2": "http://www.natori-dc.com", "内容": "名取歯科クリニック【3:歯科】栃木県宇都宮市中里町２７０２－２５" }, "geometry": { "type": "Point", "coordinates": [ 139.900278, 36.678687 ] } },
{ "type": "Feature", "properties": { "ID": 933090000199, "正式名称": "生井歯科医院", "機関区分": 3, "都道府県コード": 9, "市区町村コード": 201, "所在地": "栃木県宇都宮市今泉町３００３－８", "緯度": 36.572692, "経度": 139.916789, "url": "https://www.iryou.teikyouseido.mhlw.go.jp/znk-web/juminkanja/S2430/initialize?prefCd=09&kikanCd=3090000199&kikanKbn=3", "url2": null, "内容": "生井歯科医院【3:歯科】栃木県宇都宮市今泉町３００３－８" }, "geometry": { "type": "Point", "coordinates": [ 139.916789, 36.572692 ] } },
{ "type": "Feature", "properties": { "ID": 933090000200, "正式名称": "生井歯科医院", "機関区分": 3, "都道府県コード": 9, "市区町村コード": 201, "所在地": "栃木県宇都宮市吉野", "緯度": 36.544294, "経度": 139.872026, "url": "https://www.iryou.teikyouseido.mhlw.go.jp/znk-web/juminkanja/S2430/initialize?prefCd=09&kikanCd=3090000200&kikanKbn=3", "url2": null, "内容": "生井歯科医院【3:歯科】栃木県宇都宮市吉野" }, "geometry": { "type": "Point", "coordinates": [ 139.872026, 36.544294 ] } },
{ "type": "Feature", "properties": { "ID": 933090000201, "正式名称": "なら歯科医院", "機関区分": 3, "都道府県コード": 9, "市区町村コード": 201, "所在地": "栃木県宇都宮市豊郷台２－２１－２", "緯度": 36.603732, "経度": 139.887468, "url": "https://www.iryou.teikyouseido.mhlw.go.jp/znk-web/juminkanja/S2430/initialize?prefCd=09&kikanCd=3090000201&kikanKbn=3", "url2": null, "内容": "なら歯科医院【3:歯科】栃木県宇都宮市豊郷台２－２１－２" }, "geometry": { "type": "Point", "coordinates": [ 139.887468, 36.603732 ] } },
{ "type": "Feature", "properties": { "ID": 933090000202, "正式名称": "にこにこ歯科", "機関区分": 3, "都道府県コード": 9, "市区町村コード": 201, "所在地": "栃木県宇都宮市中今泉栃木県宇都宮市中今泉３－８－２７", "緯度": 36.567185, "経度": 139.906043, "url": "https://www.iryou.teikyouseido.mhlw.go.jp/znk-web/juminkanja/S2430/initialize?prefCd=09&kikanCd=3090000202&kikanKbn=3", "url2": "http://www.niko-niko.info/pc/", "内容": "にこにこ歯科【3:歯科】栃木県宇都宮市中今泉栃木県宇都宮市中今泉３－８－２７" }, "geometry": { "type": "Point", "coordinates": [ 139.906043, 36.567185 ] } },
{ "type": "Feature", "properties": { "ID": 933090000203, "正式名称": "西垣歯科医院", "機関区分": 3, "都道府県コード": 9, "市区町村コード": 201, "所在地": "栃木県宇都宮市鐺山町３４８", "緯度": 36.541636, "経度": 139.966676, "url": "https://www.iryou.teikyouseido.mhlw.go.jp/znk-web/juminkanja/S2430/initialize?prefCd=09&kikanCd=3090000203&kikanKbn=3", "url2": null, "内容": "西垣歯科医院【3:歯科】栃木県宇都宮市鐺山町３４８" }, "geometry": { "type": "Point", "coordinates": [ 139.966676, 36.541636 ] } },
{ "type": "Feature", "properties": { "ID": 933090000204, "正式名称": "西川歯科クリニック", "機関区分": 3, "都道府県コード": 9, "市区町村コード": 201, "所在地": "栃木県宇都宮市下岡本町１９９７－１", "緯度": 36.602015, "経度": 139.942527, "url": "https://www.iryou.teikyouseido.mhlw.go.jp/znk-web/juminkanja/S2430/initialize?prefCd=09&kikanCd=3090000204&kikanKbn=3", "url2": null, "内容": "西川歯科クリニック【3:歯科】栃木県宇都宮市下岡本町１９９７－１" }, "geometry": { "type": "Point", "coordinates": [ 139.942527, 36.602015 ] } },
{ "type": "Feature", "properties": { "ID": 933090000205, "正式名称": "にしだ歯科クリニック", "機関区分": 3, "都道府県コード": 9, "市区町村コード": 201, "所在地": "栃木県宇都宮市白沢町", "緯度": 36.630575, "経度": 139.936626, "url": "https://www.iryou.teikyouseido.mhlw.go.jp/znk-web/juminkanja/S2430/initialize?prefCd=09&kikanCd=3090000205&kikanKbn=3", "url2": "http://nishidashika.cihp2.jp/", "内容": "にしだ歯科クリニック【3:歯科】栃木県宇都宮市白沢町" }, "geometry": { "type": "Point", "coordinates": [ 139.936626, 36.630575 ] } },
{ "type": "Feature", "properties": { "ID": 933090000206, "正式名称": "のざわ歯科クリニック", "機関区分": 3, "都道府県コード": 9, "市区町村コード": 201, "所在地": "栃木県宇都宮市海道町７１－２", "緯度": 36.601718, "経度": 139.92283, "url": "https://www.iryou.teikyouseido.mhlw.go.jp/znk-web/juminkanja/S2430/initialize?prefCd=09&kikanCd=3090000206&kikanKbn=3", "url2": "https://nozawa-shika.dentalmall.jp/", "内容": "のざわ歯科クリニック【3:歯科】栃木県宇都宮市海道町７１－２" }, "geometry": { "type": "Point", "coordinates": [ 139.92283, 36.601718 ] } },
{ "type": "Feature", "properties": { "ID": 933090000207, "正式名称": "野沢歯科医院", "機関区分": 3, "都道府県コード": 9, "市区町村コード": 201, "所在地": "栃木県宇都宮市鐺山町４２６－５", "緯度": 36.537338, "経度": 139.966033, "url": "https://www.iryou.teikyouseido.mhlw.go.jp/znk-web/juminkanja/S2430/initialize?prefCd=09&kikanCd=3090000207&kikanKbn=3", "url2": null, "内容": "野沢歯科医院【3:歯科】栃木県宇都宮市鐺山町４２６－５" }, "geometry": { "type": "Point", "coordinates": [ 139.966033, 36.537338 ] } },
{ "type": "Feature", "properties": { "ID": 933090000208, "正式名称": "箱島歯科医院", "機関区分": 3, "都道府県コード": 9, "市区町村コード": 201, "所在地": "栃木県宇都宮市五代３－１－１６", "緯度": 36.496924, "経度": 139.863919, "url": "https://www.iryou.teikyouseido.mhlw.go.jp/znk-web/juminkanja/S2430/initialize?prefCd=09&kikanCd=3090000208&kikanKbn=3", "url2": null, "内容": "箱島歯科医院【3:歯科】栃木県宇都宮市五代３－１－１６" }, "geometry": { "type": "Point", "coordinates": [ 139.863919, 36.496924 ] } },
{ "type": "Feature", "properties": { "ID": 933090000210, "正式名称": "長谷川歯科医院", "機関区分": 3, "都道府県コード": 9, "市区町村コード": 201, "所在地": "栃木県宇都宮市下平出町８９９－１０", "緯度": 36.557292, "経度": 139.935693, "url": "https://www.iryou.teikyouseido.mhlw.go.jp/znk-web/juminkanja/S2430/initialize?prefCd=09&kikanCd=3090000210&kikanKbn=3", "url2": null, "内容": "長谷川歯科医院【3:歯科】栃木県宇都宮市下平出町８９９－１０" }, "geometry": { "type": "Point", "coordinates": [ 139.935693, 36.557292 ] } },
{ "type": "Feature", "properties": { "ID": 933090000211, "正式名称": "羽石歯科医院", "機関区分": 3, "都道府県コード": 9, "市区町村コード": 201, "所在地": "栃木県宇都宮市二番町２－１３", "緯度": 36.55796, "経度": 139.889667, "url": "https://www.iryou.teikyouseido.mhlw.go.jp/znk-web/juminkanja/S2430/initialize?prefCd=09&kikanCd=3090000211&kikanKbn=3", "url2": null, "内容": "羽石歯科医院【3:歯科】栃木県宇都宮市二番町２－１３" }, "geometry": { "type": "Point", "coordinates": [ 139.889667, 36.55796 ] } },
{ "type": "Feature", "properties": { "ID": 933090000212, "正式名称": "はやし歯科クリニック", "機関区分": 3, "都道府県コード": 9, "市区町村コード": 201, "所在地": "栃木県宇都宮市インターパーク", "緯度": 36.496064, "経度": 139.904757, "url": "https://www.iryou.teikyouseido.mhlw.go.jp/znk-web/juminkanja/S2430/initialize?prefCd=09&kikanCd=3090000212&kikanKbn=3", "url2": null, "内容": "はやし歯科クリニック【3:歯科】栃木県宇都宮市インターパーク" }, "geometry": { "type": "Point", "coordinates": [ 139.904757, 36.496064 ] } },
{ "type": "Feature", "properties": { "ID": 933090000214, "正式名称": "林デンタルオフィス", "機関区分": 3, "都道府県コード": 9, "市区町村コード": 201, "所在地": "栃木県宇都宮市陽東３－２６－７", "緯度": 36.554556, "経度": 139.924631, "url": "https://www.iryou.teikyouseido.mhlw.go.jp/znk-web/juminkanja/S2430/initialize?prefCd=09&kikanCd=3090000214&kikanKbn=3", "url2": "http://www.hayashidental.com/", "内容": "林デンタルオフィス【3:歯科】栃木県宇都宮市陽東３－２６－７" }, "geometry": { "type": "Point", "coordinates": [ 139.924631, 36.554556 ] } },
{ "type": "Feature", "properties": { "ID": 933090000216, "正式名称": "半田歯科医院", "機関区分": 3, "都道府県コード": 9, "市区町村コード": 201, "所在地": "栃木県宇都宮市松原２－５－７", "緯度": 36.572833, "経度": 139.87101, "url": "https://www.iryou.teikyouseido.mhlw.go.jp/znk-web/juminkanja/S2430/initialize?prefCd=09&kikanCd=3090000216&kikanKbn=3", "url2": null, "内容": "半田歯科医院【3:歯科】栃木県宇都宮市松原２－５－７" }, "geometry": { "type": "Point", "coordinates": [ 139.87101, 36.572833 ] } },
{ "type": "Feature", "properties": { "ID": 933090000217, "正式名称": "半田歯科医院", "機関区分": 3, "都道府県コード": 9, "市区町村コード": 201, "所在地": "栃木県宇都宮市鶴田町２１５６－５", "緯度": 36.566864, "経度": 139.855422, "url": "https://www.iryou.teikyouseido.mhlw.go.jp/znk-web/juminkanja/S2430/initialize?prefCd=09&kikanCd=3090000217&kikanKbn=3", "url2": null, "内容": "半田歯科医院【3:歯科】栃木県宇都宮市鶴田町２１５６－５" }, "geometry": { "type": "Point", "coordinates": [ 139.855422, 36.566864 ] } },
{ "type": "Feature", "properties": { "ID": 933090000218, "正式名称": "半田歯科医院", "機関区分": 3, "都道府県コード": 9, "市区町村コード": 201, "所在地": "栃木県宇都宮市野沢町３１４－５", "緯度": 36.6098, "経度": 139.856076, "url": "https://www.iryou.teikyouseido.mhlw.go.jp/znk-web/juminkanja/S2430/initialize?prefCd=09&kikanCd=3090000218&kikanKbn=3", "url2": null, "内容": "半田歯科医院【3:歯科】栃木県宇都宮市野沢町３１４－５" }, "geometry": { "type": "Point", "coordinates": [ 139.856076, 36.6098 ] } },
{ "type": "Feature", "properties": { "ID": 933090000219, "正式名称": "ひあさ歯科医院", "機関区分": 3, "都道府県コード": 9, "市区町村コード": 201, "所在地": "栃木県宇都宮市今宮１－１９－４", "緯度": 36.517711, "経度": 139.867846, "url": "https://www.iryou.teikyouseido.mhlw.go.jp/znk-web/juminkanja/S2430/initialize?prefCd=09&kikanCd=3090000219&kikanKbn=3", "url2": null, "内容": "ひあさ歯科医院【3:歯科】栃木県宇都宮市今宮１－１９－４" }, "geometry": { "type": "Point", "coordinates": [ 139.867846, 36.517711 ] } },
{ "type": "Feature", "properties": { "ID": 933090000221, "正式名称": "医療法人　まこと会　ひやま歯科クリニック", "機関区分": 3, "都道府県コード": 9, "市区町村コード": 201, "所在地": "栃木県宇都宮市今泉１－１－８", "緯度": 36.562065, "経度": 139.896414, "url": "https://www.iryou.teikyouseido.mhlw.go.jp/znk-web/juminkanja/S2430/initialize?prefCd=09&kikanCd=3090000221&kikanKbn=3", "url2": "http://www.hiyama-dc.com", "内容": "医療法人　まこと会　ひやま歯科クリニック【3:歯科】栃木県宇都宮市今泉１－１－８" }, "geometry": { "type": "Point", "coordinates": [ 139.896414, 36.562065 ] } },
{ "type": "Feature", "properties": { "ID": 933090000222, "正式名称": "平野歯科医院", "機関区分": 3, "都道府県コード": 9, "市区町村コード": 201, "所在地": "栃木県宇都宮市石井町２９７３－３５", "緯度": 36.540643, "経度": 139.925228, "url": "https://www.iryou.teikyouseido.mhlw.go.jp/znk-web/juminkanja/S2430/initialize?prefCd=09&kikanCd=3090000222&kikanKbn=3", "url2": "https://hiranodental2525.cihp2.jp/", "内容": "平野歯科医院【3:歯科】栃木県宇都宮市石井町２９７３－３５" }, "geometry": { "type": "Point", "coordinates": [ 139.925228, 36.540643 ] } },
{ "type": "Feature", "properties": { "ID": 933090000225, "正式名称": "廣中歯科医院", "機関区分": 3, "都道府県コード": 9, "市区町村コード": 201, "所在地": "栃木県宇都宮市東今泉１－１－３７", "緯度": 36.558022, "経度": 139.915959, "url": "https://www.iryou.teikyouseido.mhlw.go.jp/znk-web/juminkanja/S2430/initialize?prefCd=09&kikanCd=3090000225&kikanKbn=3", "url2": null, "内容": "廣中歯科医院【3:歯科】栃木県宇都宮市東今泉１－１－３７" }, "geometry": { "type": "Point", "coordinates": [ 139.915959, 36.558022 ] } },
{ "type": "Feature", "properties": { "ID": 933090000227, "正式名称": "福田歯科医院", "機関区分": 3, "都道府県コード": 9, "市区町村コード": 201, "所在地": "栃木県宇都宮市大和２－１０－２２", "緯度": 36.53087, "経度": 139.862162, "url": "https://www.iryou.teikyouseido.mhlw.go.jp/znk-web/juminkanja/S2430/initialize?prefCd=09&kikanCd=3090000227&kikanKbn=3", "url2": "http://www.fukuda118.com", "内容": "福田歯科医院【3:歯科】栃木県宇都宮市大和２－１０－２２" }, "geometry": { "type": "Point", "coordinates": [ 139.862162, 36.53087 ] } },
{ "type": "Feature", "properties": { "ID": 933090000228, "正式名称": "藤井歯科医院", "機関区分": 3, "都道府県コード": 9, "市区町村コード": 201, "所在地": "栃木県宇都宮市下栗町２３２１－１６", "緯度": 36.535038, "経度": 139.914355, "url": "https://www.iryou.teikyouseido.mhlw.go.jp/znk-web/juminkanja/S2430/initialize?prefCd=09&kikanCd=3090000228&kikanKbn=3", "url2": null, "内容": "藤井歯科医院【3:歯科】栃木県宇都宮市下栗町２３２１－１６" }, "geometry": { "type": "Point", "coordinates": [ 139.914355, 36.535038 ] } },
{ "type": "Feature", "properties": { "ID": 933090000229, "正式名称": "医療法人エフ　藤島歯科", "機関区分": 3, "都道府県コード": 9, "市区町村コード": 201, "所在地": "栃木県宇都宮市若松原２－９－６", "緯度": 36.499652, "経度": 139.867902, "url": "https://www.iryou.teikyouseido.mhlw.go.jp/znk-web/juminkanja/S2430/initialize?prefCd=09&kikanCd=3090000229&kikanKbn=3", "url2": null, "内容": "医療法人エフ　藤島歯科【3:歯科】栃木県宇都宮市若松原２－９－６" }, "geometry": { "type": "Point", "coordinates": [ 139.867902, 36.499652 ] } },
{ "type": "Feature", "properties": { "ID": 933090000231, "正式名称": "藤橋歯科医院", "機関区分": 3, "都道府県コード": 9, "市区町村コード": 201, "所在地": "栃木県宇都宮市中央１－５－７", "緯度": 36.558432, "経度": 139.883482, "url": "https://www.iryou.teikyouseido.mhlw.go.jp/znk-web/juminkanja/S2430/initialize?prefCd=09&kikanCd=3090000231&kikanKbn=3", "url2": "http://www.fujihashi-dental.com/", "内容": "藤橋歯科医院【3:歯科】栃木県宇都宮市中央１－５－７" }, "geometry": { "type": "Point", "coordinates": [ 139.883482, 36.558432 ] } },
{ "type": "Feature", "properties": { "ID": 933090000232, "正式名称": "北條歯科医院", "機関区分": 3, "都道府県コード": 9, "市区町村コード": 201, "所在地": "栃木県宇都宮市大曽１－１－１３", "緯度": 36.570211, "経度": 139.888755, "url": "https://www.iryou.teikyouseido.mhlw.go.jp/znk-web/juminkanja/S2430/initialize?prefCd=09&kikanCd=3090000232&kikanKbn=3", "url2": null, "内容": "北條歯科医院【3:歯科】栃木県宇都宮市大曽１－１－１３" }, "geometry": { "type": "Point", "coordinates": [ 139.888755, 36.570211 ] } },
{ "type": "Feature", "properties": { "ID": 933090000233, "正式名称": "北條歯科クリニック", "機関区分": 3, "都道府県コード": 9, "市区町村コード": 201, "所在地": "栃木県宇都宮市駒生町１４１０ー８３", "緯度": 36.582709, "経度": 139.837511, "url": "https://www.iryou.teikyouseido.mhlw.go.jp/znk-web/juminkanja/S2430/initialize?prefCd=09&kikanCd=3090000233&kikanKbn=3", "url2": null, "内容": "北條歯科クリニック【3:歯科】栃木県宇都宮市駒生町１４１０ー８３" }, "geometry": { "type": "Point", "coordinates": [ 139.837511, 36.582709 ] } },
{ "type": "Feature", "properties": { "ID": 933090000235, "正式名称": "ホワイト歯科医院", "機関区分": 3, "都道府県コード": 9, "市区町村コード": 201, "所在地": "栃木県宇都宮市千波町１－２", "緯度": 36.563834, "経度": 139.891722, "url": "https://www.iryou.teikyouseido.mhlw.go.jp/znk-web/juminkanja/S2430/initialize?prefCd=09&kikanCd=3090000235&kikanKbn=3", "url2": null, "内容": "ホワイト歯科医院【3:歯科】栃木県宇都宮市千波町１－２" }, "geometry": { "type": "Point", "coordinates": [ 139.891722, 36.563834 ] } },
{ "type": "Feature", "properties": { "ID": 933090000237, "正式名称": "益子歯科医院", "機関区分": 3, "都道府県コード": 9, "市区町村コード": 201, "所在地": "栃木県宇都宮市上戸祭町", "緯度": 36.599088, "経度": 139.860551, "url": "https://www.iryou.teikyouseido.mhlw.go.jp/znk-web/juminkanja/S2430/initialize?prefCd=09&kikanCd=3090000237&kikanKbn=3", "url2": null, "内容": "益子歯科医院【3:歯科】栃木県宇都宮市上戸祭町" }, "geometry": { "type": "Point", "coordinates": [ 139.860551, 36.599088 ] } },
{ "type": "Feature", "properties": { "ID": 933090000238, "正式名称": "町田歯科クリニック", "機関区分": 3, "都道府県コード": 9, "市区町村コード": 201, "所在地": "栃木県宇都宮市山本２－２６－１４", "緯度": 36.581816, "経度": 139.884474, "url": "https://www.iryou.teikyouseido.mhlw.go.jp/znk-web/juminkanja/S2430/initialize?prefCd=09&kikanCd=3090000238&kikanKbn=3", "url2": null, "内容": "町田歯科クリニック【3:歯科】栃木県宇都宮市山本２－２６－１４" }, "geometry": { "type": "Point", "coordinates": [ 139.884474, 36.581816 ] } },
{ "type": "Feature", "properties": { "ID": 933090000239, "正式名称": "松井歯科医院", "機関区分": 3, "都道府県コード": 9, "市区町村コード": 201, "所在地": "栃木県宇都宮市塙田２－５－２７", "緯度": 36.563095, "経度": 139.886809, "url": "https://www.iryou.teikyouseido.mhlw.go.jp/znk-web/juminkanja/S2430/initialize?prefCd=09&kikanCd=3090000239&kikanKbn=3", "url2": null, "内容": "松井歯科医院【3:歯科】栃木県宇都宮市塙田２－５－２７" }, "geometry": { "type": "Point", "coordinates": [ 139.886809, 36.563095 ] } },
{ "type": "Feature", "properties": { "ID": 933090000240, "正式名称": "医療法人松井歯科医院", "機関区分": 3, "都道府県コード": 9, "市区町村コード": 201, "所在地": "栃木県宇都宮市屋板町２２８－１", "緯度": 36.522363, "経度": 139.893082, "url": "https://www.iryou.teikyouseido.mhlw.go.jp/znk-web/juminkanja/S2430/initialize?prefCd=09&kikanCd=3090000240&kikanKbn=3", "url2": "https://www.matsui-d-clinic.com/", "内容": "医療法人松井歯科医院【3:歯科】栃木県宇都宮市屋板町２２８－１" }, "geometry": { "type": "Point", "coordinates": [ 139.893082, 36.522363 ] } },
{ "type": "Feature", "properties": { "ID": 933090000242, "正式名称": "松島歯科医院", "機関区分": 3, "都道府県コード": 9, "市区町村コード": 201, "所在地": "栃木県宇都宮市宮園町８－２", "緯度": 36.558915, "経度": 139.881862, "url": "https://www.iryou.teikyouseido.mhlw.go.jp/znk-web/juminkanja/S2430/initialize?prefCd=09&kikanCd=3090000242&kikanKbn=3", "url2": null, "内容": "松島歯科医院【3:歯科】栃木県宇都宮市宮園町８－２" }, "geometry": { "type": "Point", "coordinates": [ 139.881862, 36.558915 ] } },
{ "type": "Feature", "properties": { "ID": 933090000243, "正式名称": "松田歯科クリニック", "機関区分": 3, "都道府県コード": 9, "市区町村コード": 201, "所在地": "栃木県宇都宮市平松本町", "緯度": 36.540629, "経度": 139.917043, "url": "https://www.iryou.teikyouseido.mhlw.go.jp/znk-web/juminkanja/S2430/initialize?prefCd=09&kikanCd=3090000243&kikanKbn=3", "url2": "http://matsuda-dcl.com", "内容": "松田歯科クリニック【3:歯科】栃木県宇都宮市平松本町" }, "geometry": { "type": "Point", "coordinates": [ 139.917043, 36.540629 ] } },
{ "type": "Feature", "properties": { "ID": 933090000245, "正式名称": "医療法人　三宅歯科・矯正歯科クリニック", "機関区分": 3, "都道府県コード": 9, "市区町村コード": 201, "所在地": "栃木県宇都宮市砥上町３１－４", "緯度": 36.54198, "経度": 139.844713, "url": "https://www.iryou.teikyouseido.mhlw.go.jp/znk-web/juminkanja/S2430/initialize?prefCd=09&kikanCd=3090000245&kikanKbn=3", "url2": null, "内容": "医療法人　三宅歯科・矯正歯科クリニック【3:歯科】栃木県宇都宮市砥上町３１－４" }, "geometry": { "type": "Point", "coordinates": [ 139.844713, 36.54198 ] } },
{ "type": "Feature", "properties": { "ID": 933090000246, "正式名称": "三木歯科医院", "機関区分": 3, "都道府県コード": 9, "市区町村コード": 201, "所在地": "栃木県宇都宮市駒生町２３３５－８", "緯度": 36.588721, "経度": 139.828595, "url": "https://www.iryou.teikyouseido.mhlw.go.jp/znk-web/juminkanja/S2430/initialize?prefCd=09&kikanCd=3090000246&kikanKbn=3", "url2": "https://www.miki-dent.com/", "内容": "三木歯科医院【3:歯科】栃木県宇都宮市駒生町２３３５－８" }, "geometry": { "type": "Point", "coordinates": [ 139.828595, 36.588721 ] } },
{ "type": "Feature", "properties": { "ID": 933090000247, "正式名称": "水野歯科医院", "機関区分": 3, "都道府県コード": 9, "市区町村コード": 201, "所在地": "栃木県宇都宮市京町１２－６", "緯度": 36.550952, "経度": 139.871297, "url": "https://www.iryou.teikyouseido.mhlw.go.jp/znk-web/juminkanja/S2430/initialize?prefCd=09&kikanCd=3090000247&kikanKbn=3", "url2": null, "内容": "水野歯科医院【3:歯科】栃木県宇都宮市京町１２－６" }, "geometry": { "type": "Point", "coordinates": [ 139.871297, 36.550952 ] } },
{ "type": "Feature", "properties": { "ID": 933090000248, "正式名称": "三森歯科医院", "機関区分": 3, "都道府県コード": 9, "市区町村コード": 201, "所在地": "栃木県宇都宮市花房１－１－３", "緯度": 36.550677, "経度": 139.882654, "url": "https://www.iryou.teikyouseido.mhlw.go.jp/znk-web/juminkanja/S2430/initialize?prefCd=09&kikanCd=3090000248&kikanKbn=3", "url2": null, "内容": "三森歯科医院【3:歯科】栃木県宇都宮市花房１－１－３" }, "geometry": { "type": "Point", "coordinates": [ 139.882654, 36.550677 ] } },
{ "type": "Feature", "properties": { "ID": 933090000250, "正式名称": "宮堀歯科医院", "機関区分": 3, "都道府県コード": 9, "市区町村コード": 201, "所在地": "栃木県宇都宮市宿郷５－１６－８", "緯度": 36.552731, "経度": 139.905211, "url": "https://www.iryou.teikyouseido.mhlw.go.jp/znk-web/juminkanja/S2430/initialize?prefCd=09&kikanCd=3090000250&kikanKbn=3", "url2": "http://miyaborisika.xxxx.jp/", "内容": "宮堀歯科医院【3:歯科】栃木県宇都宮市宿郷５－１６－８" }, "geometry": { "type": "Point", "coordinates": [ 139.905211, 36.552731 ] } },
{ "type": "Feature", "properties": { "ID": 933090000251, "正式名称": "医療法人　むらかみ歯科医院", "機関区分": 3, "都道府県コード": 9, "市区町村コード": 201, "所在地": "栃木県宇都宮市鶴田２－２１－９", "緯度": 36.562422, "経度": 139.854331, "url": "https://www.iryou.teikyouseido.mhlw.go.jp/znk-web/juminkanja/S2430/initialize?prefCd=09&kikanCd=3090000251&kikanKbn=3", "url2": "http://www.murakamidental.com", "内容": "医療法人　むらかみ歯科医院【3:歯科】栃木県宇都宮市鶴田２－２１－９" }, "geometry": { "type": "Point", "coordinates": [ 139.854331, 36.562422 ] } },
{ "type": "Feature", "properties": { "ID": 933090000253, "正式名称": "村山矯正歯科医院", "機関区分": 3, "都道府県コード": 9, "市区町村コード": 201, "所在地": "栃木県宇都宮市鶴田町３３３９－７", "緯度": 36.539764, "経度": 139.860445, "url": "https://www.iryou.teikyouseido.mhlw.go.jp/znk-web/juminkanja/S2430/initialize?prefCd=09&kikanCd=3090000253&kikanKbn=3", "url2": "http://www.murayama-dc.jp", "内容": "村山矯正歯科医院【3:歯科】栃木県宇都宮市鶴田町３３３９－７" }, "geometry": { "type": "Point", "coordinates": [ 139.860445, 36.539764 ] } },
{ "type": "Feature", "properties": { "ID": 933090000256, "正式名称": "もり歯科クリニック", "機関区分": 3, "都道府県コード": 9, "市区町村コード": 201, "所在地": "栃木県宇都宮市下栗町", "緯度": 36.534768, "経度": 139.9063, "url": "https://www.iryou.teikyouseido.mhlw.go.jp/znk-web/juminkanja/S2430/initialize?prefCd=09&kikanCd=3090000256&kikanKbn=3", "url2": null, "内容": "もり歯科クリニック【3:歯科】栃木県宇都宮市下栗町" }, "geometry": { "type": "Point", "coordinates": [ 139.9063, 36.534768 ] } },
{ "type": "Feature", "properties": { "ID": 933090000258, "正式名称": "茂呂歯科医院宇都宮分院", "機関区分": 3, "都道府県コード": 9, "市区町村コード": 201, "所在地": "栃木県宇都宮市戸祭", "緯度": 36.572252, "経度": 139.869704, "url": "https://www.iryou.teikyouseido.mhlw.go.jp/znk-web/juminkanja/S2430/initialize?prefCd=09&kikanCd=3090000258&kikanKbn=3", "url2": null, "内容": "茂呂歯科医院宇都宮分院【3:歯科】栃木県宇都宮市戸祭" }, "geometry": { "type": "Point", "coordinates": [ 139.869704, 36.572252 ] } },
{ "type": "Feature", "properties": { "ID": 933090000259, "正式名称": "やぎ歯科医院", "機関区分": 3, "都道府県コード": 9, "市区町村コード": 201, "所在地": "栃木県宇都宮市江曽島２－１６－１６", "緯度": 36.523774, "経度": 139.861993, "url": "https://www.iryou.teikyouseido.mhlw.go.jp/znk-web/juminkanja/S2430/initialize?prefCd=09&kikanCd=3090000259&kikanKbn=3", "url2": "http://yagi-sika.com/", "内容": "やぎ歯科医院【3:歯科】栃木県宇都宮市江曽島２－１６－１６" }, "geometry": { "type": "Point", "coordinates": [ 139.861993, 36.523774 ] } },
{ "type": "Feature", "properties": { "ID": 933090000260, "正式名称": "薬師寺歯科医院", "機関区分": 3, "都道府県コード": 9, "市区町村コード": 201, "所在地": "栃木県宇都宮市滝の原３－１－３", "緯度": 36.542417, "経度": 139.863525, "url": "https://www.iryou.teikyouseido.mhlw.go.jp/znk-web/juminkanja/S2430/initialize?prefCd=09&kikanCd=3090000260&kikanKbn=3", "url2": null, "内容": "薬師寺歯科医院【3:歯科】栃木県宇都宮市滝の原３－１－３" }, "geometry": { "type": "Point", "coordinates": [ 139.863525, 36.542417 ] } },
{ "type": "Feature", "properties": { "ID": 933090000261, "正式名称": "屋代歯科医院", "機関区分": 3, "都道府県コード": 9, "市区町村コード": 201, "所在地": "栃木県宇都宮市平出町３４７－１", "緯度": 36.571685, "経度": 139.948422, "url": "https://www.iryou.teikyouseido.mhlw.go.jp/znk-web/juminkanja/S2430/initialize?prefCd=09&kikanCd=3090000261&kikanKbn=3", "url2": "https://www.yashiro-dc.com", "内容": "屋代歯科医院【3:歯科】栃木県宇都宮市平出町３４７－１" }, "geometry": { "type": "Point", "coordinates": [ 139.948422, 36.571685 ] } },
{ "type": "Feature", "properties": { "ID": 933090000262, "正式名称": "安田歯科医院", "機関区分": 3, "都道府県コード": 9, "市区町村コード": 201, "所在地": "栃木県宇都宮市岩曽町１３９２", "緯度": 36.585685, "経度": 139.913063, "url": "https://www.iryou.teikyouseido.mhlw.go.jp/znk-web/juminkanja/S2430/initialize?prefCd=09&kikanCd=3090000262&kikanKbn=3", "url2": null, "内容": "安田歯科医院【3:歯科】栃木県宇都宮市岩曽町１３９２" }, "geometry": { "type": "Point", "coordinates": [ 139.913063, 36.585685 ] } },
{ "type": "Feature", "properties": { "ID": 933090000263, "正式名称": "簗瀬歯科医院", "機関区分": 3, "都道府県コード": 9, "市区町村コード": 201, "所在地": "栃木県宇都宮市二荒町１－１０", "緯度": 36.560007, "経度": 139.886447, "url": "https://www.iryou.teikyouseido.mhlw.go.jp/znk-web/juminkanja/S2430/initialize?prefCd=09&kikanCd=3090000263&kikanKbn=3", "url2": null, "内容": "簗瀬歯科医院【3:歯科】栃木県宇都宮市二荒町１－１０" }, "geometry": { "type": "Point", "coordinates": [ 139.886447, 36.560007 ] } },
{ "type": "Feature", "properties": { "ID": 933090000264, "正式名称": "簗瀬歯科医院泉ケ丘診療所", "機関区分": 3, "都道府県コード": 9, "市区町村コード": 201, "所在地": "栃木県宇都宮市元今泉６丁目３番４号", "緯度": 36.562535, "経度": 139.914948, "url": "https://www.iryou.teikyouseido.mhlw.go.jp/znk-web/juminkanja/S2430/initialize?prefCd=09&kikanCd=3090000264&kikanKbn=3", "url2": null, "内容": "簗瀬歯科医院泉ケ丘診療所【3:歯科】栃木県宇都宮市元今泉６丁目３番４号" }, "geometry": { "type": "Point", "coordinates": [ 139.914948, 36.562535 ] } },
{ "type": "Feature", "properties": { "ID": 933090000265, "正式名称": "簗瀬歯科桜診療所", "機関区分": 3, "都道府県コード": 9, "市区町村コード": 201, "所在地": "栃木県宇都宮市桜４丁目１１－２２", "緯度": 36.56867, "経度": 139.867077, "url": "https://www.iryou.teikyouseido.mhlw.go.jp/znk-web/juminkanja/S2430/initialize?prefCd=09&kikanCd=3090000265&kikanKbn=3", "url2": null, "内容": "簗瀬歯科桜診療所【3:歯科】栃木県宇都宮市桜４丁目１１－２２" }, "geometry": { "type": "Point", "coordinates": [ 139.867077, 36.56867 ] } },
{ "type": "Feature", "properties": { "ID": 933090000266, "正式名称": "やまうち歯科　ｓｅｃｏｎｄ　ｓｔａｇｅ", "機関区分": 3, "都道府県コード": 9, "市区町村コード": 201, "所在地": "栃木県宇都宮市一条４－１－８", "緯度": 36.552536, "経度": 139.879321, "url": "https://www.iryou.teikyouseido.mhlw.go.jp/znk-web/juminkanja/S2430/initialize?prefCd=09&kikanCd=3090000266&kikanKbn=3", "url2": null, "内容": "やまうち歯科　ｓｅｃｏｎｄ　ｓｔａｇｅ【3:歯科】栃木県宇都宮市一条４－１－８" }, "geometry": { "type": "Point", "coordinates": [ 139.879321, 36.552536 ] } },
{ "type": "Feature", "properties": { "ID": 933090000267, "正式名称": "山口歯科医院", "機関区分": 3, "都道府県コード": 9, "市区町村コード": 201, "所在地": "栃木県宇都宮市泉町１－７", "緯度": 36.562375, "経度": 139.880026, "url": "https://www.iryou.teikyouseido.mhlw.go.jp/znk-web/juminkanja/S2430/initialize?prefCd=09&kikanCd=3090000267&kikanKbn=3", "url2": null, "内容": "山口歯科医院【3:歯科】栃木県宇都宮市泉町１－７" }, "geometry": { "type": "Point", "coordinates": [ 139.880026, 36.562375 ] } },
{ "type": "Feature", "properties": { "ID": 933090000269, "正式名称": "山口歯科クリニック", "機関区分": 3, "都道府県コード": 9, "市区町村コード": 201, "所在地": "栃木県宇都宮市上桑島町１２８８－６", "緯度": 36.516743, "経度": 139.927907, "url": "https://www.iryou.teikyouseido.mhlw.go.jp/znk-web/juminkanja/S2430/initialize?prefCd=09&kikanCd=3090000269&kikanKbn=3", "url2": null, "内容": "山口歯科クリニック【3:歯科】栃木県宇都宮市上桑島町１２８８－６" }, "geometry": { "type": "Point", "coordinates": [ 139.927907, 36.516743 ] } },
{ "type": "Feature", "properties": { "ID": 933090000270, "正式名称": "山崎歯科医院", "機関区分": 3, "都道府県コード": 9, "市区町村コード": 201, "所在地": "栃木県宇都宮市新富町１３－１５", "緯度": 36.485851, "経度": 139.873857, "url": "https://www.iryou.teikyouseido.mhlw.go.jp/znk-web/juminkanja/S2430/initialize?prefCd=09&kikanCd=3090000270&kikanKbn=3", "url2": null, "内容": "山崎歯科医院【3:歯科】栃木県宇都宮市新富町１３－１５" }, "geometry": { "type": "Point", "coordinates": [ 139.873857, 36.485851 ] } },
{ "type": "Feature", "properties": { "ID": 933090000272, "正式名称": "ゆざわ歯科", "機関区分": 3, "都道府県コード": 9, "市区町村コード": 201, "所在地": "栃木県宇都宮市宝木町１－２５８９－１１", "緯度": 36.581029, "経度": 139.85941, "url": "https://www.iryou.teikyouseido.mhlw.go.jp/znk-web/juminkanja/S2430/initialize?prefCd=09&kikanCd=3090000272&kikanKbn=3", "url2": null, "内容": "ゆざわ歯科【3:歯科】栃木県宇都宮市宝木町１－２５８９－１１" }, "geometry": { "type": "Point", "coordinates": [ 139.85941, 36.581029 ] } },
{ "type": "Feature", "properties": { "ID": 933090000273, "正式名称": "ゆざわや歯科クリニック", "機関区分": 3, "都道府県コード": 9, "市区町村コード": 201, "所在地": "栃木県宇都宮市曲師町２－１２　ゆざわやビル２Ｆ", "緯度": 36.560327, "経度": 139.884375, "url": "https://www.iryou.teikyouseido.mhlw.go.jp/znk-web/juminkanja/S2430/initialize?prefCd=09&kikanCd=3090000273&kikanKbn=3", "url2": "http://www.yuzawaya.org", "内容": "ゆざわや歯科クリニック【3:歯科】栃木県宇都宮市曲師町２－１２　ゆざわやビル２Ｆ" }, "geometry": { "type": "Point", "coordinates": [ 139.884375, 36.560327 ] } },
{ "type": "Feature", "properties": { "ID": 933090000274, "正式名称": "ゆふ歯科", "機関区分": 3, "都道府県コード": 9, "市区町村コード": 201, "所在地": "栃木県宇都宮市御幸ケ原町５５－１１", "緯度": 36.594968, "経度": 139.929747, "url": "https://www.iryou.teikyouseido.mhlw.go.jp/znk-web/juminkanja/S2430/initialize?prefCd=09&kikanCd=3090000274&kikanKbn=3", "url2": null, "内容": "ゆふ歯科【3:歯科】栃木県宇都宮市御幸ケ原町５５－１１" }, "geometry": { "type": "Point", "coordinates": [ 139.929747, 36.594968 ] } },
{ "type": "Feature", "properties": { "ID": 933090000276, "正式名称": "横塚歯科医院", "機関区分": 3, "都道府県コード": 9, "市区町村コード": 201, "所在地": "栃木県宇都宮市中岡本町３７７２－７", "緯度": 36.614757, "経度": 139.930346, "url": "https://www.iryou.teikyouseido.mhlw.go.jp/znk-web/juminkanja/S2430/initialize?prefCd=09&kikanCd=3090000276&kikanKbn=3", "url2": "https://haisha-yoyaku.jp/bun2sdental/detail/index/id/TP00080214/", "内容": "横塚歯科医院【3:歯科】栃木県宇都宮市中岡本町３７７２－７" }, "geometry": { "type": "Point", "coordinates": [ 139.930346, 36.614757 ] } },
{ "type": "Feature", "properties": { "ID": 933090000281, "正式名称": "吉澤歯科医院", "機関区分": 3, "都道府県コード": 9, "市区町村コード": 201, "所在地": "栃木県宇都宮市元今泉５－１－１３", "緯度": 36.562193, "経度": 139.908379, "url": "https://www.iryou.teikyouseido.mhlw.go.jp/znk-web/juminkanja/S2430/initialize?prefCd=09&kikanCd=3090000281&kikanKbn=3", "url2": null, "内容": "吉澤歯科医院【3:歯科】栃木県宇都宮市元今泉５－１－１３" }, "geometry": { "type": "Point", "coordinates": [ 139.908379, 36.562193 ] } },
{ "type": "Feature", "properties": { "ID": 933090000282, "正式名称": "吉田歯科医院", "機関区分": 3, "都道府県コード": 9, "市区町村コード": 201, "所在地": "栃木県宇都宮市南大通り１－２－１１", "緯度": 36.556666, "経度": 139.895134, "url": "https://www.iryou.teikyouseido.mhlw.go.jp/znk-web/juminkanja/S2430/initialize?prefCd=09&kikanCd=3090000282&kikanKbn=3", "url2": null, "内容": "吉田歯科医院【3:歯科】栃木県宇都宮市南大通り１－２－１１" }, "geometry": { "type": "Point", "coordinates": [ 139.895134, 36.556666 ] } },
{ "type": "Feature", "properties": { "ID": 933090000283, "正式名称": "吉田歯科医院", "機関区分": 3, "都道府県コード": 9, "市区町村コード": 201, "所在地": "栃木県宇都宮市岩曽町１３５５－１１５", "緯度": 36.583905, "経度": 139.912644, "url": "https://www.iryou.teikyouseido.mhlw.go.jp/znk-web/juminkanja/S2430/initialize?prefCd=09&kikanCd=3090000283&kikanKbn=3", "url2": null, "内容": "吉田歯科医院【3:歯科】栃木県宇都宮市岩曽町１３５５－１１５" }, "geometry": { "type": "Point", "coordinates": [ 139.912644, 36.583905 ] } },
{ "type": "Feature", "properties": { "ID": 933090000284, "正式名称": "吉成歯科医院", "機関区分": 3, "都道府県コード": 9, "市区町村コード": 201, "所在地": "栃木県宇都宮市駒生町", "緯度": 36.582067, "経度": 139.840039, "url": "https://www.iryou.teikyouseido.mhlw.go.jp/znk-web/juminkanja/S2430/initialize?prefCd=09&kikanCd=3090000284&kikanKbn=3", "url2": null, "内容": "吉成歯科医院【3:歯科】栃木県宇都宮市駒生町" }, "geometry": { "type": "Point", "coordinates": [ 139.840039, 36.582067 ] } },
{ "type": "Feature", "properties": { "ID": 933090000289, "正式名称": "ワカバ歯科診療所", "機関区分": 3, "都道府県コード": 9, "市区町村コード": 201, "所在地": "栃木県宇都宮市塙田２−４−１６", "緯度": 36.564084, "経度": 139.886212, "url": "https://www.iryou.teikyouseido.mhlw.go.jp/znk-web/juminkanja/S2430/initialize?prefCd=09&kikanCd=3090000289&kikanKbn=3", "url2": "https://wakaba-dental.site/", "内容": "ワカバ歯科診療所【3:歯科】栃木県宇都宮市塙田２−４−１６" }, "geometry": { "type": "Point", "coordinates": [ 139.886212, 36.564084 ] } },
{ "type": "Feature", "properties": { "ID": 933090000290, "正式名称": "和田矯正歯科", "機関区分": 3, "都道府県コード": 9, "市区町村コード": 201, "所在地": "栃木県宇都宮市二荒町２－７", "緯度": 36.559943, "経度": 139.886842, "url": "https://www.iryou.teikyouseido.mhlw.go.jp/znk-web/juminkanja/S2430/initialize?prefCd=09&kikanCd=3090000290&kikanKbn=3", "url2": "http://https://wadaortho.jp", "内容": "和田矯正歯科【3:歯科】栃木県宇都宮市二荒町２－７" }, "geometry": { "type": "Point", "coordinates": [ 139.886842, 36.559943 ] } },
{ "type": "Feature", "properties": { "ID": 933090000292, "正式名称": "ワタナベ歯科", "機関区分": 3, "都道府県コード": 9, "市区町村コード": 201, "所在地": "栃木県宇都宮市宝木町２－８０３－１", "緯度": 36.587799, "経度": 139.843486, "url": "https://www.iryou.teikyouseido.mhlw.go.jp/znk-web/juminkanja/S2430/initialize?prefCd=09&kikanCd=3090000292&kikanKbn=3", "url2": "https://watanabe-dental.net/", "内容": "ワタナベ歯科【3:歯科】栃木県宇都宮市宝木町２－８０３－１" }, "geometry": { "type": "Point", "coordinates": [ 139.843486, 36.587799 ] } },
{ "type": "Feature", "properties": { "ID": 933090000293, "正式名称": "渡辺歯科医院", "機関区分": 3, "都道府県コード": 9, "市区町村コード": 201, "所在地": "栃木県宇都宮市戸祭２－９－３１", "緯度": 36.57311, "経度": 139.865126, "url": "https://www.iryou.teikyouseido.mhlw.go.jp/znk-web/juminkanja/S2430/initialize?prefCd=09&kikanCd=3090000293&kikanKbn=3", "url2": "http://watanabeshikaiin.jp", "内容": "渡辺歯科医院【3:歯科】栃木県宇都宮市戸祭２－９－３１" }, "geometry": { "type": "Point", "coordinates": [ 139.865126, 36.57311 ] } },
{ "type": "Feature", "properties": { "ID": 933090000295, "正式名称": "ココ歯科クリニック", "機関区分": 3, "都道府県コード": 9, "市区町村コード": 201, "所在地": "栃木県宇都宮市砂田町６６０－２", "緯度": 36.505941, "経度": 139.908548, "url": "https://www.iryou.teikyouseido.mhlw.go.jp/znk-web/juminkanja/S2430/initialize?prefCd=09&kikanCd=3090000295&kikanKbn=3", "url2": "http://www.cocosika.com", "内容": "ココ歯科クリニック【3:歯科】栃木県宇都宮市砂田町６６０－２" }, "geometry": { "type": "Point", "coordinates": [ 139.908548, 36.505941 ] } },
{ "type": "Feature", "properties": { "ID": 933090000296, "正式名称": "クリスタル歯科クリニック", "機関区分": 3, "都道府県コード": 9, "市区町村コード": 201, "所在地": "栃木県宇都宮市泉が丘５－８－３４", "緯度": 36.570159, "経度": 139.916719, "url": "https://www.iryou.teikyouseido.mhlw.go.jp/znk-web/juminkanja/S2430/initialize?prefCd=09&kikanCd=3090000296&kikanKbn=3", "url2": "http://crystal-dental-clinic.com/", "内容": "クリスタル歯科クリニック【3:歯科】栃木県宇都宮市泉が丘５－８－３４" }, "geometry": { "type": "Point", "coordinates": [ 139.916719, 36.570159 ] } },
{ "type": "Feature", "properties": { "ID": 933090000297, "正式名称": "ひろデンタルクリニック", "機関区分": 3, "都道府県コード": 9, "市区町村コード": 201, "所在地": "栃木県宇都宮市田野町４７５－１", "緯度": 36.595172, "経度": 139.803158, "url": "https://www.iryou.teikyouseido.mhlw.go.jp/znk-web/juminkanja/S2430/initialize?prefCd=09&kikanCd=3090000297&kikanKbn=3", "url2": "http://www.hiro-dental-clinic.net", "内容": "ひろデンタルクリニック【3:歯科】栃木県宇都宮市田野町４７５－１" }, "geometry": { "type": "Point", "coordinates": [ 139.803158, 36.595172 ] } },
{ "type": "Feature", "properties": { "ID": 933090000299, "正式名称": "わかば歯科", "機関区分": 3, "都道府県コード": 9, "市区町村コード": 201, "所在地": "栃木県宇都宮市兵庫塚", "緯度": 36.492888, "経度": 139.855673, "url": "https://www.iryou.teikyouseido.mhlw.go.jp/znk-web/juminkanja/S2430/initialize?prefCd=09&kikanCd=3090000299&kikanKbn=3", "url2": "http://www.wakaba-dental.com", "内容": "わかば歯科【3:歯科】栃木県宇都宮市兵庫塚" }, "geometry": { "type": "Point", "coordinates": [ 139.855673, 36.492888 ] } },
{ "type": "Feature", "properties": { "ID": 933090000300, "正式名称": "医療法人社団　敬爾会　いがらし歯科イーストクリニック診療所", "機関区分": 3, "都道府県コード": 9, "市区町村コード": 201, "所在地": "栃木県宇都宮市平松本町１１２５－６", "緯度": 36.544368, "経度": 139.904422, "url": "https://www.iryou.teikyouseido.mhlw.go.jp/znk-web/juminkanja/S2430/initialize?prefCd=09&kikanCd=3090000300&kikanKbn=3", "url2": "http://www.igarashi-dc.com", "内容": "医療法人社団　敬爾会　いがらし歯科イーストクリニック診療所【3:歯科】栃木県宇都宮市平松本町１１２５－６" }, "geometry": { "type": "Point", "coordinates": [ 139.904422, 36.544368 ] } },
{ "type": "Feature", "properties": { "ID": 933090000301, "正式名称": "青木歯科医院", "機関区分": 3, "都道府県コード": 9, "市区町村コード": 202, "所在地": "栃木県足利市大沼田町１１１５－１", "緯度": 36.327225, "経度": 139.491081, "url": "https://www.iryou.teikyouseido.mhlw.go.jp/znk-web/juminkanja/S2430/initialize?prefCd=09&kikanCd=3090000301&kikanKbn=3", "url2": null, "内容": "青木歯科医院【3:歯科】栃木県足利市大沼田町１１１５－１" }, "geometry": { "type": "Point", "coordinates": [ 139.491081, 36.327225 ] } },
{ "type": "Feature", "properties": { "ID": 933090000304, "正式名称": "麻野歯科医院", "機関区分": 3, "都道府県コード": 9, "市区町村コード": 202, "所在地": "栃木県足利市通５丁目３１９３", "緯度": 36.338498, "経度": 139.442999, "url": "https://www.iryou.teikyouseido.mhlw.go.jp/znk-web/juminkanja/S2430/initialize?prefCd=09&kikanCd=3090000304&kikanKbn=3", "url2": null, "内容": "麻野歯科医院【3:歯科】栃木県足利市通５丁目３１９３" }, "geometry": { "type": "Point", "coordinates": [ 139.442999, 36.338498 ] } },
{ "type": "Feature", "properties": { "ID": 933090000306, "正式名称": "足利デンタルクリニック", "機関区分": 3, "都道府県コード": 9, "市区町村コード": 202, "所在地": "栃木県足利市福居町１９９", "緯度": 36.308316, "経度": 139.447645, "url": "https://www.iryou.teikyouseido.mhlw.go.jp/znk-web/juminkanja/S2430/initialize?prefCd=09&kikanCd=3090000306&kikanKbn=3", "url2": null, "内容": "足利デンタルクリニック【3:歯科】栃木県足利市福居町１９９" }, "geometry": { "type": "Point", "coordinates": [ 139.447645, 36.308316 ] } },
{ "type": "Feature", "properties": { "ID": 933090000308, "正式名称": "アベ歯科", "機関区分": 3, "都道府県コード": 9, "市区町村コード": 202, "所在地": "栃木県足利市上渋垂町２４２－３", "緯度": 36.302656, "経度": 139.463528, "url": "https://www.iryou.teikyouseido.mhlw.go.jp/znk-web/juminkanja/S2430/initialize?prefCd=09&kikanCd=3090000308&kikanKbn=3", "url2": null, "内容": "アベ歯科【3:歯科】栃木県足利市上渋垂町２４２－３" }, "geometry": { "type": "Point", "coordinates": [ 139.463528, 36.302656 ] } },
{ "type": "Feature", "properties": { "ID": 933090000309, "正式名称": "阿部歯科医院", "機関区分": 3, "都道府県コード": 9, "市区町村コード": 202, "所在地": "栃木県足利市伊勢町２－４－１１", "緯度": 36.333597, "経度": 139.458464, "url": "https://www.iryou.teikyouseido.mhlw.go.jp/znk-web/juminkanja/S2430/initialize?prefCd=09&kikanCd=3090000309&kikanKbn=3", "url2": null, "内容": "阿部歯科医院【3:歯科】栃木県足利市伊勢町２－４－１１" }, "geometry": { "type": "Point", "coordinates": [ 139.458464, 36.333597 ] } },
{ "type": "Feature", "properties": { "ID": 933090000310, "正式名称": "阿部歯科クリニック", "機関区分": 3, "都道府県コード": 9, "市区町村コード": 202, "所在地": "栃木県足利市鹿島町１１３０", "緯度": 36.344231, "経度": 139.414136, "url": "https://www.iryou.teikyouseido.mhlw.go.jp/znk-web/juminkanja/S2430/initialize?prefCd=09&kikanCd=3090000310&kikanKbn=3", "url2": "https://abe-shika-clinic.jp", "内容": "阿部歯科クリニック【3:歯科】栃木県足利市鹿島町１１３０" }, "geometry": { "type": "Point", "coordinates": [ 139.414136, 36.344231 ] } },
{ "type": "Feature", "properties": { "ID": 933090000311, "正式名称": "天海歯科診療所", "機関区分": 3, "都道府県コード": 9, "市区町村コード": 202, "所在地": "栃木県足利市江川町３－９－２３", "緯度": 36.354122, "経度": 139.467802, "url": "https://www.iryou.teikyouseido.mhlw.go.jp/znk-web/juminkanja/S2430/initialize?prefCd=09&kikanCd=3090000311&kikanKbn=3", "url2": null, "内容": "天海歯科診療所【3:歯科】栃木県足利市江川町３－９－２３" }, "geometry": { "type": "Point", "coordinates": [ 139.467802, 36.354122 ] } },
{ "type": "Feature", "properties": { "ID": 933090000313, "正式名称": "いもと歯科医院", "機関区分": 3, "都道府県コード": 9, "市区町村コード": 202, "所在地": "栃木県足利市中川町３－９", "緯度": 36.331332, "経度": 139.426912, "url": "https://www.iryou.teikyouseido.mhlw.go.jp/znk-web/juminkanja/S2430/initialize?prefCd=09&kikanCd=3090000313&kikanKbn=3", "url2": null, "内容": "いもと歯科医院【3:歯科】栃木県足利市中川町３－９" }, "geometry": { "type": "Point", "coordinates": [ 139.426912, 36.331332 ] } },
{ "type": "Feature", "properties": { "ID": 933090000314, "正式名称": "いもと歯科医院", "機関区分": 3, "都道府県コード": 9, "市区町村コード": 202, "所在地": "栃木県足利市八椚町８６－２", "緯度": 36.318398, "経度": 139.498727, "url": "https://www.iryou.teikyouseido.mhlw.go.jp/znk-web/juminkanja/S2430/initialize?prefCd=09&kikanCd=3090000314&kikanKbn=3", "url2": null, "内容": "いもと歯科医院【3:歯科】栃木県足利市八椚町８６－２" }, "geometry": { "type": "Point", "coordinates": [ 139.498727, 36.318398 ] } },
{ "type": "Feature", "properties": { "ID": 933090000315, "正式名称": "植木歯科医院", "機関区分": 3, "都道府県コード": 9, "市区町村コード": 202, "所在地": "栃木県足利市今福町３４３－１", "緯度": 36.340609, "経度": 139.429795, "url": "https://www.iryou.teikyouseido.mhlw.go.jp/znk-web/juminkanja/S2430/initialize?prefCd=09&kikanCd=3090000315&kikanKbn=3", "url2": null, "内容": "植木歯科医院【3:歯科】栃木県足利市今福町３４３－１" }, "geometry": { "type": "Point", "coordinates": [ 139.429795, 36.340609 ] } },
{ "type": "Feature", "properties": { "ID": 933090000317, "正式名称": "うるしばら歯科医院", "機関区分": 3, "都道府県コード": 9, "市区町村コード": 202, "所在地": "栃木県足利市上渋垂町５８－４", "緯度": 36.302053, "経度": 139.46055, "url": "https://www.iryou.teikyouseido.mhlw.go.jp/znk-web/juminkanja/S2430/initialize?prefCd=09&kikanCd=3090000317&kikanKbn=3", "url2": null, "内容": "うるしばら歯科医院【3:歯科】栃木県足利市上渋垂町５８－４" }, "geometry": { "type": "Point", "coordinates": [ 139.46055, 36.302053 ] } },
{ "type": "Feature", "properties": { "ID": 933090000318, "正式名称": "大川歯科医院", "機関区分": 3, "都道府県コード": 9, "市区町村コード": 202, "所在地": "栃木県足利市小俣町１４５９－３", "緯度": 36.382254, "経度": 139.37045, "url": "https://www.iryou.teikyouseido.mhlw.go.jp/znk-web/juminkanja/S2430/initialize?prefCd=09&kikanCd=3090000318&kikanKbn=3", "url2": null, "内容": "大川歯科医院【3:歯科】栃木県足利市小俣町１４５９－３" }, "geometry": { "type": "Point", "coordinates": [ 139.37045, 36.382254 ] } },
{ "type": "Feature", "properties": { "ID": 933090000319, "正式名称": "大輪歯科医院", "機関区分": 3, "都道府県コード": 9, "市区町村コード": 202, "所在地": "栃木県足利市伊勢町３－１２－１２", "緯度": 36.333999, "経度": 139.456662, "url": "https://www.iryou.teikyouseido.mhlw.go.jp/znk-web/juminkanja/S2430/initialize?prefCd=09&kikanCd=3090000319&kikanKbn=3", "url2": null, "内容": "大輪歯科医院【3:歯科】栃木県足利市伊勢町３－１２－１２" }, "geometry": { "type": "Point", "coordinates": [ 139.456662, 36.333999 ] } },
{ "type": "Feature", "properties": { "ID": 933090000321, "正式名称": "岡田歯科医院", "機関区分": 3, "都道府県コード": 9, "市区町村コード": 202, "所在地": "栃木県足利市通５－３２０２", "緯度": 36.337105, "経度": 139.443455, "url": "https://www.iryou.teikyouseido.mhlw.go.jp/znk-web/juminkanja/S2430/initialize?prefCd=09&kikanCd=3090000321&kikanKbn=3", "url2": null, "内容": "岡田歯科医院【3:歯科】栃木県足利市通５－３２０２" }, "geometry": { "type": "Point", "coordinates": [ 139.443455, 36.337105 ] } },
{ "type": "Feature", "properties": { "ID": 933090000322, "正式名称": "岡田歯科医院", "機関区分": 3, "都道府県コード": 9, "市区町村コード": 202, "所在地": "栃木県足利市葉鹿町２－１５－１５", "緯度": 36.367548, "経度": 139.384957, "url": "https://www.iryou.teikyouseido.mhlw.go.jp/znk-web/juminkanja/S2430/initialize?prefCd=09&kikanCd=3090000322&kikanKbn=3", "url2": null, "内容": "岡田歯科医院【3:歯科】栃木県足利市葉鹿町２－１５－１５" }, "geometry": { "type": "Point", "coordinates": [ 139.384957, 36.367548 ] } },
{ "type": "Feature", "properties": { "ID": 933090000323, "正式名称": "岡田歯科クリニック", "機関区分": 3, "都道府県コード": 9, "市区町村コード": 202, "所在地": "栃木県足利市鹿島町５４８－２", "緯度": 36.34928, "経度": 139.405301, "url": "https://www.iryou.teikyouseido.mhlw.go.jp/znk-web/juminkanja/S2430/initialize?prefCd=09&kikanCd=3090000323&kikanKbn=3", "url2": null, "内容": "岡田歯科クリニック【3:歯科】栃木県足利市鹿島町５４８－２" }, "geometry": { "type": "Point", "coordinates": [ 139.405301, 36.34928 ] } },
{ "type": "Feature", "properties": { "ID": 933090000324, "正式名称": "医療法人喜働の会　岡林歯科医院", "機関区分": 3, "都道府県コード": 9, "市区町村コード": 202, "所在地": "栃木県足利市芳町３６", "緯度": 36.337035, "経度": 139.470516, "url": "https://www.iryou.teikyouseido.mhlw.go.jp/znk-web/juminkanja/S2430/initialize?prefCd=09&kikanCd=3090000324&kikanKbn=3", "url2": "http://www.watv.ne.jp/~kidoukai", "内容": "医療法人喜働の会　岡林歯科医院【3:歯科】栃木県足利市芳町３６" }, "geometry": { "type": "Point", "coordinates": [ 139.470516, 36.337035 ] } },
{ "type": "Feature", "properties": { "ID": 933090000328, "正式名称": "柏瀬歯科医院", "機関区分": 3, "都道府県コード": 9, "市区町村コード": 202, "所在地": "栃木県足利市葉鹿町３８３－５", "緯度": 36.362637, "経度": 139.38536, "url": "https://www.iryou.teikyouseido.mhlw.go.jp/znk-web/juminkanja/S2430/initialize?prefCd=09&kikanCd=3090000328&kikanKbn=3", "url2": null, "内容": "柏瀬歯科医院【3:歯科】栃木県足利市葉鹿町３８３－５" }, "geometry": { "type": "Point", "coordinates": [ 139.38536, 36.362637 ] } },
{ "type": "Feature", "properties": { "ID": 933090000329, "正式名称": "春日丘歯科", "機関区分": 3, "都道府県コード": 9, "市区町村コード": 202, "所在地": "栃木県足利市山下町１２６７－５", "緯度": 36.349686, "経度": 139.411128, "url": "https://www.iryou.teikyouseido.mhlw.go.jp/znk-web/juminkanja/S2430/initialize?prefCd=09&kikanCd=3090000329&kikanKbn=3", "url2": null, "内容": "春日丘歯科【3:歯科】栃木県足利市山下町１２６７－５" }, "geometry": { "type": "Point", "coordinates": [ 139.411128, 36.349686 ] } },
{ "type": "Feature", "properties": { "ID": 933090000330, "正式名称": "かたばみ歯科医院", "機関区分": 3, "都道府県コード": 9, "市区町村コード": 202, "所在地": "栃木県足利市南大町２６２－３", "緯度": 36.320669, "経度": 139.420202, "url": "https://www.iryou.teikyouseido.mhlw.go.jp/znk-web/juminkanja/S2430/initialize?prefCd=09&kikanCd=3090000330&kikanKbn=3", "url2": null, "内容": "かたばみ歯科医院【3:歯科】栃木県足利市南大町２６２－３" }, "geometry": { "type": "Point", "coordinates": [ 139.420202, 36.320669 ] } },
{ "type": "Feature", "properties": { "ID": 933090000331, "正式名称": "医療法人笑徳会　加藤歯科医院", "機関区分": 3, "都道府県コード": 9, "市区町村コード": 202, "所在地": "栃木県足利市若草町５－９", "緯度": 36.320759, "経度": 139.471425, "url": "https://www.iryou.teikyouseido.mhlw.go.jp/znk-web/juminkanja/S2430/initialize?prefCd=09&kikanCd=3090000331&kikanKbn=3", "url2": "http://www.kato-shikaiin.com", "内容": "医療法人笑徳会　加藤歯科医院【3:歯科】栃木県足利市若草町５－９" }, "geometry": { "type": "Point", "coordinates": [ 139.471425, 36.320759 ] } },
{ "type": "Feature", "properties": { "ID": 933090000332, "正式名称": "河内歯科", "機関区分": 3, "都道府県コード": 9, "市区町村コード": 202, "所在地": "栃木県足利市家富町２１６５", "緯度": 36.338759, "経度": 139.449929, "url": "https://www.iryou.teikyouseido.mhlw.go.jp/znk-web/juminkanja/S2430/initialize?prefCd=09&kikanCd=3090000332&kikanKbn=3", "url2": null, "内容": "河内歯科【3:歯科】栃木県足利市家富町２１６５" }, "geometry": { "type": "Point", "coordinates": [ 139.449929, 36.338759 ] } },
{ "type": "Feature", "properties": { "ID": 933090000333, "正式名称": "かわまた歯科医院", "機関区分": 3, "都道府県コード": 9, "市区町村コード": 202, "所在地": "栃木県足利市大正町８７２－１０", "緯度": 36.343996, "経度": 139.452187, "url": "https://www.iryou.teikyouseido.mhlw.go.jp/znk-web/juminkanja/S2430/initialize?prefCd=09&kikanCd=3090000333&kikanKbn=3", "url2": null, "内容": "かわまた歯科医院【3:歯科】栃木県足利市大正町８７２－１０" }, "geometry": { "type": "Point", "coordinates": [ 139.452187, 36.343996 ] } },
{ "type": "Feature", "properties": { "ID": 933090000335, "正式名称": "きが歯科医院", "機関区分": 3, "都道府県コード": 9, "市区町村コード": 202, "所在地": "栃木県足利市常見町３－９－１１", "緯度": 36.317186, "経度": 139.48705, "url": "https://www.iryou.teikyouseido.mhlw.go.jp/znk-web/juminkanja/S2430/initialize?prefCd=09&kikanCd=3090000335&kikanKbn=3", "url2": null, "内容": "きが歯科医院【3:歯科】栃木県足利市常見町３－９－１１" }, "geometry": { "type": "Point", "coordinates": [ 139.48705, 36.317186 ] } },
{ "type": "Feature", "properties": { "ID": 933090000338, "正式名称": "湯田歯科医院", "機関区分": 3, "都道府県コード": 9, "市区町村コード": 202, "所在地": "栃木県足利市大沼田町１０７４", "緯度": 36.326102, "経度": 139.493842, "url": "https://www.iryou.teikyouseido.mhlw.go.jp/znk-web/juminkanja/S2430/initialize?prefCd=09&kikanCd=3090000338&kikanKbn=3", "url2": null, "内容": "湯田歯科医院【3:歯科】栃木県足利市大沼田町１０７４" }, "geometry": { "type": "Point", "coordinates": [ 139.493842, 36.326102 ] } },
{ "type": "Feature", "properties": { "ID": 933090000339, "正式名称": "小泉歯科", "機関区分": 3, "都道府県コード": 9, "市区町村コード": 202, "所在地": "栃木県足利市猿田町６－２０", "緯度": 36.317375, "経度": 139.474454, "url": "https://www.iryou.teikyouseido.mhlw.go.jp/znk-web/juminkanja/S2430/initialize?prefCd=09&kikanCd=3090000339&kikanKbn=3", "url2": null, "内容": "小泉歯科【3:歯科】栃木県足利市猿田町６－２０" }, "geometry": { "type": "Point", "coordinates": [ 139.474454, 36.317375 ] } },
{ "type": "Feature", "properties": { "ID": 933090000341, "正式名称": "小林歯科医院", "機関区分": 3, "都道府県コード": 9, "市区町村コード": 202, "所在地": "栃木県足利市島田町７５１−３", "緯度": 36.304356, "経度": 139.452283, "url": "https://www.iryou.teikyouseido.mhlw.go.jp/znk-web/juminkanja/S2430/initialize?prefCd=09&kikanCd=3090000341&kikanKbn=3", "url2": "http://dentalclinic-kobayashi.com", "内容": "小林歯科医院【3:歯科】栃木県足利市島田町７５１−３" }, "geometry": { "type": "Point", "coordinates": [ 139.452283, 36.304356 ] } },
{ "type": "Feature", "properties": { "ID": 933090000344, "正式名称": "近藤歯科医院", "機関区分": 3, "都道府県コード": 9, "市区町村コード": 202, "所在地": "栃木県足利市葉鹿町２９６", "緯度": 36.36222, "経度": 139.38423, "url": "https://www.iryou.teikyouseido.mhlw.go.jp/znk-web/juminkanja/S2430/initialize?prefCd=09&kikanCd=3090000344&kikanKbn=3", "url2": "http://k-dental.jimdo.com/", "内容": "近藤歯科医院【3:歯科】栃木県足利市葉鹿町２９６" }, "geometry": { "type": "Point", "coordinates": [ 139.38423, 36.36222 ] } },
{ "type": "Feature", "properties": { "ID": 933090000345, "正式名称": "櫻井歯科医院", "機関区分": 3, "都道府県コード": 9, "市区町村コード": 202, "所在地": "栃木県足利市葉鹿町５８５－１０", "緯度": 36.361243, "経度": 139.388057, "url": "https://www.iryou.teikyouseido.mhlw.go.jp/znk-web/juminkanja/S2430/initialize?prefCd=09&kikanCd=3090000345&kikanKbn=3", "url2": null, "内容": "櫻井歯科医院【3:歯科】栃木県足利市葉鹿町５８５－１０" }, "geometry": { "type": "Point", "coordinates": [ 139.388057, 36.361243 ] } },
{ "type": "Feature", "properties": { "ID": 933090000346, "正式名称": "さくらい歯科クリニック", "機関区分": 3, "都道府県コード": 9, "市区町村コード": 202, "所在地": "栃木県足利市八幡町２－１６－２６", "緯度": 36.323322, "経度": 139.434744, "url": "https://www.iryou.teikyouseido.mhlw.go.jp/znk-web/juminkanja/S2430/initialize?prefCd=09&kikanCd=3090000346&kikanKbn=3", "url2": null, "内容": "さくらい歯科クリニック【3:歯科】栃木県足利市八幡町２－１６－２６" }, "geometry": { "type": "Point", "coordinates": [ 139.434744, 36.323322 ] } },
{ "type": "Feature", "properties": { "ID": 933090000348, "正式名称": "しのだ歯科医院", "機関区分": 3, "都道府県コード": 9, "市区町村コード": 202, "所在地": "栃木県足利市朝倉町５８０", "緯度": 36.318543, "経度": 139.449245, "url": "https://www.iryou.teikyouseido.mhlw.go.jp/znk-web/juminkanja/S2430/initialize?prefCd=09&kikanCd=3090000348&kikanKbn=3", "url2": "http://www.shinoda-shika.net/", "内容": "しのだ歯科医院【3:歯科】栃木県足利市朝倉町５８０" }, "geometry": { "type": "Point", "coordinates": [ 139.449245, 36.318543 ] } },
{ "type": "Feature", "properties": { "ID": 933090000349, "正式名称": "しのだ歯科クリニック", "機関区分": 3, "都道府県コード": 9, "市区町村コード": 202, "所在地": "栃木県足利市山川町３８－２", "緯度": 36.321285, "経度": 139.480716, "url": "https://www.iryou.teikyouseido.mhlw.go.jp/znk-web/juminkanja/S2430/initialize?prefCd=09&kikanCd=3090000349&kikanKbn=3", "url2": "http://www.shinodashikaclinic.com/", "内容": "しのだ歯科クリニック【3:歯科】栃木県足利市山川町３８－２" }, "geometry": { "type": "Point", "coordinates": [ 139.480716, 36.321285 ] } },
{ "type": "Feature", "properties": { "ID": 933090000351, "正式名称": "鈴木歯科医院", "機関区分": 3, "都道府県コード": 9, "市区町村コード": 202, "所在地": "栃木県足利市朝倉町３−１５−６", "緯度": 36.316637, "経度": 139.443355, "url": "https://www.iryou.teikyouseido.mhlw.go.jp/znk-web/juminkanja/S2430/initialize?prefCd=09&kikanCd=3090000351&kikanKbn=3", "url2": "http://www.suzuki-dent6446.com", "内容": "鈴木歯科医院【3:歯科】栃木県足利市朝倉町３−１５−６" }, "geometry": { "type": "Point", "coordinates": [ 139.443355, 36.316637 ] } },
{ "type": "Feature", "properties": { "ID": 933090000353, "正式名称": "医療法人　関根歯科クリニック", "機関区分": 3, "都道府県コード": 9, "市区町村コード": 202, "所在地": "栃木県足利市堀込町", "緯度": 36.307102, "経度": 139.445502, "url": "https://www.iryou.teikyouseido.mhlw.go.jp/znk-web/juminkanja/S2430/initialize?prefCd=09&kikanCd=3090000353&kikanKbn=3", "url2": "http://www.sekineshika.com", "内容": "医療法人　関根歯科クリニック【3:歯科】栃木県足利市堀込町" }, "geometry": { "type": "Point", "coordinates": [ 139.445502, 36.307102 ] } },
{ "type": "Feature", "properties": { "ID": 933090000354, "正式名称": "関谷歯科医院", "機関区分": 3, "都道府県コード": 9, "市区町村コード": 202, "所在地": "栃木県足利市福居町５７４", "緯度": 36.306116, "経度": 139.453049, "url": "https://www.iryou.teikyouseido.mhlw.go.jp/znk-web/juminkanja/S2430/initialize?prefCd=09&kikanCd=3090000354&kikanKbn=3", "url2": null, "内容": "関谷歯科医院【3:歯科】栃木県足利市福居町５７４" }, "geometry": { "type": "Point", "coordinates": [ 139.453049, 36.306116 ] } },
{ "type": "Feature", "properties": { "ID": 933090000358, "正式名称": "田辺歯科医院", "機関区分": 3, "都道府県コード": 9, "市区町村コード": 202, "所在地": "栃木県足利市八幡町４６８－１", "緯度": 36.323508, "経度": 139.431934, "url": "https://www.iryou.teikyouseido.mhlw.go.jp/znk-web/juminkanja/S2430/initialize?prefCd=09&kikanCd=3090000358&kikanKbn=3", "url2": null, "内容": "田辺歯科医院【3:歯科】栃木県足利市八幡町４６８－１" }, "geometry": { "type": "Point", "coordinates": [ 139.431934, 36.323508 ] } },
{ "type": "Feature", "properties": { "ID": 933090000360, "正式名称": "長歯科医院", "機関区分": 3, "都道府県コード": 9, "市区町村コード": 202, "所在地": "栃木県足利市伊勢町４－１４－１３", "緯度": 36.329669, "経度": 139.459775, "url": "https://www.iryou.teikyouseido.mhlw.go.jp/znk-web/juminkanja/S2430/initialize?prefCd=09&kikanCd=3090000360&kikanKbn=3", "url2": null, "内容": "長歯科医院【3:歯科】栃木県足利市伊勢町４－１４－１３" }, "geometry": { "type": "Point", "coordinates": [ 139.459775, 36.329669 ] } },
{ "type": "Feature", "properties": { "ID": 933090000361, "正式名称": "津川歯科クリニック", "機関区分": 3, "都道府県コード": 9, "市区町村コード": 202, "所在地": "栃木県足利市百頭町１９６０", "緯度": 36.300184, "経度": 139.452507, "url": "https://www.iryou.teikyouseido.mhlw.go.jp/znk-web/juminkanja/S2430/initialize?prefCd=09&kikanCd=3090000361&kikanKbn=3", "url2": null, "内容": "津川歯科クリニック【3:歯科】栃木県足利市百頭町１９６０" }, "geometry": { "type": "Point", "coordinates": [ 139.452507, 36.300184 ] } },
{ "type": "Feature", "properties": { "ID": 933090000363, "正式名称": "つるた歯科クリニック", "機関区分": 3, "都道府県コード": 9, "市区町村コード": 202, "所在地": "栃木県足利市羽刈町５４６－７", "緯度": 36.274881, "経度": 139.467554, "url": "https://www.iryou.teikyouseido.mhlw.go.jp/znk-web/juminkanja/S2430/initialize?prefCd=09&kikanCd=3090000363&kikanKbn=3", "url2": null, "内容": "つるた歯科クリニック【3:歯科】栃木県足利市羽刈町５４６－７" }, "geometry": { "type": "Point", "coordinates": [ 139.467554, 36.274881 ] } },
{ "type": "Feature", "properties": { "ID": 933090000364, "正式名称": "とき崎歯科医院", "機関区分": 3, "都道府県コード": 9, "市区町村コード": 202, "所在地": "栃木県足利市葉鹿町１２７７－１", "緯度": 36.369357, "経度": 139.397075, "url": "https://www.iryou.teikyouseido.mhlw.go.jp/znk-web/juminkanja/S2430/initialize?prefCd=09&kikanCd=3090000364&kikanKbn=3", "url2": null, "内容": "とき崎歯科医院【3:歯科】栃木県足利市葉鹿町１２７７－１" }, "geometry": { "type": "Point", "coordinates": [ 139.397075, 36.369357 ] } },
{ "type": "Feature", "properties": { "ID": 933090000365, "正式名称": "戸塚歯科医院", "機関区分": 3, "都道府県コード": 9, "市区町村コード": 202, "所在地": "栃木県足利市伊勢町", "緯度": 36.333427, "経度": 139.456189, "url": "https://www.iryou.teikyouseido.mhlw.go.jp/znk-web/juminkanja/S2430/initialize?prefCd=09&kikanCd=3090000365&kikanKbn=3", "url2": null, "内容": "戸塚歯科医院【3:歯科】栃木県足利市伊勢町" }, "geometry": { "type": "Point", "coordinates": [ 139.456189, 36.333427 ] } },
{ "type": "Feature", "properties": { "ID": 933090000366, "正式名称": "とば歯科医院", "機関区分": 3, "都道府県コード": 9, "市区町村コード": 202, "所在地": "栃木県足利市山下町１２２８－１３", "緯度": 36.350817, "経度": 139.409914, "url": "https://www.iryou.teikyouseido.mhlw.go.jp/znk-web/juminkanja/S2430/initialize?prefCd=09&kikanCd=3090000366&kikanKbn=3", "url2": null, "内容": "とば歯科医院【3:歯科】栃木県足利市山下町１２２８－１３" }, "geometry": { "type": "Point", "coordinates": [ 139.409914, 36.350817 ] } },
{ "type": "Feature", "properties": { "ID": 933090000368, "正式名称": "中島歯科医院", "機関区分": 3, "都道府県コード": 9, "市区町村コード": 202, "所在地": "栃木県足利市江川町２－１２－８", "緯度": 36.353297, "経度": 139.467038, "url": "https://www.iryou.teikyouseido.mhlw.go.jp/znk-web/juminkanja/S2430/initialize?prefCd=09&kikanCd=3090000368&kikanKbn=3", "url2": null, "内容": "中島歯科医院【3:歯科】栃木県足利市江川町２－１２－８" }, "geometry": { "type": "Point", "coordinates": [ 139.467038, 36.353297 ] } },
{ "type": "Feature", "properties": { "ID": 933090000369, "正式名称": "ながしま歯科・口腔外科クリニック", "機関区分": 3, "都道府県コード": 9, "市区町村コード": 202, "所在地": "栃木県足利市里矢場町２０１９－１", "緯度": 36.310293, "経度": 139.425517, "url": "https://www.iryou.teikyouseido.mhlw.go.jp/znk-web/juminkanja/S2430/initialize?prefCd=09&kikanCd=3090000369&kikanKbn=3", "url2": "http://www.naga4ma-os.com/", "内容": "ながしま歯科・口腔外科クリニック【3:歯科】栃木県足利市里矢場町２０１９－１" }, "geometry": { "type": "Point", "coordinates": [ 139.425517, 36.310293 ] } },
{ "type": "Feature", "properties": { "ID": 933090000370, "正式名称": "ながせ歯科医院", "機関区分": 3, "都道府県コード": 9, "市区町村コード": 202, "所在地": "栃木県足利市利保町２ー１６ー１０", "緯度": 36.356731, "経度": 139.473004, "url": "https://www.iryou.teikyouseido.mhlw.go.jp/znk-web/juminkanja/S2430/initialize?prefCd=09&kikanCd=3090000370&kikanKbn=3", "url2": null, "内容": "ながせ歯科医院【3:歯科】栃木県足利市利保町２ー１６ー１０" }, "geometry": { "type": "Point", "coordinates": [ 139.473004, 36.356731 ] } },
{ "type": "Feature", "properties": { "ID": 933090000371, "正式名称": "西田歯科医院", "機関区分": 3, "都道府県コード": 9, "市区町村コード": 202, "所在地": "栃木県足利市八幡町７６７", "緯度": 36.327383, "経度": 139.437449, "url": "https://www.iryou.teikyouseido.mhlw.go.jp/znk-web/juminkanja/S2430/initialize?prefCd=09&kikanCd=3090000371&kikanKbn=3", "url2": "http://nishida-shika.cihp.jp/", "内容": "西田歯科医院【3:歯科】栃木県足利市八幡町７６７" }, "geometry": { "type": "Point", "coordinates": [ 139.437449, 36.327383 ] } },
{ "type": "Feature", "properties": { "ID": 933090000373, "正式名称": "医療法人　２丁目石井歯科医院", "機関区分": 3, "都道府県コード": 9, "市区町村コード": 202, "所在地": "栃木県足利市葉鹿町２－２３－３", "緯度": 36.367445, "経度": 139.387607, "url": "https://www.iryou.teikyouseido.mhlw.go.jp/znk-web/juminkanja/S2430/initialize?prefCd=09&kikanCd=3090000373&kikanKbn=3", "url2": "http://www.2-ishii.com", "内容": "医療法人　２丁目石井歯科医院【3:歯科】栃木県足利市葉鹿町２－２３－３" }, "geometry": { "type": "Point", "coordinates": [ 139.387607, 36.367445 ] } },
{ "type": "Feature", "properties": { "ID": 933090000374, "正式名称": "はぎわら歯科医院", "機関区分": 3, "都道府県コード": 9, "市区町村コード": 202, "所在地": "栃木県足利市駒場町９０５－１", "緯度": 36.320736, "経度": 139.524042, "url": "https://www.iryou.teikyouseido.mhlw.go.jp/znk-web/juminkanja/S2430/initialize?prefCd=09&kikanCd=3090000374&kikanKbn=3", "url2": "http://hagiwara-sika.com/", "内容": "はぎわら歯科医院【3:歯科】栃木県足利市駒場町９０５－１" }, "geometry": { "type": "Point", "coordinates": [ 139.524042, 36.320736 ] } },
{ "type": "Feature", "properties": { "ID": 933090000375, "正式名称": "ふるや歯科医院", "機関区分": 3, "都道府県コード": 9, "市区町村コード": 202, "所在地": "栃木県足利市大月町８１１番地２", "緯度": 36.348346, "経度": 139.475443, "url": "https://www.iryou.teikyouseido.mhlw.go.jp/znk-web/juminkanja/S2430/initialize?prefCd=09&kikanCd=3090000375&kikanKbn=3", "url2": "http://www.furuya-dc.jp/", "内容": "ふるや歯科医院【3:歯科】栃木県足利市大月町８１１番地２" }, "geometry": { "type": "Point", "coordinates": [ 139.475443, 36.348346 ] } },
{ "type": "Feature", "properties": { "ID": 933090000376, "正式名称": "星野歯科医院", "機関区分": 3, "都道府県コード": 9, "市区町村コード": 202, "所在地": "栃木県足利市葉鹿南町３－２", "緯度": 36.358941, "経度": 139.389015, "url": "https://www.iryou.teikyouseido.mhlw.go.jp/znk-web/juminkanja/S2430/initialize?prefCd=09&kikanCd=3090000376&kikanKbn=3", "url2": null, "内容": "星野歯科医院【3:歯科】栃木県足利市葉鹿南町３－２" }, "geometry": { "type": "Point", "coordinates": [ 139.389015, 36.358941 ] } },
{ "type": "Feature", "properties": { "ID": 933090000377, "正式名称": "細見歯科クリニック", "機関区分": 3, "都道府県コード": 9, "市区町村コード": 202, "所在地": "栃木県足利市山川町８８７－８", "緯度": 36.32646, "経度": 139.482932, "url": "https://www.iryou.teikyouseido.mhlw.go.jp/znk-web/juminkanja/S2430/initialize?prefCd=09&kikanCd=3090000377&kikanKbn=3", "url2": "https://www.hosomi-shika.com/", "内容": "細見歯科クリニック【3:歯科】栃木県足利市山川町８８７－８" }, "geometry": { "type": "Point", "coordinates": [ 139.482932, 36.32646 ] } },
{ "type": "Feature", "properties": { "ID": 933090000378, "正式名称": "ほり里小林歯科", "機関区分": 3, "都道府県コード": 9, "市区町村コード": 202, "所在地": "栃木県足利市堀込町１００３－５", "緯度": 36.310446, "経度": 139.432698, "url": "https://www.iryou.teikyouseido.mhlw.go.jp/znk-web/juminkanja/S2430/initialize?prefCd=09&kikanCd=3090000378&kikanKbn=3", "url2": null, "内容": "ほり里小林歯科【3:歯科】栃木県足利市堀込町１００３－５" }, "geometry": { "type": "Point", "coordinates": [ 139.432698, 36.310446 ] } },
{ "type": "Feature", "properties": { "ID": 933090000379, "正式名称": "マキオ歯科医院", "機関区分": 3, "都道府県コード": 9, "市区町村コード": 202, "所在地": "栃木県足利市堀込町２８４８－２３", "緯度": 36.31922, "経度": 139.436368, "url": "https://www.iryou.teikyouseido.mhlw.go.jp/znk-web/juminkanja/S2430/initialize?prefCd=09&kikanCd=3090000379&kikanKbn=3", "url2": null, "内容": "マキオ歯科医院【3:歯科】栃木県足利市堀込町２８４８－２３" }, "geometry": { "type": "Point", "coordinates": [ 139.436368, 36.31922 ] } },
{ "type": "Feature", "properties": { "ID": 933090000380, "正式名称": "真尾歯科医院", "機関区分": 3, "都道府県コード": 9, "市区町村コード": 202, "所在地": "栃木県足利市助戸２－４７７", "緯度": 36.330108, "経度": 139.465314, "url": "https://www.iryou.teikyouseido.mhlw.go.jp/znk-web/juminkanja/S2430/initialize?prefCd=09&kikanCd=3090000380&kikanKbn=3", "url2": null, "内容": "真尾歯科医院【3:歯科】栃木県足利市助戸２－４７７" }, "geometry": { "type": "Point", "coordinates": [ 139.465314, 36.330108 ] } },
{ "type": "Feature", "properties": { "ID": 933090000381, "正式名称": "松井歯科医院", "機関区分": 3, "都道府県コード": 9, "市区町村コード": 202, "所在地": "栃木県足利市福居町５９８－５", "緯度": 36.305046, "経度": 139.456273, "url": "https://www.iryou.teikyouseido.mhlw.go.jp/znk-web/juminkanja/S2430/initialize?prefCd=09&kikanCd=3090000381&kikanKbn=3", "url2": null, "内容": "松井歯科医院【3:歯科】栃木県足利市福居町５９８－５" }, "geometry": { "type": "Point", "coordinates": [ 139.456273, 36.305046 ] } },
{ "type": "Feature", "properties": { "ID": 933090000382, "正式名称": "松島歯科医院", "機関区分": 3, "都道府県コード": 9, "市区町村コード": 202, "所在地": "栃木県足利市有楽町８４２－２３", "緯度": 36.343318, "経度": 139.4568, "url": "https://www.iryou.teikyouseido.mhlw.go.jp/znk-web/juminkanja/S2430/initialize?prefCd=09&kikanCd=3090000382&kikanKbn=3", "url2": null, "内容": "松島歯科医院【3:歯科】栃木県足利市有楽町８４２－２３" }, "geometry": { "type": "Point", "coordinates": [ 139.4568, 36.343318 ] } },
{ "type": "Feature", "properties": { "ID": 933090000383, "正式名称": "屋代歯科医院", "機関区分": 3, "都道府県コード": 9, "市区町村コード": 202, "所在地": "栃木県足利市通", "緯度": 36.335558, "経度": 139.449928, "url": "https://www.iryou.teikyouseido.mhlw.go.jp/znk-web/juminkanja/S2430/initialize?prefCd=09&kikanCd=3090000383&kikanKbn=3", "url2": null, "内容": "屋代歯科医院【3:歯科】栃木県足利市通" }, "geometry": { "type": "Point", "coordinates": [ 139.449928, 36.335558 ] } },
{ "type": "Feature", "properties": { "ID": 933090000385, "正式名称": "やまもと歯科医院", "機関区分": 3, "都道府県コード": 9, "市区町村コード": 202, "所在地": "栃木県足利市寺岡町５７３", "緯度": 36.313215, "経度": 139.540413, "url": "https://www.iryou.teikyouseido.mhlw.go.jp/znk-web/juminkanja/S2430/initialize?prefCd=09&kikanCd=3090000385&kikanKbn=3", "url2": null, "内容": "やまもと歯科医院【3:歯科】栃木県足利市寺岡町５７３" }, "geometry": { "type": "Point", "coordinates": [ 139.540413, 36.313215 ] } },
{ "type": "Feature", "properties": { "ID": 933090000386, "正式名称": "吉岡歯科医院", "機関区分": 3, "都道府県コード": 9, "市区町村コード": 202, "所在地": "栃木県足利市小俣町６２１－１５", "緯度": 36.371636, "経度": 139.376435, "url": "https://www.iryou.teikyouseido.mhlw.go.jp/znk-web/juminkanja/S2430/initialize?prefCd=09&kikanCd=3090000386&kikanKbn=3", "url2": null, "内容": "吉岡歯科医院【3:歯科】栃木県足利市小俣町６２１－１５" }, "geometry": { "type": "Point", "coordinates": [ 139.376435, 36.371636 ] } },
{ "type": "Feature", "properties": { "ID": 933090000388, "正式名称": "よしたに矯正歯科", "機関区分": 3, "都道府県コード": 9, "市区町村コード": 202, "所在地": "栃木県足利市通２－２６５０", "緯度": 36.335478, "経度": 139.451203, "url": "https://www.iryou.teikyouseido.mhlw.go.jp/znk-web/juminkanja/S2430/initialize?prefCd=09&kikanCd=3090000388&kikanKbn=3", "url2": "http://homepage2.nifty.com/yoshitani/", "内容": "よしたに矯正歯科【3:歯科】栃木県足利市通２－２６５０" }, "geometry": { "type": "Point", "coordinates": [ 139.451203, 36.335478 ] } },
{ "type": "Feature", "properties": { "ID": 933090000389, "正式名称": "若田部歯科医院", "機関区分": 3, "都道府県コード": 9, "市区町村コード": 202, "所在地": "栃木県足利市五十部町６１０－６", "緯度": 36.344384, "経度": 139.419233, "url": "https://www.iryou.teikyouseido.mhlw.go.jp/znk-web/juminkanja/S2430/initialize?prefCd=09&kikanCd=3090000389&kikanKbn=3", "url2": null, "内容": "若田部歯科医院【3:歯科】栃木県足利市五十部町６１０－６" }, "geometry": { "type": "Point", "coordinates": [ 139.419233, 36.344384 ] } },
{ "type": "Feature", "properties": { "ID": 933090000390, "正式名称": "若林歯科医院", "機関区分": 3, "都道府県コード": 9, "市区町村コード": 202, "所在地": "栃木県足利市田中町８２５", "緯度": 36.326656, "経度": 139.450364, "url": "https://www.iryou.teikyouseido.mhlw.go.jp/znk-web/juminkanja/S2430/initialize?prefCd=09&kikanCd=3090000390&kikanKbn=3", "url2": null, "内容": "若林歯科医院【3:歯科】栃木県足利市田中町８２５" }, "geometry": { "type": "Point", "coordinates": [ 139.450364, 36.326656 ] } },
{ "type": "Feature", "properties": { "ID": 933090000392, "正式名称": "渡辺歯科クリニック", "機関区分": 3, "都道府県コード": 9, "市区町村コード": 202, "所在地": "栃木県足利市大橋町１－１８２５－１０", "緯度": 36.340018, "経度": 139.462286, "url": "https://www.iryou.teikyouseido.mhlw.go.jp/znk-web/juminkanja/S2430/initialize?prefCd=09&kikanCd=3090000392&kikanKbn=3", "url2": "https://www.watanabe-8211.com", "内容": "渡辺歯科クリニック【3:歯科】栃木県足利市大橋町１－１８２５－１０" }, "geometry": { "type": "Point", "coordinates": [ 139.462286, 36.340018 ] } },
{ "type": "Feature", "properties": { "ID": 933090000393, "正式名称": "わたらせ歯科クリニック", "機関区分": 3, "都道府県コード": 9, "市区町村コード": 202, "所在地": "栃木県足利市八幡町", "緯度": 36.324061, "経度": 139.444005, "url": "https://www.iryou.teikyouseido.mhlw.go.jp/znk-web/juminkanja/S2430/initialize?prefCd=09&kikanCd=3090000393&kikanKbn=3", "url2": null, "内容": "わたらせ歯科クリニック【3:歯科】栃木県足利市八幡町" }, "geometry": { "type": "Point", "coordinates": [ 139.444005, 36.324061 ] } },
{ "type": "Feature", "properties": { "ID": 933090000394, "正式名称": "相田歯科医院", "機関区分": 3, "都道府県コード": 9, "市区町村コード": 204, "所在地": "栃木県佐野市相生町", "緯度": 36.313497, "経度": 139.583841, "url": "https://www.iryou.teikyouseido.mhlw.go.jp/znk-web/juminkanja/S2430/initialize?prefCd=09&kikanCd=3090000394&kikanKbn=3", "url2": null, "内容": "相田歯科医院【3:歯科】栃木県佐野市相生町" }, "geometry": { "type": "Point", "coordinates": [ 139.583841, 36.313497 ] } },
{ "type": "Feature", "properties": { "ID": 933090000395, "正式名称": "新井歯科医院", "機関区分": 3, "都道府県コード": 9, "市区町村コード": 204, "所在地": "栃木県佐野市高砂町", "緯度": 36.314511, "経度": 139.580002, "url": "https://www.iryou.teikyouseido.mhlw.go.jp/znk-web/juminkanja/S2430/initialize?prefCd=09&kikanCd=3090000395&kikanKbn=3", "url2": null, "内容": "新井歯科医院【3:歯科】栃木県佐野市高砂町" }, "geometry": { "type": "Point", "coordinates": [ 139.580002, 36.314511 ] } },
{ "type": "Feature", "properties": { "ID": 933090000396, "正式名称": "安藤歯科医院", "機関区分": 3, "都道府県コード": 9, "市区町村コード": 204, "所在地": "栃木県佐野市堀米町６０８－７", "緯度": 36.330875, "経度": 139.580759, "url": "https://www.iryou.teikyouseido.mhlw.go.jp/znk-web/juminkanja/S2430/initialize?prefCd=09&kikanCd=3090000396&kikanKbn=3", "url2": "http://www.ando-dc.com/", "内容": "安藤歯科医院【3:歯科】栃木県佐野市堀米町６０８－７" }, "geometry": { "type": "Point", "coordinates": [ 139.580759, 36.330875 ] } },
{ "type": "Feature", "properties": { "ID": 933090000397, "正式名称": "飯塚歯科診療所", "機関区分": 3, "都道府県コード": 9, "市区町村コード": 204, "所在地": "栃木県佐野市堀米町３１０６", "緯度": 36.326606, "経度": 139.565958, "url": "https://www.iryou.teikyouseido.mhlw.go.jp/znk-web/juminkanja/S2430/initialize?prefCd=09&kikanCd=3090000397&kikanKbn=3", "url2": null, "内容": "飯塚歯科診療所【3:歯科】栃木県佐野市堀米町３１０６" }, "geometry": { "type": "Point", "coordinates": [ 139.565958, 36.326606 ] } },
{ "type": "Feature", "properties": { "ID": 933090000398, "正式名称": "石井歯科医院", "機関区分": 3, "都道府県コード": 9, "市区町村コード": 204, "所在地": "栃木県佐野市若松町６３１－１", "緯度": 36.317052, "経度": 139.576835, "url": "https://www.iryou.teikyouseido.mhlw.go.jp/znk-web/juminkanja/S2430/initialize?prefCd=09&kikanCd=3090000398&kikanKbn=3", "url2": null, "内容": "石井歯科医院【3:歯科】栃木県佐野市若松町６３１－１" }, "geometry": { "type": "Point", "coordinates": [ 139.576835, 36.317052 ] } },
{ "type": "Feature", "properties": { "ID": 933090000400, "正式名称": "植木歯科医院", "機関区分": 3, "都道府県コード": 9, "市区町村コード": 204, "所在地": "栃木県佐野市植上町１５３９－２", "緯度": 36.303211, "経度": 139.587227, "url": "https://www.iryou.teikyouseido.mhlw.go.jp/znk-web/juminkanja/S2430/initialize?prefCd=09&kikanCd=3090000400&kikanKbn=3", "url2": "http://www.ueki-shika.com", "内容": "植木歯科医院【3:歯科】栃木県佐野市植上町１５３９－２" }, "geometry": { "type": "Point", "coordinates": [ 139.587227, 36.303211 ] } },
{ "type": "Feature", "properties": { "ID": 933090000401, "正式名称": "ウエキ歯科クリニック", "機関区分": 3, "都道府県コード": 9, "市区町村コード": 204, "所在地": "栃木県佐野市石塚町２３１４－１０", "緯度": 36.358861, "経度": 139.556793, "url": "https://www.iryou.teikyouseido.mhlw.go.jp/znk-web/juminkanja/S2430/initialize?prefCd=09&kikanCd=3090000401&kikanKbn=3", "url2": null, "内容": "ウエキ歯科クリニック【3:歯科】栃木県佐野市石塚町２３１４－１０" }, "geometry": { "type": "Point", "coordinates": [ 139.556793, 36.358861 ] } },
{ "type": "Feature", "properties": { "ID": 933090000402, "正式名称": "えづら歯科クリニック", "機関区分": 3, "都道府県コード": 9, "市区町村コード": 204, "所在地": "栃木県佐野市天神町７９７", "緯度": 36.317713, "経度": 139.57396, "url": "https://www.iryou.teikyouseido.mhlw.go.jp/znk-web/juminkanja/S2430/initialize?prefCd=09&kikanCd=3090000402&kikanKbn=3", "url2": "http://www.ezu-0648.com", "内容": "えづら歯科クリニック【3:歯科】栃木県佐野市天神町７９７" }, "geometry": { "type": "Point", "coordinates": [ 139.57396, 36.317713 ] } },
{ "type": "Feature", "properties": { "ID": 933090000404, "正式名称": "大島歯科医院", "機関区分": 3, "都道府県コード": 9, "市区町村コード": 204, "所在地": "栃木県佐野市北茂呂町２－２", "緯度": 36.299271, "経度": 139.591565, "url": "https://www.iryou.teikyouseido.mhlw.go.jp/znk-web/juminkanja/S2430/initialize?prefCd=09&kikanCd=3090000404&kikanKbn=3", "url2": null, "内容": "大島歯科医院【3:歯科】栃木県佐野市北茂呂町２－２" }, "geometry": { "type": "Point", "coordinates": [ 139.591565, 36.299271 ] } },
{ "type": "Feature", "properties": { "ID": 933090000406, "正式名称": "大橋歯科医院", "機関区分": 3, "都道府県コード": 9, "市区町村コード": 204, "所在地": "栃木県佐野市富岡町１５００－１", "緯度": 36.314408, "経度": 139.59329, "url": "https://www.iryou.teikyouseido.mhlw.go.jp/znk-web/juminkanja/S2430/initialize?prefCd=09&kikanCd=3090000406&kikanKbn=3", "url2": null, "内容": "大橋歯科医院【3:歯科】栃木県佐野市富岡町１５００－１" }, "geometry": { "type": "Point", "coordinates": [ 139.59329, 36.314408 ] } },
{ "type": "Feature", "properties": { "ID": 933090000407, "正式名称": "大田歯科医院", "機関区分": 3, "都道府県コード": 9, "市区町村コード": 204, "所在地": "栃木県佐野市奈良渕町３１０－２１", "緯度": 36.336384, "経度": 139.584142, "url": "https://www.iryou.teikyouseido.mhlw.go.jp/znk-web/juminkanja/S2430/initialize?prefCd=09&kikanCd=3090000407&kikanKbn=3", "url2": null, "内容": "大田歯科医院【3:歯科】栃木県佐野市奈良渕町３１０－２１" }, "geometry": { "type": "Point", "coordinates": [ 139.584142, 36.336384 ] } },
{ "type": "Feature", "properties": { "ID": 933090000408, "正式名称": "岡村歯科医院", "機関区分": 3, "都道府県コード": 9, "市区町村コード": 204, "所在地": "栃木県佐野市飛駒町２１９８－２", "緯度": 36.456648, "経度": 139.466586, "url": "https://www.iryou.teikyouseido.mhlw.go.jp/znk-web/juminkanja/S2430/initialize?prefCd=09&kikanCd=3090000408&kikanKbn=3", "url2": null, "内容": "岡村歯科医院【3:歯科】栃木県佐野市飛駒町２１９８－２" }, "geometry": { "type": "Point", "coordinates": [ 139.466586, 36.456648 ] } },
{ "type": "Feature", "properties": { "ID": 933090000409, "正式名称": "落合歯科医院", "機関区分": 3, "都道府県コード": 9, "市区町村コード": 204, "所在地": "栃木県佐野市大橋町２０８３－４", "緯度": 36.313871, "経度": 139.567145, "url": "https://www.iryou.teikyouseido.mhlw.go.jp/znk-web/juminkanja/S2430/initialize?prefCd=09&kikanCd=3090000409&kikanKbn=3", "url2": null, "内容": "落合歯科医院【3:歯科】栃木県佐野市大橋町２０８３－４" }, "geometry": { "type": "Point", "coordinates": [ 139.567145, 36.313871 ] } },
{ "type": "Feature", "properties": { "ID": 933090000410, "正式名称": "勝本歯科医院", "機関区分": 3, "都道府県コード": 9, "市区町村コード": 204, "所在地": "栃木県佐野市金吹町", "緯度": 36.310385, "経度": 139.578145, "url": "https://www.iryou.teikyouseido.mhlw.go.jp/znk-web/juminkanja/S2430/initialize?prefCd=09&kikanCd=3090000410&kikanKbn=3", "url2": null, "内容": "勝本歯科医院【3:歯科】栃木県佐野市金吹町" }, "geometry": { "type": "Point", "coordinates": [ 139.578145, 36.310385 ] } },
{ "type": "Feature", "properties": { "ID": 933090000413, "正式名称": "亀田歯科医院", "機関区分": 3, "都道府県コード": 9, "市区町村コード": 204, "所在地": "栃木県佐野市田沼町７３３", "緯度": 36.370656, "経度": 139.575644, "url": "https://www.iryou.teikyouseido.mhlw.go.jp/znk-web/juminkanja/S2430/initialize?prefCd=09&kikanCd=3090000413&kikanKbn=3", "url2": null, "内容": "亀田歯科医院【3:歯科】栃木県佐野市田沼町７３３" }, "geometry": { "type": "Point", "coordinates": [ 139.575644, 36.370656 ] } },
{ "type": "Feature", "properties": { "ID": 933090000414, "正式名称": "こいぬま歯科医院", "機関区分": 3, "都道府県コード": 9, "市区町村コード": 204, "所在地": "栃木県佐野市吉水駅前２－７－９", "緯度": 36.342971, "経度": 139.576753, "url": "https://www.iryou.teikyouseido.mhlw.go.jp/znk-web/juminkanja/S2430/initialize?prefCd=09&kikanCd=3090000414&kikanKbn=3", "url2": null, "内容": "こいぬま歯科医院【3:歯科】栃木県佐野市吉水駅前２－７－９" }, "geometry": { "type": "Point", "coordinates": [ 139.576753, 36.342971 ] } },
{ "type": "Feature", "properties": { "ID": 933090000415, "正式名称": "公園にれい歯科", "機関区分": 3, "都道府県コード": 9, "市区町村コード": 204, "所在地": "栃木県佐野市石塚町１０１２", "緯度": 36.349762, "経度": 139.551913, "url": "https://www.iryou.teikyouseido.mhlw.go.jp/znk-web/juminkanja/S2430/initialize?prefCd=09&kikanCd=3090000415&kikanKbn=3", "url2": null, "内容": "公園にれい歯科【3:歯科】栃木県佐野市石塚町１０１２" }, "geometry": { "type": "Point", "coordinates": [ 139.551913, 36.349762 ] } },
{ "type": "Feature", "properties": { "ID": 933090000416, "正式名称": "ごとう歯科医院", "機関区分": 3, "都道府県コード": 9, "市区町村コード": 204, "所在地": "栃木県佐野市伊勢山町１－１０", "緯度": 36.318981, "経度": 139.605111, "url": "https://www.iryou.teikyouseido.mhlw.go.jp/znk-web/juminkanja/S2430/initialize?prefCd=09&kikanCd=3090000416&kikanKbn=3", "url2": null, "内容": "ごとう歯科医院【3:歯科】栃木県佐野市伊勢山町１－１０" }, "geometry": { "type": "Point", "coordinates": [ 139.605111, 36.318981 ] } },
{ "type": "Feature", "properties": { "ID": 933090000419, "正式名称": "斎藤歯科医院", "機関区分": 3, "都道府県コード": 9, "市区町村コード": 204, "所在地": "栃木県佐野市堀米町", "緯度": 36.322854, "経度": 139.560967, "url": "https://www.iryou.teikyouseido.mhlw.go.jp/znk-web/juminkanja/S2430/initialize?prefCd=09&kikanCd=3090000419&kikanKbn=3", "url2": null, "内容": "斎藤歯科医院【3:歯科】栃木県佐野市堀米町" }, "geometry": { "type": "Point", "coordinates": [ 139.560967, 36.322854 ] } },
{ "type": "Feature", "properties": { "ID": 933090000420, "正式名称": "塩野谷歯科医院", "機関区分": 3, "都道府県コード": 9, "市区町村コード": 204, "所在地": "栃木県佐野市田沼町７７０－２", "緯度": 36.370723, "経度": 139.574427, "url": "https://www.iryou.teikyouseido.mhlw.go.jp/znk-web/juminkanja/S2430/initialize?prefCd=09&kikanCd=3090000420&kikanKbn=3", "url2": null, "内容": "塩野谷歯科医院【3:歯科】栃木県佐野市田沼町７７０－２" }, "geometry": { "type": "Point", "coordinates": [ 139.574427, 36.370723 ] } },
{ "type": "Feature", "properties": { "ID": 933090000421, "正式名称": "島田歯科診療所", "機関区分": 3, "都道府県コード": 9, "市区町村コード": 204, "所在地": "栃木県佐野市堀米町１８６－１", "緯度": 36.321785, "経度": 139.581774, "url": "https://www.iryou.teikyouseido.mhlw.go.jp/znk-web/juminkanja/S2430/initialize?prefCd=09&kikanCd=3090000421&kikanKbn=3", "url2": "http://www.shimadashika.jp/", "内容": "島田歯科診療所【3:歯科】栃木県佐野市堀米町１８６－１" }, "geometry": { "type": "Point", "coordinates": [ 139.581774, 36.321785 ] } },
{ "type": "Feature", "properties": { "ID": 933090000422, "正式名称": "医療法人　スマイルスマイル歯科", "機関区分": 3, "都道府県コード": 9, "市区町村コード": 204, "所在地": "栃木県佐野市高萩町５２８－９", "緯度": 36.302327, "経度": 139.591245, "url": "https://www.iryou.teikyouseido.mhlw.go.jp/znk-web/juminkanja/S2430/initialize?prefCd=09&kikanCd=3090000422&kikanKbn=3", "url2": "http://www.ss-dc.jp", "内容": "医療法人　スマイルスマイル歯科【3:歯科】栃木県佐野市高萩町５２８－９" }, "geometry": { "type": "Point", "coordinates": [ 139.591245, 36.302327 ] } },
{ "type": "Feature", "properties": { "ID": 933090000423, "正式名称": "五月女歯科医院", "機関区分": 3, "都道府県コード": 9, "市区町村コード": 204, "所在地": "栃木県佐野市万町２６", "緯度": 36.314624, "経度": 139.577458, "url": "https://www.iryou.teikyouseido.mhlw.go.jp/znk-web/juminkanja/S2430/initialize?prefCd=09&kikanCd=3090000423&kikanKbn=3", "url2": null, "内容": "五月女歯科医院【3:歯科】栃木県佐野市万町２６" }, "geometry": { "type": "Point", "coordinates": [ 139.577458, 36.314624 ] } },
{ "type": "Feature", "properties": { "ID": 933090000424, "正式名称": "たかはし歯科医院", "機関区分": 3, "都道府県コード": 9, "市区町村コード": 204, "所在地": "栃木県佐野市赤見町３０４２－１", "緯度": 36.352878, "経度": 139.541022, "url": "https://www.iryou.teikyouseido.mhlw.go.jp/znk-web/juminkanja/S2430/initialize?prefCd=09&kikanCd=3090000424&kikanKbn=3", "url2": null, "内容": "たかはし歯科医院【3:歯科】栃木県佐野市赤見町３０４２－１" }, "geometry": { "type": "Point", "coordinates": [ 139.541022, 36.352878 ] } },
{ "type": "Feature", "properties": { "ID": 933090000429, "正式名称": "長島歯科医院", "機関区分": 3, "都道府県コード": 9, "市区町村コード": 204, "所在地": "栃木県佐野市飯田町", "緯度": 36.28675, "経度": 139.595137, "url": "https://www.iryou.teikyouseido.mhlw.go.jp/znk-web/juminkanja/S2430/initialize?prefCd=09&kikanCd=3090000429&kikanKbn=3", "url2": null, "内容": "長島歯科医院【3:歯科】栃木県佐野市飯田町" }, "geometry": { "type": "Point", "coordinates": [ 139.595137, 36.28675 ] } },
{ "type": "Feature", "properties": { "ID": 933090000430, "正式名称": "中村歯科医院", "機関区分": 3, "都道府県コード": 9, "市区町村コード": 204, "所在地": "栃木県佐野市赤坂町９５９－１７", "緯度": 36.307861, "経度": 139.564695, "url": "https://www.iryou.teikyouseido.mhlw.go.jp/znk-web/juminkanja/S2430/initialize?prefCd=09&kikanCd=3090000430&kikanKbn=3", "url2": null, "内容": "中村歯科医院【3:歯科】栃木県佐野市赤坂町９５９－１７" }, "geometry": { "type": "Point", "coordinates": [ 139.564695, 36.307861 ] } },
{ "type": "Feature", "properties": { "ID": 933090000431, "正式名称": "奈良原　歯科", "機関区分": 3, "都道府県コード": 9, "市区町村コード": 204, "所在地": "栃木県佐野市犬伏新町", "緯度": 36.325349, "経度": 139.606077, "url": "https://www.iryou.teikyouseido.mhlw.go.jp/znk-web/juminkanja/S2430/initialize?prefCd=09&kikanCd=3090000431&kikanKbn=3", "url2": null, "内容": "奈良原　歯科【3:歯科】栃木県佐野市犬伏新町" }, "geometry": { "type": "Point", "coordinates": [ 139.606077, 36.325349 ] } },
{ "type": "Feature", "properties": { "ID": 933090000432, "正式名称": "楡井歯科医院", "機関区分": 3, "都道府県コード": 9, "市区町村コード": 204, "所在地": "栃木県佐野市戸奈良町", "緯度": 36.363896, "経度": 139.557201, "url": "https://www.iryou.teikyouseido.mhlw.go.jp/znk-web/juminkanja/S2430/initialize?prefCd=09&kikanCd=3090000432&kikanKbn=3", "url2": "http://www.nireidental.com", "内容": "楡井歯科医院【3:歯科】栃木県佐野市戸奈良町" }, "geometry": { "type": "Point", "coordinates": [ 139.557201, 36.363896 ] } },
{ "type": "Feature", "properties": { "ID": 933090000433, "正式名称": "楡の木歯科医院", "機関区分": 3, "都道府県コード": 9, "市区町村コード": 204, "所在地": "栃木県佐野市村上町１２６－２", "緯度": 36.299944, "経度": 139.541708, "url": "https://www.iryou.teikyouseido.mhlw.go.jp/znk-web/juminkanja/S2430/initialize?prefCd=09&kikanCd=3090000433&kikanKbn=3", "url2": null, "内容": "楡の木歯科医院【3:歯科】栃木県佐野市村上町１２６－２" }, "geometry": { "type": "Point", "coordinates": [ 139.541708, 36.299944 ] } },
{ "type": "Feature", "properties": { "ID": 933090000434, "正式名称": "野口歯科医院", "機関区分": 3, "都道府県コード": 9, "市区町村コード": 204, "所在地": "栃木県佐野市本町２９０４", "緯度": 34.41658, "経度": 135.314861, "url": "https://www.iryou.teikyouseido.mhlw.go.jp/znk-web/juminkanja/S2430/initialize?prefCd=09&kikanCd=3090000434&kikanKbn=3", "url2": null, "内容": "野口歯科医院【3:歯科】栃木県佐野市本町２９０４" }, "geometry": { "type": "Point", "coordinates": [ 135.314861, 34.41658 ] } },
{ "type": "Feature", "properties": { "ID": 933090000435, "正式名称": "パール歯科医院", "機関区分": 3, "都道府県コード": 9, "市区町村コード": 204, "所在地": "栃木県佐野市高萩町１３２４－１　イオン佐野新都市ショッピングセンター２階", "緯度": 36.299735, "経度": 139.606547, "url": "https://www.iryou.teikyouseido.mhlw.go.jp/znk-web/juminkanja/S2430/initialize?prefCd=09&kikanCd=3090000435&kikanKbn=3", "url2": null, "内容": "パール歯科医院【3:歯科】栃木県佐野市高萩町１３２４－１　イオン佐野新都市ショッピングセンター２階" }, "geometry": { "type": "Point", "coordinates": [ 139.606547, 36.299735 ] } },
{ "type": "Feature", "properties": { "ID": 933090000436, "正式名称": "橋本歯科医院", "機関区分": 3, "都道府県コード": 9, "市区町村コード": 204, "所在地": "栃木県佐野市富岡町１８６－３", "緯度": 36.319854, "経度": 139.590742, "url": "https://www.iryou.teikyouseido.mhlw.go.jp/znk-web/juminkanja/S2430/initialize?prefCd=09&kikanCd=3090000436&kikanKbn=3", "url2": null, "内容": "橋本歯科医院【3:歯科】栃木県佐野市富岡町１８６－３" }, "geometry": { "type": "Point", "coordinates": [ 139.590742, 36.319854 ] } },
{ "type": "Feature", "properties": { "ID": 933090000437, "正式名称": "長谷川歯科医院", "機関区分": 3, "都道府県コード": 9, "市区町村コード": 204, "所在地": "栃木県佐野市田沼町１３９０", "緯度": 36.368854, "経度": 139.578897, "url": "https://www.iryou.teikyouseido.mhlw.go.jp/znk-web/juminkanja/S2430/initialize?prefCd=09&kikanCd=3090000437&kikanKbn=3", "url2": null, "内容": "長谷川歯科医院【3:歯科】栃木県佐野市田沼町１３９０" }, "geometry": { "type": "Point", "coordinates": [ 139.578897, 36.368854 ] } },
{ "type": "Feature", "properties": { "ID": 933090000440, "正式名称": "ひまわり歯科医院", "機関区分": 3, "都道府県コード": 9, "市区町村コード": 204, "所在地": "栃木県佐野市葛生東１－６－１１", "緯度": 36.399548, "経度": 139.609062, "url": "https://www.iryou.teikyouseido.mhlw.go.jp/znk-web/juminkanja/S2430/initialize?prefCd=09&kikanCd=3090000440&kikanKbn=3", "url2": null, "内容": "ひまわり歯科医院【3:歯科】栃木県佐野市葛生東１－６－１１" }, "geometry": { "type": "Point", "coordinates": [ 139.609062, 36.399548 ] } },
{ "type": "Feature", "properties": { "ID": 933090000441, "正式名称": "藤田歯科医院", "機関区分": 3, "都道府県コード": 9, "市区町村コード": 204, "所在地": "栃木県佐野市相生町１９９－１４", "緯度": 36.313952, "経度": 139.581752, "url": "https://www.iryou.teikyouseido.mhlw.go.jp/znk-web/juminkanja/S2430/initialize?prefCd=09&kikanCd=3090000441&kikanKbn=3", "url2": null, "内容": "藤田歯科医院【3:歯科】栃木県佐野市相生町１９９－１４" }, "geometry": { "type": "Point", "coordinates": [ 139.581752, 36.313952 ] } },
{ "type": "Feature", "properties": { "ID": 933090000442, "正式名称": "三井歯科医院", "機関区分": 3, "都道府県コード": 9, "市区町村コード": 204, "所在地": "栃木県佐野市若宮上町８－２", "緯度": 36.297679, "経度": 139.585643, "url": "https://www.iryou.teikyouseido.mhlw.go.jp/znk-web/juminkanja/S2430/initialize?prefCd=09&kikanCd=3090000442&kikanKbn=3", "url2": "http://www.mitsui-dental.com", "内容": "三井歯科医院【3:歯科】栃木県佐野市若宮上町８－２" }, "geometry": { "type": "Point", "coordinates": [ 139.585643, 36.297679 ] } },
{ "type": "Feature", "properties": { "ID": 933090000443, "正式名称": "峯岸歯科医院", "機関区分": 3, "都道府県コード": 9, "市区町村コード": 204, "所在地": "栃木県佐野市浅沼町８６４", "緯度": 36.310487, "経度": 139.594368, "url": "https://www.iryou.teikyouseido.mhlw.go.jp/znk-web/juminkanja/S2430/initialize?prefCd=09&kikanCd=3090000443&kikanKbn=3", "url2": null, "内容": "峯岸歯科医院【3:歯科】栃木県佐野市浅沼町８６４" }, "geometry": { "type": "Point", "coordinates": [ 139.594368, 36.310487 ] } },
{ "type": "Feature", "properties": { "ID": 933090000444, "正式名称": "宮下歯科医院", "機関区分": 3, "都道府県コード": 9, "市区町村コード": 204, "所在地": "栃木県佐野市山越町７１－１", "緯度": 36.37279, "経度": 139.586387, "url": "https://www.iryou.teikyouseido.mhlw.go.jp/znk-web/juminkanja/S2430/initialize?prefCd=09&kikanCd=3090000444&kikanKbn=3", "url2": null, "内容": "宮下歯科医院【3:歯科】栃木県佐野市山越町７１－１" }, "geometry": { "type": "Point", "coordinates": [ 139.586387, 36.37279 ] } },
{ "type": "Feature", "properties": { "ID": 933090000445, "正式名称": "目黒歯科医院", "機関区分": 3, "都道府県コード": 9, "市区町村コード": 204, "所在地": "栃木県佐野市田沼町２８９－４", "緯度": 36.369274, "経度": 139.571167, "url": "https://www.iryou.teikyouseido.mhlw.go.jp/znk-web/juminkanja/S2430/initialize?prefCd=09&kikanCd=3090000445&kikanKbn=3", "url2": "http://www.meguro-shika.jp/", "内容": "目黒歯科医院【3:歯科】栃木県佐野市田沼町２８９－４" }, "geometry": { "type": "Point", "coordinates": [ 139.571167, 36.369274 ] } },
{ "type": "Feature", "properties": { "ID": 933090000446, "正式名称": "医療法人優応会やすげ歯科クリニック", "機関区分": 3, "都道府県コード": 9, "市区町村コード": 204, "所在地": "栃木県佐野市堀米町３９４６－２", "緯度": 36.328314, "経度": 139.576237, "url": "https://www.iryou.teikyouseido.mhlw.go.jp/znk-web/juminkanja/S2430/initialize?prefCd=09&kikanCd=3090000446&kikanKbn=3", "url2": "https://yasuge-dental.com/", "内容": "医療法人優応会やすげ歯科クリニック【3:歯科】栃木県佐野市堀米町３９４６－２" }, "geometry": { "type": "Point", "coordinates": [ 139.576237, 36.328314 ] } },
{ "type": "Feature", "properties": { "ID": 933090000447, "正式名称": "柳川歯科医院", "機関区分": 3, "都道府県コード": 9, "市区町村コード": 204, "所在地": "栃木県佐野市赤坂町１２５", "緯度": 36.308428, "経度": 139.57403, "url": "https://www.iryou.teikyouseido.mhlw.go.jp/znk-web/juminkanja/S2430/initialize?prefCd=09&kikanCd=3090000447&kikanKbn=3", "url2": null, "内容": "柳川歯科医院【3:歯科】栃木県佐野市赤坂町１２５" }, "geometry": { "type": "Point", "coordinates": [ 139.57403, 36.308428 ] } },
{ "type": "Feature", "properties": { "ID": 933090000448, "正式名称": "山内歯科クリニック", "機関区分": 3, "都道府県コード": 9, "市区町村コード": 204, "所在地": "栃木県佐野市大橋町３１７７－５", "緯度": 36.31883, "経度": 139.564197, "url": "https://www.iryou.teikyouseido.mhlw.go.jp/znk-web/juminkanja/S2430/initialize?prefCd=09&kikanCd=3090000448&kikanKbn=3", "url2": null, "内容": "山内歯科クリニック【3:歯科】栃木県佐野市大橋町３１７７－５" }, "geometry": { "type": "Point", "coordinates": [ 139.564197, 36.31883 ] } },
{ "type": "Feature", "properties": { "ID": 933090000449, "正式名称": "山口歯科クリニック", "機関区分": 3, "都道府県コード": 9, "市区町村コード": 204, "所在地": "栃木県佐野市久保町２６７－１", "緯度": 36.319116, "経度": 139.582299, "url": "https://www.iryou.teikyouseido.mhlw.go.jp/znk-web/juminkanja/S2430/initialize?prefCd=09&kikanCd=3090000449&kikanKbn=3", "url2": "https://www.y-s-clinic.com/", "内容": "山口歯科クリニック【3:歯科】栃木県佐野市久保町２６７－１" }, "geometry": { "type": "Point", "coordinates": [ 139.582299, 36.319116 ] } },
{ "type": "Feature", "properties": { "ID": 933090000451, "正式名称": "湯本歯科医院", "機関区分": 3, "都道府県コード": 9, "市区町村コード": 204, "所在地": "栃木県佐野市大祝町２３２４", "緯度": 36.310211, "経度": 139.575119, "url": "https://www.iryou.teikyouseido.mhlw.go.jp/znk-web/juminkanja/S2430/initialize?prefCd=09&kikanCd=3090000451&kikanKbn=3", "url2": null, "内容": "湯本歯科医院【3:歯科】栃木県佐野市大祝町２３２４" }, "geometry": { "type": "Point", "coordinates": [ 139.575119, 36.310211 ] } },
{ "type": "Feature", "properties": { "ID": 933090000452, "正式名称": "よこづか歯科医院", "機関区分": 3, "都道府県コード": 9, "市区町村コード": 204, "所在地": "栃木県佐野市免鳥町８４０－１", "緯度": 36.311721, "経度": 139.547263, "url": "https://www.iryou.teikyouseido.mhlw.go.jp/znk-web/juminkanja/S2430/initialize?prefCd=09&kikanCd=3090000452&kikanKbn=3", "url2": "https://www.yokoduka.com/", "内容": "よこづか歯科医院【3:歯科】栃木県佐野市免鳥町８４０－１" }, "geometry": { "type": "Point", "coordinates": [ 139.547263, 36.311721 ] } },
{ "type": "Feature", "properties": { "ID": 933090000453, "正式名称": "横塚歯科医院", "機関区分": 3, "都道府県コード": 9, "市区町村コード": 204, "所在地": "栃木県佐野市葛生東", "緯度": 36.408655, "経度": 139.61128, "url": "https://www.iryou.teikyouseido.mhlw.go.jp/znk-web/juminkanja/S2430/initialize?prefCd=09&kikanCd=3090000453&kikanKbn=3", "url2": null, "内容": "横塚歯科医院【3:歯科】栃木県佐野市葛生東" }, "geometry": { "type": "Point", "coordinates": [ 139.61128, 36.408655 ] } },
{ "type": "Feature", "properties": { "ID": 933090000454, "正式名称": "よこづか歯科クリニック", "機関区分": 3, "都道府県コード": 9, "市区町村コード": 204, "所在地": "栃木県佐野市田沼町１３９３－２", "緯度": 36.368255, "経度": 139.578719, "url": "https://www.iryou.teikyouseido.mhlw.go.jp/znk-web/juminkanja/S2430/initialize?prefCd=09&kikanCd=3090000454&kikanKbn=3", "url2": "http://www.k3.dion.ne.jp/~yokoduka/", "内容": "よこづか歯科クリニック【3:歯科】栃木県佐野市田沼町１３９３－２" }, "geometry": { "type": "Point", "coordinates": [ 139.578719, 36.368255 ] } },
{ "type": "Feature", "properties": { "ID": 933090000455, "正式名称": "医療法人愛歯会　米山南歯科診療室", "機関区分": 3, "都道府県コード": 9, "市区町村コード": 204, "所在地": "栃木県佐野市米山南町", "緯度": 36.321499, "経度": 139.60806, "url": "https://www.iryou.teikyouseido.mhlw.go.jp/znk-web/juminkanja/S2430/initialize?prefCd=09&kikanCd=3090000455&kikanKbn=3", "url2": null, "内容": "医療法人愛歯会　米山南歯科診療室【3:歯科】栃木県佐野市米山南町" }, "geometry": { "type": "Point", "coordinates": [ 139.60806, 36.321499 ] } },
{ "type": "Feature", "properties": { "ID": 933090000456, "正式名称": "青木歯科医院", "機関区分": 3, "都道府県コード": 9, "市区町村コード": 205, "所在地": "栃木県鹿沼市中田町１３５４－１１", "緯度": 36.564102, "経度": 139.749701, "url": "https://www.iryou.teikyouseido.mhlw.go.jp/znk-web/juminkanja/S2430/initialize?prefCd=09&kikanCd=3090000456&kikanKbn=3", "url2": null, "内容": "青木歯科医院【3:歯科】栃木県鹿沼市中田町１３５４－１１" }, "geometry": { "type": "Point", "coordinates": [ 139.749701, 36.564102 ] } },
{ "type": "Feature", "properties": { "ID": 933090000457, "正式名称": "石﨑歯科医院", "機関区分": 3, "都道府県コード": 9, "市区町村コード": 205, "所在地": "栃木県鹿沼市東町３－４－９", "緯度": 36.56507, "経度": 139.773076, "url": "https://www.iryou.teikyouseido.mhlw.go.jp/znk-web/juminkanja/S2430/initialize?prefCd=09&kikanCd=3090000457&kikanKbn=3", "url2": null, "内容": "石﨑歯科医院【3:歯科】栃木県鹿沼市東町３－４－９" }, "geometry": { "type": "Point", "coordinates": [ 139.773076, 36.56507 ] } },
{ "type": "Feature", "properties": { "ID": 933090000461, "正式名称": "鰕原歯科医院", "機関区分": 3, "都道府県コード": 9, "市区町村コード": 205, "所在地": "栃木県鹿沼市口粟野８９６", "緯度": 36.515781, "経度": 139.67134, "url": "https://www.iryou.teikyouseido.mhlw.go.jp/znk-web/juminkanja/S2430/initialize?prefCd=09&kikanCd=3090000461&kikanKbn=3", "url2": null, "内容": "鰕原歯科医院【3:歯科】栃木県鹿沼市口粟野８９６" }, "geometry": { "type": "Point", "coordinates": [ 139.67134, 36.515781 ] } },
{ "type": "Feature", "properties": { "ID": 933090000462, "正式名称": "大貫歯科矯正歯科医院", "機関区分": 3, "都道府県コード": 9, "市区町村コード": 205, "所在地": "栃木県鹿沼市万町９６３－８", "緯度": 36.557254, "経度": 139.750392, "url": "https://www.iryou.teikyouseido.mhlw.go.jp/znk-web/juminkanja/S2430/initialize?prefCd=09&kikanCd=3090000462&kikanKbn=3", "url2": null, "内容": "大貫歯科矯正歯科医院【3:歯科】栃木県鹿沼市万町９６３－８" }, "geometry": { "type": "Point", "coordinates": [ 139.750392, 36.557254 ] } },
{ "type": "Feature", "properties": { "ID": 933090000464, "正式名称": "小川歯科医院", "機関区分": 3, "都道府県コード": 9, "市区町村コード": 205, "所在地": "栃木県鹿沼市上材木町１８２０", "緯度": 36.569966, "経度": 139.748134, "url": "https://www.iryou.teikyouseido.mhlw.go.jp/znk-web/juminkanja/S2430/initialize?prefCd=09&kikanCd=3090000464&kikanKbn=3", "url2": null, "内容": "小川歯科医院【3:歯科】栃木県鹿沼市上材木町１８２０" }, "geometry": { "type": "Point", "coordinates": [ 139.748134, 36.569966 ] } },
{ "type": "Feature", "properties": { "ID": 933090000466, "正式名称": "特定医療法人清和会鹿沼病院附属歯科クリニック", "機関区分": 3, "都道府県コード": 9, "市区町村コード": 205, "所在地": "栃木県鹿沼市千渡１６７１", "緯度": 36.559805, "経度": 139.788717, "url": "https://www.iryou.teikyouseido.mhlw.go.jp/znk-web/juminkanja/S2430/initialize?prefCd=09&kikanCd=3090000466&kikanKbn=3", "url2": "http://www.kanumahospital.or.jp/", "内容": "特定医療法人清和会鹿沼病院附属歯科クリニック【3:歯科】栃木県鹿沼市千渡１６７１" }, "geometry": { "type": "Point", "coordinates": [ 139.788717, 36.559805 ] } },
{ "type": "Feature", "properties": { "ID": 933090000470, "正式名称": "川入歯科医院", "機関区分": 3, "都道府県コード": 9, "市区町村コード": 205, "所在地": "栃木県鹿沼市上石川字植竹１５２６－５１", "緯度": 36.53031, "経度": 139.798131, "url": "https://www.iryou.teikyouseido.mhlw.go.jp/znk-web/juminkanja/S2430/initialize?prefCd=09&kikanCd=3090000470&kikanKbn=3", "url2": null, "内容": "川入歯科医院【3:歯科】栃木県鹿沼市上石川字植竹１５２６－５１" }, "geometry": { "type": "Point", "coordinates": [ 139.798131, 36.53031 ] } },
{ "type": "Feature", "properties": { "ID": 933090000471, "正式名称": "川嶋歯科医院", "機関区分": 3, "都道府県コード": 9, "市区町村コード": 205, "所在地": "栃木県鹿沼市麻苧町１５７８", "緯度": 36.563634, "経度": 139.743617, "url": "https://www.iryou.teikyouseido.mhlw.go.jp/znk-web/juminkanja/S2430/initialize?prefCd=09&kikanCd=3090000471&kikanKbn=3", "url2": "https://kawashima-dentaloffice.com/", "内容": "川嶋歯科医院【3:歯科】栃木県鹿沼市麻苧町１５７８" }, "geometry": { "type": "Point", "coordinates": [ 139.743617, 36.563634 ] } },
{ "type": "Feature", "properties": { "ID": 933090000472, "正式名称": "菊地歯科医院", "機関区分": 3, "都道府県コード": 9, "市区町村コード": 205, "所在地": "栃木県鹿沼市東末広町１９３４", "緯度": 36.56702, "経度": 139.75326, "url": "https://www.iryou.teikyouseido.mhlw.go.jp/znk-web/juminkanja/S2430/initialize?prefCd=09&kikanCd=3090000472&kikanKbn=3", "url2": null, "内容": "菊地歯科医院【3:歯科】栃木県鹿沼市東末広町１９３４" }, "geometry": { "type": "Point", "coordinates": [ 139.75326, 36.56702 ] } },
{ "type": "Feature", "properties": { "ID": 933090000473, "正式名称": "きくち歯科医院", "機関区分": 3, "都道府県コード": 9, "市区町村コード": 205, "所在地": "栃木県鹿沼市東町３－６－１９", "緯度": 36.564306, "経度": 139.776945, "url": "https://www.iryou.teikyouseido.mhlw.go.jp/znk-web/juminkanja/S2430/initialize?prefCd=09&kikanCd=3090000473&kikanKbn=3", "url2": null, "内容": "きくち歯科医院【3:歯科】栃木県鹿沼市東町３－６－１９" }, "geometry": { "type": "Point", "coordinates": [ 139.776945, 36.564306 ] } },
{ "type": "Feature", "properties": { "ID": 933090000474, "正式名称": "岸野歯科医院", "機関区分": 3, "都道府県コード": 9, "市区町村コード": 205, "所在地": "栃木県鹿沼市上奈良部町２－２８５", "緯度": 36.526605, "経度": 139.777775, "url": "https://www.iryou.teikyouseido.mhlw.go.jp/znk-web/juminkanja/S2430/initialize?prefCd=09&kikanCd=3090000474&kikanKbn=3", "url2": null, "内容": "岸野歯科医院【3:歯科】栃木県鹿沼市上奈良部町２－２８５" }, "geometry": { "type": "Point", "coordinates": [ 139.777775, 36.526605 ] } },
{ "type": "Feature", "properties": { "ID": 933090000475, "正式名称": "杉村歯科医院", "機関区分": 3, "都道府県コード": 9, "市区町村コード": 205, "所在地": "栃木県鹿沼市奈佐原町３３７－３", "緯度": 36.51785, "経度": 139.751813, "url": "https://www.iryou.teikyouseido.mhlw.go.jp/znk-web/juminkanja/S2430/initialize?prefCd=09&kikanCd=3090000475&kikanKbn=3", "url2": null, "内容": "杉村歯科医院【3:歯科】栃木県鹿沼市奈佐原町３３７－３" }, "geometry": { "type": "Point", "coordinates": [ 139.751813, 36.51785 ] } },
{ "type": "Feature", "properties": { "ID": 933090000476, "正式名称": "越路歯科医院", "機関区分": 3, "都道府県コード": 9, "市区町村コード": 205, "所在地": "栃木県鹿沼市末広町１９２５ー６", "緯度": 36.566705, "経度": 139.750986, "url": "https://www.iryou.teikyouseido.mhlw.go.jp/znk-web/juminkanja/S2430/initialize?prefCd=09&kikanCd=3090000476&kikanKbn=3", "url2": "http://www.koshi-dc.com/", "内容": "越路歯科医院【3:歯科】栃木県鹿沼市末広町１９２５ー６" }, "geometry": { "type": "Point", "coordinates": [ 139.750986, 36.566705 ] } },
{ "type": "Feature", "properties": { "ID": 933090000477, "正式名称": "こづか歯科医院", "機関区分": 3, "都道府県コード": 9, "市区町村コード": 205, "所在地": "栃木県鹿沼市口粟野６９３－８", "緯度": 36.518156, "経度": 139.680042, "url": "https://www.iryou.teikyouseido.mhlw.go.jp/znk-web/juminkanja/S2430/initialize?prefCd=09&kikanCd=3090000477&kikanKbn=3", "url2": null, "内容": "こづか歯科医院【3:歯科】栃木県鹿沼市口粟野６９３－８" }, "geometry": { "type": "Point", "coordinates": [ 139.680042, 36.518156 ] } },
{ "type": "Feature", "properties": { "ID": 933090000478, "正式名称": "小林歯科医院", "機関区分": 3, "都道府県コード": 9, "市区町村コード": 205, "所在地": "栃木県鹿沼市仲町１２９０　小林ビル２Ｆ", "緯度": 36.564678, "経度": 139.74679, "url": "https://www.iryou.teikyouseido.mhlw.go.jp/znk-web/juminkanja/S2430/initialize?prefCd=09&kikanCd=3090000478&kikanKbn=3", "url2": null, "内容": "小林歯科医院【3:歯科】栃木県鹿沼市仲町１２９０　小林ビル２Ｆ" }, "geometry": { "type": "Point", "coordinates": [ 139.74679, 36.564678 ] } },
{ "type": "Feature", "properties": { "ID": 933090000479, "正式名称": "アイデンタルこまはし", "機関区分": 3, "都道府県コード": 9, "市区町村コード": 205, "所在地": "栃木県鹿沼市今宮町１６０８－２", "緯度": 36.564658, "経度": 139.74539, "url": "https://www.iryou.teikyouseido.mhlw.go.jp/znk-web/juminkanja/S2430/initialize?prefCd=09&kikanCd=3090000479&kikanKbn=3", "url2": "http://www.k4.dion.ne.jp/~ilove8ha/b.htm", "内容": "アイデンタルこまはし【3:歯科】栃木県鹿沼市今宮町１６０８－２" }, "geometry": { "type": "Point", "coordinates": [ 139.74539, 36.564658 ] } },
{ "type": "Feature", "properties": { "ID": 933090000480, "正式名称": "佐川歯科医院", "機関区分": 3, "都道府県コード": 9, "市区町村コード": 205, "所在地": "栃木県鹿沼市寺町１３４６", "緯度": 36.560507, "経度": 139.74644, "url": "https://www.iryou.teikyouseido.mhlw.go.jp/znk-web/juminkanja/S2430/initialize?prefCd=09&kikanCd=3090000480&kikanKbn=3", "url2": null, "内容": "佐川歯科医院【3:歯科】栃木県鹿沼市寺町１３４６" }, "geometry": { "type": "Point", "coordinates": [ 139.74644, 36.560507 ] } },
{ "type": "Feature", "properties": { "ID": 933090000481, "正式名称": "さつきケ丘鈴木歯科", "機関区分": 3, "都道府県コード": 9, "市区町村コード": 205, "所在地": "栃木県鹿沼市栄町２－１０－１", "緯度": 36.554274, "経度": 139.776435, "url": "https://www.iryou.teikyouseido.mhlw.go.jp/znk-web/juminkanja/S2430/initialize?prefCd=09&kikanCd=3090000481&kikanKbn=3", "url2": null, "内容": "さつきケ丘鈴木歯科【3:歯科】栃木県鹿沼市栄町２－１０－１" }, "geometry": { "type": "Point", "coordinates": [ 139.776435, 36.554274 ] } },
{ "type": "Feature", "properties": { "ID": 933090000482, "正式名称": "四季デンタルクリニックインプラントセンター", "機関区分": 3, "都道府県コード": 9, "市区町村コード": 205, "所在地": "栃木県鹿沼市鳥居跡町１００７", "緯度": 36.55823, "経度": 139.747274, "url": "https://www.iryou.teikyouseido.mhlw.go.jp/znk-web/juminkanja/S2430/initialize?prefCd=09&kikanCd=3090000482&kikanKbn=3", "url2": "http://www.shiki-dc.com", "内容": "四季デンタルクリニックインプラントセンター【3:歯科】栃木県鹿沼市鳥居跡町１００７" }, "geometry": { "type": "Point", "coordinates": [ 139.747274, 36.55823 ] } },
{ "type": "Feature", "properties": { "ID": 933090000484, "正式名称": "鈴木歯科医院", "機関区分": 3, "都道府県コード": 9, "市区町村コード": 205, "所在地": "栃木県鹿沼市上野町３０３－３", "緯度": 36.563853, "経度": 139.765894, "url": "https://www.iryou.teikyouseido.mhlw.go.jp/znk-web/juminkanja/S2430/initialize?prefCd=09&kikanCd=3090000484&kikanKbn=3", "url2": null, "内容": "鈴木歯科医院【3:歯科】栃木県鹿沼市上野町３０３－３" }, "geometry": { "type": "Point", "coordinates": [ 139.765894, 36.563853 ] } },
{ "type": "Feature", "properties": { "ID": 933090000485, "正式名称": "相馬歯科医院", "機関区分": 3, "都道府県コード": 9, "市区町村コード": 205, "所在地": "栃木県鹿沼市日吉町６１１", "緯度": 36.565738, "経度": 139.729094, "url": "https://www.iryou.teikyouseido.mhlw.go.jp/znk-web/juminkanja/S2430/initialize?prefCd=09&kikanCd=3090000485&kikanKbn=3", "url2": null, "内容": "相馬歯科医院【3:歯科】栃木県鹿沼市日吉町６１１" }, "geometry": { "type": "Point", "coordinates": [ 139.729094, 36.565738 ] } },
{ "type": "Feature", "properties": { "ID": 933090000486, "正式名称": "田口歯科口腔外科医院", "機関区分": 3, "都道府県コード": 9, "市区町村コード": 205, "所在地": "栃木県鹿沼市千渡１２１２－３", "緯度": 36.564712, "経度": 139.790475, "url": "https://www.iryou.teikyouseido.mhlw.go.jp/znk-web/juminkanja/S2430/initialize?prefCd=09&kikanCd=3090000486&kikanKbn=3", "url2": "http://www.bc9.ne.jp/~kmp7q/", "内容": "田口歯科口腔外科医院【3:歯科】栃木県鹿沼市千渡１２１２－３" }, "geometry": { "type": "Point", "coordinates": [ 139.790475, 36.564712 ] } },
{ "type": "Feature", "properties": { "ID": 933090000487, "正式名称": "田島歯科医院", "機関区分": 3, "都道府県コード": 9, "市区町村コード": 205, "所在地": "栃木県鹿沼市上殿町７６５－５", "緯度": 36.550638, "経度": 139.752209, "url": "https://www.iryou.teikyouseido.mhlw.go.jp/znk-web/juminkanja/S2430/initialize?prefCd=09&kikanCd=3090000487&kikanKbn=3", "url2": null, "内容": "田島歯科医院【3:歯科】栃木県鹿沼市上殿町７６５－５" }, "geometry": { "type": "Point", "coordinates": [ 139.752209, 36.550638 ] } },
{ "type": "Feature", "properties": { "ID": 933090000488, "正式名称": "田代歯科医院", "機関区分": 3, "都道府県コード": 9, "市区町村コード": 205, "所在地": "栃木県鹿沼市上野町２２８－５", "緯度": 36.569256, "経度": 139.76301, "url": "https://www.iryou.teikyouseido.mhlw.go.jp/znk-web/juminkanja/S2430/initialize?prefCd=09&kikanCd=3090000488&kikanKbn=3", "url2": "https://tdent.net", "内容": "田代歯科医院【3:歯科】栃木県鹿沼市上野町２２８－５" }, "geometry": { "type": "Point", "coordinates": [ 139.76301, 36.569256 ] } },
{ "type": "Feature", "properties": { "ID": 933090000489, "正式名称": "田邉歯科医院", "機関区分": 3, "都道府県コード": 9, "市区町村コード": 205, "所在地": "栃木県鹿沼市坂田山２－５３", "緯度": 36.570362, "経度": 139.740457, "url": "https://www.iryou.teikyouseido.mhlw.go.jp/znk-web/juminkanja/S2430/initialize?prefCd=09&kikanCd=3090000489&kikanKbn=3", "url2": null, "内容": "田邉歯科医院【3:歯科】栃木県鹿沼市坂田山２－５３" }, "geometry": { "type": "Point", "coordinates": [ 139.740457, 36.570362 ] } },
{ "type": "Feature", "properties": { "ID": 933090000491, "正式名称": "手塚歯科医院", "機関区分": 3, "都道府県コード": 9, "市区町村コード": 205, "所在地": "栃木県鹿沼市府所町１８５－１１", "緯度": 36.568255, "経度": 139.757572, "url": "https://www.iryou.teikyouseido.mhlw.go.jp/znk-web/juminkanja/S2430/initialize?prefCd=09&kikanCd=3090000491&kikanKbn=3", "url2": null, "内容": "手塚歯科医院【3:歯科】栃木県鹿沼市府所町１８５－１１" }, "geometry": { "type": "Point", "coordinates": [ 139.757572, 36.568255 ] } },
{ "type": "Feature", "properties": { "ID": 933090000492, "正式名称": "てづか歯科クリニック", "機関区分": 3, "都道府県コード": 9, "市区町村コード": 205, "所在地": "栃木県鹿沼市西茂呂３－１６－４", "緯度": 36.549886, "経度": 139.768752, "url": "https://www.iryou.teikyouseido.mhlw.go.jp/znk-web/juminkanja/S2430/initialize?prefCd=09&kikanCd=3090000492&kikanKbn=3", "url2": null, "内容": "てづか歯科クリニック【3:歯科】栃木県鹿沼市西茂呂３－１６－４" }, "geometry": { "type": "Point", "coordinates": [ 139.768752, 36.549886 ] } },
{ "type": "Feature", "properties": { "ID": 933090000493, "正式名称": "とうえい歯科医院", "機関区分": 3, "都道府県コード": 9, "市区町村コード": 205, "所在地": "栃木県鹿沼市日吉町８３９－１", "緯度": 36.566913, "経度": 139.726278, "url": "https://www.iryou.teikyouseido.mhlw.go.jp/znk-web/juminkanja/S2430/initialize?prefCd=09&kikanCd=3090000493&kikanKbn=3", "url2": null, "内容": "とうえい歯科医院【3:歯科】栃木県鹿沼市日吉町８３９－１" }, "geometry": { "type": "Point", "coordinates": [ 139.726278, 36.566913 ] } },
{ "type": "Feature", "properties": { "ID": 933090000495, "正式名称": "新島歯科クリニック", "機関区分": 3, "都道府県コード": 9, "市区町村コード": 205, "所在地": "栃木県鹿沼市貝島町５１２－９", "緯度": 36.560632, "経度": 139.765858, "url": "https://www.iryou.teikyouseido.mhlw.go.jp/znk-web/juminkanja/S2430/initialize?prefCd=09&kikanCd=3090000495&kikanKbn=3", "url2": null, "内容": "新島歯科クリニック【3:歯科】栃木県鹿沼市貝島町５１２－９" }, "geometry": { "type": "Point", "coordinates": [ 139.765858, 36.560632 ] } },
{ "type": "Feature", "properties": { "ID": 933090000496, "正式名称": "はぁーとふる歯科", "機関区分": 3, "都道府県コード": 9, "市区町村コード": 205, "所在地": "栃木県鹿沼市栄町３－２－６", "緯度": 36.552086, "経度": 139.771985, "url": "https://www.iryou.teikyouseido.mhlw.go.jp/znk-web/juminkanja/S2430/initialize?prefCd=09&kikanCd=3090000496&kikanKbn=3", "url2": "http://www.heartful-dc.jp", "内容": "はぁーとふる歯科【3:歯科】栃木県鹿沼市栄町３－２－６" }, "geometry": { "type": "Point", "coordinates": [ 139.771985, 36.552086 ] } },
{ "type": "Feature", "properties": { "ID": 933090000497, "正式名称": "畑歯科医院", "機関区分": 3, "都道府県コード": 9, "市区町村コード": 205, "所在地": "栃木県鹿沼市下田町１－１２０５－２", "緯度": 36.561816, "経度": 139.748334, "url": "https://www.iryou.teikyouseido.mhlw.go.jp/znk-web/juminkanja/S2430/initialize?prefCd=09&kikanCd=3090000497&kikanKbn=3", "url2": null, "内容": "畑歯科医院【3:歯科】栃木県鹿沼市下田町１－１２０５－２" }, "geometry": { "type": "Point", "coordinates": [ 139.748334, 36.561816 ] } },
{ "type": "Feature", "properties": { "ID": 933090000498, "正式名称": "医療法人ｉｘｉ　イクシーファミリー口腔歯科・小児歯科・矯正歯科", "機関区分": 3, "都道府県コード": 9, "市区町村コード": 205, "所在地": "栃木県鹿沼市西茂呂４－４１－２", "緯度": 36.545197, "経度": 139.767419, "url": "https://www.iryou.teikyouseido.mhlw.go.jp/znk-web/juminkanja/S2430/initialize?prefCd=09&kikanCd=3090000498&kikanKbn=3", "url2": "http://ixi.cc", "内容": "医療法人ｉｘｉ　イクシーファミリー口腔歯科・小児歯科・矯正歯科【3:歯科】栃木県鹿沼市西茂呂４－４１－２" }, "geometry": { "type": "Point", "coordinates": [ 139.767419, 36.545197 ] } },
{ "type": "Feature", "properties": { "ID": 933090000499, "正式名称": "福島歯科医院", "機関区分": 3, "都道府県コード": 9, "市区町村コード": 205, "所在地": "栃木県鹿沼市上材木町１８３５", "緯度": 36.568607, "経度": 139.74765, "url": "https://www.iryou.teikyouseido.mhlw.go.jp/znk-web/juminkanja/S2430/initialize?prefCd=09&kikanCd=3090000499&kikanKbn=3", "url2": null, "内容": "福島歯科医院【3:歯科】栃木県鹿沼市上材木町１８３５" }, "geometry": { "type": "Point", "coordinates": [ 139.74765, 36.568607 ] } },
{ "type": "Feature", "properties": { "ID": 933090000500, "正式名称": "みどり歯科医院", "機関区分": 3, "都道府県コード": 9, "市区町村コード": 205, "所在地": "栃木県鹿沼市栄町１－３－６", "緯度": 36.555588, "経度": 139.773921, "url": "https://www.iryou.teikyouseido.mhlw.go.jp/znk-web/juminkanja/S2430/initialize?prefCd=09&kikanCd=3090000500&kikanKbn=3", "url2": null, "内容": "みどり歯科医院【3:歯科】栃木県鹿沼市栄町１－３－６" }, "geometry": { "type": "Point", "coordinates": [ 139.773921, 36.555588 ] } },
{ "type": "Feature", "properties": { "ID": 933090000501, "正式名称": "村本歯科医院", "機関区分": 3, "都道府県コード": 9, "市区町村コード": 205, "所在地": "栃木県鹿沼市西鹿沼町９０－１", "緯度": 36.56408, "経度": 139.741215, "url": "https://www.iryou.teikyouseido.mhlw.go.jp/znk-web/juminkanja/S2430/initialize?prefCd=09&kikanCd=3090000501&kikanKbn=3", "url2": "http://www.muramoto-dental.jp/", "内容": "村本歯科医院【3:歯科】栃木県鹿沼市西鹿沼町９０－１" }, "geometry": { "type": "Point", "coordinates": [ 139.741215, 36.56408 ] } },
{ "type": "Feature", "properties": { "ID": 933090000502, "正式名称": "モトジマ歯科医院", "機関区分": 3, "都道府県コード": 9, "市区町村コード": 205, "所在地": "栃木県鹿沼市府中町３９２－３５", "緯度": 36.56385, "経度": 139.756722, "url": "https://www.iryou.teikyouseido.mhlw.go.jp/znk-web/juminkanja/S2430/initialize?prefCd=09&kikanCd=3090000502&kikanKbn=3", "url2": null, "内容": "モトジマ歯科医院【3:歯科】栃木県鹿沼市府中町３９２－３５" }, "geometry": { "type": "Point", "coordinates": [ 139.756722, 36.56385 ] } },
{ "type": "Feature", "properties": { "ID": 933090000503, "正式名称": "茂呂歯科医院", "機関区分": 3, "都道府県コード": 9, "市区町村コード": 205, "所在地": "栃木県鹿沼市仲町", "緯度": 36.563589, "経度": 139.746123, "url": "https://www.iryou.teikyouseido.mhlw.go.jp/znk-web/juminkanja/S2430/initialize?prefCd=09&kikanCd=3090000503&kikanKbn=3", "url2": null, "内容": "茂呂歯科医院【3:歯科】栃木県鹿沼市仲町" }, "geometry": { "type": "Point", "coordinates": [ 139.746123, 36.563589 ] } },
{ "type": "Feature", "properties": { "ID": 933090000504, "正式名称": "山本歯科医院", "機関区分": 3, "都道府県コード": 9, "市区町村コード": 205, "所在地": "栃木県鹿沼市栃窪１１６４－４２", "緯度": 36.581621, "経度": 139.77077, "url": "https://www.iryou.teikyouseido.mhlw.go.jp/znk-web/juminkanja/S2430/initialize?prefCd=09&kikanCd=3090000504&kikanKbn=3", "url2": "http://homepage1.nifty.com/yamamoto_dental/", "内容": "山本歯科医院【3:歯科】栃木県鹿沼市栃窪１１６４－４２" }, "geometry": { "type": "Point", "coordinates": [ 139.77077, 36.581621 ] } },
{ "type": "Feature", "properties": { "ID": 933090000505, "正式名称": "安西デンタル・クリニック", "機関区分": 3, "都道府県コード": 9, "市区町村コード": 206, "所在地": "栃木県日光市今市１２０４", "緯度": 36.725483, "経度": 139.705939, "url": "https://www.iryou.teikyouseido.mhlw.go.jp/znk-web/juminkanja/S2430/initialize?prefCd=09&kikanCd=3090000505&kikanKbn=3", "url2": null, "内容": "安西デンタル・クリニック【3:歯科】栃木県日光市今市１２０４" }, "geometry": { "type": "Point", "coordinates": [ 139.705939, 36.725483 ] } },
{ "type": "Feature", "properties": { "ID": 933090000507, "正式名称": "医療法人三春会　入江デンタルクリニック", "機関区分": 3, "都道府県コード": 9, "市区町村コード": 206, "所在地": "栃木県日光市大室１１３８－６", "緯度": 36.725753, "経度": 139.738011, "url": "https://www.iryou.teikyouseido.mhlw.go.jp/znk-web/juminkanja/S2430/initialize?prefCd=09&kikanCd=3090000507&kikanKbn=3", "url2": "https://www.iriedc.jp/", "内容": "医療法人三春会　入江デンタルクリニック【3:歯科】栃木県日光市大室１１３８－６" }, "geometry": { "type": "Point", "coordinates": [ 139.738011, 36.725753 ] } },
{ "type": "Feature", "properties": { "ID": 933090000508, "正式名称": "大島歯科医院", "機関区分": 3, "都道府県コード": 9, "市区町村コード": 206, "所在地": "栃木県日光市花石町１５－８", "緯度": 36.752077, "経度": 139.58473, "url": "https://www.iryou.teikyouseido.mhlw.go.jp/znk-web/juminkanja/S2430/initialize?prefCd=09&kikanCd=3090000508&kikanKbn=3", "url2": null, "内容": "大島歯科医院【3:歯科】栃木県日光市花石町１５－８" }, "geometry": { "type": "Point", "coordinates": [ 139.58473, 36.752077 ] } },
{ "type": "Feature", "properties": { "ID": 933090000510, "正式名称": "おちあい歯科医院", "機関区分": 3, "都道府県コード": 9, "市区町村コード": 206, "所在地": "栃木県日光市小代２７１", "緯度": 36.649953, "経度": 139.717346, "url": "https://www.iryou.teikyouseido.mhlw.go.jp/znk-web/juminkanja/S2430/initialize?prefCd=09&kikanCd=3090000510&kikanKbn=3", "url2": null, "内容": "おちあい歯科医院【3:歯科】栃木県日光市小代２７１" }, "geometry": { "type": "Point", "coordinates": [ 139.717346, 36.649953 ] } },
{ "type": "Feature", "properties": { "ID": 933090000511, "正式名称": "片岡歯科医院", "機関区分": 3, "都道府県コード": 9, "市区町村コード": 206, "所在地": "栃木県日光市松原町６－２", "緯度": 36.748175, "経度": 139.618267, "url": "https://www.iryou.teikyouseido.mhlw.go.jp/znk-web/juminkanja/S2430/initialize?prefCd=09&kikanCd=3090000511&kikanKbn=3", "url2": null, "内容": "片岡歯科医院【3:歯科】栃木県日光市松原町６－２" }, "geometry": { "type": "Point", "coordinates": [ 139.618267, 36.748175 ] } },
{ "type": "Feature", "properties": { "ID": 933090000512, "正式名称": "かにしデンタルクリニック", "機関区分": 3, "都道府県コード": 9, "市区町村コード": 206, "所在地": "栃木県日光市今市", "緯度": 36.725541, "経度": 139.695707, "url": "https://www.iryou.teikyouseido.mhlw.go.jp/znk-web/juminkanja/S2430/initialize?prefCd=09&kikanCd=3090000512&kikanKbn=3", "url2": null, "内容": "かにしデンタルクリニック【3:歯科】栃木県日光市今市" }, "geometry": { "type": "Point", "coordinates": [ 139.695707, 36.725541 ] } },
{ "type": "Feature", "properties": { "ID": 933090000515, "正式名称": "医療法人ｋｄｃ", "機関区分": 3, "都道府県コード": 9, "市区町村コード": 206, "所在地": "栃木県日光市今市", "緯度": 36.721336, "経度": 139.696255, "url": "https://www.iryou.teikyouseido.mhlw.go.jp/znk-web/juminkanja/S2430/initialize?prefCd=09&kikanCd=3090000515&kikanKbn=3", "url2": "http://kobayashi-dentalclinic.com", "内容": "医療法人ｋｄｃ【3:歯科】栃木県日光市今市" }, "geometry": { "type": "Point", "coordinates": [ 139.696255, 36.721336 ] } },
{ "type": "Feature", "properties": { "ID": 933090000516, "正式名称": "荒神橋のだ歯科医院", "機関区分": 3, "都道府県コード": 9, "市区町村コード": 206, "所在地": "栃木県日光市森友９０４－１", "緯度": 36.720255, "経度": 139.715116, "url": "https://www.iryou.teikyouseido.mhlw.go.jp/znk-web/juminkanja/S2430/initialize?prefCd=09&kikanCd=3090000516&kikanKbn=3", "url2": "https://noda-dent.com", "内容": "荒神橋のだ歯科医院【3:歯科】栃木県日光市森友９０４－１" }, "geometry": { "type": "Point", "coordinates": [ 139.715116, 36.720255 ] } },
{ "type": "Feature", "properties": { "ID": 933090000517, "正式名称": "近藤歯科医院", "機関区分": 3, "都道府県コード": 9, "市区町村コード": 206, "所在地": "栃木県日光市木和田島１５６８−２６２", "緯度": 36.689535, "経度": 139.744804, "url": "https://www.iryou.teikyouseido.mhlw.go.jp/znk-web/juminkanja/S2430/initialize?prefCd=09&kikanCd=3090000517&kikanKbn=3", "url2": "http://www.myclinic.ne.jp/kondo_dental/pc/index.html", "内容": "近藤歯科医院【3:歯科】栃木県日光市木和田島１５６８−２６２" }, "geometry": { "type": "Point", "coordinates": [ 139.744804, 36.689535 ] } },
{ "type": "Feature", "properties": { "ID": 933090000518, "正式名称": "斎藤歯科医院", "機関区分": 3, "都道府県コード": 9, "市区町村コード": 206, "所在地": "栃木県日光市花石町１８２４", "緯度": 36.751391, "経度": 139.583409, "url": "https://www.iryou.teikyouseido.mhlw.go.jp/znk-web/juminkanja/S2430/initialize?prefCd=09&kikanCd=3090000518&kikanKbn=3", "url2": null, "内容": "斎藤歯科医院【3:歯科】栃木県日光市花石町１８２４" }, "geometry": { "type": "Point", "coordinates": [ 139.583409, 36.751391 ] } },
{ "type": "Feature", "properties": { "ID": 933090000519, "正式名称": "斎藤歯科クリニック", "機関区分": 3, "都道府県コード": 9, "市区町村コード": 206, "所在地": "栃木県日光市木和田島３０２８－４", "緯度": 36.684219, "経度": 139.733823, "url": "https://www.iryou.teikyouseido.mhlw.go.jp/znk-web/juminkanja/S2430/initialize?prefCd=09&kikanCd=3090000519&kikanKbn=3", "url2": null, "内容": "斎藤歯科クリニック【3:歯科】栃木県日光市木和田島３０２８－４" }, "geometry": { "type": "Point", "coordinates": [ 139.733823, 36.684219 ] } },
{ "type": "Feature", "properties": { "ID": 933090000520, "正式名称": "佐々木歯科医院", "機関区分": 3, "都道府県コード": 9, "市区町村コード": 206, "所在地": "栃木県日光市鬼怒川温泉大原１４２９－５", "緯度": 36.820766, "経度": 139.712288, "url": "https://www.iryou.teikyouseido.mhlw.go.jp/znk-web/juminkanja/S2430/initialize?prefCd=09&kikanCd=3090000520&kikanKbn=3", "url2": null, "内容": "佐々木歯科医院【3:歯科】栃木県日光市鬼怒川温泉大原１４２９－５" }, "geometry": { "type": "Point", "coordinates": [ 139.712288, 36.820766 ] } },
{ "type": "Feature", "properties": { "ID": 933090000521, "正式名称": "歯科医院クローズアップ", "機関区分": 3, "都道府県コード": 9, "市区町村コード": 206, "所在地": "栃木県日光市豊田字若林７９－１　イオン今市店２Ｆ", "緯度": 36.731137, "経度": 139.70345, "url": "https://www.iryou.teikyouseido.mhlw.go.jp/znk-web/juminkanja/S2430/initialize?prefCd=09&kikanCd=3090000521&kikanKbn=3", "url2": null, "内容": "歯科医院クローズアップ【3:歯科】栃木県日光市豊田字若林７９－１　イオン今市店２Ｆ" }, "geometry": { "type": "Point", "coordinates": [ 139.70345, 36.731137 ] } },
{ "type": "Feature", "properties": { "ID": 933090000522, "正式名称": "柴田歯科クリニック", "機関区分": 3, "都道府県コード": 9, "市区町村コード": 206, "所在地": "栃木県日光市中央町", "緯度": 36.721513, "経度": 139.68841, "url": "https://www.iryou.teikyouseido.mhlw.go.jp/znk-web/juminkanja/S2430/initialize?prefCd=09&kikanCd=3090000522&kikanKbn=3", "url2": "https://shibata-shika.jp/", "内容": "柴田歯科クリニック【3:歯科】栃木県日光市中央町" }, "geometry": { "type": "Point", "coordinates": [ 139.68841, 36.721513 ] } },
{ "type": "Feature", "properties": { "ID": 933090000523, "正式名称": "鈴木歯科医院", "機関区分": 3, "都道府県コード": 9, "市区町村コード": 206, "所在地": "栃木県日光市今市７７３ー４", "緯度": 36.72417, "経度": 139.689367, "url": "https://www.iryou.teikyouseido.mhlw.go.jp/znk-web/juminkanja/S2430/initialize?prefCd=09&kikanCd=3090000523&kikanKbn=3", "url2": null, "内容": "鈴木歯科医院【3:歯科】栃木県日光市今市７７３ー４" }, "geometry": { "type": "Point", "coordinates": [ 139.689367, 36.72417 ] } },
{ "type": "Feature", "properties": { "ID": 933090000524, "正式名称": "鈴木歯科医院", "機関区分": 3, "都道府県コード": 9, "市区町村コード": 206, "所在地": "栃木県日光市鬼怒川温泉大原３６－８", "緯度": 36.800746, "経度": 139.707928, "url": "https://www.iryou.teikyouseido.mhlw.go.jp/znk-web/juminkanja/S2430/initialize?prefCd=09&kikanCd=3090000524&kikanKbn=3", "url2": "http://www.kinugawa-suzukident.com/", "内容": "鈴木歯科医院【3:歯科】栃木県日光市鬼怒川温泉大原３６－８" }, "geometry": { "type": "Point", "coordinates": [ 139.707928, 36.800746 ] } },
{ "type": "Feature", "properties": { "ID": 933090000525, "正式名称": "鈴木歯科クリニック", "機関区分": 3, "都道府県コード": 9, "市区町村コード": 206, "所在地": "栃木県日光市土沢２－１６", "緯度": 36.687655, "経度": 139.739196, "url": "https://www.iryou.teikyouseido.mhlw.go.jp/znk-web/juminkanja/S2430/initialize?prefCd=09&kikanCd=3090000525&kikanKbn=3", "url2": null, "内容": "鈴木歯科クリニック【3:歯科】栃木県日光市土沢２－１６" }, "geometry": { "type": "Point", "coordinates": [ 139.739196, 36.687655 ] } },
{ "type": "Feature", "properties": { "ID": 933090000527, "正式名称": "てづか歯科医院", "機関区分": 3, "都道府県コード": 9, "市区町村コード": 206, "所在地": "栃木県日光市松原町　２０－２", "緯度": 36.746186, "経度": 139.618106, "url": "https://www.iryou.teikyouseido.mhlw.go.jp/znk-web/juminkanja/S2430/initialize?prefCd=09&kikanCd=3090000527&kikanKbn=3", "url2": null, "内容": "てづか歯科医院【3:歯科】栃木県日光市松原町　２０－２" }, "geometry": { "type": "Point", "coordinates": [ 139.618106, 36.746186 ] } },
{ "type": "Feature", "properties": { "ID": 933090000528, "正式名称": "とみづか歯科医院", "機関区分": 3, "都道府県コード": 9, "市区町村コード": 206, "所在地": "栃木県日光市荊沢", "緯度": 36.726184, "経度": 139.727709, "url": "https://www.iryou.teikyouseido.mhlw.go.jp/znk-web/juminkanja/S2430/initialize?prefCd=09&kikanCd=3090000528&kikanKbn=3", "url2": "https://www.tomizukashika.jp", "内容": "とみづか歯科医院【3:歯科】栃木県日光市荊沢" }, "geometry": { "type": "Point", "coordinates": [ 139.727709, 36.726184 ] } },
{ "type": "Feature", "properties": { "ID": 933090000529, "正式名称": "中村歯科医院", "機関区分": 3, "都道府県コード": 9, "市区町村コード": 206, "所在地": "栃木県日光市今市３８７番地２", "緯度": 36.723416, "経度": 139.685738, "url": "https://www.iryou.teikyouseido.mhlw.go.jp/znk-web/juminkanja/S2430/initialize?prefCd=09&kikanCd=3090000529&kikanKbn=3", "url2": null, "内容": "中村歯科医院【3:歯科】栃木県日光市今市３８７番地２" }, "geometry": { "type": "Point", "coordinates": [ 139.685738, 36.723416 ] } },
{ "type": "Feature", "properties": { "ID": 933090000530, "正式名称": "波岡歯科", "機関区分": 3, "都道府県コード": 9, "市区町村コード": 206, "所在地": "栃木県日光市今市４１２－１　日光ランドマーク３Ｆ", "緯度": 36.723777, "経度": 139.686791, "url": "https://www.iryou.teikyouseido.mhlw.go.jp/znk-web/juminkanja/S2430/initialize?prefCd=09&kikanCd=3090000530&kikanKbn=3", "url2": null, "内容": "波岡歯科【3:歯科】栃木県日光市今市４１２－１　日光ランドマーク３Ｆ" }, "geometry": { "type": "Point", "coordinates": [ 139.686791, 36.723777 ] } },
{ "type": "Feature", "properties": { "ID": 933090000531, "正式名称": "沼尾デンタルクリニック", "機関区分": 3, "都道府県コード": 9, "市区町村コード": 206, "所在地": "栃木県日光市瀬川２３０－４", "緯度": 36.733548, "経度": 139.688305, "url": "https://www.iryou.teikyouseido.mhlw.go.jp/znk-web/juminkanja/S2430/initialize?prefCd=09&kikanCd=3090000531&kikanKbn=3", "url2": "http://e-numao.com", "内容": "沼尾デンタルクリニック【3:歯科】栃木県日光市瀬川２３０－４" }, "geometry": { "type": "Point", "coordinates": [ 139.688305, 36.733548 ] } },
{ "type": "Feature", "properties": { "ID": 933090000532, "正式名称": "野村歯科医院", "機関区分": 3, "都道府県コード": 9, "市区町村コード": 206, "所在地": "栃木県日光市足尾町松原７－１０", "緯度": 36.636057, "経度": 139.43954, "url": "https://www.iryou.teikyouseido.mhlw.go.jp/znk-web/juminkanja/S2430/initialize?prefCd=09&kikanCd=3090000532&kikanKbn=3", "url2": null, "内容": "野村歯科医院【3:歯科】栃木県日光市足尾町松原７－１０" }, "geometry": { "type": "Point", "coordinates": [ 139.43954, 36.636057 ] } },
{ "type": "Feature", "properties": { "ID": 933090000534, "正式名称": "船越歯科医院", "機関区分": 3, "都道府県コード": 9, "市区町村コード": 206, "所在地": "栃木県日光市本町７－２８", "緯度": 36.753632, "経度": 139.592377, "url": "https://www.iryou.teikyouseido.mhlw.go.jp/znk-web/juminkanja/S2430/initialize?prefCd=09&kikanCd=3090000534&kikanKbn=3", "url2": null, "内容": "船越歯科医院【3:歯科】栃木県日光市本町７－２８" }, "geometry": { "type": "Point", "coordinates": [ 139.592377, 36.753632 ] } },
{ "type": "Feature", "properties": { "ID": 933090000535, "正式名称": "宮川イーストデンタルクリニック", "機関区分": 3, "都道府県コード": 9, "市区町村コード": 206, "所在地": "栃木県日光市稲荷町１－３９４－３", "緯度": 36.749389, "経度": 139.614947, "url": "https://www.iryou.teikyouseido.mhlw.go.jp/znk-web/juminkanja/S2430/initialize?prefCd=09&kikanCd=3090000535&kikanKbn=3", "url2": null, "内容": "宮川イーストデンタルクリニック【3:歯科】栃木県日光市稲荷町１－３９４－３" }, "geometry": { "type": "Point", "coordinates": [ 139.614947, 36.749389 ] } },
{ "type": "Feature", "properties": { "ID": 933090000537, "正式名称": "みやさか歯科クリニック", "機関区分": 3, "都道府県コード": 9, "市区町村コード": 206, "所在地": "栃木県日光市土沢１８５１－１２２", "緯度": 36.694398, "経度": 139.740164, "url": "https://www.iryou.teikyouseido.mhlw.go.jp/znk-web/juminkanja/S2430/initialize?prefCd=09&kikanCd=3090000537&kikanKbn=3", "url2": null, "内容": "みやさか歯科クリニック【3:歯科】栃木県日光市土沢１８５１－１２２" }, "geometry": { "type": "Point", "coordinates": [ 139.740164, 36.694398 ] } },
{ "type": "Feature", "properties": { "ID": 933090000538, "正式名称": "宮本歯科医院", "機関区分": 3, "都道府県コード": 9, "市区町村コード": 206, "所在地": "栃木県日光市大沢町", "緯度": 36.692543, "経度": 139.757982, "url": "https://www.iryou.teikyouseido.mhlw.go.jp/znk-web/juminkanja/S2430/initialize?prefCd=09&kikanCd=3090000538&kikanKbn=3", "url2": null, "内容": "宮本歯科医院【3:歯科】栃木県日光市大沢町" }, "geometry": { "type": "Point", "coordinates": [ 139.757982, 36.692543 ] } },
{ "type": "Feature", "properties": { "ID": 933090000540, "正式名称": "望月歯科医院", "機関区分": 3, "都道府県コード": 9, "市区町村コード": 206, "所在地": "栃木県日光市鬼怒川温泉大原９９３－１３", "緯度": 36.822252, "経度": 139.718963, "url": "https://www.iryou.teikyouseido.mhlw.go.jp/znk-web/juminkanja/S2430/initialize?prefCd=09&kikanCd=3090000540&kikanKbn=3", "url2": null, "内容": "望月歯科医院【3:歯科】栃木県日光市鬼怒川温泉大原９９３－１３" }, "geometry": { "type": "Point", "coordinates": [ 139.718963, 36.822252 ] } },
{ "type": "Feature", "properties": { "ID": 933090000541, "正式名称": "森田歯科医院", "機関区分": 3, "都道府県コード": 9, "市区町村コード": 206, "所在地": "栃木県日光市森友１５２０－１４９", "緯度": 36.723444, "経度": 139.715433, "url": "https://www.iryou.teikyouseido.mhlw.go.jp/znk-web/juminkanja/S2430/initialize?prefCd=09&kikanCd=3090000541&kikanKbn=3", "url2": "https://morita-ha.com", "内容": "森田歯科医院【3:歯科】栃木県日光市森友１５２０－１４９" }, "geometry": { "type": "Point", "coordinates": [ 139.715433, 36.723444 ] } },
{ "type": "Feature", "properties": { "ID": 933090000544, "正式名称": "山川歯科医院", "機関区分": 3, "都道府県コード": 9, "市区町村コード": 206, "所在地": "栃木県日光市森友１７２－２", "緯度": 36.711291, "経度": 139.723471, "url": "https://www.iryou.teikyouseido.mhlw.go.jp/znk-web/juminkanja/S2430/initialize?prefCd=09&kikanCd=3090000544&kikanKbn=3", "url2": "https://yamakawa-dental.com", "内容": "山川歯科医院【3:歯科】栃木県日光市森友１７２－２" }, "geometry": { "type": "Point", "coordinates": [ 139.723471, 36.711291 ] } },
{ "type": "Feature", "properties": { "ID": 933090000545, "正式名称": "湯澤歯科医院", "機関区分": 3, "都道府県コード": 9, "市区町村コード": 206, "所在地": "栃木県日光市今市４９０－１", "緯度": 36.725535, "経度": 139.684302, "url": "https://www.iryou.teikyouseido.mhlw.go.jp/znk-web/juminkanja/S2430/initialize?prefCd=09&kikanCd=3090000545&kikanKbn=3", "url2": null, "内容": "湯澤歯科医院【3:歯科】栃木県日光市今市４９０－１" }, "geometry": { "type": "Point", "coordinates": [ 139.684302, 36.725535 ] } },
{ "type": "Feature", "properties": { "ID": 933090000546, "正式名称": "吉原歯科医院矯正歯科", "機関区分": 3, "都道府県コード": 9, "市区町村コード": 206, "所在地": "栃木県日光市今市２３４－３", "緯度": 36.718133, "経度": 139.690771, "url": "https://www.iryou.teikyouseido.mhlw.go.jp/znk-web/juminkanja/S2430/initialize?prefCd=09&kikanCd=3090000546&kikanKbn=3", "url2": "http://www.yoshi-dental.jp", "内容": "吉原歯科医院矯正歯科【3:歯科】栃木県日光市今市２３４－３" }, "geometry": { "type": "Point", "coordinates": [ 139.690771, 36.718133 ] } },
{ "type": "Feature", "properties": { "ID": 933090000547, "正式名称": "今市歯科医院", "機関区分": 3, "都道府県コード": 9, "市区町村コード": 206, "所在地": "栃木県日光市今市８２２－２", "緯度": 36.723152, "経度": 139.692685, "url": "https://www.iryou.teikyouseido.mhlw.go.jp/znk-web/juminkanja/S2430/initialize?prefCd=09&kikanCd=3090000547&kikanKbn=3", "url2": null, "内容": "今市歯科医院【3:歯科】栃木県日光市今市８２２－２" }, "geometry": { "type": "Point", "coordinates": [ 139.692685, 36.723152 ] } },
{ "type": "Feature", "properties": { "ID": 933090000549, "正式名称": "西方歯科医院", "機関区分": 3, "都道府県コード": 9, "市区町村コード": 203, "所在地": "栃木県栃木市西方町金崎３３４－３", "緯度": 36.468333, "経度": 139.749229, "url": "https://www.iryou.teikyouseido.mhlw.go.jp/znk-web/juminkanja/S2430/initialize?prefCd=09&kikanCd=3090000549&kikanKbn=3", "url2": null, "内容": "西方歯科医院【3:歯科】栃木県栃木市西方町金崎３３４－３" }, "geometry": { "type": "Point", "coordinates": [ 139.749229, 36.468333 ] } },
{ "type": "Feature", "properties": { "ID": 933090000550, "正式名称": "あおやぎオーラルクリニック", "機関区分": 3, "都道府県コード": 9, "市区町村コード": 209, "所在地": "栃木県真岡市島２４５－１", "緯度": 36.435628, "経度": 140.020338, "url": "https://www.iryou.teikyouseido.mhlw.go.jp/znk-web/juminkanja/S2430/initialize?prefCd=09&kikanCd=3090000550&kikanKbn=3", "url2": "http://www.aoyagi-oral-clinic.com", "内容": "あおやぎオーラルクリニック【3:歯科】栃木県真岡市島２４５－１" }, "geometry": { "type": "Point", "coordinates": [ 140.020338, 36.435628 ] } },
{ "type": "Feature", "properties": { "ID": 933090000551, "正式名称": "医療法人　石川会　石川歯科医院", "機関区分": 3, "都道府県コード": 9, "市区町村コード": 209, "所在地": "栃木県真岡市高勢町３丁目１３２番地", "緯度": 36.427992, "経度": 139.980851, "url": "https://www.iryou.teikyouseido.mhlw.go.jp/znk-web/juminkanja/S2430/initialize?prefCd=09&kikanCd=3090000551&kikanKbn=3", "url2": null, "内容": "医療法人　石川会　石川歯科医院【3:歯科】栃木県真岡市高勢町３丁目１３２番地" }, "geometry": { "type": "Point", "coordinates": [ 139.980851, 36.427992 ] } },
{ "type": "Feature", "properties": { "ID": 933090000552, "正式名称": "いしざきデンタルクリニック", "機関区分": 3, "都道府県コード": 9, "市区町村コード": 209, "所在地": "栃木県真岡市東大島", "緯度": 36.416397, "経度": 140.032979, "url": "https://www.iryou.teikyouseido.mhlw.go.jp/znk-web/juminkanja/S2430/initialize?prefCd=09&kikanCd=3090000552&kikanKbn=3", "url2": null, "内容": "いしざきデンタルクリニック【3:歯科】栃木県真岡市東大島" }, "geometry": { "type": "Point", "coordinates": [ 140.032979, 36.416397 ] } },
{ "type": "Feature", "properties": { "ID": 933090000553, "正式名称": "医療法人Ｂｒｉｌｌｉａｎｔ　Ｓｍｉｌｅ　いなみ矯正歯科医院", "機関区分": 3, "都道府県コード": 9, "市区町村コード": 209, "所在地": "栃木県真岡市荒町２０９４－１３", "緯度": 36.441494, "経度": 140.011955, "url": "https://www.iryou.teikyouseido.mhlw.go.jp/znk-web/juminkanja/S2430/initialize?prefCd=09&kikanCd=3090000553&kikanKbn=3", "url2": "http://www.inamistyle.com/", "内容": "医療法人Ｂｒｉｌｌｉａｎｔ　Ｓｍｉｌｅ　いなみ矯正歯科医院【3:歯科】栃木県真岡市荒町２０９４－１３" }, "geometry": { "type": "Point", "coordinates": [ 140.011955, 36.441494 ] } },
{ "type": "Feature", "properties": { "ID": 933090000554, "正式名称": "うすい歯科医院", "機関区分": 3, "都道府県コード": 9, "市区町村コード": 209, "所在地": "栃木県真岡市台町２３４７", "緯度": 36.44216, "経度": 140.003595, "url": "https://www.iryou.teikyouseido.mhlw.go.jp/znk-web/juminkanja/S2430/initialize?prefCd=09&kikanCd=3090000554&kikanKbn=3", "url2": null, "内容": "うすい歯科医院【3:歯科】栃木県真岡市台町２３４７" }, "geometry": { "type": "Point", "coordinates": [ 140.003595, 36.44216 ] } },
{ "type": "Feature", "properties": { "ID": 933090000555, "正式名称": "大関歯科医院", "機関区分": 3, "都道府県コード": 9, "市区町村コード": 209, "所在地": "栃木県真岡市並木町１－１２－２１", "緯度": 36.440877, "経度": 140.001114, "url": "https://www.iryou.teikyouseido.mhlw.go.jp/znk-web/juminkanja/S2430/initialize?prefCd=09&kikanCd=3090000555&kikanKbn=3", "url2": null, "内容": "大関歯科医院【3:歯科】栃木県真岡市並木町１－１２－２１" }, "geometry": { "type": "Point", "coordinates": [ 140.001114, 36.440877 ] } },
{ "type": "Feature", "properties": { "ID": 933090000556, "正式名称": "大貫歯科医院", "機関区分": 3, "都道府県コード": 9, "市区町村コード": 209, "所在地": "栃木県真岡市荒町５１６８", "緯度": 36.442485, "経度": 140.012794, "url": "https://www.iryou.teikyouseido.mhlw.go.jp/znk-web/juminkanja/S2430/initialize?prefCd=09&kikanCd=3090000556&kikanKbn=3", "url2": null, "内容": "大貫歯科医院【3:歯科】栃木県真岡市荒町５１６８" }, "geometry": { "type": "Point", "coordinates": [ 140.012794, 36.442485 ] } },
{ "type": "Feature", "properties": { "ID": 933090000558, "正式名称": "勝田デンタルクリニック", "機関区分": 3, "都道府県コード": 9, "市区町村コード": 209, "所在地": "栃木県真岡市田町２０４６番地", "緯度": 36.439669, "経度": 140.009611, "url": "https://www.iryou.teikyouseido.mhlw.go.jp/znk-web/juminkanja/S2430/initialize?prefCd=09&kikanCd=3090000558&kikanKbn=3", "url2": "https://katsuta-dental.com/", "内容": "勝田デンタルクリニック【3:歯科】栃木県真岡市田町２０４６番地" }, "geometry": { "type": "Point", "coordinates": [ 140.009611, 36.439669 ] } },
{ "type": "Feature", "properties": { "ID": 933090000560, "正式名称": "菊地歯科医院", "機関区分": 3, "都道府県コード": 9, "市区町村コード": 209, "所在地": "栃木県真岡市荒町", "緯度": 36.442243, "経度": 140.010241, "url": "https://www.iryou.teikyouseido.mhlw.go.jp/znk-web/juminkanja/S2430/initialize?prefCd=09&kikanCd=3090000560&kikanKbn=3", "url2": null, "内容": "菊地歯科医院【3:歯科】栃木県真岡市荒町" }, "geometry": { "type": "Point", "coordinates": [ 140.010241, 36.442243 ] } },
{ "type": "Feature", "properties": { "ID": 933090000561, "正式名称": "木村歯科クリニック", "機関区分": 3, "都道府県コード": 9, "市区町村コード": 209, "所在地": "栃木県真岡市並木町４－７－９", "緯度": 36.445251, "経度": 140.000701, "url": "https://www.iryou.teikyouseido.mhlw.go.jp/znk-web/juminkanja/S2430/initialize?prefCd=09&kikanCd=3090000561&kikanKbn=3", "url2": null, "内容": "木村歯科クリニック【3:歯科】栃木県真岡市並木町４－７－９" }, "geometry": { "type": "Point", "coordinates": [ 140.000701, 36.445251 ] } },
{ "type": "Feature", "properties": { "ID": 933090000562, "正式名称": "小林歯科医院", "機関区分": 3, "都道府県コード": 9, "市区町村コード": 209, "所在地": "栃木県真岡市熊倉３－１０－５", "緯度": 36.440029, "経度": 139.992996, "url": "https://www.iryou.teikyouseido.mhlw.go.jp/znk-web/juminkanja/S2430/initialize?prefCd=09&kikanCd=3090000562&kikanKbn=3", "url2": null, "内容": "小林歯科医院【3:歯科】栃木県真岡市熊倉３－１０－５" }, "geometry": { "type": "Point", "coordinates": [ 139.992996, 36.440029 ] } },
{ "type": "Feature", "properties": { "ID": 933090000563, "正式名称": "しぶや歯科クリニック", "機関区分": 3, "都道府県コード": 9, "市区町村コード": 209, "所在地": "栃木県真岡市荒町１１８０－３", "緯度": 36.43938, "経度": 140.020346, "url": "https://www.iryou.teikyouseido.mhlw.go.jp/znk-web/juminkanja/S2430/initialize?prefCd=09&kikanCd=3090000563&kikanKbn=3", "url2": null, "内容": "しぶや歯科クリニック【3:歯科】栃木県真岡市荒町１１８０－３" }, "geometry": { "type": "Point", "coordinates": [ 140.020346, 36.43938 ] } },
{ "type": "Feature", "properties": { "ID": 933090000566, "正式名称": "鈴木歯科医院", "機関区分": 3, "都道府県コード": 9, "市区町村コード": 209, "所在地": "栃木県真岡市亀山", "緯度": 36.454296, "経度": 139.984313, "url": "https://www.iryou.teikyouseido.mhlw.go.jp/znk-web/juminkanja/S2430/initialize?prefCd=09&kikanCd=3090000566&kikanKbn=3", "url2": null, "内容": "鈴木歯科医院【3:歯科】栃木県真岡市亀山" }, "geometry": { "type": "Point", "coordinates": [ 139.984313, 36.454296 ] } },
{ "type": "Feature", "properties": { "ID": 933090000568, "正式名称": "医療法人社団春色会たかはし歯科医院", "機関区分": 3, "都道府県コード": 9, "市区町村コード": 209, "所在地": "栃木県真岡市八木岡４８１－１６", "緯度": 36.428272, "経度": 139.99293, "url": "https://www.iryou.teikyouseido.mhlw.go.jp/znk-web/juminkanja/S2430/initialize?prefCd=09&kikanCd=3090000568&kikanKbn=3", "url2": "http://www.takahashi-dent.jp", "内容": "医療法人社団春色会たかはし歯科医院【3:歯科】栃木県真岡市八木岡４８１－１６" }, "geometry": { "type": "Point", "coordinates": [ 139.99293, 36.428272 ] } },
{ "type": "Feature", "properties": { "ID": 933090000571, "正式名称": "橋本歯科医院", "機関区分": 3, "都道府県コード": 9, "市区町村コード": 209, "所在地": "栃木県真岡市堀内５７７－１", "緯度": 36.471054, "経度": 140.012188, "url": "https://www.iryou.teikyouseido.mhlw.go.jp/znk-web/juminkanja/S2430/initialize?prefCd=09&kikanCd=3090000571&kikanKbn=3", "url2": null, "内容": "橋本歯科医院【3:歯科】栃木県真岡市堀内５７７－１" }, "geometry": { "type": "Point", "coordinates": [ 140.012188, 36.471054 ] } },
{ "type": "Feature", "properties": { "ID": 933090000572, "正式名称": "医療法人はやし歯科医院", "機関区分": 3, "都道府県コード": 9, "市区町村コード": 209, "所在地": "栃木県真岡市並木町", "緯度": 36.446803, "経度": 139.999964, "url": "https://www.iryou.teikyouseido.mhlw.go.jp/znk-web/juminkanja/S2430/initialize?prefCd=09&kikanCd=3090000572&kikanKbn=3", "url2": "http://www.hdent.jp", "内容": "医療法人はやし歯科医院【3:歯科】栃木県真岡市並木町" }, "geometry": { "type": "Point", "coordinates": [ 139.999964, 36.446803 ] } },
{ "type": "Feature", "properties": { "ID": 933090000573, "正式名称": "報徳歯科診療所", "機関区分": 3, "都道府県コード": 9, "市区町村コード": 209, "所在地": "栃木県真岡市下高間木１－１１－１１", "緯度": 36.435186, "経度": 139.987024, "url": "https://www.iryou.teikyouseido.mhlw.go.jp/znk-web/juminkanja/S2430/initialize?prefCd=09&kikanCd=3090000573&kikanKbn=3", "url2": "http://www.houtoku-d.jp", "内容": "報徳歯科診療所【3:歯科】栃木県真岡市下高間木１－１１－１１" }, "geometry": { "type": "Point", "coordinates": [ 139.987024, 36.435186 ] } },
{ "type": "Feature", "properties": { "ID": 933090000574, "正式名称": "松谷歯科", "機関区分": 3, "都道府県コード": 9, "市区町村コード": 209, "所在地": "栃木県真岡市上高間木１－２４－１", "緯度": 36.44497, "経度": 139.987452, "url": "https://www.iryou.teikyouseido.mhlw.go.jp/znk-web/juminkanja/S2430/initialize?prefCd=09&kikanCd=3090000574&kikanKbn=3", "url2": null, "内容": "松谷歯科【3:歯科】栃木県真岡市上高間木１－２４－１" }, "geometry": { "type": "Point", "coordinates": [ 139.987452, 36.44497 ] } },
{ "type": "Feature", "properties": { "ID": 933090000575, "正式名称": "みやもと歯科医院", "機関区分": 3, "都道府県コード": 9, "市区町村コード": 209, "所在地": "栃木県真岡市東光寺３－１４－３", "緯度": 36.441833, "経度": 140.023495, "url": "https://www.iryou.teikyouseido.mhlw.go.jp/znk-web/juminkanja/S2430/initialize?prefCd=09&kikanCd=3090000575&kikanKbn=3", "url2": "http://www.moka-miyamoto-dc.sakura.ne.jp", "内容": "みやもと歯科医院【3:歯科】栃木県真岡市東光寺３－１４－３" }, "geometry": { "type": "Point", "coordinates": [ 140.023495, 36.441833 ] } },
{ "type": "Feature", "properties": { "ID": 933090000578, "正式名称": "本山歯科医院", "機関区分": 3, "都道府県コード": 9, "市区町村コード": 209, "所在地": "栃木県真岡市大谷台町２４", "緯度": 36.435586, "経度": 139.991935, "url": "https://www.iryou.teikyouseido.mhlw.go.jp/znk-web/juminkanja/S2430/initialize?prefCd=09&kikanCd=3090000578&kikanKbn=3", "url2": null, "内容": "本山歯科医院【3:歯科】栃木県真岡市大谷台町２４" }, "geometry": { "type": "Point", "coordinates": [ 139.991935, 36.435586 ] } },
{ "type": "Feature", "properties": { "ID": 933090000579, "正式名称": "柳田歯科医院", "機関区分": 3, "都道府県コード": 9, "市区町村コード": 209, "所在地": "栃木県真岡市高勢町１－７５", "緯度": 36.437759, "経度": 139.975695, "url": "https://www.iryou.teikyouseido.mhlw.go.jp/znk-web/juminkanja/S2430/initialize?prefCd=09&kikanCd=3090000579&kikanKbn=3", "url2": null, "内容": "柳田歯科医院【3:歯科】栃木県真岡市高勢町１－７５" }, "geometry": { "type": "Point", "coordinates": [ 139.975695, 36.437759 ] } },
{ "type": "Feature", "properties": { "ID": 933090000580, "正式名称": "医療法人よしデンタルクリニック", "機関区分": 3, "都道府県コード": 9, "市区町村コード": 209, "所在地": "栃木県真岡市熊倉町４８４２－１", "緯度": 36.45137, "経度": 139.996368, "url": "https://www.iryou.teikyouseido.mhlw.go.jp/znk-web/juminkanja/S2430/initialize?prefCd=09&kikanCd=3090000580&kikanKbn=3", "url2": "http://www.yoshi-dental.com", "内容": "医療法人よしデンタルクリニック【3:歯科】栃木県真岡市熊倉町４８４２－１" }, "geometry": { "type": "Point", "coordinates": [ 139.996368, 36.45137 ] } },
{ "type": "Feature", "properties": { "ID": 933090000582, "正式名称": "木代歯科医院", "機関区分": 3, "都道府県コード": 9, "市区町村コード": 209, "所在地": "栃木県真岡市久下田７６７", "緯度": 36.372449, "経度": 139.969121, "url": "https://www.iryou.teikyouseido.mhlw.go.jp/znk-web/juminkanja/S2430/initialize?prefCd=09&kikanCd=3090000582&kikanKbn=3", "url2": null, "内容": "木代歯科医院【3:歯科】栃木県真岡市久下田７６７" }, "geometry": { "type": "Point", "coordinates": [ 139.969121, 36.372449 ] } },
{ "type": "Feature", "properties": { "ID": 933090000583, "正式名称": "医療法人　統生会　おぬき歯科医院", "機関区分": 3, "都道府県コード": 9, "市区町村コード": 209, "所在地": "栃木県真岡市久下田７７７－１", "緯度": 36.373424, "経度": 139.968796, "url": "https://www.iryou.teikyouseido.mhlw.go.jp/znk-web/juminkanja/S2430/initialize?prefCd=09&kikanCd=3090000583&kikanKbn=3", "url2": null, "内容": "医療法人　統生会　おぬき歯科医院【3:歯科】栃木県真岡市久下田７７７－１" }, "geometry": { "type": "Point", "coordinates": [ 139.968796, 36.373424 ] } },
{ "type": "Feature", "properties": { "ID": 933090000584, "正式名称": "医療法人社団健歯会", "機関区分": 3, "都道府県コード": 9, "市区町村コード": 209, "所在地": "栃木県真岡市久下田９２０", "緯度": 36.37749, "経度": 139.96927, "url": "https://www.iryou.teikyouseido.mhlw.go.jp/znk-web/juminkanja/S2430/initialize?prefCd=09&kikanCd=3090000584&kikanKbn=3", "url2": null, "内容": "医療法人社団健歯会【3:歯科】栃木県真岡市久下田９２０" }, "geometry": { "type": "Point", "coordinates": [ 139.96927, 36.37749 ] } },
{ "type": "Feature", "properties": { "ID": 933090000585, "正式名称": "塚原歯科医院", "機関区分": 3, "都道府県コード": 9, "市区町村コード": 209, "所在地": "栃木県真岡市長沼１７６８", "緯度": 36.359454, "経度": 139.93074, "url": "https://www.iryou.teikyouseido.mhlw.go.jp/znk-web/juminkanja/S2430/initialize?prefCd=09&kikanCd=3090000585&kikanKbn=3", "url2": null, "内容": "塚原歯科医院【3:歯科】栃木県真岡市長沼１７６８" }, "geometry": { "type": "Point", "coordinates": [ 139.93074, 36.359454 ] } },
{ "type": "Feature", "properties": { "ID": 933090000588, "正式名称": "ウエスト歯科クリニック", "機関区分": 3, "都道府県コード": 9, "市区町村コード": 342, "所在地": "栃木県芳賀郡益子町塙１１６３", "緯度": 36.478135, "経度": 140.080494, "url": "https://www.iryou.teikyouseido.mhlw.go.jp/znk-web/juminkanja/S2430/initialize?prefCd=09&kikanCd=3090000588&kikanKbn=3", "url2": null, "内容": "ウエスト歯科クリニック【3:歯科】栃木県芳賀郡益子町塙１１６３" }, "geometry": { "type": "Point", "coordinates": [ 140.080494, 36.478135 ] } },
{ "type": "Feature", "properties": { "ID": 933090000590, "正式名称": "医療法人　ＯＤＣインプラント　及川歯科医院", "機関区分": 3, "都道府県コード": 9, "市区町村コード": 342, "所在地": "栃木県芳賀郡益子町益子２０５６", "緯度": 36.466029, "経度": 140.093442, "url": "https://www.iryou.teikyouseido.mhlw.go.jp/znk-web/juminkanja/S2430/initialize?prefCd=09&kikanCd=3090000590&kikanKbn=3", "url2": "http://www.oikawa-dc.net", "内容": "医療法人　ＯＤＣインプラント　及川歯科医院【3:歯科】栃木県芳賀郡益子町益子２０５６" }, "geometry": { "type": "Point", "coordinates": [ 140.093442, 36.466029 ] } },
{ "type": "Feature", "properties": { "ID": 933090000591, "正式名称": "医療法人　社団　　聖会", "機関区分": 3, "都道府県コード": 9, "市区町村コード": 342, "所在地": "栃木県芳賀郡益子町益子３６３８", "緯度": 36.467431, "経度": 140.097958, "url": "https://www.iryou.teikyouseido.mhlw.go.jp/znk-web/juminkanja/S2430/initialize?prefCd=09&kikanCd=3090000591&kikanKbn=3", "url2": null, "内容": "医療法人　社団　　聖会【3:歯科】栃木県芳賀郡益子町益子３６３８" }, "geometry": { "type": "Point", "coordinates": [ 140.097958, 36.467431 ] } },
{ "type": "Feature", "properties": { "ID": 933090000592, "正式名称": "きくしま歯科医院", "機関区分": 3, "都道府県コード": 9, "市区町村コード": 342, "所在地": "栃木県芳賀郡益子町長堤１１２３", "緯度": 36.429452, "経度": 140.077283, "url": "https://www.iryou.teikyouseido.mhlw.go.jp/znk-web/juminkanja/S2430/initialize?prefCd=09&kikanCd=3090000592&kikanKbn=3", "url2": null, "内容": "きくしま歯科医院【3:歯科】栃木県芳賀郡益子町長堤１１２３" }, "geometry": { "type": "Point", "coordinates": [ 140.077283, 36.429452 ] } },
{ "type": "Feature", "properties": { "ID": 933090000595, "正式名称": "田代歯科医院", "機関区分": 3, "都道府県コード": 9, "市区町村コード": 342, "所在地": "栃木県芳賀郡益子町塙８２８－１１４", "緯度": 36.470591, "経度": 140.075773, "url": "https://www.iryou.teikyouseido.mhlw.go.jp/znk-web/juminkanja/S2430/initialize?prefCd=09&kikanCd=3090000595&kikanKbn=3", "url2": null, "内容": "田代歯科医院【3:歯科】栃木県芳賀郡益子町塙８２８－１１４" }, "geometry": { "type": "Point", "coordinates": [ 140.075773, 36.470591 ] } },
{ "type": "Feature", "properties": { "ID": 933090000596, "正式名称": "平野歯科", "機関区分": 3, "都道府県コード": 9, "市区町村コード": 342, "所在地": "栃木県芳賀郡益子町益子９１０", "緯度": 36.461506, "経度": 140.096905, "url": "https://www.iryou.teikyouseido.mhlw.go.jp/znk-web/juminkanja/S2430/initialize?prefCd=09&kikanCd=3090000596&kikanKbn=3", "url2": null, "内容": "平野歯科【3:歯科】栃木県芳賀郡益子町益子９１０" }, "geometry": { "type": "Point", "coordinates": [ 140.096905, 36.461506 ] } },
{ "type": "Feature", "properties": { "ID": 933090000597, "正式名称": "牟田歯科医院", "機関区分": 3, "都道府県コード": 9, "市区町村コード": 342, "所在地": "栃木県芳賀郡益子町益子２２８９", "緯度": 36.463544, "経度": 140.090945, "url": "https://www.iryou.teikyouseido.mhlw.go.jp/znk-web/juminkanja/S2430/initialize?prefCd=09&kikanCd=3090000597&kikanKbn=3", "url2": null, "内容": "牟田歯科医院【3:歯科】栃木県芳賀郡益子町益子２２８９" }, "geometry": { "type": "Point", "coordinates": [ 140.090945, 36.463544 ] } },
{ "type": "Feature", "properties": { "ID": 933090000598, "正式名称": "森下歯科医院", "機関区分": 3, "都道府県コード": 9, "市区町村コード": 342, "所在地": "栃木県芳賀郡益子町益子１６６６", "緯度": 36.463314, "経度": 140.092964, "url": "https://www.iryou.teikyouseido.mhlw.go.jp/znk-web/juminkanja/S2430/initialize?prefCd=09&kikanCd=3090000598&kikanKbn=3", "url2": null, "内容": "森下歯科医院【3:歯科】栃木県芳賀郡益子町益子１６６６" }, "geometry": { "type": "Point", "coordinates": [ 140.092964, 36.463314 ] } },
{ "type": "Feature", "properties": { "ID": 933090000599, "正式名称": "みやした歯科医院", "機関区分": 3, "都道府県コード": 9, "市区町村コード": 342, "所在地": "栃木県芳賀郡益子町七井中央２－１１", "緯度": 36.490734, "経度": 140.096499, "url": "https://www.iryou.teikyouseido.mhlw.go.jp/znk-web/juminkanja/S2430/initialize?prefCd=09&kikanCd=3090000599&kikanKbn=3", "url2": "miyashita-dc.com", "内容": "みやした歯科医院【3:歯科】栃木県芳賀郡益子町七井中央２－１１" }, "geometry": { "type": "Point", "coordinates": [ 140.096499, 36.490734 ] } },
{ "type": "Feature", "properties": { "ID": 933090000600, "正式名称": "石井歯科医院", "機関区分": 3, "都道府県コード": 9, "市区町村コード": 343, "所在地": "栃木県芳賀郡茂木町増井１９７−３", "緯度": 36.531545, "経度": 140.202662, "url": "https://www.iryou.teikyouseido.mhlw.go.jp/znk-web/juminkanja/S2430/initialize?prefCd=09&kikanCd=3090000600&kikanKbn=3", "url2": null, "内容": "石井歯科医院【3:歯科】栃木県芳賀郡茂木町増井１９７−３" }, "geometry": { "type": "Point", "coordinates": [ 140.202662, 36.531545 ] } },
{ "type": "Feature", "properties": { "ID": 933090000601, "正式名称": "大森歯科医院", "機関区分": 3, "都道府県コード": 9, "市区町村コード": 343, "所在地": "栃木県芳賀郡茂木町増井９３－６", "緯度": 36.534326, "経度": 140.195024, "url": "https://www.iryou.teikyouseido.mhlw.go.jp/znk-web/juminkanja/S2430/initialize?prefCd=09&kikanCd=3090000601&kikanKbn=3", "url2": null, "内容": "大森歯科医院【3:歯科】栃木県芳賀郡茂木町増井９３－６" }, "geometry": { "type": "Point", "coordinates": [ 140.195024, 36.534326 ] } },
{ "type": "Feature", "properties": { "ID": 933090000603, "正式名称": "水沼歯科医院", "機関区分": 3, "都道府県コード": 9, "市区町村コード": 343, "所在地": "栃木県芳賀郡茂木町茂木", "緯度": 36.529814, "経度": 140.181554, "url": "https://www.iryou.teikyouseido.mhlw.go.jp/znk-web/juminkanja/S2430/initialize?prefCd=09&kikanCd=3090000603&kikanKbn=3", "url2": null, "内容": "水沼歯科医院【3:歯科】栃木県芳賀郡茂木町茂木" }, "geometry": { "type": "Point", "coordinates": [ 140.181554, 36.529814 ] } },
{ "type": "Feature", "properties": { "ID": 933090000604, "正式名称": "鈴木歯科医院", "機関区分": 3, "都道府県コード": 9, "市区町村コード": 343, "所在地": "栃木県芳賀郡茂木町茂木１７９４－１", "緯度": 36.534126, "経度": 140.184239, "url": "https://www.iryou.teikyouseido.mhlw.go.jp/znk-web/juminkanja/S2430/initialize?prefCd=09&kikanCd=3090000604&kikanKbn=3", "url2": null, "内容": "鈴木歯科医院【3:歯科】栃木県芳賀郡茂木町茂木１７９４－１" }, "geometry": { "type": "Point", "coordinates": [ 140.184239, 36.534126 ] } },
{ "type": "Feature", "properties": { "ID": 933090000606, "正式名称": "市貝歯科医院", "機関区分": 3, "都道府県コード": 9, "市区町村コード": 344, "所在地": "栃木県芳賀郡市貝町上根４４０－１", "緯度": 36.537501, "経度": 140.105568, "url": "https://www.iryou.teikyouseido.mhlw.go.jp/znk-web/juminkanja/S2430/initialize?prefCd=09&kikanCd=3090000606&kikanKbn=3", "url2": "http://ichikaishika.main.jp/", "内容": "市貝歯科医院【3:歯科】栃木県芳賀郡市貝町上根４４０－１" }, "geometry": { "type": "Point", "coordinates": [ 140.105568, 36.537501 ] } },
{ "type": "Feature", "properties": { "ID": 933090000607, "正式名称": "おぐら歯科クリニック", "機関区分": 3, "都道府県コード": 9, "市区町村コード": 344, "所在地": "栃木県芳賀郡市貝町市塙１６０８－６", "緯度": 36.537345, "経度": 140.103243, "url": "https://www.iryou.teikyouseido.mhlw.go.jp/znk-web/juminkanja/S2430/initialize?prefCd=09&kikanCd=3090000607&kikanKbn=3", "url2": null, "内容": "おぐら歯科クリニック【3:歯科】栃木県芳賀郡市貝町市塙１６０８－６" }, "geometry": { "type": "Point", "coordinates": [ 140.103243, 36.537345 ] } },
{ "type": "Feature", "properties": { "ID": 933090000608, "正式名称": "倉持歯科医院", "機関区分": 3, "都道府県コード": 9, "市区町村コード": 344, "所在地": "栃木県芳賀郡市貝町続谷７２８", "緯度": 36.594602, "経度": 140.125247, "url": "https://www.iryou.teikyouseido.mhlw.go.jp/znk-web/juminkanja/S2430/initialize?prefCd=09&kikanCd=3090000608&kikanKbn=3", "url2": null, "内容": "倉持歯科医院【3:歯科】栃木県芳賀郡市貝町続谷７２８" }, "geometry": { "type": "Point", "coordinates": [ 140.125247, 36.594602 ] } },
{ "type": "Feature", "properties": { "ID": 933090000609, "正式名称": "小峰歯科医院", "機関区分": 3, "都道府県コード": 9, "市区町村コード": 344, "所在地": "栃木県芳賀郡市貝町文谷３７０", "緯度": 36.56329, "経度": 140.10235, "url": "https://www.iryou.teikyouseido.mhlw.go.jp/znk-web/juminkanja/S2430/initialize?prefCd=09&kikanCd=3090000609&kikanKbn=3", "url2": "http://www.komine-dental.com/", "内容": "小峰歯科医院【3:歯科】栃木県芳賀郡市貝町文谷３７０" }, "geometry": { "type": "Point", "coordinates": [ 140.10235, 36.56329 ] } },
{ "type": "Feature", "properties": { "ID": 933090000611, "正式名称": "よりちか歯科医院", "機関区分": 3, "都道府県コード": 9, "市区町村コード": 344, "所在地": "栃木県芳賀郡市貝町赤羽２６３３－５", "緯度": 36.518258, "経度": 140.067466, "url": "https://www.iryou.teikyouseido.mhlw.go.jp/znk-web/juminkanja/S2430/initialize?prefCd=09&kikanCd=3090000611&kikanKbn=3", "url2": null, "内容": "よりちか歯科医院【3:歯科】栃木県芳賀郡市貝町赤羽２６３３－５" }, "geometry": { "type": "Point", "coordinates": [ 140.067466, 36.518258 ] } },
{ "type": "Feature", "properties": { "ID": 933090000614, "正式名称": "塩田歯科医院", "機関区分": 3, "都道府県コード": 9, "市区町村コード": 345, "所在地": "栃木県芳賀郡芳賀町西水沼４３３", "緯度": 36.524323, "経度": 140.023878, "url": "https://www.iryou.teikyouseido.mhlw.go.jp/znk-web/juminkanja/S2430/initialize?prefCd=09&kikanCd=3090000614&kikanKbn=3", "url2": null, "内容": "塩田歯科医院【3:歯科】栃木県芳賀郡芳賀町西水沼４３３" }, "geometry": { "type": "Point", "coordinates": [ 140.023878, 36.524323 ] } },
{ "type": "Feature", "properties": { "ID": 933090000615, "正式名称": "たけざわ歯科医院", "機関区分": 3, "都道府県コード": 9, "市区町村コード": 345, "所在地": "栃木県芳賀郡芳賀町下高根沢", "緯度": 36.560233, "経度": 140.016588, "url": "https://www.iryou.teikyouseido.mhlw.go.jp/znk-web/juminkanja/S2430/initialize?prefCd=09&kikanCd=3090000615&kikanKbn=3", "url2": null, "内容": "たけざわ歯科医院【3:歯科】栃木県芳賀郡芳賀町下高根沢" }, "geometry": { "type": "Point", "coordinates": [ 140.016588, 36.560233 ] } },
{ "type": "Feature", "properties": { "ID": 933090000616, "正式名称": "やなぎだ歯科クリニック", "機関区分": 3, "都道府県コード": 9, "市区町村コード": 345, "所在地": "栃木県芳賀郡芳賀町下高根沢３８５９－２", "緯度": 36.55875, "経度": 140.016149, "url": "https://www.iryou.teikyouseido.mhlw.go.jp/znk-web/juminkanja/S2430/initialize?prefCd=09&kikanCd=3090000616&kikanKbn=3", "url2": null, "内容": "やなぎだ歯科クリニック【3:歯科】栃木県芳賀郡芳賀町下高根沢３８５９－２" }, "geometry": { "type": "Point", "coordinates": [ 140.016149, 36.55875 ] } },
{ "type": "Feature", "properties": { "ID": 933090000620, "正式名称": "新井歯科医院", "機関区分": 3, "都道府県コード": 9, "市区町村コード": 203, "所在地": "栃木県栃木市湊町４－１２", "緯度": 36.378522, "経度": 139.727529, "url": "https://www.iryou.teikyouseido.mhlw.go.jp/znk-web/juminkanja/S2430/initialize?prefCd=09&kikanCd=3090000620&kikanKbn=3", "url2": null, "内容": "新井歯科医院【3:歯科】栃木県栃木市湊町４－１２" }, "geometry": { "type": "Point", "coordinates": [ 139.727529, 36.378522 ] } },
{ "type": "Feature", "properties": { "ID": 933090000621, "正式名称": "石川歯科医院", "機関区分": 3, "都道府県コード": 9, "市区町村コード": 203, "所在地": "栃木県栃木市嘉右衛門町１２－１３", "緯度": 36.387555, "経度": 139.733158, "url": "https://www.iryou.teikyouseido.mhlw.go.jp/znk-web/juminkanja/S2430/initialize?prefCd=09&kikanCd=3090000621&kikanKbn=3", "url2": null, "内容": "石川歯科医院【3:歯科】栃木県栃木市嘉右衛門町１２－１３" }, "geometry": { "type": "Point", "coordinates": [ 139.733158, 36.387555 ] } },
{ "type": "Feature", "properties": { "ID": 933090000622, "正式名称": "石塚歯科医院", "機関区分": 3, "都道府県コード": 9, "市区町村コード": 203, "所在地": "栃木県栃木市入舟町２０－２０", "緯度": 36.3833, "経度": 139.732308, "url": "https://www.iryou.teikyouseido.mhlw.go.jp/znk-web/juminkanja/S2430/initialize?prefCd=09&kikanCd=3090000622&kikanKbn=3", "url2": "http://www.ishizuka-dental.com", "内容": "石塚歯科医院【3:歯科】栃木県栃木市入舟町２０－２０" }, "geometry": { "type": "Point", "coordinates": [ 139.732308, 36.3833 ] } },
{ "type": "Feature", "properties": { "ID": 933090000625, "正式名称": "今泉歯科医院", "機関区分": 3, "都道府県コード": 9, "市区町村コード": 203, "所在地": "栃木県栃木市今泉町", "緯度": 36.383631, "経度": 139.746263, "url": "https://www.iryou.teikyouseido.mhlw.go.jp/znk-web/juminkanja/S2430/initialize?prefCd=09&kikanCd=3090000625&kikanKbn=3", "url2": "http://www.imaizumi-shika.com/", "内容": "今泉歯科医院【3:歯科】栃木県栃木市今泉町" }, "geometry": { "type": "Point", "coordinates": [ 139.746263, 36.383631 ] } },
{ "type": "Feature", "properties": { "ID": 933090000626, "正式名称": "井本歯科クリニック", "機関区分": 3, "都道府県コード": 9, "市区町村コード": 203, "所在地": "栃木県栃木市泉川町１０８－１　スプリングヴィレッジ１０１", "緯度": 36.388965, "経度": 139.712247, "url": "https://www.iryou.teikyouseido.mhlw.go.jp/znk-web/juminkanja/S2430/initialize?prefCd=09&kikanCd=3090000626&kikanKbn=3", "url2": null, "内容": "井本歯科クリニック【3:歯科】栃木県栃木市泉川町１０８－１　スプリングヴィレッジ１０１" }, "geometry": { "type": "Point", "coordinates": [ 139.712247, 36.388965 ] } },
{ "type": "Feature", "properties": { "ID": 933090000628, "正式名称": "医療法人大島歯科医院", "機関区分": 3, "都道府県コード": 9, "市区町村コード": 203, "所在地": "栃木県栃木市大町１－１０", "緯度": 36.391197, "経度": 139.734987, "url": "https://www.iryou.teikyouseido.mhlw.go.jp/znk-web/juminkanja/S2430/initialize?prefCd=09&kikanCd=3090000628&kikanKbn=3", "url2": "https://www.ooshima-shika.com/", "内容": "医療法人大島歯科医院【3:歯科】栃木県栃木市大町１－１０" }, "geometry": { "type": "Point", "coordinates": [ 139.734987, 36.391197 ] } },
{ "type": "Feature", "properties": { "ID": 933090000629, "正式名称": "植竹歯科医院", "機関区分": 3, "都道府県コード": 9, "市区町村コード": 203, "所在地": "栃木県栃木市惣社町８８９－３", "緯度": 36.405768, "経度": 139.77294, "url": "https://www.iryou.teikyouseido.mhlw.go.jp/znk-web/juminkanja/S2430/initialize?prefCd=09&kikanCd=3090000629&kikanKbn=3", "url2": "http://www.uetakeshika.jp/index.html", "内容": "植竹歯科医院【3:歯科】栃木県栃木市惣社町８８９－３" }, "geometry": { "type": "Point", "coordinates": [ 139.77294, 36.405768 ] } },
{ "type": "Feature", "properties": { "ID": 933090000630, "正式名称": "臼井歯科医院", "機関区分": 3, "都道府県コード": 9, "市区町村コード": 203, "所在地": "栃木県栃木市沼和田町１２－１４", "緯度": 36.369158, "経度": 139.732843, "url": "https://www.iryou.teikyouseido.mhlw.go.jp/znk-web/juminkanja/S2430/initialize?prefCd=09&kikanCd=3090000630&kikanKbn=3", "url2": "http://www.citydo.com/sp/0282-22-7770", "内容": "臼井歯科医院【3:歯科】栃木県栃木市沼和田町１２－１４" }, "geometry": { "type": "Point", "coordinates": [ 139.732843, 36.369158 ] } },
{ "type": "Feature", "properties": { "ID": 933090000632, "正式名称": "大澤歯科医院", "機関区分": 3, "都道府県コード": 9, "市区町村コード": 203, "所在地": "栃木県栃木市湊町１３－１１", "緯度": 36.379972, "経度": 139.731378, "url": "https://www.iryou.teikyouseido.mhlw.go.jp/znk-web/juminkanja/S2430/initialize?prefCd=09&kikanCd=3090000632&kikanKbn=3", "url2": "http://www.osawa-shikaiin.com/", "内容": "大澤歯科医院【3:歯科】栃木県栃木市湊町１３－１１" }, "geometry": { "type": "Point", "coordinates": [ 139.731378, 36.379972 ] } },
{ "type": "Feature", "properties": { "ID": 933090000636, "正式名称": "鎌田歯科医院", "機関区分": 3, "都道府県コード": 9, "市区町村コード": 203, "所在地": "栃木県栃木市万町２－１２", "緯度": 36.381336, "経度": 139.732897, "url": "https://www.iryou.teikyouseido.mhlw.go.jp/znk-web/juminkanja/S2430/initialize?prefCd=09&kikanCd=3090000636&kikanKbn=3", "url2": "http://www.kamata-dental.com/", "内容": "鎌田歯科医院【3:歯科】栃木県栃木市万町２－１２" }, "geometry": { "type": "Point", "coordinates": [ 139.732897, 36.381336 ] } },
{ "type": "Feature", "properties": { "ID": 933090000638, "正式名称": "蔵の街歯科医院", "機関区分": 3, "都道府県コード": 9, "市区町村コード": 203, "所在地": "栃木県栃木市片柳町２－２１－１１", "緯度": 36.371401, "経度": 139.722321, "url": "https://www.iryou.teikyouseido.mhlw.go.jp/znk-web/juminkanja/S2430/initialize?prefCd=09&kikanCd=3090000638&kikanKbn=3", "url2": "http://kuranomachi-dental.jp/", "内容": "蔵の街歯科医院【3:歯科】栃木県栃木市片柳町２－２１－１１" }, "geometry": { "type": "Point", "coordinates": [ 139.722321, 36.371401 ] } },
{ "type": "Feature", "properties": { "ID": 933090000639, "正式名称": "小暮歯科医院", "機関区分": 3, "都道府県コード": 9, "市区町村コード": 203, "所在地": "栃木県栃木市万町２９－１９", "緯度": 36.383348, "経度": 139.738296, "url": "https://www.iryou.teikyouseido.mhlw.go.jp/znk-web/juminkanja/S2430/initialize?prefCd=09&kikanCd=3090000639&kikanKbn=3", "url2": null, "内容": "小暮歯科医院【3:歯科】栃木県栃木市万町２９－１９" }, "geometry": { "type": "Point", "coordinates": [ 139.738296, 36.383348 ] } },
{ "type": "Feature", "properties": { "ID": 933090000640, "正式名称": "小平歯科医院", "機関区分": 3, "都道府県コード": 9, "市区町村コード": 203, "所在地": "栃木県栃木市野中町８５６番地１号", "緯度": 36.403605, "経度": 139.718612, "url": "https://www.iryou.teikyouseido.mhlw.go.jp/znk-web/juminkanja/S2430/initialize?prefCd=09&kikanCd=3090000640&kikanKbn=3", "url2": null, "内容": "小平歯科医院【3:歯科】栃木県栃木市野中町８５６番地１号" }, "geometry": { "type": "Point", "coordinates": [ 139.718612, 36.403605 ] } },
{ "type": "Feature", "properties": { "ID": 933090000641, "正式名称": "小堀歯科医院", "機関区分": 3, "都道府県コード": 9, "市区町村コード": 203, "所在地": "栃木県栃木市泉町１３－１８", "緯度": 36.387299, "経度": 139.735957, "url": "https://www.iryou.teikyouseido.mhlw.go.jp/znk-web/juminkanja/S2430/initialize?prefCd=09&kikanCd=3090000641&kikanKbn=3", "url2": "http://www.kobori-dc.com/", "内容": "小堀歯科医院【3:歯科】栃木県栃木市泉町１３－１８" }, "geometry": { "type": "Point", "coordinates": [ 139.735957, 36.387299 ] } },
{ "type": "Feature", "properties": { "ID": 933090000642, "正式名称": "坂本デンタルクリニック", "機関区分": 3, "都道府県コード": 9, "市区町村コード": 203, "所在地": "栃木県栃木市境町２２－１９", "緯度": 36.372073, "経度": 139.728154, "url": "https://www.iryou.teikyouseido.mhlw.go.jp/znk-web/juminkanja/S2430/initialize?prefCd=09&kikanCd=3090000642&kikanKbn=3", "url2": null, "内容": "坂本デンタルクリニック【3:歯科】栃木県栃木市境町２２－１９" }, "geometry": { "type": "Point", "coordinates": [ 139.728154, 36.372073 ] } },
{ "type": "Feature", "properties": { "ID": 933090000643, "正式名称": "佐藤歯科医院", "機関区分": 3, "都道府県コード": 9, "市区町村コード": 203, "所在地": "栃木県栃木市平柳町１－５－２４", "緯度": 36.38773, "経度": 139.739735, "url": "https://www.iryou.teikyouseido.mhlw.go.jp/znk-web/juminkanja/S2430/initialize?prefCd=09&kikanCd=3090000643&kikanKbn=3", "url2": null, "内容": "佐藤歯科医院【3:歯科】栃木県栃木市平柳町１－５－２４" }, "geometry": { "type": "Point", "coordinates": [ 139.739735, 36.38773 ] } },
{ "type": "Feature", "properties": { "ID": 933090000645, "正式名称": "四季の森デンタルクリニック", "機関区分": 3, "都道府県コード": 9, "市区町村コード": 203, "所在地": "栃木県栃木市国府町１２００－１７６", "緯度": 36.400805, "経度": 139.765753, "url": "https://www.iryou.teikyouseido.mhlw.go.jp/znk-web/juminkanja/S2430/initialize?prefCd=09&kikanCd=3090000645&kikanKbn=3", "url2": "http://www.shikinomori-dental.com", "内容": "四季の森デンタルクリニック【3:歯科】栃木県栃木市国府町１２００－１７６" }, "geometry": { "type": "Point", "coordinates": [ 139.765753, 36.400805 ] } },
{ "type": "Feature", "properties": { "ID": 933090000646, "正式名称": "島田歯科医院", "機関区分": 3, "都道府県コード": 9, "市区町村コード": 203, "所在地": "栃木県栃木市川原田町１６０９－１", "緯度": 36.406594, "経度": 139.738672, "url": "https://www.iryou.teikyouseido.mhlw.go.jp/znk-web/juminkanja/S2430/initialize?prefCd=09&kikanCd=3090000646&kikanKbn=3", "url2": null, "内容": "島田歯科医院【3:歯科】栃木県栃木市川原田町１６０９－１" }, "geometry": { "type": "Point", "coordinates": [ 139.738672, 36.406594 ] } },
{ "type": "Feature", "properties": { "ID": 933090000647, "正式名称": "須賀歯科医院", "機関区分": 3, "都道府県コード": 9, "市区町村コード": 203, "所在地": "栃木県栃木市倭町１１－１３", "緯度": 36.37917, "経度": 139.734458, "url": "https://www.iryou.teikyouseido.mhlw.go.jp/znk-web/juminkanja/S2430/initialize?prefCd=09&kikanCd=3090000647&kikanKbn=3", "url2": null, "内容": "須賀歯科医院【3:歯科】栃木県栃木市倭町１１－１３" }, "geometry": { "type": "Point", "coordinates": [ 139.734458, 36.37917 ] } },
{ "type": "Feature", "properties": { "ID": 933090000648, "正式名称": "すずき歯科医院", "機関区分": 3, "都道府県コード": 9, "市区町村コード": 203, "所在地": "栃木県栃木市川原田町３７０−９", "緯度": 36.398137, "経度": 139.731549, "url": "https://www.iryou.teikyouseido.mhlw.go.jp/znk-web/juminkanja/S2430/initialize?prefCd=09&kikanCd=3090000648&kikanKbn=3", "url2": null, "内容": "すずき歯科医院【3:歯科】栃木県栃木市川原田町３７０−９" }, "geometry": { "type": "Point", "coordinates": [ 139.731549, 36.398137 ] } },
{ "type": "Feature", "properties": { "ID": 933090000649, "正式名称": "関根歯科医院", "機関区分": 3, "都道府県コード": 9, "市区町村コード": 203, "所在地": "栃木県栃木市境町３−１６", "緯度": 36.374023, "経度": 139.731698, "url": "https://www.iryou.teikyouseido.mhlw.go.jp/znk-web/juminkanja/S2430/initialize?prefCd=09&kikanCd=3090000649&kikanKbn=3", "url2": "http://sekineshika1927.com", "内容": "関根歯科医院【3:歯科】栃木県栃木市境町３−１６" }, "geometry": { "type": "Point", "coordinates": [ 139.731698, 36.374023 ] } },
{ "type": "Feature", "properties": { "ID": 933090000650, "正式名称": "添野歯科医院", "機関区分": 3, "都道府県コード": 9, "市区町村コード": 203, "所在地": "栃木県栃木市片柳町１－１８－７", "緯度": 36.374432, "経度": 139.723343, "url": "https://www.iryou.teikyouseido.mhlw.go.jp/znk-web/juminkanja/S2430/initialize?prefCd=09&kikanCd=3090000650&kikanKbn=3", "url2": "http://soeno-shika.com", "内容": "添野歯科医院【3:歯科】栃木県栃木市片柳町１－１８－７" }, "geometry": { "type": "Point", "coordinates": [ 139.723343, 36.374432 ] } },
{ "type": "Feature", "properties": { "ID": 933090000651, "正式名称": "添野歯科クリニック", "機関区分": 3, "都道府県コード": 9, "市区町村コード": 203, "所在地": "栃木県栃木市泉町４ー２", "緯度": 36.385034, "経度": 139.734869, "url": "https://www.iryou.teikyouseido.mhlw.go.jp/znk-web/juminkanja/S2430/initialize?prefCd=09&kikanCd=3090000651&kikanKbn=3", "url2": "http://www.soeno-dc.com", "内容": "添野歯科クリニック【3:歯科】栃木県栃木市泉町４ー２" }, "geometry": { "type": "Point", "coordinates": [ 139.734869, 36.385034 ] } },
{ "type": "Feature", "properties": { "ID": 933090000652, "正式名称": "田村歯科医院", "機関区分": 3, "都道府県コード": 9, "市区町村コード": 203, "所在地": "栃木県栃木市万町２６ー１８", "緯度": 36.381673, "経度": 139.737294, "url": "https://www.iryou.teikyouseido.mhlw.go.jp/znk-web/juminkanja/S2430/initialize?prefCd=09&kikanCd=3090000652&kikanKbn=3", "url2": null, "内容": "田村歯科医院【3:歯科】栃木県栃木市万町２６ー１８" }, "geometry": { "type": "Point", "coordinates": [ 139.737294, 36.381673 ] } },
{ "type": "Feature", "properties": { "ID": 933090000654, "正式名称": "西沢歯科医院", "機関区分": 3, "都道府県コード": 9, "市区町村コード": 203, "所在地": "栃木県栃木市倭町６－２０", "緯度": 36.378895, "経度": 139.733181, "url": "https://www.iryou.teikyouseido.mhlw.go.jp/znk-web/juminkanja/S2430/initialize?prefCd=09&kikanCd=3090000654&kikanKbn=3", "url2": "http://www.nishizawa-dc.com", "内容": "西沢歯科医院【3:歯科】栃木県栃木市倭町６－２０" }, "geometry": { "type": "Point", "coordinates": [ 139.733181, 36.378895 ] } },
{ "type": "Feature", "properties": { "ID": 933090000655, "正式名称": "根本歯科医院", "機関区分": 3, "都道府県コード": 9, "市区町村コード": 203, "所在地": "栃木県栃木市大宮町２１３６", "緯度": 36.400589, "経度": 139.754594, "url": "https://www.iryou.teikyouseido.mhlw.go.jp/znk-web/juminkanja/S2430/initialize?prefCd=09&kikanCd=3090000655&kikanKbn=3", "url2": null, "内容": "根本歯科医院【3:歯科】栃木県栃木市大宮町２１３６" }, "geometry": { "type": "Point", "coordinates": [ 139.754594, 36.400589 ] } },
{ "type": "Feature", "properties": { "ID": 933090000656, "正式名称": "野尻歯科医院", "機関区分": 3, "都道府県コード": 9, "市区町村コード": 203, "所在地": "栃木県栃木市小平町１０－１３", "緯度": 36.387921, "経度": 139.726636, "url": "https://www.iryou.teikyouseido.mhlw.go.jp/znk-web/juminkanja/S2430/initialize?prefCd=09&kikanCd=3090000656&kikanKbn=3", "url2": null, "内容": "野尻歯科医院【3:歯科】栃木県栃木市小平町１０－１３" }, "geometry": { "type": "Point", "coordinates": [ 139.726636, 36.387921 ] } },
{ "type": "Feature", "properties": { "ID": 933090000657, "正式名称": "野尻歯科クリニック", "機関区分": 3, "都道府県コード": 9, "市区町村コード": 203, "所在地": "栃木県栃木市野中町１０２３", "緯度": 36.403743, "経度": 139.713968, "url": "https://www.iryou.teikyouseido.mhlw.go.jp/znk-web/juminkanja/S2430/initialize?prefCd=09&kikanCd=3090000657&kikanKbn=3", "url2": null, "内容": "野尻歯科クリニック【3:歯科】栃木県栃木市野中町１０２３" }, "geometry": { "type": "Point", "coordinates": [ 139.713968, 36.403743 ] } },
{ "type": "Feature", "properties": { "ID": 933090000658, "正式名称": "医療法人　早川歯科医院", "機関区分": 3, "都道府県コード": 9, "市区町村コード": 203, "所在地": "栃木県栃木市城内町２－６－１４", "緯度": 36.374143, "経度": 139.745228, "url": "https://www.iryou.teikyouseido.mhlw.go.jp/znk-web/juminkanja/S2430/initialize?prefCd=09&kikanCd=3090000658&kikanKbn=3", "url2": "http://www.hayakawa.or.jp", "内容": "医療法人　早川歯科医院【3:歯科】栃木県栃木市城内町２－６－１４" }, "geometry": { "type": "Point", "coordinates": [ 139.745228, 36.374143 ] } },
{ "type": "Feature", "properties": { "ID": 933090000659, "正式名称": "林歯科クリニック", "機関区分": 3, "都道府県コード": 9, "市区町村コード": 203, "所在地": "栃木県栃木市平柳町１－２３－２２", "緯度": 36.391455, "経度": 139.740187, "url": "https://www.iryou.teikyouseido.mhlw.go.jp/znk-web/juminkanja/S2430/initialize?prefCd=09&kikanCd=3090000659&kikanKbn=3", "url2": null, "内容": "林歯科クリニック【3:歯科】栃木県栃木市平柳町１－２３－２２" }, "geometry": { "type": "Point", "coordinates": [ 139.740187, 36.391455 ] } },
{ "type": "Feature", "properties": { "ID": 933090000660, "正式名称": "医療法人　福富歯科医院", "機関区分": 3, "都道府県コード": 9, "市区町村コード": 203, "所在地": "栃木県栃木市樋ノ口町３９６－２４", "緯度": 36.363398, "経度": 139.754619, "url": "https://www.iryou.teikyouseido.mhlw.go.jp/znk-web/juminkanja/S2430/initialize?prefCd=09&kikanCd=3090000660&kikanKbn=3", "url2": "http://www.fukutomikokoro.com", "内容": "医療法人　福富歯科医院【3:歯科】栃木県栃木市樋ノ口町３９６－２４" }, "geometry": { "type": "Point", "coordinates": [ 139.754619, 36.363398 ] } },
{ "type": "Feature", "properties": { "ID": 933090000661, "正式名称": "前橋歯科医院", "機関区分": 3, "都道府県コード": 9, "市区町村コード": 203, "所在地": "栃木県栃木市薗部町２－３－３", "緯度": 36.375709, "経度": 139.718858, "url": "https://www.iryou.teikyouseido.mhlw.go.jp/znk-web/juminkanja/S2430/initialize?prefCd=09&kikanCd=3090000661&kikanKbn=3", "url2": "http://maebasisika.jimdo.com/", "内容": "前橋歯科医院【3:歯科】栃木県栃木市薗部町２－３－３" }, "geometry": { "type": "Point", "coordinates": [ 139.718858, 36.375709 ] } },
{ "type": "Feature", "properties": { "ID": 933090000662, "正式名称": "増山歯科医院", "機関区分": 3, "都道府県コード": 9, "市区町村コード": 203, "所在地": "栃木県栃木市片柳町１－１０－１３", "緯度": 36.372584, "経度": 139.718172, "url": "https://www.iryou.teikyouseido.mhlw.go.jp/znk-web/juminkanja/S2430/initialize?prefCd=09&kikanCd=3090000662&kikanKbn=3", "url2": null, "内容": "増山歯科医院【3:歯科】栃木県栃木市片柳町１－１０－１３" }, "geometry": { "type": "Point", "coordinates": [ 139.718172, 36.372584 ] } },
{ "type": "Feature", "properties": { "ID": 933090000663, "正式名称": "まつもと歯科医院", "機関区分": 3, "都道府県コード": 9, "市区町村コード": 203, "所在地": "栃木県栃木市城内町２－６－１８", "緯度": 36.373332, "経度": 139.745322, "url": "https://www.iryou.teikyouseido.mhlw.go.jp/znk-web/juminkanja/S2430/initialize?prefCd=09&kikanCd=3090000663&kikanKbn=3", "url2": null, "内容": "まつもと歯科医院【3:歯科】栃木県栃木市城内町２－６－１８" }, "geometry": { "type": "Point", "coordinates": [ 139.745322, 36.373332 ] } },
{ "type": "Feature", "properties": { "ID": 933090000665, "正式名称": "メルシー歯科クリニック", "機関区分": 3, "都道府県コード": 9, "市区町村コード": 203, "所在地": "栃木県栃木市沼和田町１０－１７", "緯度": 36.368583, "経度": 139.729299, "url": "https://www.iryou.teikyouseido.mhlw.go.jp/znk-web/juminkanja/S2430/initialize?prefCd=09&kikanCd=3090000665&kikanKbn=3", "url2": null, "内容": "メルシー歯科クリニック【3:歯科】栃木県栃木市沼和田町１０－１７" }, "geometry": { "type": "Point", "coordinates": [ 139.729299, 36.368583 ] } },
{ "type": "Feature", "properties": { "ID": 933090000667, "正式名称": "山井歯科医院", "機関区分": 3, "都道府県コード": 9, "市区町村コード": 203, "所在地": "栃木県栃木市箱森町", "緯度": 36.387229, "経度": 139.718774, "url": "https://www.iryou.teikyouseido.mhlw.go.jp/znk-web/juminkanja/S2430/initialize?prefCd=09&kikanCd=3090000667&kikanKbn=3", "url2": null, "内容": "山井歯科医院【3:歯科】栃木県栃木市箱森町" }, "geometry": { "type": "Point", "coordinates": [ 139.718774, 36.387229 ] } },
{ "type": "Feature", "properties": { "ID": 933090000668, "正式名称": "横倉歯科クリニック", "機関区分": 3, "都道府県コード": 9, "市区町村コード": 203, "所在地": "栃木県栃木市錦町７－４６", "緯度": 36.386034, "経度": 139.730419, "url": "https://www.iryou.teikyouseido.mhlw.go.jp/znk-web/juminkanja/S2430/initialize?prefCd=09&kikanCd=3090000668&kikanKbn=3", "url2": null, "内容": "横倉歯科クリニック【3:歯科】栃木県栃木市錦町７－４６" }, "geometry": { "type": "Point", "coordinates": [ 139.730419, 36.386034 ] } },
{ "type": "Feature", "properties": { "ID": 933090000669, "正式名称": "渡辺歯科クリニック", "機関区分": 3, "都道府県コード": 9, "市区町村コード": 203, "所在地": "栃木県栃木市万町２９－２１", "緯度": 36.383506, "経度": 139.737633, "url": "https://www.iryou.teikyouseido.mhlw.go.jp/znk-web/juminkanja/S2430/initialize?prefCd=09&kikanCd=3090000669&kikanKbn=3", "url2": null, "内容": "渡辺歯科クリニック【3:歯科】栃木県栃木市万町２９－２１" }, "geometry": { "type": "Point", "coordinates": [ 139.737633, 36.383506 ] } },
{ "type": "Feature", "properties": { "ID": 933090000671, "正式名称": "あいだ歯科", "機関区分": 3, "都道府県コード": 9, "市区町村コード": 208, "所在地": "栃木県小山市東城南３－３－３２", "緯度": 36.294008, "経度": 139.814879, "url": "https://www.iryou.teikyouseido.mhlw.go.jp/znk-web/juminkanja/S2430/initialize?prefCd=09&kikanCd=3090000671&kikanKbn=3", "url2": "http://www.aida-dental.com", "内容": "あいだ歯科【3:歯科】栃木県小山市東城南３－３－３２" }, "geometry": { "type": "Point", "coordinates": [ 139.814879, 36.294008 ] } },
{ "type": "Feature", "properties": { "ID": 933090000672, "正式名称": "あおぞら歯科", "機関区分": 3, "都道府県コード": 9, "市区町村コード": 208, "所在地": "栃木県小山市城北６－８－８", "緯度": 36.321143, "経度": 139.817515, "url": "https://www.iryou.teikyouseido.mhlw.go.jp/znk-web/juminkanja/S2430/initialize?prefCd=09&kikanCd=3090000672&kikanKbn=3", "url2": null, "内容": "あおぞら歯科【3:歯科】栃木県小山市城北６－８－８" }, "geometry": { "type": "Point", "coordinates": [ 139.817515, 36.321143 ] } },
{ "type": "Feature", "properties": { "ID": 933090000673, "正式名称": "あさひ歯科クリニック", "機関区分": 3, "都道府県コード": 9, "市区町村コード": 208, "所在地": "栃木県小山市暁１ー１２ー１３", "緯度": 36.261016, "経度": 139.764127, "url": "https://www.iryou.teikyouseido.mhlw.go.jp/znk-web/juminkanja/S2430/initialize?prefCd=09&kikanCd=3090000673&kikanKbn=3", "url2": "http://www.asahi-dc.net/", "内容": "あさひ歯科クリニック【3:歯科】栃木県小山市暁１ー１２ー１３" }, "geometry": { "type": "Point", "coordinates": [ 139.764127, 36.261016 ] } },
{ "type": "Feature", "properties": { "ID": 933090000674, "正式名称": "医療法人医心会　小豆畑歯科医院", "機関区分": 3, "都道府県コード": 9, "市区町村コード": 208, "所在地": "栃木県小山市間々田１１３８", "緯度": 36.263735, "経度": 139.763399, "url": "https://www.iryou.teikyouseido.mhlw.go.jp/znk-web/juminkanja/S2430/initialize?prefCd=09&kikanCd=3090000674&kikanKbn=3", "url2": "https://www.azuhata-shika.com/", "内容": "医療法人医心会　小豆畑歯科医院【3:歯科】栃木県小山市間々田１１３８" }, "geometry": { "type": "Point", "coordinates": [ 139.763399, 36.263735 ] } },
{ "type": "Feature", "properties": { "ID": 933090000675, "正式名称": "石川歯科医院", "機関区分": 3, "都道府県コード": 9, "市区町村コード": 208, "所在地": "栃木県小山市駅東通り１ー２９－１２", "緯度": 36.307712, "経度": 139.810932, "url": "https://www.iryou.teikyouseido.mhlw.go.jp/znk-web/juminkanja/S2430/initialize?prefCd=09&kikanCd=3090000675&kikanKbn=3", "url2": null, "内容": "石川歯科医院【3:歯科】栃木県小山市駅東通り１ー２９－１２" }, "geometry": { "type": "Point", "coordinates": [ 139.810932, 36.307712 ] } },
{ "type": "Feature", "properties": { "ID": 933090000676, "正式名称": "井上歯科医院", "機関区分": 3, "都道府県コード": 9, "市区町村コード": 208, "所在地": "栃木県小山市駅南町", "緯度": 36.303099, "経度": 139.816846, "url": "https://www.iryou.teikyouseido.mhlw.go.jp/znk-web/juminkanja/S2430/initialize?prefCd=09&kikanCd=3090000676&kikanKbn=3", "url2": null, "内容": "井上歯科医院【3:歯科】栃木県小山市駅南町" }, "geometry": { "type": "Point", "coordinates": [ 139.816846, 36.303099 ] } },
{ "type": "Feature", "properties": { "ID": 933090000677, "正式名称": "入江歯科医院", "機関区分": 3, "都道府県コード": 9, "市区町村コード": 208, "所在地": "栃木県小山市犬塚７３２", "緯度": 36.310749, "経度": 139.837283, "url": "https://www.iryou.teikyouseido.mhlw.go.jp/znk-web/juminkanja/S2430/initialize?prefCd=09&kikanCd=3090000677&kikanKbn=3", "url2": null, "内容": "入江歯科医院【3:歯科】栃木県小山市犬塚７３２" }, "geometry": { "type": "Point", "coordinates": [ 139.837283, 36.310749 ] } },
{ "type": "Feature", "properties": { "ID": 933090000678, "正式名称": "医療法人社団渓泉会さかもと歯科医院", "機関区分": 3, "都道府県コード": 9, "市区町村コード": 208, "所在地": "栃木県小山市喜沢４３６ー４", "緯度": 36.336817, "経度": 139.825856, "url": "https://www.iryou.teikyouseido.mhlw.go.jp/znk-web/juminkanja/S2430/initialize?prefCd=09&kikanCd=3090000678&kikanKbn=3", "url2": null, "内容": "医療法人社団渓泉会さかもと歯科医院【3:歯科】栃木県小山市喜沢４３６ー４" }, "geometry": { "type": "Point", "coordinates": [ 139.825856, 36.336817 ] } },
{ "type": "Feature", "properties": { "ID": 933090000679, "正式名称": "岩井歯科クリニック", "機関区分": 3, "都道府県コード": 9, "市区町村コード": 208, "所在地": "栃木県小山市稲葉郷６７－２７", "緯度": 36.329004, "経度": 139.820576, "url": "https://www.iryou.teikyouseido.mhlw.go.jp/znk-web/juminkanja/S2430/initialize?prefCd=09&kikanCd=3090000679&kikanKbn=3", "url2": null, "内容": "岩井歯科クリニック【3:歯科】栃木県小山市稲葉郷６７－２７" }, "geometry": { "type": "Point", "coordinates": [ 139.820576, 36.329004 ] } },
{ "type": "Feature", "properties": { "ID": 933090000680, "正式名称": "岩崎歯科クリニック", "機関区分": 3, "都道府県コード": 9, "市区町村コード": 208, "所在地": "栃木県小山市花垣町１－５－３３", "緯度": 36.322387, "経度": 139.805013, "url": "https://www.iryou.teikyouseido.mhlw.go.jp/znk-web/juminkanja/S2430/initialize?prefCd=09&kikanCd=3090000680&kikanKbn=3", "url2": null, "内容": "岩崎歯科クリニック【3:歯科】栃木県小山市花垣町１－５－３３" }, "geometry": { "type": "Point", "coordinates": [ 139.805013, 36.322387 ] } },
{ "type": "Feature", "properties": { "ID": 933090000681, "正式名称": "大友歯科医院", "機関区分": 3, "都道府県コード": 9, "市区町村コード": 208, "所在地": "栃木県小山市粟宮１－４－１", "緯度": 36.294238, "経度": 139.788876, "url": "https://www.iryou.teikyouseido.mhlw.go.jp/znk-web/juminkanja/S2430/initialize?prefCd=09&kikanCd=3090000681&kikanKbn=3", "url2": null, "内容": "大友歯科医院【3:歯科】栃木県小山市粟宮１－４－１" }, "geometry": { "type": "Point", "coordinates": [ 139.788876, 36.294238 ] } },
{ "type": "Feature", "properties": { "ID": 933090000682, "正式名称": "大橋歯科医院", "機関区分": 3, "都道府県コード": 9, "市区町村コード": 208, "所在地": "栃木県小山市城山町", "緯度": 36.315191, "経度": 139.803338, "url": "https://www.iryou.teikyouseido.mhlw.go.jp/znk-web/juminkanja/S2430/initialize?prefCd=09&kikanCd=3090000682&kikanKbn=3", "url2": null, "内容": "大橋歯科医院【3:歯科】栃木県小山市城山町" }, "geometry": { "type": "Point", "coordinates": [ 139.803338, 36.315191 ] } },
{ "type": "Feature", "properties": { "ID": 933090000683, "正式名称": "大森歯科医院", "機関区分": 3, "都道府県コード": 9, "市区町村コード": 208, "所在地": "栃木県小山市大行寺１０６６－１", "緯度": 36.318093, "経度": 139.7933, "url": "https://www.iryou.teikyouseido.mhlw.go.jp/znk-web/juminkanja/S2430/initialize?prefCd=09&kikanCd=3090000683&kikanKbn=3", "url2": null, "内容": "大森歯科医院【3:歯科】栃木県小山市大行寺１０６６－１" }, "geometry": { "type": "Point", "coordinates": [ 139.7933, 36.318093 ] } },
{ "type": "Feature", "properties": { "ID": 933090000686, "正式名称": "医療法人オキナ会　オキナ歯科医院", "機関区分": 3, "都道府県コード": 9, "市区町村コード": 208, "所在地": "栃木県小山市駅東通り２－９－１", "緯度": 36.31638, "経度": 139.810165, "url": "https://www.iryou.teikyouseido.mhlw.go.jp/znk-web/juminkanja/S2430/initialize?prefCd=09&kikanCd=3090000686&kikanKbn=3", "url2": null, "内容": "医療法人オキナ会　オキナ歯科医院【3:歯科】栃木県小山市駅東通り２－９－１" }, "geometry": { "type": "Point", "coordinates": [ 139.810165, 36.31638 ] } },
{ "type": "Feature", "properties": { "ID": 933090000687, "正式名称": "荻原歯科医院", "機関区分": 3, "都道府県コード": 9, "市区町村コード": 208, "所在地": "栃木県小山市２丁目１９番４号", "緯度": 36.314225, "経度": 139.815818, "url": "https://www.iryou.teikyouseido.mhlw.go.jp/znk-web/juminkanja/S2430/initialize?prefCd=09&kikanCd=3090000687&kikanKbn=3", "url2": null, "内容": "荻原歯科医院【3:歯科】栃木県小山市２丁目１９番４号" }, "geometry": { "type": "Point", "coordinates": [ 139.815818, 36.314225 ] } },
{ "type": "Feature", "properties": { "ID": 933090000688, "正式名称": "荻原歯科クリニック", "機関区分": 3, "都道府県コード": 9, "市区町村コード": 208, "所在地": "栃木県小山市間々田１１５", "緯度": 36.258025, "経度": 139.776938, "url": "https://www.iryou.teikyouseido.mhlw.go.jp/znk-web/juminkanja/S2430/initialize?prefCd=09&kikanCd=3090000688&kikanKbn=3", "url2": null, "内容": "荻原歯科クリニック【3:歯科】栃木県小山市間々田１１５" }, "geometry": { "type": "Point", "coordinates": [ 139.776938, 36.258025 ] } },
{ "type": "Feature", "properties": { "ID": 933090000689, "正式名称": "医療法人　正優会　小山歯科クリニック", "機関区分": 3, "都道府県コード": 9, "市区町村コード": 208, "所在地": "栃木県小山市雨ケ谷１１９", "緯度": 36.285106, "経度": 139.808814, "url": "https://www.iryou.teikyouseido.mhlw.go.jp/znk-web/juminkanja/S2430/initialize?prefCd=09&kikanCd=3090000689&kikanKbn=3", "url2": "http://www.oyama-dc.com", "内容": "医療法人　正優会　小山歯科クリニック【3:歯科】栃木県小山市雨ケ谷１１９" }, "geometry": { "type": "Point", "coordinates": [ 139.808814, 36.285106 ] } },
{ "type": "Feature", "properties": { "ID": 933090000690, "正式名称": "海星歯科クリニック", "機関区分": 3, "都道府県コード": 9, "市区町村コード": 208, "所在地": "栃木県小山市出井７５９－２３", "緯度": 36.330894, "経度": 139.842863, "url": "https://www.iryou.teikyouseido.mhlw.go.jp/znk-web/juminkanja/S2430/initialize?prefCd=09&kikanCd=3090000690&kikanKbn=3", "url2": "http://www.kaisei-dental.com/", "内容": "海星歯科クリニック【3:歯科】栃木県小山市出井７５９－２３" }, "geometry": { "type": "Point", "coordinates": [ 139.842863, 36.330894 ] } },
{ "type": "Feature", "properties": { "ID": 933090000692, "正式名称": "覚本歯科医院", "機関区分": 3, "都道府県コード": 9, "市区町村コード": 208, "所在地": "栃木県小山市駅南町３－２６－１８", "緯度": 36.303286, "経度": 139.809511, "url": "https://www.iryou.teikyouseido.mhlw.go.jp/znk-web/juminkanja/S2430/initialize?prefCd=09&kikanCd=3090000692&kikanKbn=3", "url2": "https://www.kakumotoshika.com/", "内容": "覚本歯科医院【3:歯科】栃木県小山市駅南町３－２６－１８" }, "geometry": { "type": "Point", "coordinates": [ 139.809511, 36.303286 ] } },
{ "type": "Feature", "properties": { "ID": 933090000695, "正式名称": "川中子歯科医院", "機関区分": 3, "都道府県コード": 9, "市区町村コード": 208, "所在地": "栃木県小山市高椅５５６－３", "緯度": 36.335087, "経度": 139.88975, "url": "https://www.iryou.teikyouseido.mhlw.go.jp/znk-web/juminkanja/S2430/initialize?prefCd=09&kikanCd=3090000695&kikanKbn=3", "url2": null, "内容": "川中子歯科医院【3:歯科】栃木県小山市高椅５５６－３" }, "geometry": { "type": "Point", "coordinates": [ 139.88975, 36.335087 ] } },
{ "type": "Feature", "properties": { "ID": 933090000696, "正式名称": "くまくぼ歯科医院", "機関区分": 3, "都道府県コード": 9, "市区町村コード": 208, "所在地": "栃木県小山市花垣町２－１０－２２", "緯度": 36.324926, "経度": 139.809207, "url": "https://www.iryou.teikyouseido.mhlw.go.jp/znk-web/juminkanja/S2430/initialize?prefCd=09&kikanCd=3090000696&kikanKbn=3", "url2": null, "内容": "くまくぼ歯科医院【3:歯科】栃木県小山市花垣町２－１０－２２" }, "geometry": { "type": "Point", "coordinates": [ 139.809207, 36.324926 ] } },
{ "type": "Feature", "properties": { "ID": 933090000697, "正式名称": "クロス歯科医院", "機関区分": 3, "都道府県コード": 9, "市区町村コード": 208, "所在地": "栃木県小山市南小林６５１－１", "緯度": 36.324791, "経度": 139.739722, "url": "https://www.iryou.teikyouseido.mhlw.go.jp/znk-web/juminkanja/S2430/initialize?prefCd=09&kikanCd=3090000697&kikanKbn=3", "url2": null, "内容": "クロス歯科医院【3:歯科】栃木県小山市南小林６５１－１" }, "geometry": { "type": "Point", "coordinates": [ 139.739722, 36.324791 ] } },
{ "type": "Feature", "properties": { "ID": 933090000699, "正式名称": "医療法人　慶野歯科医院", "機関区分": 3, "都道府県コード": 9, "市区町村コード": 208, "所在地": "栃木県小山市神鳥谷", "緯度": 36.298587, "経度": 139.791865, "url": "https://www.iryou.teikyouseido.mhlw.go.jp/znk-web/juminkanja/S2430/initialize?prefCd=09&kikanCd=3090000699&kikanKbn=3", "url2": "https://www.keino-dental.com", "内容": "医療法人　慶野歯科医院【3:歯科】栃木県小山市神鳥谷" }, "geometry": { "type": "Point", "coordinates": [ 139.791865, 36.298587 ] } },
{ "type": "Feature", "properties": { "ID": 933090000700, "正式名称": "小林歯科医院", "機関区分": 3, "都道府県コード": 9, "市区町村コード": 208, "所在地": "栃木県小山市天神町１－５－１３", "緯度": 36.306869, "経度": 139.798047, "url": "https://www.iryou.teikyouseido.mhlw.go.jp/znk-web/juminkanja/S2430/initialize?prefCd=09&kikanCd=3090000700&kikanKbn=3", "url2": null, "内容": "小林歯科医院【3:歯科】栃木県小山市天神町１－５－１３" }, "geometry": { "type": "Point", "coordinates": [ 139.798047, 36.306869 ] } },
{ "type": "Feature", "properties": { "ID": 933090000702, "正式名称": "さいとう歯科医院", "機関区分": 3, "都道府県コード": 9, "市区町村コード": 208, "所在地": "栃木県小山市松沼８９６－２", "緯度": 36.348584, "経度": 139.775638, "url": "https://www.iryou.teikyouseido.mhlw.go.jp/znk-web/juminkanja/S2430/initialize?prefCd=09&kikanCd=3090000702&kikanKbn=3", "url2": null, "内容": "さいとう歯科医院【3:歯科】栃木県小山市松沼８９６－２" }, "geometry": { "type": "Point", "coordinates": [ 139.775638, 36.348584 ] } },
{ "type": "Feature", "properties": { "ID": 933090000703, "正式名称": "斉藤歯科クリニック", "機関区分": 3, "都道府県コード": 9, "市区町村コード": 208, "所在地": "栃木県小山市駅南町", "緯度": 36.30502, "経度": 139.808152, "url": "https://www.iryou.teikyouseido.mhlw.go.jp/znk-web/juminkanja/S2430/initialize?prefCd=09&kikanCd=3090000703&kikanKbn=3", "url2": null, "内容": "斉藤歯科クリニック【3:歯科】栃木県小山市駅南町" }, "geometry": { "type": "Point", "coordinates": [ 139.808152, 36.30502 ] } },
{ "type": "Feature", "properties": { "ID": 933090000704, "正式名称": "城東内海歯科医院", "機関区分": 3, "都道府県コード": 9, "市区町村コード": 208, "所在地": "栃木県小山市城東６－１－４５", "緯度": 36.309331, "経度": 139.817979, "url": "https://www.iryou.teikyouseido.mhlw.go.jp/znk-web/juminkanja/S2430/initialize?prefCd=09&kikanCd=3090000704&kikanKbn=3", "url2": "http://uchiumidental.jp/", "内容": "城東内海歯科医院【3:歯科】栃木県小山市城東６－１－４５" }, "geometry": { "type": "Point", "coordinates": [ 139.817979, 36.309331 ] } },
{ "type": "Feature", "properties": { "ID": 933090000705, "正式名称": "医療法人城南やぎ歯科医院", "機関区分": 3, "都道府県コード": 9, "市区町村コード": 208, "所在地": "栃木県小山市東城南１－６－７", "緯度": 36.297449, "経度": 139.812666, "url": "https://www.iryou.teikyouseido.mhlw.go.jp/znk-web/juminkanja/S2430/initialize?prefCd=09&kikanCd=3090000705&kikanKbn=3", "url2": "https://jyounanyagisika.business.site", "内容": "医療法人城南やぎ歯科医院【3:歯科】栃木県小山市東城南１－６－７" }, "geometry": { "type": "Point", "coordinates": [ 139.812666, 36.297449 ] } },
{ "type": "Feature", "properties": { "ID": 933090000706, "正式名称": "医療法人　社団悠徳会　城北歯科医院", "機関区分": 3, "都道府県コード": 9, "市区町村コード": 208, "所在地": "栃木県小山市城北２ー１４ー７", "緯度": 36.32686, "経度": 139.817882, "url": "https://www.iryou.teikyouseido.mhlw.go.jp/znk-web/juminkanja/S2430/initialize?prefCd=09&kikanCd=3090000706&kikanKbn=3", "url2": null, "内容": "医療法人　社団悠徳会　城北歯科医院【3:歯科】栃木県小山市城北２ー１４ー７" }, "geometry": { "type": "Point", "coordinates": [ 139.817882, 36.32686 ] } },
{ "type": "Feature", "properties": { "ID": 933090000708, "正式名称": "関口歯科医院", "機関区分": 3, "都道府県コード": 9, "市区町村コード": 208, "所在地": "栃木県小山市横倉新田２８５－２６", "緯度": 36.279965, "経度": 139.824982, "url": "https://www.iryou.teikyouseido.mhlw.go.jp/znk-web/juminkanja/S2430/initialize?prefCd=09&kikanCd=3090000708&kikanKbn=3", "url2": null, "内容": "関口歯科医院【3:歯科】栃木県小山市横倉新田２８５－２６" }, "geometry": { "type": "Point", "coordinates": [ 139.824982, 36.279965 ] } },
{ "type": "Feature", "properties": { "ID": 933090000709, "正式名称": "武沢歯科医院", "機関区分": 3, "都道府県コード": 9, "市区町村コード": 208, "所在地": "栃木県小山市暁３−６−１", "緯度": 36.254952, "経度": 139.759745, "url": "https://www.iryou.teikyouseido.mhlw.go.jp/znk-web/juminkanja/S2430/initialize?prefCd=09&kikanCd=3090000709&kikanKbn=3", "url2": null, "内容": "武沢歯科医院【3:歯科】栃木県小山市暁３−６−１" }, "geometry": { "type": "Point", "coordinates": [ 139.759745, 36.254952 ] } },
{ "type": "Feature", "properties": { "ID": 933090000711, "正式名称": "たての歯科医院", "機関区分": 3, "都道府県コード": 9, "市区町村コード": 208, "所在地": "栃木県小山市間々田１２６７", "緯度": 36.269513, "経度": 139.767985, "url": "https://www.iryou.teikyouseido.mhlw.go.jp/znk-web/juminkanja/S2430/initialize?prefCd=09&kikanCd=3090000711&kikanKbn=3", "url2": null, "内容": "たての歯科医院【3:歯科】栃木県小山市間々田１２６７" }, "geometry": { "type": "Point", "coordinates": [ 139.767985, 36.269513 ] } },
{ "type": "Feature", "properties": { "ID": 933090000712, "正式名称": "たなか歯科", "機関区分": 3, "都道府県コード": 9, "市区町村コード": 208, "所在地": "栃木県小山市駅東通り２－１７－２０", "緯度": 36.312555, "経度": 139.809216, "url": "https://www.iryou.teikyouseido.mhlw.go.jp/znk-web/juminkanja/S2430/initialize?prefCd=09&kikanCd=3090000712&kikanKbn=3", "url2": null, "内容": "たなか歯科【3:歯科】栃木県小山市駅東通り２－１７－２０" }, "geometry": { "type": "Point", "coordinates": [ 139.809216, 36.312555 ] } },
{ "type": "Feature", "properties": { "ID": 933090000713, "正式名称": "田中歯科医院", "機関区分": 3, "都道府県コード": 9, "市区町村コード": 208, "所在地": "栃木県小山市喜沢１８９－６", "緯度": 36.333806, "経度": 139.815835, "url": "https://www.iryou.teikyouseido.mhlw.go.jp/znk-web/juminkanja/S2430/initialize?prefCd=09&kikanCd=3090000713&kikanKbn=3", "url2": null, "内容": "田中歯科医院【3:歯科】栃木県小山市喜沢１８９－６" }, "geometry": { "type": "Point", "coordinates": [ 139.815835, 36.333806 ] } },
{ "type": "Feature", "properties": { "ID": 933090000714, "正式名称": "たむら歯科医院", "機関区分": 3, "都道府県コード": 9, "市区町村コード": 208, "所在地": "栃木県小山市中久喜１－４－１２", "緯度": 36.318918, "経度": 139.836044, "url": "https://www.iryou.teikyouseido.mhlw.go.jp/znk-web/juminkanja/S2430/initialize?prefCd=09&kikanCd=3090000714&kikanKbn=3", "url2": null, "内容": "たむら歯科医院【3:歯科】栃木県小山市中久喜１－４－１２" }, "geometry": { "type": "Point", "coordinates": [ 139.836044, 36.318918 ] } },
{ "type": "Feature", "properties": { "ID": 933090000715, "正式名称": "田村歯科医院", "機関区分": 3, "都道府県コード": 9, "市区町村コード": 208, "所在地": "栃木県小山市若木町１‐１９‐２", "緯度": 36.327749, "経度": 139.804974, "url": "https://www.iryou.teikyouseido.mhlw.go.jp/znk-web/juminkanja/S2430/initialize?prefCd=09&kikanCd=3090000715&kikanKbn=3", "url2": "http://tamura-d.net/", "内容": "田村歯科医院【3:歯科】栃木県小山市若木町１‐１９‐２" }, "geometry": { "type": "Point", "coordinates": [ 139.804974, 36.327749 ] } },
{ "type": "Feature", "properties": { "ID": 933090000716, "正式名称": "丹野歯科医院", "機関区分": 3, "都道府県コード": 9, "市区町村コード": 208, "所在地": "栃木県小山市宮本町３－８－２９", "緯度": 36.310345, "経度": 139.802361, "url": "https://www.iryou.teikyouseido.mhlw.go.jp/znk-web/juminkanja/S2430/initialize?prefCd=09&kikanCd=3090000716&kikanKbn=3", "url2": "https://www.tanno-dental.com/", "内容": "丹野歯科医院【3:歯科】栃木県小山市宮本町３－８－２９" }, "geometry": { "type": "Point", "coordinates": [ 139.802361, 36.310345 ] } },
{ "type": "Feature", "properties": { "ID": 933090000717, "正式名称": "角田歯科医院", "機関区分": 3, "都道府県コード": 9, "市区町村コード": 208, "所在地": "栃木県小山市城山町１－２－１０", "緯度": 36.316877, "経度": 139.799986, "url": "https://www.iryou.teikyouseido.mhlw.go.jp/znk-web/juminkanja/S2430/initialize?prefCd=09&kikanCd=3090000717&kikanKbn=3", "url2": "https://www.tsunodashika.net/", "内容": "角田歯科医院【3:歯科】栃木県小山市城山町１－２－１０" }, "geometry": { "type": "Point", "coordinates": [ 139.799986, 36.316877 ] } },
{ "type": "Feature", "properties": { "ID": 933090000718, "正式名称": "医療法人　てつか歯科医院", "機関区分": 3, "都道府県コード": 9, "市区町村コード": 208, "所在地": "栃木県小山市三拝川岸１７６－１", "緯度": 36.355017, "経度": 139.821687, "url": "https://www.iryou.teikyouseido.mhlw.go.jp/znk-web/juminkanja/S2430/initialize?prefCd=09&kikanCd=3090000718&kikanKbn=3", "url2": "https://tetsuka-dc.jp", "内容": "医療法人　てつか歯科医院【3:歯科】栃木県小山市三拝川岸１７６－１" }, "geometry": { "type": "Point", "coordinates": [ 139.821687, 36.355017 ] } },
{ "type": "Feature", "properties": { "ID": 933090000719, "正式名称": "永井歯科医院", "機関区分": 3, "都道府県コード": 9, "市区町村コード": 208, "所在地": "栃木県小山市南半田２０４１－５", "緯度": 36.36703, "経度": 139.8302, "url": "https://www.iryou.teikyouseido.mhlw.go.jp/znk-web/juminkanja/S2430/initialize?prefCd=09&kikanCd=3090000719&kikanKbn=3", "url2": null, "内容": "永井歯科医院【3:歯科】栃木県小山市南半田２０４１－５" }, "geometry": { "type": "Point", "coordinates": [ 139.8302, 36.36703 ] } },
{ "type": "Feature", "properties": { "ID": 933090000720, "正式名称": "長井歯科医院", "機関区分": 3, "都道府県コード": 9, "市区町村コード": 208, "所在地": "栃木県小山市花垣町２－９－３１", "緯度": 36.322276, "経度": 139.807435, "url": "https://www.iryou.teikyouseido.mhlw.go.jp/znk-web/juminkanja/S2430/initialize?prefCd=09&kikanCd=3090000720&kikanKbn=3", "url2": null, "内容": "長井歯科医院【3:歯科】栃木県小山市花垣町２－９－３１" }, "geometry": { "type": "Point", "coordinates": [ 139.807435, 36.322276 ] } },
{ "type": "Feature", "properties": { "ID": 933090000723, "正式名称": "なかの歯科医院", "機関区分": 3, "都道府県コード": 9, "市区町村コード": 208, "所在地": "栃木県小山市大行寺１０２７－３", "緯度": 36.317424, "経度": 139.792389, "url": "https://www.iryou.teikyouseido.mhlw.go.jp/znk-web/juminkanja/S2430/initialize?prefCd=09&kikanCd=3090000723&kikanKbn=3", "url2": "http://www.nakano-d-c.com/", "内容": "なかの歯科医院【3:歯科】栃木県小山市大行寺１０２７－３" }, "geometry": { "type": "Point", "coordinates": [ 139.792389, 36.317424 ] } },
{ "type": "Feature", "properties": { "ID": 933090000724, "正式名称": "にへい矯正歯科医院", "機関区分": 3, "都道府県コード": 9, "市区町村コード": 208, "所在地": "栃木県小山市駅東通り１－３－３　友井メディカルビル５階", "緯度": 36.310067, "経度": 139.806311, "url": "https://www.iryou.teikyouseido.mhlw.go.jp/znk-web/juminkanja/S2430/initialize?prefCd=09&kikanCd=3090000724&kikanKbn=3", "url2": "https://www.niheikyoseishika.com/", "内容": "にへい矯正歯科医院【3:歯科】栃木県小山市駅東通り１－３－３　友井メディカルビル５階" }, "geometry": { "type": "Point", "coordinates": [ 139.806311, 36.310067 ] } },
{ "type": "Feature", "properties": { "ID": 933090000727, "正式名称": "野中歯科医院", "機関区分": 3, "都道府県コード": 9, "市区町村コード": 208, "所在地": "栃木県小山市駅東通り１－６－１１　野中ビル２Ｆ", "緯度": 36.310261, "経度": 139.807947, "url": "https://www.iryou.teikyouseido.mhlw.go.jp/znk-web/juminkanja/S2430/initialize?prefCd=09&kikanCd=3090000727&kikanKbn=3", "url2": null, "内容": "野中歯科医院【3:歯科】栃木県小山市駅東通り１－６－１１　野中ビル２Ｆ" }, "geometry": { "type": "Point", "coordinates": [ 139.807947, 36.310261 ] } },
{ "type": "Feature", "properties": { "ID": 933090000728, "正式名称": "野村歯科医院", "機関区分": 3, "都道府県コード": 9, "市区町村コード": 208, "所在地": "栃木県小山市雨ケ谷４８３ー１", "緯度": 36.282362, "経度": 139.814841, "url": "https://www.iryou.teikyouseido.mhlw.go.jp/znk-web/juminkanja/S2430/initialize?prefCd=09&kikanCd=3090000728&kikanKbn=3", "url2": "http://www.nomurashika.jp", "内容": "野村歯科医院【3:歯科】栃木県小山市雨ケ谷４８３ー１" }, "geometry": { "type": "Point", "coordinates": [ 139.814841, 36.282362 ] } },
{ "type": "Feature", "properties": { "ID": 933090000732, "正式名称": "医療法人社団明康会　日高歯科医院", "機関区分": 3, "都道府県コード": 9, "市区町村コード": 208, "所在地": "栃木県小山市城山町３－１０－６", "緯度": 36.31576, "経度": 139.806491, "url": "https://www.iryou.teikyouseido.mhlw.go.jp/znk-web/juminkanja/S2430/initialize?prefCd=09&kikanCd=3090000732&kikanKbn=3", "url2": null, "内容": "医療法人社団明康会　日高歯科医院【3:歯科】栃木県小山市城山町３－１０－６" }, "geometry": { "type": "Point", "coordinates": [ 139.806491, 36.31576 ] } },
{ "type": "Feature", "properties": { "ID": 933090000733, "正式名称": "ひまわり矯正歯科", "機関区分": 3, "都道府県コード": 9, "市区町村コード": 208, "所在地": "栃木県小山市城山町３－２－１", "緯度": 36.314002, "経度": 139.804969, "url": "https://www.iryou.teikyouseido.mhlw.go.jp/znk-web/juminkanja/S2430/initialize?prefCd=09&kikanCd=3090000733&kikanKbn=3", "url2": "http://himawari-kyouseishika.com", "内容": "ひまわり矯正歯科【3:歯科】栃木県小山市城山町３－２－１" }, "geometry": { "type": "Point", "coordinates": [ 139.804969, 36.314002 ] } },
{ "type": "Feature", "properties": { "ID": 933090000734, "正式名称": "平山歯科医院", "機関区分": 3, "都道府県コード": 9, "市区町村コード": 208, "所在地": "栃木県小山市西城南２－９－２３", "緯度": 36.298496, "経度": 139.804269, "url": "https://www.iryou.teikyouseido.mhlw.go.jp/znk-web/juminkanja/S2430/initialize?prefCd=09&kikanCd=3090000734&kikanKbn=3", "url2": null, "内容": "平山歯科医院【3:歯科】栃木県小山市西城南２－９－２３" }, "geometry": { "type": "Point", "coordinates": [ 139.804269, 36.298496 ] } },
{ "type": "Feature", "properties": { "ID": 933090000735, "正式名称": "星野歯科医院", "機関区分": 3, "都道府県コード": 9, "市区町村コード": 208, "所在地": "栃木県小山市犬塚６０－１", "緯度": 36.323486, "経度": 139.832375, "url": "https://www.iryou.teikyouseido.mhlw.go.jp/znk-web/juminkanja/S2430/initialize?prefCd=09&kikanCd=3090000735&kikanKbn=3", "url2": "http://hoshinodental.com/", "内容": "星野歯科医院【3:歯科】栃木県小山市犬塚６０－１" }, "geometry": { "type": "Point", "coordinates": [ 139.832375, 36.323486 ] } },
{ "type": "Feature", "properties": { "ID": 933090000736, "正式名称": "細野歯科医院", "機関区分": 3, "都道府県コード": 9, "市区町村コード": 208, "所在地": "栃木県小山市羽川４７８－１", "緯度": 36.363711, "経度": 139.832875, "url": "https://www.iryou.teikyouseido.mhlw.go.jp/znk-web/juminkanja/S2430/initialize?prefCd=09&kikanCd=3090000736&kikanKbn=3", "url2": "http://www.hosono-shika.jp", "内容": "細野歯科医院【3:歯科】栃木県小山市羽川４７８－１" }, "geometry": { "type": "Point", "coordinates": [ 139.832875, 36.363711 ] } },
{ "type": "Feature", "properties": { "ID": 933090000737, "正式名称": "前田歯科医院", "機関区分": 3, "都道府県コード": 9, "市区町村コード": 208, "所在地": "栃木県小山市乙女２－３０―３１", "緯度": 36.259155, "経度": 139.755126, "url": "https://www.iryou.teikyouseido.mhlw.go.jp/znk-web/juminkanja/S2430/initialize?prefCd=09&kikanCd=3090000737&kikanKbn=3", "url2": null, "内容": "前田歯科医院【3:歯科】栃木県小山市乙女２－３０―３１" }, "geometry": { "type": "Point", "coordinates": [ 139.755126, 36.259155 ] } },
{ "type": "Feature", "properties": { "ID": 933090000738, "正式名称": "町田歯科医院", "機関区分": 3, "都道府県コード": 9, "市区町村コード": 208, "所在地": "栃木県小山市神鳥谷１８５３－１５", "緯度": 36.28938, "経度": 139.804417, "url": "https://www.iryou.teikyouseido.mhlw.go.jp/znk-web/juminkanja/S2430/initialize?prefCd=09&kikanCd=3090000738&kikanKbn=3", "url2": null, "内容": "町田歯科医院【3:歯科】栃木県小山市神鳥谷１８５３－１５" }, "geometry": { "type": "Point", "coordinates": [ 139.804417, 36.28938 ] } },
{ "type": "Feature", "properties": { "ID": 933090000739, "正式名称": "松田歯科医院", "機関区分": 3, "都道府県コード": 9, "市区町村コード": 208, "所在地": "栃木県小山市八幡町２－１１－１１", "緯度": 36.306714, "経度": 139.797061, "url": "https://www.iryou.teikyouseido.mhlw.go.jp/znk-web/juminkanja/S2430/initialize?prefCd=09&kikanCd=3090000739&kikanKbn=3", "url2": null, "内容": "松田歯科医院【3:歯科】栃木県小山市八幡町２－１１－１１" }, "geometry": { "type": "Point", "coordinates": [ 139.797061, 36.306714 ] } },
{ "type": "Feature", "properties": { "ID": 933090000740, "正式名称": "まつや歯科医院", "機関区分": 3, "都道府県コード": 9, "市区町村コード": 208, "所在地": "栃木県小山市粟宮１００６－３", "緯度": 36.286968, "経度": 139.783274, "url": "https://www.iryou.teikyouseido.mhlw.go.jp/znk-web/juminkanja/S2430/initialize?prefCd=09&kikanCd=3090000740&kikanKbn=3", "url2": null, "内容": "まつや歯科医院【3:歯科】栃木県小山市粟宮１００６－３" }, "geometry": { "type": "Point", "coordinates": [ 139.783274, 36.286968 ] } },
{ "type": "Feature", "properties": { "ID": 933090000742, "正式名称": "宮田歯科医院", "機関区分": 3, "都道府県コード": 9, "市区町村コード": 208, "所在地": "栃木県小山市犬塚１－１２－７", "緯度": 36.309107, "経度": 139.828961, "url": "https://www.iryou.teikyouseido.mhlw.go.jp/znk-web/juminkanja/S2430/initialize?prefCd=09&kikanCd=3090000742&kikanKbn=3", "url2": null, "内容": "宮田歯科医院【3:歯科】栃木県小山市犬塚１－１２－７" }, "geometry": { "type": "Point", "coordinates": [ 139.828961, 36.309107 ] } },
{ "type": "Feature", "properties": { "ID": 933090000743, "正式名称": "柳歯科医院", "機関区分": 3, "都道府県コード": 9, "市区町村コード": 208, "所在地": "栃木県小山市神鳥谷１－１３－２３", "緯度": 36.301098, "経度": 139.792542, "url": "https://www.iryou.teikyouseido.mhlw.go.jp/znk-web/juminkanja/S2430/initialize?prefCd=09&kikanCd=3090000743&kikanKbn=3", "url2": null, "内容": "柳歯科医院【3:歯科】栃木県小山市神鳥谷１－１３－２３" }, "geometry": { "type": "Point", "coordinates": [ 139.792542, 36.301098 ] } },
{ "type": "Feature", "properties": { "ID": 933090000745, "正式名称": "山田歯科", "機関区分": 3, "都道府県コード": 9, "市区町村コード": 208, "所在地": "栃木県小山市駅東通り１－３３－１３", "緯度": 36.309279, "経度": 139.812849, "url": "https://www.iryou.teikyouseido.mhlw.go.jp/znk-web/juminkanja/S2430/initialize?prefCd=09&kikanCd=3090000745&kikanKbn=3", "url2": "https://yamadadentalclinic.net/", "内容": "山田歯科【3:歯科】栃木県小山市駅東通り１－３３－１３" }, "geometry": { "type": "Point", "coordinates": [ 139.812849, 36.309279 ] } },
{ "type": "Feature", "properties": { "ID": 933090000746, "正式名称": "ゆう歯科クリニック", "機関区分": 3, "都道府県コード": 9, "市区町村コード": 208, "所在地": "栃木県小山市西城南６－２４－１", "緯度": 36.291511, "経度": 139.799558, "url": "https://www.iryou.teikyouseido.mhlw.go.jp/znk-web/juminkanja/S2430/initialize?prefCd=09&kikanCd=3090000746&kikanKbn=3", "url2": null, "内容": "ゆう歯科クリニック【3:歯科】栃木県小山市西城南６－２４－１" }, "geometry": { "type": "Point", "coordinates": [ 139.799558, 36.291511 ] } },
{ "type": "Feature", "properties": { "ID": 933090000747, "正式名称": "吉浜歯科", "機関区分": 3, "都道府県コード": 9, "市区町村コード": 208, "所在地": "栃木県小山市土塔", "緯度": 36.301869, "経度": 139.826284, "url": "https://www.iryou.teikyouseido.mhlw.go.jp/znk-web/juminkanja/S2430/initialize?prefCd=09&kikanCd=3090000747&kikanKbn=3", "url2": null, "内容": "吉浜歯科【3:歯科】栃木県小山市土塔" }, "geometry": { "type": "Point", "coordinates": [ 139.826284, 36.301869 ] } },
{ "type": "Feature", "properties": { "ID": 933090000748, "正式名称": "よつば歯科医院", "機関区分": 3, "都道府県コード": 9, "市区町村コード": 208, "所在地": "栃木県小山市城東６－３６－９", "緯度": 36.311391, "経度": 139.823892, "url": "https://www.iryou.teikyouseido.mhlw.go.jp/znk-web/juminkanja/S2430/initialize?prefCd=09&kikanCd=3090000748&kikanKbn=3", "url2": null, "内容": "よつば歯科医院【3:歯科】栃木県小山市城東６－３６－９" }, "geometry": { "type": "Point", "coordinates": [ 139.823892, 36.311391 ] } },
{ "type": "Feature", "properties": { "ID": 933090000750, "正式名称": "ワカナ歯科医院", "機関区分": 3, "都道府県コード": 9, "市区町村コード": 208, "所在地": "栃木県小山市城東３－２４－３", "緯度": 36.314397, "経度": 139.817665, "url": "https://www.iryou.teikyouseido.mhlw.go.jp/znk-web/juminkanja/S2430/initialize?prefCd=09&kikanCd=3090000750&kikanKbn=3", "url2": "http://www.wakana-dc.jp/", "内容": "ワカナ歯科医院【3:歯科】栃木県小山市城東３－２４－３" }, "geometry": { "type": "Point", "coordinates": [ 139.817665, 36.314397 ] } },
{ "type": "Feature", "properties": { "ID": 933090000752, "正式名称": "医療法人絆翔会　はら歯科医院", "機関区分": 3, "都道府県コード": 9, "市区町村コード": 208, "所在地": "栃木県小山市西城南６－３５－７", "緯度": 36.289452, "経度": 139.799645, "url": "https://www.iryou.teikyouseido.mhlw.go.jp/znk-web/juminkanja/S2430/initialize?prefCd=09&kikanCd=3090000752&kikanKbn=3", "url2": "http://www.hara-dentalclinic.jp/", "内容": "医療法人絆翔会　はら歯科医院【3:歯科】栃木県小山市西城南６－３５－７" }, "geometry": { "type": "Point", "coordinates": [ 139.799645, 36.289452 ] } },
{ "type": "Feature", "properties": { "ID": 933090000754, "正式名称": "伊沢歯科医院", "機関区分": 3, "都道府県コード": 9, "市区町村コード": 216, "所在地": "栃木県下野市下古山１－１２－２", "緯度": 36.441275, "経度": 139.857333, "url": "https://www.iryou.teikyouseido.mhlw.go.jp/znk-web/juminkanja/S2430/initialize?prefCd=09&kikanCd=3090000754&kikanKbn=3", "url2": null, "内容": "伊沢歯科医院【3:歯科】栃木県下野市下古山１－１２－２" }, "geometry": { "type": "Point", "coordinates": [ 139.857333, 36.441275 ] } },
{ "type": "Feature", "properties": { "ID": 933090000755, "正式名称": "岩井歯科クリニック", "機関区分": 3, "都道府県コード": 9, "市区町村コード": 216, "所在地": "栃木県下野市緑１－９－１", "緯度": 36.386867, "経度": 139.854102, "url": "https://www.iryou.teikyouseido.mhlw.go.jp/znk-web/juminkanja/S2430/initialize?prefCd=09&kikanCd=3090000755&kikanKbn=3", "url2": null, "内容": "岩井歯科クリニック【3:歯科】栃木県下野市緑１－９－１" }, "geometry": { "type": "Point", "coordinates": [ 139.854102, 36.386867 ] } },
{ "type": "Feature", "properties": { "ID": 933090000756, "正式名称": "海老原歯科医院", "機関区分": 3, "都道府県コード": 9, "市区町村コード": 216, "所在地": "栃木県下野市祇園５－７－３", "緯度": 36.39034, "経度": 139.863712, "url": "https://www.iryou.teikyouseido.mhlw.go.jp/znk-web/juminkanja/S2430/initialize?prefCd=09&kikanCd=3090000756&kikanKbn=3", "url2": "http://www.ebihara-dc.jp/", "内容": "海老原歯科医院【3:歯科】栃木県下野市祇園５－７－３" }, "geometry": { "type": "Point", "coordinates": [ 139.863712, 36.39034 ] } },
{ "type": "Feature", "properties": { "ID": 933090000757, "正式名称": "エンゼル歯科医院", "機関区分": 3, "都道府県コード": 9, "市区町村コード": 216, "所在地": "栃木県下野市仁良川１５７１－２７", "緯度": 36.378655, "経度": 139.87527, "url": "https://www.iryou.teikyouseido.mhlw.go.jp/znk-web/juminkanja/S2430/initialize?prefCd=09&kikanCd=3090000757&kikanKbn=3", "url2": "http://www.angelshika.jp/", "内容": "エンゼル歯科医院【3:歯科】栃木県下野市仁良川１５７１－２７" }, "geometry": { "type": "Point", "coordinates": [ 139.87527, 36.378655 ] } },
{ "type": "Feature", "properties": { "ID": 933090000758, "正式名称": "おがわら歯科医院", "機関区分": 3, "都道府県コード": 9, "市区町村コード": 216, "所在地": "栃木県下野市柴１４１９－１０", "緯度": 36.38169, "経度": 139.853333, "url": "https://www.iryou.teikyouseido.mhlw.go.jp/znk-web/juminkanja/S2430/initialize?prefCd=09&kikanCd=3090000758&kikanKbn=3", "url2": "http://www.ogawara-dc.com", "内容": "おがわら歯科医院【3:歯科】栃木県下野市柴１４１９－１０" }, "geometry": { "type": "Point", "coordinates": [ 139.853333, 36.38169 ] } },
{ "type": "Feature", "properties": { "ID": 933090000759, "正式名称": "おさの歯科医院", "機関区分": 3, "都道府県コード": 9, "市区町村コード": 216, "所在地": "栃木県下野市医大前４－９－４", "緯度": 36.392395, "経度": 139.85563, "url": "https://www.iryou.teikyouseido.mhlw.go.jp/znk-web/juminkanja/S2430/initialize?prefCd=09&kikanCd=3090000759&kikanKbn=3", "url2": null, "内容": "おさの歯科医院【3:歯科】栃木県下野市医大前４－９－４" }, "geometry": { "type": "Point", "coordinates": [ 139.85563, 36.392395 ] } },
{ "type": "Feature", "properties": { "ID": 933090000760, "正式名称": "金田歯科医院", "機関区分": 3, "都道府県コード": 9, "市区町村コード": 216, "所在地": "栃木県下野市下古山１６－１９", "緯度": 36.441356, "経度": 139.86481, "url": "https://www.iryou.teikyouseido.mhlw.go.jp/znk-web/juminkanja/S2430/initialize?prefCd=09&kikanCd=3090000760&kikanKbn=3", "url2": "http://dkaneta.in.coocan.jp/", "内容": "金田歯科医院【3:歯科】栃木県下野市下古山１６－１９" }, "geometry": { "type": "Point", "coordinates": [ 139.86481, 36.441356 ] } },
{ "type": "Feature", "properties": { "ID": 933090000763, "正式名称": "さくら歯科医院", "機関区分": 3, "都道府県コード": 9, "市区町村コード": 216, "所在地": "栃木県下野市下古山２－１－６", "緯度": 36.443364, "経度": 139.859829, "url": "https://www.iryou.teikyouseido.mhlw.go.jp/znk-web/juminkanja/S2430/initialize?prefCd=09&kikanCd=3090000763&kikanKbn=3", "url2": "http://dental-clinic.sakura.ne.jp", "内容": "さくら歯科医院【3:歯科】栃木県下野市下古山２－１－６" }, "geometry": { "type": "Point", "coordinates": [ 139.859829, 36.443364 ] } },
{ "type": "Feature", "properties": { "ID": 933090000764, "正式名称": "五月女歯科医院", "機関区分": 3, "都道府県コード": 9, "市区町村コード": 216, "所在地": "栃木県下野市駅東５－１２－１５", "緯度": 36.372475, "経度": 139.848364, "url": "https://www.iryou.teikyouseido.mhlw.go.jp/znk-web/juminkanja/S2430/initialize?prefCd=09&kikanCd=3090000764&kikanKbn=3", "url2": null, "内容": "五月女歯科医院【3:歯科】栃木県下野市駅東５－１２－１５" }, "geometry": { "type": "Point", "coordinates": [ 139.848364, 36.372475 ] } },
{ "type": "Feature", "properties": { "ID": 933090000767, "正式名称": "豊田歯科医院", "機関区分": 3, "都道府県コード": 9, "市区町村コード": 216, "所在地": "栃木県下野市大松山１－４－１", "緯度": 36.432178, "経度": 139.856503, "url": "https://www.iryou.teikyouseido.mhlw.go.jp/znk-web/juminkanja/S2430/initialize?prefCd=09&kikanCd=3090000767&kikanKbn=3", "url2": null, "内容": "豊田歯科医院【3:歯科】栃木県下野市大松山１－４－１" }, "geometry": { "type": "Point", "coordinates": [ 139.856503, 36.432178 ] } },
{ "type": "Feature", "properties": { "ID": 933090000768, "正式名称": "ないき歯科クリニック", "機関区分": 3, "都道府県コード": 9, "市区町村コード": 216, "所在地": "栃木県下野市小金井１－１６－１４", "緯度": 36.383559, "経度": 139.840212, "url": "https://www.iryou.teikyouseido.mhlw.go.jp/znk-web/juminkanja/S2430/initialize?prefCd=09&kikanCd=3090000768&kikanKbn=3", "url2": "https://naiki-dc.com", "内容": "ないき歯科クリニック【3:歯科】栃木県下野市小金井１－１６－１４" }, "geometry": { "type": "Point", "coordinates": [ 139.840212, 36.383559 ] } },
{ "type": "Feature", "properties": { "ID": 933090000769, "正式名称": "野口歯科クリニック", "機関区分": 3, "都道府県コード": 9, "市区町村コード": 216, "所在地": "栃木県下野市薬師寺３３８３", "緯度": 36.412406, "経度": 139.861209, "url": "https://www.iryou.teikyouseido.mhlw.go.jp/znk-web/juminkanja/S2430/initialize?prefCd=09&kikanCd=3090000769&kikanKbn=3", "url2": null, "内容": "野口歯科クリニック【3:歯科】栃木県下野市薬師寺３３８３" }, "geometry": { "type": "Point", "coordinates": [ 139.861209, 36.412406 ] } },
{ "type": "Feature", "properties": { "ID": 933090000770, "正式名称": "医療法人ハラダ歯科医院", "機関区分": 3, "都道府県コード": 9, "市区町村コード": 216, "所在地": "栃木県下野市小金井１－５－４", "緯度": 36.385065, "経度": 139.845414, "url": "https://www.iryou.teikyouseido.mhlw.go.jp/znk-web/juminkanja/S2430/initialize?prefCd=09&kikanCd=3090000770&kikanKbn=3", "url2": null, "内容": "医療法人ハラダ歯科医院【3:歯科】栃木県下野市小金井１－５－４" }, "geometry": { "type": "Point", "coordinates": [ 139.845414, 36.385065 ] } },
{ "type": "Feature", "properties": { "ID": 933090000771, "正式名称": "原田歯科医院", "機関区分": 3, "都道府県コード": 9, "市区町村コード": 216, "所在地": "栃木県下野市石橋３６２", "緯度": 36.433132, "経度": 139.863685, "url": "https://www.iryou.teikyouseido.mhlw.go.jp/znk-web/juminkanja/S2430/initialize?prefCd=09&kikanCd=3090000771&kikanKbn=3", "url2": null, "内容": "原田歯科医院【3:歯科】栃木県下野市石橋３６２" }, "geometry": { "type": "Point", "coordinates": [ 139.863685, 36.433132 ] } },
{ "type": "Feature", "properties": { "ID": 933090000772, "正式名称": "山崎歯科医院", "機関区分": 3, "都道府県コード": 9, "市区町村コード": 216, "所在地": "栃木県下野市石橋２８４－２１", "緯度": 36.437153, "経度": 139.864424, "url": "https://www.iryou.teikyouseido.mhlw.go.jp/znk-web/juminkanja/S2430/initialize?prefCd=09&kikanCd=3090000772&kikanKbn=3", "url2": null, "内容": "山崎歯科医院【3:歯科】栃木県下野市石橋２８４－２１" }, "geometry": { "type": "Point", "coordinates": [ 139.864424, 36.437153 ] } },
{ "type": "Feature", "properties": { "ID": 933090000773, "正式名称": "山中歯科医院", "機関区分": 3, "都道府県コード": 9, "市区町村コード": 216, "所在地": "栃木県下野市小金井２９６６", "緯度": 36.383023, "経度": 139.845098, "url": "https://www.iryou.teikyouseido.mhlw.go.jp/znk-web/juminkanja/S2430/initialize?prefCd=09&kikanCd=3090000773&kikanKbn=3", "url2": null, "内容": "山中歯科医院【3:歯科】栃木県下野市小金井２９６６" }, "geometry": { "type": "Point", "coordinates": [ 139.845098, 36.383023 ] } },
{ "type": "Feature", "properties": { "ID": 933090000774, "正式名称": "山本歯科医院", "機関区分": 3, "都道府県コード": 9, "市区町村コード": 216, "所在地": "栃木県下野市薬師寺１５１６－４", "緯度": 36.399808, "経度": 139.876864, "url": "https://www.iryou.teikyouseido.mhlw.go.jp/znk-web/juminkanja/S2430/initialize?prefCd=09&kikanCd=3090000774&kikanKbn=3", "url2": null, "内容": "山本歯科医院【3:歯科】栃木県下野市薬師寺１５１６－４" }, "geometry": { "type": "Point", "coordinates": [ 139.876864, 36.399808 ] } },
{ "type": "Feature", "properties": { "ID": 933090000776, "正式名称": "さとう歯科クリニック", "機関区分": 3, "都道府県コード": 9, "市区町村コード": 301, "所在地": "栃木県河内郡上三川町上三川４３７７－２", "緯度": 36.428937, "経度": 139.910283, "url": "https://www.iryou.teikyouseido.mhlw.go.jp/znk-web/juminkanja/S2430/initialize?prefCd=09&kikanCd=3090000776&kikanKbn=3", "url2": null, "内容": "さとう歯科クリニック【3:歯科】栃木県河内郡上三川町上三川４３７７－２" }, "geometry": { "type": "Point", "coordinates": [ 139.910283, 36.428937 ] } },
{ "type": "Feature", "properties": { "ID": 933090000777, "正式名称": "二階堂歯科医院", "機関区分": 3, "都道府県コード": 9, "市区町村コード": 301, "所在地": "栃木県河内郡上三川町上三川２８４４－１", "緯度": 36.434947, "経度": 139.918917, "url": "https://www.iryou.teikyouseido.mhlw.go.jp/znk-web/juminkanja/S2430/initialize?prefCd=09&kikanCd=3090000777&kikanKbn=3", "url2": "https://www.nikaidou-dental.com/", "内容": "二階堂歯科医院【3:歯科】栃木県河内郡上三川町上三川２８４４－１" }, "geometry": { "type": "Point", "coordinates": [ 139.918917, 36.434947 ] } },
{ "type": "Feature", "properties": { "ID": 933090000779, "正式名称": "美月歯科医院", "機関区分": 3, "都道府県コード": 9, "市区町村コード": 301, "所在地": "栃木県河内郡上三川町しらさぎ３－２９－３", "緯度": 36.445684, "経度": 139.918569, "url": "https://www.iryou.teikyouseido.mhlw.go.jp/znk-web/juminkanja/S2430/initialize?prefCd=09&kikanCd=3090000779&kikanKbn=3", "url2": "http://www.mitsukishika.com", "内容": "美月歯科医院【3:歯科】栃木県河内郡上三川町しらさぎ３－２９－３" }, "geometry": { "type": "Point", "coordinates": [ 139.918569, 36.445684 ] } },
{ "type": "Feature", "properties": { "ID": 933090000781, "正式名称": "柳田歯科医院", "機関区分": 3, "都道府県コード": 9, "市区町村コード": 301, "所在地": "栃木県河内郡上三川町上三川", "緯度": 36.433439, "経度": 139.912545, "url": "https://www.iryou.teikyouseido.mhlw.go.jp/znk-web/juminkanja/S2430/initialize?prefCd=09&kikanCd=3090000781&kikanKbn=3", "url2": null, "内容": "柳田歯科医院【3:歯科】栃木県河内郡上三川町上三川" }, "geometry": { "type": "Point", "coordinates": [ 139.912545, 36.433439 ] } },
{ "type": "Feature", "properties": { "ID": 933090000783, "正式名称": "山﨑歯科クリニック", "機関区分": 3, "都道府県コード": 9, "市区町村コード": 301, "所在地": "栃木県河内郡上三川町下神主５８－５", "緯度": 36.44595, "経度": 139.88545, "url": "https://www.iryou.teikyouseido.mhlw.go.jp/znk-web/juminkanja/S2430/initialize?prefCd=09&kikanCd=3090000783&kikanKbn=3", "url2": null, "内容": "山﨑歯科クリニック【3:歯科】栃木県河内郡上三川町下神主５８－５" }, "geometry": { "type": "Point", "coordinates": [ 139.88545, 36.44595 ] } },
{ "type": "Feature", "properties": { "ID": 933090000785, "正式名称": "粟嶋歯科医院", "機関区分": 3, "都道府県コード": 9, "市区町村コード": 361, "所在地": "栃木県下都賀郡壬生町幸町３－２６－３", "緯度": 36.46498, "経度": 139.833426, "url": "https://www.iryou.teikyouseido.mhlw.go.jp/znk-web/juminkanja/S2430/initialize?prefCd=09&kikanCd=3090000785&kikanKbn=3", "url2": null, "内容": "粟嶋歯科医院【3:歯科】栃木県下都賀郡壬生町幸町３－２６－３" }, "geometry": { "type": "Point", "coordinates": [ 139.833426, 36.46498 ] } },
{ "type": "Feature", "properties": { "ID": 933090000786, "正式名称": "医療法人社団ＵＤＡ上野デンタルクリニック", "機関区分": 3, "都道府県コード": 9, "市区町村コード": 361, "所在地": "栃木県下都賀郡壬生町中央町", "緯度": 36.426311, "経度": 139.801149, "url": "https://www.iryou.teikyouseido.mhlw.go.jp/znk-web/juminkanja/S2430/initialize?prefCd=09&kikanCd=3090000786&kikanKbn=3", "url2": "http://mibu-uenodent.com/", "内容": "医療法人社団ＵＤＡ上野デンタルクリニック【3:歯科】栃木県下都賀郡壬生町中央町" }, "geometry": { "type": "Point", "coordinates": [ 139.801149, 36.426311 ] } },
{ "type": "Feature", "properties": { "ID": 933090000787, "正式名称": "加藤歯科医院", "機関区分": 3, "都道府県コード": 9, "市区町村コード": 361, "所在地": "栃木県下都賀郡壬生町本丸", "緯度": 36.431121, "経度": 139.797843, "url": "https://www.iryou.teikyouseido.mhlw.go.jp/znk-web/juminkanja/S2430/initialize?prefCd=09&kikanCd=3090000787&kikanKbn=3", "url2": null, "内容": "加藤歯科医院【3:歯科】栃木県下都賀郡壬生町本丸" }, "geometry": { "type": "Point", "coordinates": [ 139.797843, 36.431121 ] } },
{ "type": "Feature", "properties": { "ID": 933090000788, "正式名称": "木下歯科医院", "機関区分": 3, "都道府県コード": 9, "市区町村コード": 361, "所在地": "栃木県下都賀郡壬生町緑町３－９－１７　銀河ビル　２Ｆ", "緯度": 36.471067, "経度": 139.82837, "url": "https://www.iryou.teikyouseido.mhlw.go.jp/znk-web/juminkanja/S2430/initialize?prefCd=09&kikanCd=3090000788&kikanKbn=3", "url2": "http://kinoshitashikaiin.hp.gogo.jp", "内容": "木下歯科医院【3:歯科】栃木県下都賀郡壬生町緑町３－９－１７　銀河ビル　２Ｆ" }, "geometry": { "type": "Point", "coordinates": [ 139.82837, 36.471067 ] } },
{ "type": "Feature", "properties": { "ID": 933090000789, "正式名称": "君島歯科医院", "機関区分": 3, "都道府県コード": 9, "市区町村コード": 361, "所在地": "栃木県下都賀郡壬生町至宝３－１０－４", "緯度": 36.460869, "経度": 139.826273, "url": "https://www.iryou.teikyouseido.mhlw.go.jp/znk-web/juminkanja/S2430/initialize?prefCd=09&kikanCd=3090000789&kikanKbn=3", "url2": null, "内容": "君島歯科医院【3:歯科】栃木県下都賀郡壬生町至宝３－１０－４" }, "geometry": { "type": "Point", "coordinates": [ 139.826273, 36.460869 ] } },
{ "type": "Feature", "properties": { "ID": 933090000791, "正式名称": "くりの木歯科クリニック", "機関区分": 3, "都道府県コード": 9, "市区町村コード": 361, "所在地": "栃木県下都賀郡壬生町安塚８８２－１", "緯度": 36.485228, "経度": 139.827225, "url": "https://www.iryou.teikyouseido.mhlw.go.jp/znk-web/juminkanja/S2430/initialize?prefCd=09&kikanCd=3090000791&kikanKbn=3", "url2": null, "内容": "くりの木歯科クリニック【3:歯科】栃木県下都賀郡壬生町安塚８８２－１" }, "geometry": { "type": "Point", "coordinates": [ 139.827225, 36.485228 ] } },
{ "type": "Feature", "properties": { "ID": 933090000792, "正式名称": "こまば歯科医院", "機関区分": 3, "都道府県コード": 9, "市区町村コード": 361, "所在地": "栃木県下都賀郡壬生町安塚８４７ー１６", "緯度": 36.48055, "経度": 139.827711, "url": "https://www.iryou.teikyouseido.mhlw.go.jp/znk-web/juminkanja/S2430/initialize?prefCd=09&kikanCd=3090000792&kikanKbn=3", "url2": null, "内容": "こまば歯科医院【3:歯科】栃木県下都賀郡壬生町安塚８４７ー１６" }, "geometry": { "type": "Point", "coordinates": [ 139.827711, 36.48055 ] } },
{ "type": "Feature", "properties": { "ID": 933090000793, "正式名称": "しのはら歯科クリニック", "機関区分": 3, "都道府県コード": 9, "市区町村コード": 361, "所在地": "栃木県下都賀郡壬生町壬生丁２０１－１", "緯度": 36.461211, "経度": 139.83017, "url": "https://www.iryou.teikyouseido.mhlw.go.jp/znk-web/juminkanja/S2430/initialize?prefCd=09&kikanCd=3090000793&kikanKbn=3", "url2": null, "内容": "しのはら歯科クリニック【3:歯科】栃木県下都賀郡壬生町壬生丁２０１－１" }, "geometry": { "type": "Point", "coordinates": [ 139.83017, 36.461211 ] } },
{ "type": "Feature", "properties": { "ID": 933090000794, "正式名称": "島田歯科医院", "機関区分": 3, "都道府県コード": 9, "市区町村コード": 361, "所在地": "栃木県下都賀郡壬生町安塚９３３－４", "緯度": 36.487965, "経度": 139.832058, "url": "https://www.iryou.teikyouseido.mhlw.go.jp/znk-web/juminkanja/S2430/initialize?prefCd=09&kikanCd=3090000794&kikanKbn=3", "url2": null, "内容": "島田歯科医院【3:歯科】栃木県下都賀郡壬生町安塚９３３－４" }, "geometry": { "type": "Point", "coordinates": [ 139.832058, 36.487965 ] } },
{ "type": "Feature", "properties": { "ID": 933090000797, "正式名称": "なかの歯科医院", "機関区分": 3, "都道府県コード": 9, "市区町村コード": 361, "所在地": "栃木県下都賀郡壬生町安塚２０８９－１", "緯度": 36.490688, "経度": 139.829941, "url": "https://www.iryou.teikyouseido.mhlw.go.jp/znk-web/juminkanja/S2430/initialize?prefCd=09&kikanCd=3090000797&kikanKbn=3", "url2": null, "内容": "なかの歯科医院【3:歯科】栃木県下都賀郡壬生町安塚２０８９－１" }, "geometry": { "type": "Point", "coordinates": [ 139.829941, 36.490688 ] } },
{ "type": "Feature", "properties": { "ID": 933090000799, "正式名称": "福田歯科医院", "機関区分": 3, "都道府県コード": 9, "市区町村コード": 361, "所在地": "栃木県下都賀郡壬生町緑町１－１－１", "緯度": 36.465185, "経度": 139.826537, "url": "https://www.iryou.teikyouseido.mhlw.go.jp/znk-web/juminkanja/S2430/initialize?prefCd=09&kikanCd=3090000799&kikanKbn=3", "url2": null, "内容": "福田歯科医院【3:歯科】栃木県下都賀郡壬生町緑町１－１－１" }, "geometry": { "type": "Point", "coordinates": [ 139.826537, 36.465185 ] } },
{ "type": "Feature", "properties": { "ID": 9330900008, "正式名称": "秋田歯科医院", "機関区分": 3, "都道府県コード": 9, "市区町村コード": 213, "所在地": "栃木県那須塩原市本町８－２５", "緯度": 36.971818, "経度": 140.057571, "url": "https://www.iryou.teikyouseido.mhlw.go.jp/znk-web/juminkanja/S2430/initialize?prefCd=09&kikanCd=30900008&kikanKbn=3", "url2": null, "内容": "秋田歯科医院【3:歯科】栃木県那須塩原市本町８－２５" }, "geometry": { "type": "Point", "coordinates": [ 140.057571, 36.971818 ] } },
{ "type": "Feature", "properties": { "ID": 933090000800, "正式名称": "村田歯科医院", "機関区分": 3, "都道府県コード": 9, "市区町村コード": 361, "所在地": "栃木県下都賀郡壬生町壬生丁２２８－２７", "緯度": 36.462133, "経度": 139.837167, "url": "https://www.iryou.teikyouseido.mhlw.go.jp/znk-web/juminkanja/S2430/initialize?prefCd=09&kikanCd=3090000800&kikanKbn=3", "url2": null, "内容": "村田歯科医院【3:歯科】栃木県下都賀郡壬生町壬生丁２２８－２７" }, "geometry": { "type": "Point", "coordinates": [ 139.837167, 36.462133 ] } },
{ "type": "Feature", "properties": { "ID": 933090000801, "正式名称": "もとじま歯科医院", "機関区分": 3, "都道府県コード": 9, "市区町村コード": 361, "所在地": "栃木県下都賀郡壬生町落合２－３－６", "緯度": 36.452931, "経度": 139.820427, "url": "https://www.iryou.teikyouseido.mhlw.go.jp/znk-web/juminkanja/S2430/initialize?prefCd=09&kikanCd=3090000801&kikanKbn=3", "url2": "http://www.motojima-dental.com", "内容": "もとじま歯科医院【3:歯科】栃木県下都賀郡壬生町落合２－３－６" }, "geometry": { "type": "Point", "coordinates": [ 139.820427, 36.452931 ] } },
{ "type": "Feature", "properties": { "ID": 933090000803, "正式名称": "池松歯科医院", "機関区分": 3, "都道府県コード": 9, "市区町村コード": 364, "所在地": "栃木県下都賀郡野木町友沼５９２４－１", "緯度": 36.226219, "経度": 139.72889, "url": "https://www.iryou.teikyouseido.mhlw.go.jp/znk-web/juminkanja/S2430/initialize?prefCd=09&kikanCd=3090000803&kikanKbn=3", "url2": null, "内容": "池松歯科医院【3:歯科】栃木県下都賀郡野木町友沼５９２４－１" }, "geometry": { "type": "Point", "coordinates": [ 139.72889, 36.226219 ] } },
{ "type": "Feature", "properties": { "ID": 933090000805, "正式名称": "医療法人　杉田歯科医院", "機関区分": 3, "都道府県コード": 9, "市区町村コード": 364, "所在地": "栃木県下都賀郡野木町丸林１５０－２", "緯度": 36.224283, "経度": 139.733559, "url": "https://www.iryou.teikyouseido.mhlw.go.jp/znk-web/juminkanja/S2430/initialize?prefCd=09&kikanCd=3090000805&kikanKbn=3", "url2": null, "内容": "医療法人　杉田歯科医院【3:歯科】栃木県下都賀郡野木町丸林１５０－２" }, "geometry": { "type": "Point", "coordinates": [ 139.733559, 36.224283 ] } },
{ "type": "Feature", "properties": { "ID": 933090000806, "正式名称": "せきぐち歯科医院", "機関区分": 3, "都道府県コード": 9, "市区町村コード": 364, "所在地": "栃木県下都賀郡野木町丸林", "緯度": 36.227266, "経度": 139.741497, "url": "https://www.iryou.teikyouseido.mhlw.go.jp/znk-web/juminkanja/S2430/initialize?prefCd=09&kikanCd=3090000806&kikanKbn=3", "url2": null, "内容": "せきぐち歯科医院【3:歯科】栃木県下都賀郡野木町丸林" }, "geometry": { "type": "Point", "coordinates": [ 139.741497, 36.227266 ] } },
{ "type": "Feature", "properties": { "ID": 933090000808, "正式名称": "中沢歯科医院", "機関区分": 3, "都道府県コード": 9, "市区町村コード": 364, "所在地": "栃木県下都賀郡野木町丸林３８３－８", "緯度": 36.232462, "経度": 139.732095, "url": "https://www.iryou.teikyouseido.mhlw.go.jp/znk-web/juminkanja/S2430/initialize?prefCd=09&kikanCd=3090000808&kikanKbn=3", "url2": null, "内容": "中沢歯科医院【3:歯科】栃木県下都賀郡野木町丸林３８３－８" }, "geometry": { "type": "Point", "coordinates": [ 139.732095, 36.232462 ] } },
{ "type": "Feature", "properties": { "ID": 933090000809, "正式名称": "阿部歯科医院", "機関区分": 3, "都道府県コード": 9, "市区町村コード": 203, "所在地": "栃木県栃木市大平町新１４０５", "緯度": 36.332432, "経度": 139.706585, "url": "https://www.iryou.teikyouseido.mhlw.go.jp/znk-web/juminkanja/S2430/initialize?prefCd=09&kikanCd=3090000809&kikanKbn=3", "url2": null, "内容": "阿部歯科医院【3:歯科】栃木県栃木市大平町新１４０５" }, "geometry": { "type": "Point", "coordinates": [ 139.706585, 36.332432 ] } },
{ "type": "Feature", "properties": { "ID": 933090000810, "正式名称": "植原歯科医院", "機関区分": 3, "都道府県コード": 9, "市区町村コード": 203, "所在地": "栃木県栃木市大平町牛久１０６－１", "緯度": 36.357584, "経度": 139.73306, "url": "https://www.iryou.teikyouseido.mhlw.go.jp/znk-web/juminkanja/S2430/initialize?prefCd=09&kikanCd=3090000810&kikanKbn=3", "url2": null, "内容": "植原歯科医院【3:歯科】栃木県栃木市大平町牛久１０６－１" }, "geometry": { "type": "Point", "coordinates": [ 139.73306, 36.357584 ] } },
{ "type": "Feature", "properties": { "ID": 933090000812, "正式名称": "小関歯科医院", "機関区分": 3, "都道府県コード": 9, "市区町村コード": 203, "所在地": "栃木県栃木市大平町富田１６２１－２", "緯度": 36.337268, "経度": 139.696587, "url": "https://www.iryou.teikyouseido.mhlw.go.jp/znk-web/juminkanja/S2430/initialize?prefCd=09&kikanCd=3090000812&kikanKbn=3", "url2": null, "内容": "小関歯科医院【3:歯科】栃木県栃木市大平町富田１６２１－２" }, "geometry": { "type": "Point", "coordinates": [ 139.696587, 36.337268 ] } },
{ "type": "Feature", "properties": { "ID": 933090000813, "正式名称": "小林歯科医院", "機関区分": 3, "都道府県コード": 9, "市区町村コード": 203, "所在地": "栃木県栃木市大平町西野田１２７－１０", "緯度": 36.331959, "経度": 139.712979, "url": "https://www.iryou.teikyouseido.mhlw.go.jp/znk-web/juminkanja/S2430/initialize?prefCd=09&kikanCd=3090000813&kikanKbn=3", "url2": null, "内容": "小林歯科医院【3:歯科】栃木県栃木市大平町西野田１２７－１０" }, "geometry": { "type": "Point", "coordinates": [ 139.712979, 36.331959 ] } },
{ "type": "Feature", "properties": { "ID": 933090000815, "正式名称": "医療法人社団みこころ会　清水歯科クリニック", "機関区分": 3, "都道府県コード": 9, "市区町村コード": 203, "所在地": "栃木県栃木市大平町西水代１９３１－３", "緯度": 36.319929, "経度": 139.711105, "url": "https://www.iryou.teikyouseido.mhlw.go.jp/znk-web/juminkanja/S2430/initialize?prefCd=09&kikanCd=3090000815&kikanKbn=3", "url2": "https://www.shimizu-dental-clinic.me/", "内容": "医療法人社団みこころ会　清水歯科クリニック【3:歯科】栃木県栃木市大平町西水代１９３１－３" }, "geometry": { "type": "Point", "coordinates": [ 139.711105, 36.319929 ] } },
{ "type": "Feature", "properties": { "ID": 933090000816, "正式名称": "清野歯科医院", "機関区分": 3, "都道府県コード": 9, "市区町村コード": 203, "所在地": "栃木県栃木市大平町富田３３０－４７", "緯度": 36.335861, "経度": 139.70118, "url": "https://www.iryou.teikyouseido.mhlw.go.jp/znk-web/juminkanja/S2430/initialize?prefCd=09&kikanCd=3090000816&kikanKbn=3", "url2": "http://www.seino-dc.com", "内容": "清野歯科医院【3:歯科】栃木県栃木市大平町富田３３０－４７" }, "geometry": { "type": "Point", "coordinates": [ 139.70118, 36.335861 ] } },
{ "type": "Feature", "properties": { "ID": 933090000817, "正式名称": "ファミリー歯科クリニック", "機関区分": 3, "都道府県コード": 9, "市区町村コード": 203, "所在地": "栃木県栃木市大平町富田３９９ー３", "緯度": 36.334131, "経度": 139.698303, "url": "https://www.iryou.teikyouseido.mhlw.go.jp/znk-web/juminkanja/S2430/initialize?prefCd=09&kikanCd=3090000817&kikanKbn=3", "url2": null, "内容": "ファミリー歯科クリニック【3:歯科】栃木県栃木市大平町富田３９９ー３" }, "geometry": { "type": "Point", "coordinates": [ 139.698303, 36.334131 ] } },
{ "type": "Feature", "properties": { "ID": 933090000818, "正式名称": "古澤歯科医院", "機関区分": 3, "都道府県コード": 9, "市区町村コード": 203, "所在地": "栃木県栃木市大平町新８８２－１", "緯度": 36.32419, "経度": 139.712521, "url": "https://www.iryou.teikyouseido.mhlw.go.jp/znk-web/juminkanja/S2430/initialize?prefCd=09&kikanCd=3090000818&kikanKbn=3", "url2": null, "内容": "古澤歯科医院【3:歯科】栃木県栃木市大平町新８８２－１" }, "geometry": { "type": "Point", "coordinates": [ 139.712521, 36.32419 ] } },
{ "type": "Feature", "properties": { "ID": 933090000819, "正式名称": "町田歯科医院", "機関区分": 3, "都道府県コード": 9, "市区町村コード": 203, "所在地": "栃木県栃木市大平町西水代１６０８", "緯度": 36.312591, "経度": 139.714044, "url": "https://www.iryou.teikyouseido.mhlw.go.jp/znk-web/juminkanja/S2430/initialize?prefCd=09&kikanCd=3090000819&kikanKbn=3", "url2": null, "内容": "町田歯科医院【3:歯科】栃木県栃木市大平町西水代１６０８" }, "geometry": { "type": "Point", "coordinates": [ 139.714044, 36.312591 ] } },
{ "type": "Feature", "properties": { "ID": 933090000821, "正式名称": "秋山歯科医院", "機関区分": 3, "都道府県コード": 9, "市区町村コード": 203, "所在地": "栃木県栃木市藤岡町藤岡１３８１", "緯度": 36.253717, "経度": 139.649151, "url": "https://www.iryou.teikyouseido.mhlw.go.jp/znk-web/juminkanja/S2430/initialize?prefCd=09&kikanCd=3090000821&kikanKbn=3", "url2": "http://www8.plala.or.jp/akident/ope.htm", "内容": "秋山歯科医院【3:歯科】栃木県栃木市藤岡町藤岡１３８１" }, "geometry": { "type": "Point", "coordinates": [ 139.649151, 36.253717 ] } },
{ "type": "Feature", "properties": { "ID": 933090000822, "正式名称": "あさとり歯科医院", "機関区分": 3, "都道府県コード": 9, "市区町村コード": 203, "所在地": "栃木県栃木市藤岡町藤岡", "緯度": 36.27099, "経度": 139.653059, "url": "https://www.iryou.teikyouseido.mhlw.go.jp/znk-web/juminkanja/S2430/initialize?prefCd=09&kikanCd=3090000822&kikanKbn=3", "url2": null, "内容": "あさとり歯科医院【3:歯科】栃木県栃木市藤岡町藤岡" }, "geometry": { "type": "Point", "coordinates": [ 139.653059, 36.27099 ] } },
{ "type": "Feature", "properties": { "ID": 933090000823, "正式名称": "内田歯科医院", "機関区分": 3, "都道府県コード": 9, "市区町村コード": 203, "所在地": "栃木県栃木市藤岡町藤岡１３６７", "緯度": 36.254412, "経度": 139.64857, "url": "https://www.iryou.teikyouseido.mhlw.go.jp/znk-web/juminkanja/S2430/initialize?prefCd=09&kikanCd=3090000823&kikanKbn=3", "url2": null, "内容": "内田歯科医院【3:歯科】栃木県栃木市藤岡町藤岡１３６７" }, "geometry": { "type": "Point", "coordinates": [ 139.64857, 36.254412 ] } },
{ "type": "Feature", "properties": { "ID": 933090000824, "正式名称": "大塚歯科医院", "機関区分": 3, "都道府県コード": 9, "市区町村コード": 203, "所在地": "栃木県栃木市藤岡町藤岡５２６１", "緯度": 36.256703, "経度": 139.648098, "url": "https://www.iryou.teikyouseido.mhlw.go.jp/znk-web/juminkanja/S2430/initialize?prefCd=09&kikanCd=3090000824&kikanKbn=3", "url2": null, "内容": "大塚歯科医院【3:歯科】栃木県栃木市藤岡町藤岡５２６１" }, "geometry": { "type": "Point", "coordinates": [ 139.648098, 36.256703 ] } },
{ "type": "Feature", "properties": { "ID": 933090000825, "正式名称": "杉村歯科医院", "機関区分": 3, "都道府県コード": 9, "市区町村コード": 203, "所在地": "栃木県栃木市藤岡町赤麻１７２４－１", "緯度": 36.271344, "経度": 139.667818, "url": "https://www.iryou.teikyouseido.mhlw.go.jp/znk-web/juminkanja/S2430/initialize?prefCd=09&kikanCd=3090000825&kikanKbn=3", "url2": null, "内容": "杉村歯科医院【3:歯科】栃木県栃木市藤岡町赤麻１７２４－１" }, "geometry": { "type": "Point", "coordinates": [ 139.667818, 36.271344 ] } },
{ "type": "Feature", "properties": { "ID": 933090000827, "正式名称": "ながしお歯科医院", "機関区分": 3, "都道府県コード": 9, "市区町村コード": 203, "所在地": "栃木県栃木市藤岡町大前９５４－２", "緯度": 36.277449, "経度": 139.657258, "url": "https://www.iryou.teikyouseido.mhlw.go.jp/znk-web/juminkanja/S2430/initialize?prefCd=09&kikanCd=3090000827&kikanKbn=3", "url2": null, "内容": "ながしお歯科医院【3:歯科】栃木県栃木市藤岡町大前９５４－２" }, "geometry": { "type": "Point", "coordinates": [ 139.657258, 36.277449 ] } },
{ "type": "Feature", "properties": { "ID": 933090000828, "正式名称": "町田歯科医院", "機関区分": 3, "都道府県コード": 9, "市区町村コード": 203, "所在地": "栃木県栃木市藤岡町藤岡１０１４－１", "緯度": 36.26308, "経度": 139.648951, "url": "https://www.iryou.teikyouseido.mhlw.go.jp/znk-web/juminkanja/S2430/initialize?prefCd=09&kikanCd=3090000828&kikanKbn=3", "url2": null, "内容": "町田歯科医院【3:歯科】栃木県栃木市藤岡町藤岡１０１４－１" }, "geometry": { "type": "Point", "coordinates": [ 139.648951, 36.26308 ] } },
{ "type": "Feature", "properties": { "ID": 933090000829, "正式名称": "石川歯科医院", "機関区分": 3, "都道府県コード": 9, "市区町村コード": 203, "所在地": "栃木県栃木市岩舟町静１０９２", "緯度": 36.320039, "経度": 139.66011, "url": "https://www.iryou.teikyouseido.mhlw.go.jp/znk-web/juminkanja/S2430/initialize?prefCd=09&kikanCd=3090000829&kikanKbn=3", "url2": null, "内容": "石川歯科医院【3:歯科】栃木県栃木市岩舟町静１０９２" }, "geometry": { "type": "Point", "coordinates": [ 139.66011, 36.320039 ] } },
{ "type": "Feature", "properties": { "ID": 933090000830, "正式名称": "おかもと歯科医院", "機関区分": 3, "都道府県コード": 9, "市区町村コード": 203, "所在地": "栃木県栃木市岩舟町静和２１３６", "緯度": 36.317913, "経度": 139.682231, "url": "https://www.iryou.teikyouseido.mhlw.go.jp/znk-web/juminkanja/S2430/initialize?prefCd=09&kikanCd=3090000830&kikanKbn=3", "url2": "http://www.okamotoshika.jp", "内容": "おかもと歯科医院【3:歯科】栃木県栃木市岩舟町静和２１３６" }, "geometry": { "type": "Point", "coordinates": [ 139.682231, 36.317913 ] } },
{ "type": "Feature", "properties": { "ID": 933090000831, "正式名称": "亀田歯科", "機関区分": 3, "都道府県コード": 9, "市区町村コード": 203, "所在地": "栃木県栃木市岩舟町和泉１３２５－１", "緯度": 36.322945, "経度": 139.6789, "url": "https://www.iryou.teikyouseido.mhlw.go.jp/znk-web/juminkanja/S2430/initialize?prefCd=09&kikanCd=3090000831&kikanKbn=3", "url2": null, "内容": "亀田歯科【3:歯科】栃木県栃木市岩舟町和泉１３２５－１" }, "geometry": { "type": "Point", "coordinates": [ 139.6789, 36.322945 ] } },
{ "type": "Feature", "properties": { "ID": 933090000832, "正式名称": "小荷田歯科医院", "機関区分": 3, "都道府県コード": 9, "市区町村コード": 203, "所在地": "栃木県栃木市岩舟町下津原", "緯度": 36.317612, "経度": 139.644848, "url": "https://www.iryou.teikyouseido.mhlw.go.jp/znk-web/juminkanja/S2430/initialize?prefCd=09&kikanCd=3090000832&kikanKbn=3", "url2": null, "内容": "小荷田歯科医院【3:歯科】栃木県栃木市岩舟町下津原" }, "geometry": { "type": "Point", "coordinates": [ 139.644848, 36.317612 ] } },
{ "type": "Feature", "properties": { "ID": 933090000833, "正式名称": "今野歯科医院", "機関区分": 3, "都道府県コード": 9, "市区町村コード": 203, "所在地": "栃木県栃木市岩舟町和泉１４２８", "緯度": 36.319099, "経度": 139.676019, "url": "https://www.iryou.teikyouseido.mhlw.go.jp/znk-web/juminkanja/S2430/initialize?prefCd=09&kikanCd=3090000833&kikanKbn=3", "url2": null, "内容": "今野歯科医院【3:歯科】栃木県栃木市岩舟町和泉１４２８" }, "geometry": { "type": "Point", "coordinates": [ 139.676019, 36.319099 ] } },
{ "type": "Feature", "properties": { "ID": 933090000834, "正式名称": "田中歯科医院", "機関区分": 3, "都道府県コード": 9, "市区町村コード": 203, "所在地": "栃木県栃木市岩舟町静和２１５５", "緯度": 36.317672, "経度": 139.681272, "url": "https://www.iryou.teikyouseido.mhlw.go.jp/znk-web/juminkanja/S2430/initialize?prefCd=09&kikanCd=3090000834&kikanKbn=3", "url2": null, "内容": "田中歯科医院【3:歯科】栃木県栃木市岩舟町静和２１５５" }, "geometry": { "type": "Point", "coordinates": [ 139.681272, 36.317672 ] } },
{ "type": "Feature", "properties": { "ID": 933090000835, "正式名称": "寺内歯科医院", "機関区分": 3, "都道府県コード": 9, "市区町村コード": 203, "所在地": "栃木県栃木市岩舟町静１１４８－２", "緯度": 36.319923, "経度": 139.664824, "url": "https://www.iryou.teikyouseido.mhlw.go.jp/znk-web/juminkanja/S2430/initialize?prefCd=09&kikanCd=3090000835&kikanKbn=3", "url2": "http://www.terauchi-dental.com/", "内容": "寺内歯科医院【3:歯科】栃木県栃木市岩舟町静１１４８－２" }, "geometry": { "type": "Point", "coordinates": [ 139.664824, 36.319923 ] } },
{ "type": "Feature", "properties": { "ID": 933090000836, "正式名称": "井本歯科医院", "機関区分": 3, "都道府県コード": 9, "市区町村コード": 203, "所在地": "栃木県栃木市都賀町家中２１９０－３", "緯度": 36.424812, "経度": 139.746919, "url": "https://www.iryou.teikyouseido.mhlw.go.jp/znk-web/juminkanja/S2430/initialize?prefCd=09&kikanCd=3090000836&kikanKbn=3", "url2": "http://www.Imotoshika.jp", "内容": "井本歯科医院【3:歯科】栃木県栃木市都賀町家中２１９０－３" }, "geometry": { "type": "Point", "coordinates": [ 139.746919, 36.424812 ] } },
{ "type": "Feature", "properties": { "ID": 933090000837, "正式名称": "医療法人社団　さおとめ会　早乙女歯科医院", "機関区分": 3, "都道府県コード": 9, "市区町村コード": 203, "所在地": "栃木県栃木市都賀町家中２４０８", "緯度": 36.429961, "経度": 139.751972, "url": "https://www.iryou.teikyouseido.mhlw.go.jp/znk-web/juminkanja/S2430/initialize?prefCd=09&kikanCd=3090000837&kikanKbn=3", "url2": "http://www.saotome-dental.com/", "内容": "医療法人社団　さおとめ会　早乙女歯科医院【3:歯科】栃木県栃木市都賀町家中２４０８" }, "geometry": { "type": "Point", "coordinates": [ 139.751972, 36.429961 ] } },
{ "type": "Feature", "properties": { "ID": 933090000839, "正式名称": "藤森歯科医院", "機関区分": 3, "都道府県コード": 9, "市区町村コード": 203, "所在地": "栃木県栃木市都賀町合戦場２３８", "緯度": 36.406486, "経度": 139.745025, "url": "https://www.iryou.teikyouseido.mhlw.go.jp/znk-web/juminkanja/S2430/initialize?prefCd=09&kikanCd=3090000839&kikanKbn=3", "url2": "http://www.fujimori-shikaiin.com/", "内容": "藤森歯科医院【3:歯科】栃木県栃木市都賀町合戦場２３８" }, "geometry": { "type": "Point", "coordinates": [ 139.745025, 36.406486 ] } },
{ "type": "Feature", "properties": { "ID": 933090000842, "正式名称": "伊東歯科医院", "機関区分": 3, "都道府県コード": 9, "市区町村コード": 210, "所在地": "栃木県大田原市末広３－２８３１－１０８", "緯度": 36.865157, "経度": 140.012522, "url": "https://www.iryou.teikyouseido.mhlw.go.jp/znk-web/juminkanja/S2430/initialize?prefCd=09&kikanCd=3090000842&kikanKbn=3", "url2": null, "内容": "伊東歯科医院【3:歯科】栃木県大田原市末広３－２８３１－１０８" }, "geometry": { "type": "Point", "coordinates": [ 140.012522, 36.865157 ] } },
{ "type": "Feature", "properties": { "ID": 933090000843, "正式名称": "稲村歯科医院", "機関区分": 3, "都道府県コード": 9, "市区町村コード": 210, "所在地": "栃木県大田原市中央２－４－１０", "緯度": 36.866133, "経度": 140.022429, "url": "https://www.iryou.teikyouseido.mhlw.go.jp/znk-web/juminkanja/S2430/initialize?prefCd=09&kikanCd=3090000843&kikanKbn=3", "url2": null, "内容": "稲村歯科医院【3:歯科】栃木県大田原市中央２－４－１０" }, "geometry": { "type": "Point", "coordinates": [ 140.022429, 36.866133 ] } },
{ "type": "Feature", "properties": { "ID": 933090000846, "正式名称": "小倉歯科医院", "機関区分": 3, "都道府県コード": 9, "市区町村コード": 210, "所在地": "栃木県大田原市新富町２－３－３６", "緯度": 36.865241, "経度": 140.025007, "url": "https://www.iryou.teikyouseido.mhlw.go.jp/znk-web/juminkanja/S2430/initialize?prefCd=09&kikanCd=3090000846&kikanKbn=3", "url2": "http://www.ogura-dc.jp", "内容": "小倉歯科医院【3:歯科】栃木県大田原市新富町２－３－３６" }, "geometry": { "type": "Point", "coordinates": [ 140.025007, 36.865241 ] } },
{ "type": "Feature", "properties": { "ID": 933090000847, "正式名称": "きくち歯科医院", "機関区分": 3, "都道府県コード": 9, "市区町村コード": 210, "所在地": "栃木県大田原市紫塚２－２６０９－９５", "緯度": 36.876137, "経度": 140.02156, "url": "https://www.iryou.teikyouseido.mhlw.go.jp/znk-web/juminkanja/S2430/initialize?prefCd=09&kikanCd=3090000847&kikanKbn=3", "url2": null, "内容": "きくち歯科医院【3:歯科】栃木県大田原市紫塚２－２６０９－９５" }, "geometry": { "type": "Point", "coordinates": [ 140.02156, 36.876137 ] } },
{ "type": "Feature", "properties": { "ID": 933090000848, "正式名称": "小松歯科医院", "機関区分": 3, "都道府県コード": 9, "市区町村コード": 210, "所在地": "栃木県大田原市薄葉２１５５－２３", "緯度": 36.840314, "経度": 139.963479, "url": "https://www.iryou.teikyouseido.mhlw.go.jp/znk-web/juminkanja/S2430/initialize?prefCd=09&kikanCd=3090000848&kikanKbn=3", "url2": null, "内容": "小松歯科医院【3:歯科】栃木県大田原市薄葉２１５５－２３" }, "geometry": { "type": "Point", "coordinates": [ 139.963479, 36.840314 ] } },
{ "type": "Feature", "properties": { "ID": 933090000849, "正式名称": "五味渕歯科医院", "機関区分": 3, "都道府県コード": 9, "市区町村コード": 210, "所在地": "栃木県大田原市住吉町２－１－３", "緯度": 36.870759, "経度": 140.024629, "url": "https://www.iryou.teikyouseido.mhlw.go.jp/znk-web/juminkanja/S2430/initialize?prefCd=09&kikanCd=3090000849&kikanKbn=3", "url2": null, "内容": "五味渕歯科医院【3:歯科】栃木県大田原市住吉町２－１－３" }, "geometry": { "type": "Point", "coordinates": [ 140.024629, 36.870759 ] } },
{ "type": "Feature", "properties": { "ID": 933090000850, "正式名称": "酒井歯科医院", "機関区分": 3, "都道府県コード": 9, "市区町村コード": 210, "所在地": "栃木県大田原市浅香２－３５７４－２４５", "緯度": 36.852756, "経度": 140.005593, "url": "https://www.iryou.teikyouseido.mhlw.go.jp/znk-web/juminkanja/S2430/initialize?prefCd=09&kikanCd=3090000850&kikanKbn=3", "url2": null, "内容": "酒井歯科医院【3:歯科】栃木県大田原市浅香２－３５７４－２４５" }, "geometry": { "type": "Point", "coordinates": [ 140.005593, 36.852756 ] } },
{ "type": "Feature", "properties": { "ID": 933090000852, "正式名称": "佐川歯科クリニック", "機関区分": 3, "都道府県コード": 9, "市区町村コード": 210, "所在地": "栃木県大田原市黒羽向町５００－１", "緯度": 36.863726, "経度": 140.110607, "url": "https://www.iryou.teikyouseido.mhlw.go.jp/znk-web/juminkanja/S2430/initialize?prefCd=09&kikanCd=3090000852&kikanKbn=3", "url2": null, "内容": "佐川歯科クリニック【3:歯科】栃木県大田原市黒羽向町５００－１" }, "geometry": { "type": "Point", "coordinates": [ 140.110607, 36.863726 ] } },
{ "type": "Feature", "properties": { "ID": 933090000853, "正式名称": "医療法人桜岡歯科医院", "機関区分": 3, "都道府県コード": 9, "市区町村コード": 210, "所在地": "栃木県大田原市元町１－７－２５", "緯度": 36.859111, "経度": 140.031982, "url": "https://www.iryou.teikyouseido.mhlw.go.jp/znk-web/juminkanja/S2430/initialize?prefCd=09&kikanCd=3090000853&kikanKbn=3", "url2": "http://www.sakuraoka-dc.com", "内容": "医療法人桜岡歯科医院【3:歯科】栃木県大田原市元町１－７－２５" }, "geometry": { "type": "Point", "coordinates": [ 140.031982, 36.859111 ] } },
{ "type": "Feature", "properties": { "ID": 933090000855, "正式名称": "鈴木歯科クリニック", "機関区分": 3, "都道府県コード": 9, "市区町村コード": 210, "所在地": "栃木県大田原市南金丸西原１５１５", "緯度": 36.860289, "経度": 140.089892, "url": "https://www.iryou.teikyouseido.mhlw.go.jp/znk-web/juminkanja/S2430/initialize?prefCd=09&kikanCd=3090000855&kikanKbn=3", "url2": null, "内容": "鈴木歯科クリニック【3:歯科】栃木県大田原市南金丸西原１５１５" }, "geometry": { "type": "Point", "coordinates": [ 140.089892, 36.860289 ] } },
{ "type": "Feature", "properties": { "ID": 933090000857, "正式名称": "武田歯科医院", "機関区分": 3, "都道府県コード": 9, "市区町村コード": 210, "所在地": "栃木県大田原市浅香２－３－２", "緯度": 36.857255, "経度": 140.010425, "url": "https://www.iryou.teikyouseido.mhlw.go.jp/znk-web/juminkanja/S2430/initialize?prefCd=09&kikanCd=3090000857&kikanKbn=3", "url2": null, "内容": "武田歯科医院【3:歯科】栃木県大田原市浅香２－３－２" }, "geometry": { "type": "Point", "coordinates": [ 140.010425, 36.857255 ] } },
{ "type": "Feature", "properties": { "ID": 933090000858, "正式名称": "辻歯科医院", "機関区分": 3, "都道府県コード": 9, "市区町村コード": 210, "所在地": "栃木県大田原市中央", "緯度": 36.869269, "経度": 140.024446, "url": "https://www.iryou.teikyouseido.mhlw.go.jp/znk-web/juminkanja/S2430/initialize?prefCd=09&kikanCd=3090000858&kikanKbn=3", "url2": null, "内容": "辻歯科医院【3:歯科】栃木県大田原市中央" }, "geometry": { "type": "Point", "coordinates": [ 140.024446, 36.869269 ] } },
{ "type": "Feature", "properties": { "ID": 933090000860, "正式名称": "原歯科医院", "機関区分": 3, "都道府県コード": 9, "市区町村コード": 210, "所在地": "栃木県大田原市新富町１ー３ー２３", "緯度": 36.865844, "経度": 140.027015, "url": "https://www.iryou.teikyouseido.mhlw.go.jp/znk-web/juminkanja/S2430/initialize?prefCd=09&kikanCd=3090000860&kikanKbn=3", "url2": null, "内容": "原歯科医院【3:歯科】栃木県大田原市新富町１ー３ー２３" }, "geometry": { "type": "Point", "coordinates": [ 140.027015, 36.865844 ] } },
{ "type": "Feature", "properties": { "ID": 933090000861, "正式名称": "広瀬歯科医院", "機関区分": 3, "都道府県コード": 9, "市区町村コード": 210, "所在地": "栃木県大田原市前田１０３３－４", "緯度": 36.870508, "経度": 140.123625, "url": "https://www.iryou.teikyouseido.mhlw.go.jp/znk-web/juminkanja/S2430/initialize?prefCd=09&kikanCd=3090000861&kikanKbn=3", "url2": null, "内容": "広瀬歯科医院【3:歯科】栃木県大田原市前田１０３３－４" }, "geometry": { "type": "Point", "coordinates": [ 140.123625, 36.870508 ] } },
{ "type": "Feature", "properties": { "ID": 933090000862, "正式名称": "前田歯科医院", "機関区分": 3, "都道府県コード": 9, "市区町村コード": 210, "所在地": "栃木県大田原市佐久山２２３５", "緯度": 36.809052, "経度": 140.006606, "url": "https://www.iryou.teikyouseido.mhlw.go.jp/znk-web/juminkanja/S2430/initialize?prefCd=09&kikanCd=3090000862&kikanKbn=3", "url2": null, "内容": "前田歯科医院【3:歯科】栃木県大田原市佐久山２２３５" }, "geometry": { "type": "Point", "coordinates": [ 140.006606, 36.809052 ] } },
{ "type": "Feature", "properties": { "ID": 933090000863, "正式名称": "増山歯科医院", "機関区分": 3, "都道府県コード": 9, "市区町村コード": 210, "所在地": "栃木県大田原市蛭田１９７５－８３", "緯度": 36.816215, "経度": 140.085379, "url": "https://www.iryou.teikyouseido.mhlw.go.jp/znk-web/juminkanja/S2430/initialize?prefCd=09&kikanCd=3090000863&kikanKbn=3", "url2": null, "内容": "増山歯科医院【3:歯科】栃木県大田原市蛭田１９７５－８３" }, "geometry": { "type": "Point", "coordinates": [ 140.085379, 36.816215 ] } },
{ "type": "Feature", "properties": { "ID": 933090000864, "正式名称": "みはら歯科医院", "機関区分": 3, "都道府県コード": 9, "市区町村コード": 210, "所在地": "栃木県大田原市美原１－１４－１８", "緯度": 36.857508, "経度": 140.005501, "url": "https://www.iryou.teikyouseido.mhlw.go.jp/znk-web/juminkanja/S2430/initialize?prefCd=09&kikanCd=3090000864&kikanKbn=3", "url2": null, "内容": "みはら歯科医院【3:歯科】栃木県大田原市美原１－１４－１８" }, "geometry": { "type": "Point", "coordinates": [ 140.005501, 36.857508 ] } },
{ "type": "Feature", "properties": { "ID": 933090000865, "正式名称": "山の手歯科医院", "機関区分": 3, "都道府県コード": 9, "市区町村コード": 210, "所在地": "栃木県大田原市山の手１－８－１８", "緯度": 36.869335, "経度": 140.027182, "url": "https://www.iryou.teikyouseido.mhlw.go.jp/znk-web/juminkanja/S2430/initialize?prefCd=09&kikanCd=3090000865&kikanKbn=3", "url2": "https://www.yamanote-shika.com", "内容": "山の手歯科医院【3:歯科】栃木県大田原市山の手１－８－１８" }, "geometry": { "type": "Point", "coordinates": [ 140.027182, 36.869335 ] } },
{ "type": "Feature", "properties": { "ID": 933090000866, "正式名称": "医療法人吉成歯科医院", "機関区分": 3, "都道府県コード": 9, "市区町村コード": 210, "所在地": "栃木県大田原市前田１４５", "緯度": 36.869293, "経度": 140.1255, "url": "https://www.iryou.teikyouseido.mhlw.go.jp/znk-web/juminkanja/S2430/initialize?prefCd=09&kikanCd=3090000866&kikanKbn=3", "url2": null, "内容": "医療法人吉成歯科医院【3:歯科】栃木県大田原市前田１４５" }, "geometry": { "type": "Point", "coordinates": [ 140.1255, 36.869293 ] } },
{ "type": "Feature", "properties": { "ID": 933090000867, "正式名称": "渡辺歯科クリニック", "機関区分": 3, "都道府県コード": 9, "市区町村コード": 210, "所在地": "栃木県大田原市新富町１－６－３", "緯度": 36.864405, "経度": 140.028871, "url": "https://www.iryou.teikyouseido.mhlw.go.jp/znk-web/juminkanja/S2430/initialize?prefCd=09&kikanCd=3090000867&kikanKbn=3", "url2": "http://watanabe-shika-clinic.com", "内容": "渡辺歯科クリニック【3:歯科】栃木県大田原市新富町１－６－３" }, "geometry": { "type": "Point", "coordinates": [ 140.028871, 36.864405 ] } },
{ "type": "Feature", "properties": { "ID": 933090000868, "正式名称": "阿久津歯科医院", "機関区分": 3, "都道府県コード": 9, "市区町村コード": 211, "所在地": "栃木県矢板市末広町", "緯度": 36.807251, "経度": 139.93415, "url": "https://www.iryou.teikyouseido.mhlw.go.jp/znk-web/juminkanja/S2430/initialize?prefCd=09&kikanCd=3090000868&kikanKbn=3", "url2": "http://www.akutsu-dental.com", "内容": "阿久津歯科医院【3:歯科】栃木県矢板市末広町" }, "geometry": { "type": "Point", "coordinates": [ 139.93415, 36.807251 ] } },
{ "type": "Feature", "properties": { "ID": 933090000869, "正式名称": "荒井歯科医院", "機関区分": 3, "都道府県コード": 9, "市区町村コード": 211, "所在地": "栃木県矢板市鹿島町２－３０", "緯度": 36.806198, "経度": 139.928223, "url": "https://www.iryou.teikyouseido.mhlw.go.jp/znk-web/juminkanja/S2430/initialize?prefCd=09&kikanCd=3090000869&kikanKbn=3", "url2": null, "内容": "荒井歯科医院【3:歯科】栃木県矢板市鹿島町２－３０" }, "geometry": { "type": "Point", "coordinates": [ 139.928223, 36.806198 ] } },
{ "type": "Feature", "properties": { "ID": 933090000870, "正式名称": "印南歯科医院", "機関区分": 3, "都道府県コード": 9, "市区町村コード": 211, "所在地": "栃木県矢板市富田５５６－５", "緯度": 36.799471, "経度": 139.933578, "url": "https://www.iryou.teikyouseido.mhlw.go.jp/znk-web/juminkanja/S2430/initialize?prefCd=09&kikanCd=3090000870&kikanKbn=3", "url2": "https://innami-dc.jp/", "内容": "印南歯科医院【3:歯科】栃木県矢板市富田５５６－５" }, "geometry": { "type": "Point", "coordinates": [ 139.933578, 36.799471 ] } },
{ "type": "Feature", "properties": { "ID": 933090000872, "正式名称": "かねこ歯科医院", "機関区分": 3, "都道府県コード": 9, "市区町村コード": 211, "所在地": "栃木県矢板市針生４１－７", "緯度": 36.81458, "経度": 139.933747, "url": "https://www.iryou.teikyouseido.mhlw.go.jp/znk-web/juminkanja/S2430/initialize?prefCd=09&kikanCd=3090000872&kikanKbn=3", "url2": null, "内容": "かねこ歯科医院【3:歯科】栃木県矢板市針生４１－７" }, "geometry": { "type": "Point", "coordinates": [ 139.933747, 36.81458 ] } },
{ "type": "Feature", "properties": { "ID": 933090000873, "正式名称": "すずき歯科", "機関区分": 3, "都道府県コード": 9, "市区町村コード": 211, "所在地": "栃木県矢板市片岡２０８８－１１", "緯度": 36.759801, "経度": 139.939615, "url": "https://www.iryou.teikyouseido.mhlw.go.jp/znk-web/juminkanja/S2430/initialize?prefCd=09&kikanCd=3090000873&kikanKbn=3", "url2": null, "内容": "すずき歯科【3:歯科】栃木県矢板市片岡２０８８－１１" }, "geometry": { "type": "Point", "coordinates": [ 139.939615, 36.759801 ] } },
{ "type": "Feature", "properties": { "ID": 933090000874, "正式名称": "鈴木歯科医院", "機関区分": 3, "都道府県コード": 9, "市区町村コード": 211, "所在地": "栃木県矢板市泉字元町３－１", "緯度": 36.837998, "経度": 139.913347, "url": "https://www.iryou.teikyouseido.mhlw.go.jp/znk-web/juminkanja/S2430/initialize?prefCd=09&kikanCd=3090000874&kikanKbn=3", "url2": null, "内容": "鈴木歯科医院【3:歯科】栃木県矢板市泉字元町３－１" }, "geometry": { "type": "Point", "coordinates": [ 139.913347, 36.837998 ] } },
{ "type": "Feature", "properties": { "ID": 933090000875, "正式名称": "高塩歯科医院", "機関区分": 3, "都道府県コード": 9, "市区町村コード": 211, "所在地": "栃木県矢板市扇町２－１－１４", "緯度": 36.81082, "経度": 139.930089, "url": "https://www.iryou.teikyouseido.mhlw.go.jp/znk-web/juminkanja/S2430/initialize?prefCd=09&kikanCd=3090000875&kikanKbn=3", "url2": "http://www009.upp.so-net.ne.jp/takashio-dc/", "内容": "高塩歯科医院【3:歯科】栃木県矢板市扇町２－１－１４" }, "geometry": { "type": "Point", "coordinates": [ 139.930089, 36.81082 ] } },
{ "type": "Feature", "properties": { "ID": 933090000876, "正式名称": "高瀬歯科医院", "機関区分": 3, "都道府県コード": 9, "市区町村コード": 211, "所在地": "栃木県矢板市木幡１３６２－５", "緯度": 36.797049, "経度": 139.936786, "url": "https://www.iryou.teikyouseido.mhlw.go.jp/znk-web/juminkanja/S2430/initialize?prefCd=09&kikanCd=3090000876&kikanKbn=3", "url2": null, "内容": "高瀬歯科医院【3:歯科】栃木県矢板市木幡１３６２－５" }, "geometry": { "type": "Point", "coordinates": [ 139.936786, 36.797049 ] } },
{ "type": "Feature", "properties": { "ID": 933090000877, "正式名称": "田中歯科医院", "機関区分": 3, "都道府県コード": 9, "市区町村コード": 211, "所在地": "栃木県矢板市乙畑", "緯度": 36.752055, "経度": 139.947898, "url": "https://www.iryou.teikyouseido.mhlw.go.jp/znk-web/juminkanja/S2430/initialize?prefCd=09&kikanCd=3090000877&kikanKbn=3", "url2": null, "内容": "田中歯科医院【3:歯科】栃木県矢板市乙畑" }, "geometry": { "type": "Point", "coordinates": [ 139.947898, 36.752055 ] } },
{ "type": "Feature", "properties": { "ID": 933090000879, "正式名称": "村井歯科医院", "機関区分": 3, "都道府県コード": 9, "市区町村コード": 211, "所在地": "栃木県矢板市本町８－３２", "緯度": 36.808464, "経度": 139.927267, "url": "https://www.iryou.teikyouseido.mhlw.go.jp/znk-web/juminkanja/S2430/initialize?prefCd=09&kikanCd=3090000879&kikanKbn=3", "url2": null, "内容": "村井歯科医院【3:歯科】栃木県矢板市本町８－３２" }, "geometry": { "type": "Point", "coordinates": [ 139.927267, 36.808464 ] } },
{ "type": "Feature", "properties": { "ID": 933090000880, "正式名称": "八板歯科医院", "機関区分": 3, "都道府県コード": 9, "市区町村コード": 211, "所在地": "栃木県矢板市扇町１－６－１２", "緯度": 36.810314, "経度": 139.932589, "url": "https://www.iryou.teikyouseido.mhlw.go.jp/znk-web/juminkanja/S2430/initialize?prefCd=09&kikanCd=3090000880&kikanKbn=3", "url2": null, "内容": "八板歯科医院【3:歯科】栃木県矢板市扇町１－６－１２" }, "geometry": { "type": "Point", "coordinates": [ 139.932589, 36.810314 ] } },
{ "type": "Feature", "properties": { "ID": 933090000881, "正式名称": "わたなべけいこ歯科", "機関区分": 3, "都道府県コード": 9, "市区町村コード": 211, "所在地": "栃木県矢板市上町６５７", "緯度": 36.813457, "経度": 139.920609, "url": "https://www.iryou.teikyouseido.mhlw.go.jp/znk-web/juminkanja/S2430/initialize?prefCd=09&kikanCd=3090000881&kikanKbn=3", "url2": null, "内容": "わたなべけいこ歯科【3:歯科】栃木県矢板市上町６５７" }, "geometry": { "type": "Point", "coordinates": [ 139.920609, 36.813457 ] } },
{ "type": "Feature", "properties": { "ID": 933090000882, "正式名称": "渡辺歯科医院", "機関区分": 3, "都道府県コード": 9, "市区町村コード": 211, "所在地": "栃木県矢板市本町６－３４", "緯度": 36.807898, "経度": 139.923909, "url": "https://www.iryou.teikyouseido.mhlw.go.jp/znk-web/juminkanja/S2430/initialize?prefCd=09&kikanCd=3090000882&kikanKbn=3", "url2": "http://www.watanabe-dentalclinic.biz", "内容": "渡辺歯科医院【3:歯科】栃木県矢板市本町６－３４" }, "geometry": { "type": "Point", "coordinates": [ 139.923909, 36.807898 ] } },
{ "type": "Feature", "properties": { "ID": 933090000883, "正式名称": "渡辺セントラル歯科", "機関区分": 3, "都道府県コード": 9, "市区町村コード": 211, "所在地": "栃木県矢板市末広町４２－９", "緯度": 36.806281, "経度": 139.93553, "url": "https://www.iryou.teikyouseido.mhlw.go.jp/znk-web/juminkanja/S2430/initialize?prefCd=09&kikanCd=3090000883&kikanKbn=3", "url2": null, "内容": "渡辺セントラル歯科【3:歯科】栃木県矢板市末広町４２－９" }, "geometry": { "type": "Point", "coordinates": [ 139.93553, 36.806281 ] } },
{ "type": "Feature", "properties": { "ID": 933090000884, "正式名称": "秋田歯科医院", "機関区分": 3, "都道府県コード": 9, "市区町村コード": 213, "所在地": "栃木県那須塩原市本町８－２５", "緯度": 36.971805, "経度": 140.057629, "url": "https://www.iryou.teikyouseido.mhlw.go.jp/znk-web/juminkanja/S2430/initialize?prefCd=09&kikanCd=3090000884&kikanKbn=3", "url2": null, "内容": "秋田歯科医院【3:歯科】栃木県那須塩原市本町８－２５" }, "geometry": { "type": "Point", "coordinates": [ 140.057629, 36.971805 ] } },
{ "type": "Feature", "properties": { "ID": 933090000886, "正式名称": "荒井歯科医院", "機関区分": 3, "都道府県コード": 9, "市区町村コード": 213, "所在地": "栃木県那須塩原市大原間", "緯度": 36.928289, "経度": 140.020552, "url": "https://www.iryou.teikyouseido.mhlw.go.jp/znk-web/juminkanja/S2430/initialize?prefCd=09&kikanCd=3090000886&kikanKbn=3", "url2": null, "内容": "荒井歯科医院【3:歯科】栃木県那須塩原市大原間" }, "geometry": { "type": "Point", "coordinates": [ 140.020552, 36.928289 ] } },
{ "type": "Feature", "properties": { "ID": 933090000887, "正式名称": "生駒デンタルクリニック矯正歯科", "機関区分": 3, "都道府県コード": 9, "市区町村コード": 213, "所在地": "栃木県那須塩原市太夫塚１－１９５－２１", "緯度": 36.885721, "経度": 139.979122, "url": "https://www.iryou.teikyouseido.mhlw.go.jp/znk-web/juminkanja/S2430/initialize?prefCd=09&kikanCd=3090000887&kikanKbn=3", "url2": null, "内容": "生駒デンタルクリニック矯正歯科【3:歯科】栃木県那須塩原市太夫塚１－１９５－２１" }, "geometry": { "type": "Point", "coordinates": [ 139.979122, 36.885721 ] } },
{ "type": "Feature", "properties": { "ID": 933090000889, "正式名称": "礒歯科医院", "機関区分": 3, "都道府県コード": 9, "市区町村コード": 213, "所在地": "栃木県那須塩原市高砂町４－６", "緯度": 36.974266, "経度": 140.052204, "url": "https://www.iryou.teikyouseido.mhlw.go.jp/znk-web/juminkanja/S2430/initialize?prefCd=09&kikanCd=3090000889&kikanKbn=3", "url2": null, "内容": "礒歯科医院【3:歯科】栃木県那須塩原市高砂町４－６" }, "geometry": { "type": "Point", "coordinates": [ 140.052204, 36.974266 ] } },
{ "type": "Feature", "properties": { "ID": 933090000890, "正式名称": "医療法人社団賢優会伊藤歯科医院", "機関区分": 3, "都道府県コード": 9, "市区町村コード": 213, "所在地": "栃木県那須塩原市扇町６−１６", "緯度": 36.884738, "経度": 139.984512, "url": "https://www.iryou.teikyouseido.mhlw.go.jp/znk-web/juminkanja/S2430/initialize?prefCd=09&kikanCd=3090000890&kikanKbn=3", "url2": "http://www.ito-dental-office.com/", "内容": "医療法人社団賢優会伊藤歯科医院【3:歯科】栃木県那須塩原市扇町６−１６" }, "geometry": { "type": "Point", "coordinates": [ 139.984512, 36.884738 ] } },
{ "type": "Feature", "properties": { "ID": 933090000892, "正式名称": "印南歯科医院", "機関区分": 3, "都道府県コード": 9, "市区町村コード": 213, "所在地": "栃木県那須塩原市下田野４２０－２５", "緯度": 36.941879, "経度": 139.906279, "url": "https://www.iryou.teikyouseido.mhlw.go.jp/znk-web/juminkanja/S2430/initialize?prefCd=09&kikanCd=3090000892&kikanKbn=3", "url2": null, "内容": "印南歯科医院【3:歯科】栃木県那須塩原市下田野４２０－２５" }, "geometry": { "type": "Point", "coordinates": [ 139.906279, 36.941879 ] } },
{ "type": "Feature", "properties": { "ID": 933090000893, "正式名称": "江口歯科医院", "機関区分": 3, "都道府県コード": 9, "市区町村コード": 213, "所在地": "栃木県那須塩原市大原間西１－８ー２", "緯度": 36.930895, "経度": 140.019319, "url": "https://www.iryou.teikyouseido.mhlw.go.jp/znk-web/juminkanja/S2430/initialize?prefCd=09&kikanCd=3090000893&kikanKbn=3", "url2": null, "内容": "江口歯科医院【3:歯科】栃木県那須塩原市大原間西１－８ー２" }, "geometry": { "type": "Point", "coordinates": [ 140.019319, 36.930895 ] } },
{ "type": "Feature", "properties": { "ID": 933090000894, "正式名称": "大田原歯科医院", "機関区分": 3, "都道府県コード": 9, "市区町村コード": 213, "所在地": "栃木県那須塩原市住吉町３－３４", "緯度": 36.967298, "経度": 140.049637, "url": "https://www.iryou.teikyouseido.mhlw.go.jp/znk-web/juminkanja/S2430/initialize?prefCd=09&kikanCd=3090000894&kikanKbn=3", "url2": null, "内容": "大田原歯科医院【3:歯科】栃木県那須塩原市住吉町３－３４" }, "geometry": { "type": "Point", "coordinates": [ 140.049637, 36.967298 ] } },
{ "type": "Feature", "properties": { "ID": 933090000895, "正式名称": "医療法人皓那会　　大野歯科クリニック", "機関区分": 3, "都道府県コード": 9, "市区町村コード": 213, "所在地": "栃木県那須塩原市東原３－１４９３", "緯度": 36.982951, "経度": 140.030928, "url": "https://www.iryou.teikyouseido.mhlw.go.jp/znk-web/juminkanja/S2430/initialize?prefCd=09&kikanCd=3090000895&kikanKbn=3", "url2": "http://www.ono-dental.net", "内容": "医療法人皓那会　　大野歯科クリニック【3:歯科】栃木県那須塩原市東原３－１４９３" }, "geometry": { "type": "Point", "coordinates": [ 140.030928, 36.982951 ] } },
{ "type": "Feature", "properties": { "ID": 933090000896, "正式名称": "おがわ歯科医院", "機関区分": 3, "都道府県コード": 9, "市区町村コード": 213, "所在地": "栃木県那須塩原市下永田３－１１７３－２", "緯度": 36.880716, "経度": 139.99379, "url": "https://www.iryou.teikyouseido.mhlw.go.jp/znk-web/juminkanja/S2430/initialize?prefCd=09&kikanCd=3090000896&kikanKbn=3", "url2": null, "内容": "おがわ歯科医院【3:歯科】栃木県那須塩原市下永田３－１１７３－２" }, "geometry": { "type": "Point", "coordinates": [ 139.99379, 36.880716 ] } },
{ "type": "Feature", "properties": { "ID": 933090000898, "正式名称": "グリーン歯科本田クリニック", "機関区分": 3, "都道府県コード": 9, "市区町村コード": 213, "所在地": "栃木県那須塩原市材木町６－３２", "緯度": 36.975925, "経度": 140.04786, "url": "https://www.iryou.teikyouseido.mhlw.go.jp/znk-web/juminkanja/S2430/initialize?prefCd=09&kikanCd=3090000898&kikanKbn=3", "url2": null, "内容": "グリーン歯科本田クリニック【3:歯科】栃木県那須塩原市材木町６－３２" }, "geometry": { "type": "Point", "coordinates": [ 140.04786, 36.975925 ] } },
{ "type": "Feature", "properties": { "ID": 933090000900, "正式名称": "五味渕　歯科医院", "機関区分": 3, "都道府県コード": 9, "市区町村コード": 213, "所在地": "栃木県那須塩原市永田町７ー１０", "緯度": 36.885405, "経度": 139.983596, "url": "https://www.iryou.teikyouseido.mhlw.go.jp/znk-web/juminkanja/S2430/initialize?prefCd=09&kikanCd=3090000900&kikanKbn=3", "url2": "https://www.gomibuchishika.com", "内容": "五味渕　歯科医院【3:歯科】栃木県那須塩原市永田町７ー１０" }, "geometry": { "type": "Point", "coordinates": [ 139.983596, 36.885405 ] } },
{ "type": "Feature", "properties": { "ID": 933090000901, "正式名称": "坂元クリニック", "機関区分": 3, "都道府県コード": 9, "市区町村コード": 213, "所在地": "栃木県那須塩原市中央町４－２１", "緯度": 36.972, "経度": 140.054829, "url": "https://www.iryou.teikyouseido.mhlw.go.jp/znk-web/juminkanja/S2430/initialize?prefCd=09&kikanCd=3090000901&kikanKbn=3", "url2": null, "内容": "坂元クリニック【3:歯科】栃木県那須塩原市中央町４－２１" }, "geometry": { "type": "Point", "coordinates": [ 140.054829, 36.972 ] } },
{ "type": "Feature", "properties": { "ID": 933090000902, "正式名称": "渋井歯科医院", "機関区分": 3, "都道府県コード": 9, "市区町村コード": 213, "所在地": "栃木県那須塩原市西幸町", "緯度": 36.875936, "経度": 139.983583, "url": "https://www.iryou.teikyouseido.mhlw.go.jp/znk-web/juminkanja/S2430/initialize?prefCd=09&kikanCd=3090000902&kikanKbn=3", "url2": null, "内容": "渋井歯科医院【3:歯科】栃木県那須塩原市西幸町" }, "geometry": { "type": "Point", "coordinates": [ 139.983583, 36.875936 ] } },
{ "type": "Feature", "properties": { "ID": 933090000903, "正式名称": "清水歯科医院", "機関区分": 3, "都道府県コード": 9, "市区町村コード": 213, "所在地": "栃木県那須塩原市豊浦１１－１８４", "緯度": 36.959552, "経度": 140.061992, "url": "https://www.iryou.teikyouseido.mhlw.go.jp/znk-web/juminkanja/S2430/initialize?prefCd=09&kikanCd=3090000903&kikanKbn=3", "url2": "https://nasushiobarashimizushika.org/kyousei.kuroiso", "内容": "清水歯科医院【3:歯科】栃木県那須塩原市豊浦１１－１８４" }, "geometry": { "type": "Point", "coordinates": [ 140.061992, 36.959552 ] } },
{ "type": "Feature", "properties": { "ID": 933090000904, "正式名称": "医療法人　新藤歯科医院", "機関区分": 3, "都道府県コード": 9, "市区町村コード": 213, "所在地": "栃木県那須塩原市上厚崎７２１－１", "緯度": 36.949627, "経度": 140.030192, "url": "https://www.iryou.teikyouseido.mhlw.go.jp/znk-web/juminkanja/S2430/initialize?prefCd=09&kikanCd=3090000904&kikanKbn=3", "url2": "https://www.shindo-dc.com", "内容": "医療法人　新藤歯科医院【3:歯科】栃木県那須塩原市上厚崎７２１－１" }, "geometry": { "type": "Point", "coordinates": [ 140.030192, 36.949627 ] } },
{ "type": "Feature", "properties": { "ID": 933090000905, "正式名称": "せきぐち歯科医院", "機関区分": 3, "都道府県コード": 9, "市区町村コード": 213, "所在地": "栃木県那須塩原市上厚崎５８２－５", "緯度": 36.963261, "経度": 140.028192, "url": "https://www.iryou.teikyouseido.mhlw.go.jp/znk-web/juminkanja/S2430/initialize?prefCd=09&kikanCd=3090000905&kikanKbn=3", "url2": null, "内容": "せきぐち歯科医院【3:歯科】栃木県那須塩原市上厚崎５８２－５" }, "geometry": { "type": "Point", "coordinates": [ 140.028192, 36.963261 ] } },
{ "type": "Feature", "properties": { "ID": 933090000906, "正式名称": "たかさき歯科医院", "機関区分": 3, "都道府県コード": 9, "市区町村コード": 213, "所在地": "栃木県那須塩原市南郷屋４－３１－１５８", "緯度": 36.892306, "経度": 139.989428, "url": "https://www.iryou.teikyouseido.mhlw.go.jp/znk-web/juminkanja/S2430/initialize?prefCd=09&kikanCd=3090000906&kikanKbn=3", "url2": null, "内容": "たかさき歯科医院【3:歯科】栃木県那須塩原市南郷屋４－３１－１５８" }, "geometry": { "type": "Point", "coordinates": [ 139.989428, 36.892306 ] } },
{ "type": "Feature", "properties": { "ID": 933090000908, "正式名称": "武田歯科医院", "機関区分": 3, "都道府県コード": 9, "市区町村コード": 213, "所在地": "栃木県那須塩原市西栄町４－４", "緯度": 36.887903, "経度": 139.984532, "url": "https://www.iryou.teikyouseido.mhlw.go.jp/znk-web/juminkanja/S2430/initialize?prefCd=09&kikanCd=3090000908&kikanKbn=3", "url2": null, "内容": "武田歯科医院【3:歯科】栃木県那須塩原市西栄町４－４" }, "geometry": { "type": "Point", "coordinates": [ 139.984532, 36.887903 ] } },
{ "type": "Feature", "properties": { "ID": 933090000909, "正式名称": "ＤＥＮＴＡＬＣＬＩＮＩＣＭ’Ｓ", "機関区分": 3, "都道府県コード": 9, "市区町村コード": 213, "所在地": "栃木県那須塩原市方京１－６－２", "緯度": 36.933478, "経度": 140.016636, "url": "https://www.iryou.teikyouseido.mhlw.go.jp/znk-web/juminkanja/S2430/initialize?prefCd=09&kikanCd=3090000909&kikanKbn=3", "url2": null, "内容": "ＤＥＮＴＡＬＣＬＩＮＩＣＭ’Ｓ【3:歯科】栃木県那須塩原市方京１－６－２" }, "geometry": { "type": "Point", "coordinates": [ 140.016636, 36.933478 ] } },
{ "type": "Feature", "properties": { "ID": 933090000910, "正式名称": "中江歯科医院", "機関区分": 3, "都道府県コード": 9, "市区町村コード": 213, "所在地": "栃木県那須塩原市永田町２－４", "緯度": 36.884885, "経度": 139.985701, "url": "https://www.iryou.teikyouseido.mhlw.go.jp/znk-web/juminkanja/S2430/initialize?prefCd=09&kikanCd=3090000910&kikanKbn=3", "url2": null, "内容": "中江歯科医院【3:歯科】栃木県那須塩原市永田町２－４" }, "geometry": { "type": "Point", "coordinates": [ 139.985701, 36.884885 ] } },
{ "type": "Feature", "properties": { "ID": 933090000911, "正式名称": "なべかけ歯科", "機関区分": 3, "都道府県コード": 9, "市区町村コード": 213, "所在地": "栃木県那須塩原市鍋掛１４７５－６４２", "緯度": 36.949106, "経度": 140.083733, "url": "https://www.iryou.teikyouseido.mhlw.go.jp/znk-web/juminkanja/S2430/initialize?prefCd=09&kikanCd=3090000911&kikanKbn=3", "url2": "http://www.nabekake-shika.com", "内容": "なべかけ歯科【3:歯科】栃木県那須塩原市鍋掛１４７５－６４２" }, "geometry": { "type": "Point", "coordinates": [ 140.083733, 36.949106 ] } },
{ "type": "Feature", "properties": { "ID": 933090000912, "正式名称": "西田歯科医院", "機関区分": 3, "都道府県コード": 9, "市区町村コード": 213, "所在地": "栃木県那須塩原市下永田７－１０９８－３", "緯度": 36.87762, "経度": 140.004939, "url": "https://www.iryou.teikyouseido.mhlw.go.jp/znk-web/juminkanja/S2430/initialize?prefCd=09&kikanCd=3090000912&kikanKbn=3", "url2": null, "内容": "西田歯科医院【3:歯科】栃木県那須塩原市下永田７－１０９８－３" }, "geometry": { "type": "Point", "coordinates": [ 140.004939, 36.87762 ] } },
{ "type": "Feature", "properties": { "ID": 933090000915, "正式名称": "医療法人まこと会　桧山歯科クリニック", "機関区分": 3, "都道府県コード": 9, "市区町村コード": 213, "所在地": "栃木県那須塩原市弥生町２―２８", "緯度": 36.974958, "経度": 140.057715, "url": "https://www.iryou.teikyouseido.mhlw.go.jp/znk-web/juminkanja/S2430/initialize?prefCd=09&kikanCd=3090000915&kikanKbn=3", "url2": "http://www.hiyama-dc.jp", "内容": "医療法人まこと会　桧山歯科クリニック【3:歯科】栃木県那須塩原市弥生町２―２８" }, "geometry": { "type": "Point", "coordinates": [ 140.057715, 36.974958 ] } },
{ "type": "Feature", "properties": { "ID": 933090000916, "正式名称": "ヒライデ歯科医院", "機関区分": 3, "都道府県コード": 9, "市区町村コード": 213, "所在地": "栃木県那須塩原市五軒町２－２５", "緯度": 36.889614, "経度": 139.980607, "url": "https://www.iryou.teikyouseido.mhlw.go.jp/znk-web/juminkanja/S2430/initialize?prefCd=09&kikanCd=3090000916&kikanKbn=3", "url2": null, "内容": "ヒライデ歯科医院【3:歯科】栃木県那須塩原市五軒町２－２５" }, "geometry": { "type": "Point", "coordinates": [ 139.980607, 36.889614 ] } },
{ "type": "Feature", "properties": { "ID": 933090000917, "正式名称": "平野歯科医院", "機関区分": 3, "都道府県コード": 9, "市区町村コード": 213, "所在地": "栃木県那須塩原市三島１－１５", "緯度": 36.892666, "経度": 139.978352, "url": "https://www.iryou.teikyouseido.mhlw.go.jp/znk-web/juminkanja/S2430/initialize?prefCd=09&kikanCd=3090000917&kikanKbn=3", "url2": null, "内容": "平野歯科医院【3:歯科】栃木県那須塩原市三島１－１５" }, "geometry": { "type": "Point", "coordinates": [ 139.978352, 36.892666 ] } },
{ "type": "Feature", "properties": { "ID": 933090000919, "正式名称": "ましこ歯科医院", "機関区分": 3, "都道府県コード": 9, "市区町村コード": 213, "所在地": "栃木県那須塩原市錦町３－２６", "緯度": 36.96697, "経度": 140.055026, "url": "https://www.iryou.teikyouseido.mhlw.go.jp/znk-web/juminkanja/S2430/initialize?prefCd=09&kikanCd=3090000919&kikanKbn=3", "url2": "mashikoshika-iin.net", "内容": "ましこ歯科医院【3:歯科】栃木県那須塩原市錦町３－２６" }, "geometry": { "type": "Point", "coordinates": [ 140.055026, 36.96697 ] } },
{ "type": "Feature", "properties": { "ID": 933090000920, "正式名称": "マジマ歯科医院", "機関区分": 3, "都道府県コード": 9, "市区町村コード": 213, "所在地": "栃木県那須塩原市若葉町７－６　グランツ３－１０８", "緯度": 36.971299, "経度": 140.046183, "url": "https://www.iryou.teikyouseido.mhlw.go.jp/znk-web/juminkanja/S2430/initialize?prefCd=09&kikanCd=3090000920&kikanKbn=3", "url2": null, "内容": "マジマ歯科医院【3:歯科】栃木県那須塩原市若葉町７－６　グランツ３－１０８" }, "geometry": { "type": "Point", "coordinates": [ 140.046183, 36.971299 ] } },
{ "type": "Feature", "properties": { "ID": 933090000921, "正式名称": "医療法人社団　正祐会　増渕歯科医院", "機関区分": 3, "都道府県コード": 9, "市区町村コード": 213, "所在地": "栃木県那須塩原市西三島１丁目１５５番地３", "緯度": 36.889686, "経度": 139.974122, "url": "https://www.iryou.teikyouseido.mhlw.go.jp/znk-web/juminkanja/S2430/initialize?prefCd=09&kikanCd=3090000921&kikanKbn=3", "url2": "http://masubuchi.or.jp/", "内容": "医療法人社団　正祐会　増渕歯科医院【3:歯科】栃木県那須塩原市西三島１丁目１５５番地３" }, "geometry": { "type": "Point", "coordinates": [ 139.974122, 36.889686 ] } },
{ "type": "Feature", "properties": { "ID": 933090000922, "正式名称": "松井歯科診療室", "機関区分": 3, "都道府県コード": 9, "市区町村コード": 213, "所在地": "栃木県那須塩原市東小屋１９３－２", "緯度": 36.928295, "経度": 140.025168, "url": "https://www.iryou.teikyouseido.mhlw.go.jp/znk-web/juminkanja/S2430/initialize?prefCd=09&kikanCd=3090000922&kikanKbn=3", "url2": null, "内容": "松井歯科診療室【3:歯科】栃木県那須塩原市東小屋１９３－２" }, "geometry": { "type": "Point", "coordinates": [ 140.025168, 36.928295 ] } },
{ "type": "Feature", "properties": { "ID": 933090000923, "正式名称": "松本歯科", "機関区分": 3, "都道府県コード": 9, "市区町村コード": 213, "所在地": "栃木県那須塩原市鍋掛１０８７－３９８", "緯度": 36.960032, "経度": 140.068225, "url": "https://www.iryou.teikyouseido.mhlw.go.jp/znk-web/juminkanja/S2430/initialize?prefCd=09&kikanCd=3090000923&kikanKbn=3", "url2": null, "内容": "松本歯科【3:歯科】栃木県那須塩原市鍋掛１０８７－３９８" }, "geometry": { "type": "Point", "coordinates": [ 140.068225, 36.960032 ] } },
{ "type": "Feature", "properties": { "ID": 933090000924, "正式名称": "馬渡歯科医院", "機関区分": 3, "都道府県コード": 9, "市区町村コード": 213, "所在地": "栃木県那須塩原市高林１２０１－２３", "緯度": 36.987845, "経度": 139.956066, "url": "https://www.iryou.teikyouseido.mhlw.go.jp/znk-web/juminkanja/S2430/initialize?prefCd=09&kikanCd=3090000924&kikanKbn=3", "url2": null, "内容": "馬渡歯科医院【3:歯科】栃木県那須塩原市高林１２０１－２３" }, "geometry": { "type": "Point", "coordinates": [ 139.956066, 36.987845 ] } },
{ "type": "Feature", "properties": { "ID": 933090000925, "正式名称": "三島歯科クリニック", "機関区分": 3, "都道府県コード": 9, "市区町村コード": 213, "所在地": "栃木県那須塩原市三島２－１２１－１０", "緯度": 36.893348, "経度": 139.974205, "url": "https://www.iryou.teikyouseido.mhlw.go.jp/znk-web/juminkanja/S2430/initialize?prefCd=09&kikanCd=3090000925&kikanKbn=3", "url2": null, "内容": "三島歯科クリニック【3:歯科】栃木県那須塩原市三島２－１２１－１０" }, "geometry": { "type": "Point", "coordinates": [ 139.974205, 36.893348 ] } },
{ "type": "Feature", "properties": { "ID": 933090000926, "正式名称": "水谷歯科医院", "機関区分": 3, "都道府県コード": 9, "市区町村コード": 213, "所在地": "栃木県那須塩原市共墾社１－８２－５", "緯度": 36.963053, "経度": 140.050785, "url": "https://www.iryou.teikyouseido.mhlw.go.jp/znk-web/juminkanja/S2430/initialize?prefCd=09&kikanCd=3090000926&kikanKbn=3", "url2": "http://325-mizutani.jp", "内容": "水谷歯科医院【3:歯科】栃木県那須塩原市共墾社１－８２－５" }, "geometry": { "type": "Point", "coordinates": [ 140.050785, 36.963053 ] } },
{ "type": "Feature", "properties": { "ID": 933090000927, "正式名称": "みゆき歯科", "機関区分": 3, "都道府県コード": 9, "市区町村コード": 213, "所在地": "栃木県那須塩原市高柳６１－１８", "緯度": 36.900717, "経度": 139.988174, "url": "https://www.iryou.teikyouseido.mhlw.go.jp/znk-web/juminkanja/S2430/initialize?prefCd=09&kikanCd=3090000927&kikanKbn=3", "url2": null, "内容": "みゆき歯科【3:歯科】栃木県那須塩原市高柳６１－１８" }, "geometry": { "type": "Point", "coordinates": [ 139.988174, 36.900717 ] } },
{ "type": "Feature", "properties": { "ID": 933090000928, "正式名称": "室賀歯科医院", "機関区分": 3, "都道府県コード": 9, "市区町村コード": 213, "所在地": "栃木県那須塩原市豊浦９３", "緯度": 36.979829, "経度": 140.034023, "url": "https://www.iryou.teikyouseido.mhlw.go.jp/znk-web/juminkanja/S2430/initialize?prefCd=09&kikanCd=3090000928&kikanKbn=3", "url2": null, "内容": "室賀歯科医院【3:歯科】栃木県那須塩原市豊浦９３" }, "geometry": { "type": "Point", "coordinates": [ 140.034023, 36.979829 ] } },
{ "type": "Feature", "properties": { "ID": 933090000930, "正式名称": "渡邉歯科医院", "機関区分": 3, "都道府県コード": 9, "市区町村コード": 213, "所在地": "栃木県那須塩原市埼玉７８ー８６", "緯度": 36.965336, "経度": 140.02402, "url": "https://www.iryou.teikyouseido.mhlw.go.jp/znk-web/juminkanja/S2430/initialize?prefCd=09&kikanCd=3090000930&kikanKbn=3", "url2": null, "内容": "渡邉歯科医院【3:歯科】栃木県那須塩原市埼玉７８ー８６" }, "geometry": { "type": "Point", "coordinates": [ 140.02402, 36.965336 ] } },
{ "type": "Feature", "properties": { "ID": 933090000931, "正式名称": "渡辺歯科クリニック", "機関区分": 3, "都道府県コード": 9, "市区町村コード": 213, "所在地": "栃木県那須塩原市西三島２－１７８－１８", "緯度": 36.890861, "経度": 139.967525, "url": "https://www.iryou.teikyouseido.mhlw.go.jp/znk-web/juminkanja/S2430/initialize?prefCd=09&kikanCd=3090000931&kikanKbn=3", "url2": "http://www.watanabe-dc.jp", "内容": "渡辺歯科クリニック【3:歯科】栃木県那須塩原市西三島２－１７８－１８" }, "geometry": { "type": "Point", "coordinates": [ 139.967525, 36.890861 ] } },
{ "type": "Feature", "properties": { "ID": 933090000932, "正式名称": "ワタナベミキヒコ歯科クリニック", "機関区分": 3, "都道府県コード": 9, "市区町村コード": 213, "所在地": "栃木県那須塩原市関谷２０４０－２", "緯度": 36.947873, "経度": 139.904413, "url": "https://www.iryou.teikyouseido.mhlw.go.jp/znk-web/juminkanja/S2430/initialize?prefCd=09&kikanCd=3090000932&kikanKbn=3", "url2": null, "内容": "ワタナベミキヒコ歯科クリニック【3:歯科】栃木県那須塩原市関谷２０４０－２" }, "geometry": { "type": "Point", "coordinates": [ 139.904413, 36.947873 ] } },
{ "type": "Feature", "properties": { "ID": 933090000934, "正式名称": "河上歯科", "機関区分": 3, "都道府県コード": 9, "市区町村コード": 214, "所在地": "栃木県さくら市北草川", "緯度": 36.689392, "経度": 139.950875, "url": "https://www.iryou.teikyouseido.mhlw.go.jp/znk-web/juminkanja/S2430/initialize?prefCd=09&kikanCd=3090000934&kikanKbn=3", "url2": null, "内容": "河上歯科【3:歯科】栃木県さくら市北草川" }, "geometry": { "type": "Point", "coordinates": [ 139.950875, 36.689392 ] } },
{ "type": "Feature", "properties": { "ID": 933090000936, "正式名称": "まちだ歯科クリニック", "機関区分": 3, "都道府県コード": 9, "市区町村コード": 214, "所在地": "栃木県さくら市喜連川５１１－１", "緯度": 36.719736, "経度": 140.034679, "url": "https://www.iryou.teikyouseido.mhlw.go.jp/znk-web/juminkanja/S2430/initialize?prefCd=09&kikanCd=3090000936&kikanKbn=3", "url2": null, "内容": "まちだ歯科クリニック【3:歯科】栃木県さくら市喜連川５１１－１" }, "geometry": { "type": "Point", "coordinates": [ 140.034679, 36.719736 ] } },
{ "type": "Feature", "properties": { "ID": 933090000937, "正式名称": "矯正齋藤歯科医院", "機関区分": 3, "都道府県コード": 9, "市区町村コード": 214, "所在地": "栃木県さくら市卯の里３－３１－１", "緯度": 36.680677, "経度": 139.961664, "url": "https://www.iryou.teikyouseido.mhlw.go.jp/znk-web/juminkanja/S2430/initialize?prefCd=09&kikanCd=3090000937&kikanKbn=3", "url2": "http://www.3111.jp/", "内容": "矯正齋藤歯科医院【3:歯科】栃木県さくら市卯の里３－３１－１" }, "geometry": { "type": "Point", "coordinates": [ 139.961664, 36.680677 ] } },
{ "type": "Feature", "properties": { "ID": 933090000940, "正式名称": "塩野歯科医院", "機関区分": 3, "都道府県コード": 9, "市区町村コード": 214, "所在地": "栃木県さくら市櫻野４１５－１", "緯度": 36.680321, "経度": 139.970863, "url": "https://www.iryou.teikyouseido.mhlw.go.jp/znk-web/juminkanja/S2430/initialize?prefCd=09&kikanCd=3090000940&kikanKbn=3", "url2": "http://www.mvpro.jp/dental/shiono/", "内容": "塩野歯科医院【3:歯科】栃木県さくら市櫻野４１５－１" }, "geometry": { "type": "Point", "coordinates": [ 139.970863, 36.680321 ] } },
{ "type": "Feature", "properties": { "ID": 933090000943, "正式名称": "にから歯科医院", "機関区分": 3, "都道府県コード": 9, "市区町村コード": 214, "所在地": "栃木県さくら市喜連川８７－３", "緯度": 36.717575, "経度": 140.03939, "url": "https://www.iryou.teikyouseido.mhlw.go.jp/znk-web/juminkanja/S2430/initialize?prefCd=09&kikanCd=3090000943&kikanKbn=3", "url2": null, "内容": "にから歯科医院【3:歯科】栃木県さくら市喜連川８７－３" }, "geometry": { "type": "Point", "coordinates": [ 140.03939, 36.717575 ] } },
{ "type": "Feature", "properties": { "ID": 933090000944, "正式名称": "医療法人　西海歯科医院", "機関区分": 3, "都道府県コード": 9, "市区町村コード": 214, "所在地": "栃木県さくら市氏家３４８５－１３", "緯度": 36.708124, "経度": 139.968001, "url": "https://www.iryou.teikyouseido.mhlw.go.jp/znk-web/juminkanja/S2430/initialize?prefCd=09&kikanCd=3090000944&kikanKbn=3", "url2": null, "内容": "医療法人　西海歯科医院【3:歯科】栃木県さくら市氏家３４８５－１３" }, "geometry": { "type": "Point", "coordinates": [ 139.968001, 36.708124 ] } },
{ "type": "Feature", "properties": { "ID": 933090000945, "正式名称": "野沢歯科医院", "機関区分": 3, "都道府県コード": 9, "市区町村コード": 214, "所在地": "栃木県さくら市喜連川９８０－１", "緯度": 36.727899, "経度": 140.02863, "url": "https://www.iryou.teikyouseido.mhlw.go.jp/znk-web/juminkanja/S2430/initialize?prefCd=09&kikanCd=3090000945&kikanKbn=3", "url2": null, "内容": "野沢歯科医院【3:歯科】栃木県さくら市喜連川９８０－１" }, "geometry": { "type": "Point", "coordinates": [ 140.02863, 36.727899 ] } },
{ "type": "Feature", "properties": { "ID": 933090000948, "正式名称": "医療法人　文光会　渡辺歯科医院", "機関区分": 3, "都道府県コード": 9, "市区町村コード": 214, "所在地": "栃木県さくら市氏家２７６５－５", "緯度": 36.686224, "経度": 139.965941, "url": "https://www.iryou.teikyouseido.mhlw.go.jp/znk-web/juminkanja/S2430/initialize?prefCd=09&kikanCd=3090000948&kikanKbn=3", "url2": "https://bunko-kai.amebaownd.com/", "内容": "医療法人　文光会　渡辺歯科医院【3:歯科】栃木県さくら市氏家２７６５－５" }, "geometry": { "type": "Point", "coordinates": [ 139.965941, 36.686224 ] } },
{ "type": "Feature", "properties": { "ID": 933090000949, "正式名称": "渡辺よしお歯科医院", "機関区分": 3, "都道府県コード": 9, "市区町村コード": 214, "所在地": "栃木県さくら市富野岡３－５", "緯度": 36.690584, "経度": 139.948053, "url": "https://www.iryou.teikyouseido.mhlw.go.jp/znk-web/juminkanja/S2430/initialize?prefCd=09&kikanCd=3090000949&kikanKbn=3", "url2": null, "内容": "渡辺よしお歯科医院【3:歯科】栃木県さくら市富野岡３－５" }, "geometry": { "type": "Point", "coordinates": [ 139.948053, 36.690584 ] } },
{ "type": "Feature", "properties": { "ID": 933090000950, "正式名称": "浅倉歯科医院", "機関区分": 3, "都道府県コード": 9, "市区町村コード": 215, "所在地": "栃木県那須烏山市谷浅見９８６－１", "緯度": 36.69558, "経度": 140.15366, "url": "https://www.iryou.teikyouseido.mhlw.go.jp/znk-web/juminkanja/S2430/initialize?prefCd=09&kikanCd=3090000950&kikanKbn=3", "url2": null, "内容": "浅倉歯科医院【3:歯科】栃木県那須烏山市谷浅見９８６－１" }, "geometry": { "type": "Point", "coordinates": [ 140.15366, 36.69558 ] } },
{ "type": "Feature", "properties": { "ID": 933090000951, "正式名称": "石川歯科医院", "機関区分": 3, "都道府県コード": 9, "市区町村コード": 215, "所在地": "栃木県那須烏山市金井１－８－４", "緯度": 36.653888, "経度": 140.152322, "url": "https://www.iryou.teikyouseido.mhlw.go.jp/znk-web/juminkanja/S2430/initialize?prefCd=09&kikanCd=3090000951&kikanKbn=3", "url2": null, "内容": "石川歯科医院【3:歯科】栃木県那須烏山市金井１－８－４" }, "geometry": { "type": "Point", "coordinates": [ 140.152322, 36.653888 ] } },
{ "type": "Feature", "properties": { "ID": 933090000952, "正式名称": "石川歯科医院", "機関区分": 3, "都道府県コード": 9, "市区町村コード": 215, "所在地": "栃木県那須烏山市金井２－９ー６", "緯度": 36.653191, "経度": 140.154872, "url": "https://www.iryou.teikyouseido.mhlw.go.jp/znk-web/juminkanja/S2430/initialize?prefCd=09&kikanCd=3090000952&kikanKbn=3", "url2": null, "内容": "石川歯科医院【3:歯科】栃木県那須烏山市金井２－９ー６" }, "geometry": { "type": "Point", "coordinates": [ 140.154872, 36.653191 ] } },
{ "type": "Feature", "properties": { "ID": 933090000953, "正式名称": "岡林歯科医院", "機関区分": 3, "都道府県コード": 9, "市区町村コード": 215, "所在地": "栃木県那須烏山市初音６－６", "緯度": 36.65197, "経度": 140.158164, "url": "https://www.iryou.teikyouseido.mhlw.go.jp/znk-web/juminkanja/S2430/initialize?prefCd=09&kikanCd=3090000953&kikanKbn=3", "url2": null, "内容": "岡林歯科医院【3:歯科】栃木県那須烏山市初音６－６" }, "geometry": { "type": "Point", "coordinates": [ 140.158164, 36.65197 ] } },
{ "type": "Feature", "properties": { "ID": 933090000954, "正式名称": "川俣歯科医院", "機関区分": 3, "都道府県コード": 9, "市区町村コード": 215, "所在地": "栃木県那須烏山市旭１－２０－５", "緯度": 36.653999, "経度": 140.165024, "url": "https://www.iryou.teikyouseido.mhlw.go.jp/znk-web/juminkanja/S2430/initialize?prefCd=09&kikanCd=3090000954&kikanKbn=3", "url2": null, "内容": "川俣歯科医院【3:歯科】栃木県那須烏山市旭１－２０－５" }, "geometry": { "type": "Point", "coordinates": [ 140.165024, 36.653999 ] } },
{ "type": "Feature", "properties": { "ID": 933090000956, "正式名称": "医療法人博信会　スマイル歯科", "機関区分": 3, "都道府県コード": 9, "市区町村コード": 215, "所在地": "栃木県那須烏山市藤田１４７７", "緯度": 36.687151, "経度": 140.086398, "url": "https://www.iryou.teikyouseido.mhlw.go.jp/znk-web/juminkanja/S2430/initialize?prefCd=09&kikanCd=3090000956&kikanKbn=3", "url2": null, "内容": "医療法人博信会　スマイル歯科【3:歯科】栃木県那須烏山市藤田１４７７" }, "geometry": { "type": "Point", "coordinates": [ 140.086398, 36.687151 ] } },
{ "type": "Feature", "properties": { "ID": 933090000957, "正式名称": "石倉歯科医院", "機関区分": 3, "都道府県コード": 9, "市区町村コード": 215, "所在地": "栃木県那須烏山市鴻野山", "緯度": 36.665729, "経度": 140.0571, "url": "https://www.iryou.teikyouseido.mhlw.go.jp/znk-web/juminkanja/S2430/initialize?prefCd=09&kikanCd=3090000957&kikanKbn=3", "url2": null, "内容": "石倉歯科医院【3:歯科】栃木県那須烏山市鴻野山" }, "geometry": { "type": "Point", "coordinates": [ 140.0571, 36.665729 ] } },
{ "type": "Feature", "properties": { "ID": 933090000960, "正式名称": "藤井歯科医院", "機関区分": 3, "都道府県コード": 9, "市区町村コード": 215, "所在地": "栃木県那須烏山市中央３－３－５", "緯度": 36.660374, "経度": 140.154966, "url": "https://www.iryou.teikyouseido.mhlw.go.jp/znk-web/juminkanja/S2430/initialize?prefCd=09&kikanCd=3090000960&kikanKbn=3", "url2": null, "内容": "藤井歯科医院【3:歯科】栃木県那須烏山市中央３－３－５" }, "geometry": { "type": "Point", "coordinates": [ 140.154966, 36.660374 ] } },
{ "type": "Feature", "properties": { "ID": 933090000961, "正式名称": "みどり歯科", "機関区分": 3, "都道府県コード": 9, "市区町村コード": 215, "所在地": "栃木県那須烏山市南大和久４５１－２", "緯度": 36.666922, "経度": 140.100807, "url": "https://www.iryou.teikyouseido.mhlw.go.jp/znk-web/juminkanja/S2430/initialize?prefCd=09&kikanCd=3090000961&kikanKbn=3", "url2": null, "内容": "みどり歯科【3:歯科】栃木県那須烏山市南大和久４５１－２" }, "geometry": { "type": "Point", "coordinates": [ 140.100807, 36.666922 ] } },
{ "type": "Feature", "properties": { "ID": 933090000962, "正式名称": "若林歯科医院", "機関区分": 3, "都道府県コード": 9, "市区町村コード": 215, "所在地": "栃木県那須烏山市中央１－１８－３２", "緯度": 36.659994, "経度": 140.151941, "url": "https://www.iryou.teikyouseido.mhlw.go.jp/znk-web/juminkanja/S2430/initialize?prefCd=09&kikanCd=3090000962&kikanKbn=3", "url2": "http://dentist-402.business.site", "内容": "若林歯科医院【3:歯科】栃木県那須烏山市中央１－１８－３２" }, "geometry": { "type": "Point", "coordinates": [ 140.151941, 36.659994 ] } },
{ "type": "Feature", "properties": { "ID": 933090000963, "正式名称": "斎藤歯科医院", "機関区分": 3, "都道府県コード": 9, "市区町村コード": 384, "所在地": "栃木県塩谷郡塩谷町船生５３６４－２", "緯度": 36.769912, "経度": 139.77084, "url": "https://www.iryou.teikyouseido.mhlw.go.jp/znk-web/juminkanja/S2430/initialize?prefCd=09&kikanCd=3090000963&kikanKbn=3", "url2": null, "内容": "斎藤歯科医院【3:歯科】栃木県塩谷郡塩谷町船生５３６４－２" }, "geometry": { "type": "Point", "coordinates": [ 139.77084, 36.769912 ] } },
{ "type": "Feature", "properties": { "ID": 933090000964, "正式名称": "鈴木歯科医院", "機関区分": 3, "都道府県コード": 9, "市区町村コード": 384, "所在地": "栃木県塩谷郡塩谷町上平２７－１２", "緯度": 36.735316, "経度": 139.872319, "url": "https://www.iryou.teikyouseido.mhlw.go.jp/znk-web/juminkanja/S2430/initialize?prefCd=09&kikanCd=3090000964&kikanKbn=3", "url2": null, "内容": "鈴木歯科医院【3:歯科】栃木県塩谷郡塩谷町上平２７－１２" }, "geometry": { "type": "Point", "coordinates": [ 139.872319, 36.735316 ] } },
{ "type": "Feature", "properties": { "ID": 933090000965, "正式名称": "園田歯科医院", "機関区分": 3, "都道府県コード": 9, "市区町村コード": 384, "所在地": "栃木県塩谷郡塩谷町船生３６０８－４", "緯度": 36.770443, "経度": 139.791331, "url": "https://www.iryou.teikyouseido.mhlw.go.jp/znk-web/juminkanja/S2430/initialize?prefCd=09&kikanCd=3090000965&kikanKbn=3", "url2": null, "内容": "園田歯科医院【3:歯科】栃木県塩谷郡塩谷町船生３６０８－４" }, "geometry": { "type": "Point", "coordinates": [ 139.791331, 36.770443 ] } },
{ "type": "Feature", "properties": { "ID": 933090000966, "正式名称": "高瀬歯科医院", "機関区分": 3, "都道府県コード": 9, "市区町村コード": 384, "所在地": "栃木県塩谷郡塩谷町玉生５４９－７", "緯度": 36.771447, "経度": 139.851328, "url": "https://www.iryou.teikyouseido.mhlw.go.jp/znk-web/juminkanja/S2430/initialize?prefCd=09&kikanCd=3090000966&kikanKbn=3", "url2": null, "内容": "高瀬歯科医院【3:歯科】栃木県塩谷郡塩谷町玉生５４９－７" }, "geometry": { "type": "Point", "coordinates": [ 139.851328, 36.771447 ] } },
{ "type": "Feature", "properties": { "ID": 933090000967, "正式名称": "とみた歯科医院", "機関区分": 3, "都道府県コード": 9, "市区町村コード": 384, "所在地": "栃木県塩谷郡塩谷町玉生８５０", "緯度": 36.777939, "経度": 139.854426, "url": "https://www.iryou.teikyouseido.mhlw.go.jp/znk-web/juminkanja/S2430/initialize?prefCd=09&kikanCd=3090000967&kikanKbn=3", "url2": null, "内容": "とみた歯科医院【3:歯科】栃木県塩谷郡塩谷町玉生８５０" }, "geometry": { "type": "Point", "coordinates": [ 139.854426, 36.777939 ] } },
{ "type": "Feature", "properties": { "ID": 933090000968, "正式名称": "和田歯科医院", "機関区分": 3, "都道府県コード": 9, "市区町村コード": 384, "所在地": "栃木県塩谷郡塩谷町田所", "緯度": 36.752948, "経度": 139.879452, "url": "https://www.iryou.teikyouseido.mhlw.go.jp/znk-web/juminkanja/S2430/initialize?prefCd=09&kikanCd=3090000968&kikanKbn=3", "url2": "http://dental-wada.com/", "内容": "和田歯科医院【3:歯科】栃木県塩谷郡塩谷町田所" }, "geometry": { "type": "Point", "coordinates": [ 139.879452, 36.752948 ] } },
{ "type": "Feature", "properties": { "ID": 933090000969, "正式名称": "飯田歯科医院", "機関区分": 3, "都道府県コード": 9, "市区町村コード": 386, "所在地": "栃木県塩谷郡高根沢町宝積寺２３３８－４２", "緯度": 36.629973, "経度": 139.985716, "url": "https://www.iryou.teikyouseido.mhlw.go.jp/znk-web/juminkanja/S2430/initialize?prefCd=09&kikanCd=3090000969&kikanKbn=3", "url2": null, "内容": "飯田歯科医院【3:歯科】栃木県塩谷郡高根沢町宝積寺２３３８－４２" }, "geometry": { "type": "Point", "coordinates": [ 139.985716, 36.629973 ] } },
{ "type": "Feature", "properties": { "ID": 933090000970, "正式名称": "加藤かつま歯科クリニック", "機関区分": 3, "都道府県コード": 9, "市区町村コード": 386, "所在地": "栃木県塩谷郡高根沢町太田１１２９－２", "緯度": 36.626261, "経度": 140.031696, "url": "https://www.iryou.teikyouseido.mhlw.go.jp/znk-web/juminkanja/S2430/initialize?prefCd=09&kikanCd=3090000970&kikanKbn=3", "url2": null, "内容": "加藤かつま歯科クリニック【3:歯科】栃木県塩谷郡高根沢町太田１１２９－２" }, "geometry": { "type": "Point", "coordinates": [ 140.031696, 36.626261 ] } },
{ "type": "Feature", "properties": { "ID": 933090000971, "正式名称": "加藤歯科医院", "機関区分": 3, "都道府県コード": 9, "市区町村コード": 386, "所在地": "栃木県塩谷郡高根沢町宝積寺２３５２－２９", "緯度": 36.629212, "経度": 139.98325, "url": "https://www.iryou.teikyouseido.mhlw.go.jp/znk-web/juminkanja/S2430/initialize?prefCd=09&kikanCd=3090000971&kikanKbn=3", "url2": null, "内容": "加藤歯科医院【3:歯科】栃木県塩谷郡高根沢町宝積寺２３５２－２９" }, "geometry": { "type": "Point", "coordinates": [ 139.98325, 36.629212 ] } },
{ "type": "Feature", "properties": { "ID": 933090000972, "正式名称": "さいとう歯科医院", "機関区分": 3, "都道府県コード": 9, "市区町村コード": 386, "所在地": "栃木県塩谷郡高根沢町西高谷１６８", "緯度": 36.630674, "経度": 140.021627, "url": "https://www.iryou.teikyouseido.mhlw.go.jp/znk-web/juminkanja/S2430/initialize?prefCd=09&kikanCd=3090000972&kikanKbn=3", "url2": null, "内容": "さいとう歯科医院【3:歯科】栃木県塩谷郡高根沢町西高谷１６８" }, "geometry": { "type": "Point", "coordinates": [ 140.021627, 36.630674 ] } },
{ "type": "Feature", "properties": { "ID": 933090000974, "正式名称": "高津戸歯科医院", "機関区分": 3, "都道府県コード": 9, "市区町村コード": 386, "所在地": "栃木県塩谷郡高根沢町光陽台３－６－６", "緯度": 36.619762, "経度": 139.989591, "url": "https://www.iryou.teikyouseido.mhlw.go.jp/znk-web/juminkanja/S2430/initialize?prefCd=09&kikanCd=3090000974&kikanKbn=3", "url2": null, "内容": "高津戸歯科医院【3:歯科】栃木県塩谷郡高根沢町光陽台３－６－６" }, "geometry": { "type": "Point", "coordinates": [ 139.989591, 36.619762 ] } },
{ "type": "Feature", "properties": { "ID": 933090000976, "正式名称": "長嶋歯科医院", "機関区分": 3, "都道府県コード": 9, "市区町村コード": 386, "所在地": "栃木県塩谷郡高根沢町宝石台", "緯度": 36.620763, "経度": 139.993369, "url": "https://www.iryou.teikyouseido.mhlw.go.jp/znk-web/juminkanja/S2430/initialize?prefCd=09&kikanCd=3090000976&kikanKbn=3", "url2": null, "内容": "長嶋歯科医院【3:歯科】栃木県塩谷郡高根沢町宝石台" }, "geometry": { "type": "Point", "coordinates": [ 139.993369, 36.620763 ] } },
{ "type": "Feature", "properties": { "ID": 933090000977, "正式名称": "奈良歯科医院", "機関区分": 3, "都道府県コード": 9, "市区町村コード": 386, "所在地": "栃木県塩谷郡高根沢町伏久１１８", "緯度": 36.656765, "経度": 140.027086, "url": "https://www.iryou.teikyouseido.mhlw.go.jp/znk-web/juminkanja/S2430/initialize?prefCd=09&kikanCd=3090000977&kikanKbn=3", "url2": null, "内容": "奈良歯科医院【3:歯科】栃木県塩谷郡高根沢町伏久１１８" }, "geometry": { "type": "Point", "coordinates": [ 140.027086, 36.656765 ] } },
{ "type": "Feature", "properties": { "ID": 933090000978, "正式名称": "野中歯科医院", "機関区分": 3, "都道府県コード": 9, "市区町村コード": 386, "所在地": "栃木県塩谷郡高根沢町宝積寺２４５８", "緯度": 36.634031, "経度": 139.97745, "url": "https://www.iryou.teikyouseido.mhlw.go.jp/znk-web/juminkanja/S2430/initialize?prefCd=09&kikanCd=3090000978&kikanKbn=3", "url2": null, "内容": "野中歯科医院【3:歯科】栃木県塩谷郡高根沢町宝積寺２４５８" }, "geometry": { "type": "Point", "coordinates": [ 139.97745, 36.634031 ] } },
{ "type": "Feature", "properties": { "ID": 933090000979, "正式名称": "横塚歯科クリニック", "機関区分": 3, "都道府県コード": 9, "市区町村コード": 386, "所在地": "栃木県塩谷郡高根沢町宝積寺１１５９－５", "緯度": 36.628275, "経度": 139.9766, "url": "https://www.iryou.teikyouseido.mhlw.go.jp/znk-web/juminkanja/S2430/initialize?prefCd=09&kikanCd=3090000979&kikanKbn=3", "url2": null, "内容": "横塚歯科クリニック【3:歯科】栃木県塩谷郡高根沢町宝積寺１１５９－５" }, "geometry": { "type": "Point", "coordinates": [ 139.9766, 36.628275 ] } },
{ "type": "Feature", "properties": { "ID": 933090000980, "正式名称": "渡辺歯科宝積寺診療所", "機関区分": 3, "都道府県コード": 9, "市区町村コード": 386, "所在地": "栃木県塩谷郡高根沢町宝積寺２３２０－３５", "緯度": 36.628315, "経度": 139.9868, "url": "https://www.iryou.teikyouseido.mhlw.go.jp/znk-web/juminkanja/S2430/initialize?prefCd=09&kikanCd=3090000980&kikanKbn=3", "url2": "http://watanabeshikaiin.jp", "内容": "渡辺歯科宝積寺診療所【3:歯科】栃木県塩谷郡高根沢町宝積寺２３２０－３５" }, "geometry": { "type": "Point", "coordinates": [ 139.9868, 36.628315 ] } },
{ "type": "Feature", "properties": { "ID": 933090000981, "正式名称": "アイビーデンタルクリニック", "機関区分": 3, "都道府県コード": 9, "市区町村コード": 407, "所在地": "栃木県那須郡那須町高久丙１１６２－１２", "緯度": 37.054081, "経度": 140.044904, "url": "https://www.iryou.teikyouseido.mhlw.go.jp/znk-web/juminkanja/S2430/initialize?prefCd=09&kikanCd=3090000981&kikanKbn=3", "url2": "http://www.ivydental.net", "内容": "アイビーデンタルクリニック【3:歯科】栃木県那須郡那須町高久丙１１６２－１２" }, "geometry": { "type": "Point", "coordinates": [ 140.044904, 37.054081 ] } },
{ "type": "Feature", "properties": { "ID": 933090000984, "正式名称": "粂歯科医院", "機関区分": 3, "都道府県コード": 9, "市区町村コード": 407, "所在地": "栃木県那須郡那須町寺子丙４－１１３", "緯度": 37.025028, "経度": 140.118639, "url": "https://www.iryou.teikyouseido.mhlw.go.jp/znk-web/juminkanja/S2430/initialize?prefCd=09&kikanCd=3090000984&kikanKbn=3", "url2": null, "内容": "粂歯科医院【3:歯科】栃木県那須郡那須町寺子丙４－１１３" }, "geometry": { "type": "Point", "coordinates": [ 140.118639, 37.025028 ] } },
{ "type": "Feature", "properties": { "ID": 933090000985, "正式名称": "小島歯科診療所", "機関区分": 3, "都道府県コード": 9, "市区町村コード": 407, "所在地": "栃木県那須郡那須町寺子丙１４７７－４", "緯度": 37.041015, "経度": 140.09939, "url": "https://www.iryou.teikyouseido.mhlw.go.jp/znk-web/juminkanja/S2430/initialize?prefCd=09&kikanCd=3090000985&kikanKbn=3", "url2": null, "内容": "小島歯科診療所【3:歯科】栃木県那須郡那須町寺子丙１４７７－４" }, "geometry": { "type": "Point", "coordinates": [ 140.09939, 37.041015 ] } },
{ "type": "Feature", "properties": { "ID": 933090000986, "正式名称": "塚原歯科医院", "機関区分": 3, "都道府県コード": 9, "市区町村コード": 407, "所在地": "栃木県那須郡那須町寺子丙１－３８６", "緯度": 37.020337, "経度": 140.117323, "url": "https://www.iryou.teikyouseido.mhlw.go.jp/znk-web/juminkanja/S2430/initialize?prefCd=09&kikanCd=3090000986&kikanKbn=3", "url2": null, "内容": "塚原歯科医院【3:歯科】栃木県那須郡那須町寺子丙１－３８６" }, "geometry": { "type": "Point", "coordinates": [ 140.117323, 37.020337 ] } },
{ "type": "Feature", "properties": { "ID": 933090000987, "正式名称": "羽中田歯科医院", "機関区分": 3, "都道府県コード": 9, "市区町村コード": 407, "所在地": "栃木県那須郡那須町高久甲愛宕前４６７　イオンタウン那須ショッピングセンター内", "緯度": 36.985169, "経度": 140.062602, "url": "https://www.iryou.teikyouseido.mhlw.go.jp/znk-web/juminkanja/S2430/initialize?prefCd=09&kikanCd=3090000987&kikanKbn=3", "url2": null, "内容": "羽中田歯科医院【3:歯科】栃木県那須郡那須町高久甲愛宕前４６７　イオンタウン那須ショッピングセンター内" }, "geometry": { "type": "Point", "coordinates": [ 140.062602, 36.985169 ] } },
{ "type": "Feature", "properties": { "ID": 933090000989, "正式名称": "三田歯科医院", "機関区分": 3, "都道府県コード": 9, "市区町村コード": 407, "所在地": "栃木県那須郡那須町寺子丙１－１１６", "緯度": 37.018804, "経度": 140.119217, "url": "https://www.iryou.teikyouseido.mhlw.go.jp/znk-web/juminkanja/S2430/initialize?prefCd=09&kikanCd=3090000989&kikanKbn=3", "url2": null, "内容": "三田歯科医院【3:歯科】栃木県那須郡那須町寺子丙１－１１６" }, "geometry": { "type": "Point", "coordinates": [ 140.119217, 37.018804 ] } },
{ "type": "Feature", "properties": { "ID": 933090000990, "正式名称": "医療法人　飯塚歯科医院", "機関区分": 3, "都道府県コード": 9, "市区町村コード": 411, "所在地": "栃木県那須郡那珂川町馬頭３６８", "緯度": 36.737809, "経度": 140.169918, "url": "https://www.iryou.teikyouseido.mhlw.go.jp/znk-web/juminkanja/S2430/initialize?prefCd=09&kikanCd=3090000990&kikanKbn=3", "url2": null, "内容": "医療法人　飯塚歯科医院【3:歯科】栃木県那須郡那珂川町馬頭３６８" }, "geometry": { "type": "Point", "coordinates": [ 140.169918, 36.737809 ] } },
{ "type": "Feature", "properties": { "ID": 933090000991, "正式名称": "遅沢歯科医院", "機関区分": 3, "都道府県コード": 9, "市区町村コード": 411, "所在地": "栃木県那須郡那珂川町小川２５６５番地５", "緯度": 36.762819, "経度": 140.128167, "url": "https://www.iryou.teikyouseido.mhlw.go.jp/znk-web/juminkanja/S2430/initialize?prefCd=09&kikanCd=3090000991&kikanKbn=3", "url2": null, "内容": "遅沢歯科医院【3:歯科】栃木県那須郡那珂川町小川２５６５番地５" }, "geometry": { "type": "Point", "coordinates": [ 140.128167, 36.762819 ] } },
{ "type": "Feature", "properties": { "ID": 933090000993, "正式名称": "高野歯科医院", "機関区分": 3, "都道府県コード": 9, "市区町村コード": 411, "所在地": "栃木県那須郡那珂川町久那瀬７３１", "緯度": 36.728981, "経度": 140.156266, "url": "https://www.iryou.teikyouseido.mhlw.go.jp/znk-web/juminkanja/S2430/initialize?prefCd=09&kikanCd=3090000993&kikanKbn=3", "url2": null, "内容": "高野歯科医院【3:歯科】栃木県那須郡那珂川町久那瀬７３１" }, "geometry": { "type": "Point", "coordinates": [ 140.156266, 36.728981 ] } },
{ "type": "Feature", "properties": { "ID": 933090000994, "正式名称": "長谷川歯科クリニック", "機関区分": 3, "都道府県コード": 9, "市区町村コード": 411, "所在地": "栃木県那須郡那珂川町薬利１０７１", "緯度": 36.777198, "経度": 140.09918, "url": "https://www.iryou.teikyouseido.mhlw.go.jp/znk-web/juminkanja/S2430/initialize?prefCd=09&kikanCd=3090000994&kikanKbn=3", "url2": null, "内容": "長谷川歯科クリニック【3:歯科】栃木県那須郡那珂川町薬利１０７１" }, "geometry": { "type": "Point", "coordinates": [ 140.09918, 36.777198 ] } },
{ "type": "Feature", "properties": { "ID": 933090000998, "正式名称": "ながさわ歯科クリニック", "機関区分": 3, "都道府県コード": 9, "市区町村コード": 216, "所在地": "栃木県下野市上古山６７４－５", "緯度": 36.472077, "経度": 139.859904, "url": "https://www.iryou.teikyouseido.mhlw.go.jp/znk-web/juminkanja/S2430/initialize?prefCd=09&kikanCd=3090000998&kikanKbn=3", "url2": null, "内容": "ながさわ歯科クリニック【3:歯科】栃木県下野市上古山６７４－５" }, "geometry": { "type": "Point", "coordinates": [ 139.859904, 36.472077 ] } },
{ "type": "Feature", "properties": { "ID": 933090001000, "正式名称": "ごうデンタルクリニック", "機関区分": 3, "都道府県コード": 9, "市区町村コード": 301, "所在地": "栃木県河内郡上三川町上蒲生", "緯度": 36.438224, "経度": 139.909437, "url": "https://www.iryou.teikyouseido.mhlw.go.jp/znk-web/juminkanja/S2430/initialize?prefCd=09&kikanCd=3090001000&kikanKbn=3", "url2": null, "内容": "ごうデンタルクリニック【3:歯科】栃木県河内郡上三川町上蒲生" }, "geometry": { "type": "Point", "coordinates": [ 139.909437, 36.438224 ] } },
{ "type": "Feature", "properties": { "ID": 933090001001, "正式名称": "前田歯科", "機関区分": 3, "都道府県コード": 9, "市区町村コード": 209, "所在地": "栃木県真岡市亀山１－２０－５", "緯度": 36.449575, "経度": 139.987205, "url": "https://www.iryou.teikyouseido.mhlw.go.jp/znk-web/juminkanja/S2430/initialize?prefCd=09&kikanCd=3090001001&kikanKbn=3", "url2": null, "内容": "前田歯科【3:歯科】栃木県真岡市亀山１－２０－５" }, "geometry": { "type": "Point", "coordinates": [ 139.987205, 36.449575 ] } },
{ "type": "Feature", "properties": { "ID": 933090001002, "正式名称": "さかい歯科クリニック", "機関区分": 3, "都道府県コード": 9, "市区町村コード": 201, "所在地": "栃木県宇都宮市宝木本町１１４１－１１８", "緯度": 36.604017, "経度": 139.846149, "url": "https://www.iryou.teikyouseido.mhlw.go.jp/znk-web/juminkanja/S2430/initialize?prefCd=09&kikanCd=3090001002&kikanKbn=3", "url2": null, "内容": "さかい歯科クリニック【3:歯科】栃木県宇都宮市宝木本町１１４１－１１８" }, "geometry": { "type": "Point", "coordinates": [ 139.846149, 36.604017 ] } },
{ "type": "Feature", "properties": { "ID": 933090001003, "正式名称": "金子歯科クリニック", "機関区分": 3, "都道府県コード": 9, "市区町村コード": 201, "所在地": "栃木県宇都宮市清原台１－２－１１", "緯度": 36.566504, "経度": 139.984396, "url": "https://www.iryou.teikyouseido.mhlw.go.jp/znk-web/juminkanja/S2430/initialize?prefCd=09&kikanCd=3090001003&kikanKbn=3", "url2": null, "内容": "金子歯科クリニック【3:歯科】栃木県宇都宮市清原台１－２－１１" }, "geometry": { "type": "Point", "coordinates": [ 139.984396, 36.566504 ] } },
{ "type": "Feature", "properties": { "ID": 933090001004, "正式名称": "たのべファミリー歯科", "機関区分": 3, "都道府県コード": 9, "市区町村コード": 201, "所在地": "栃木県宇都宮市砥上町", "緯度": 36.557428, "経度": 139.838782, "url": "https://www.iryou.teikyouseido.mhlw.go.jp/znk-web/juminkanja/S2430/initialize?prefCd=09&kikanCd=3090001004&kikanKbn=3", "url2": null, "内容": "たのべファミリー歯科【3:歯科】栃木県宇都宮市砥上町" }, "geometry": { "type": "Point", "coordinates": [ 139.838782, 36.557428 ] } },
{ "type": "Feature", "properties": { "ID": 933090001005, "正式名称": "たんぽぽ歯科", "機関区分": 3, "都道府県コード": 9, "市区町村コード": 201, "所在地": "栃木県宇都宮市陽東７丁目２－８", "緯度": 36.549048, "経度": 139.928222, "url": "https://www.iryou.teikyouseido.mhlw.go.jp/znk-web/juminkanja/S2430/initialize?prefCd=09&kikanCd=3090001005&kikanKbn=3", "url2": null, "内容": "たんぽぽ歯科【3:歯科】栃木県宇都宮市陽東７丁目２－８" }, "geometry": { "type": "Point", "coordinates": [ 139.928222, 36.549048 ] } },
{ "type": "Feature", "properties": { "ID": 933090001006, "正式名称": "ピレネー歯科", "機関区分": 3, "都道府県コード": 9, "市区町村コード": 213, "所在地": "栃木県那須塩原市青木２７ー２３９２", "緯度": 37.000389, "経度": 139.983824, "url": "https://www.iryou.teikyouseido.mhlw.go.jp/znk-web/juminkanja/S2430/initialize?prefCd=09&kikanCd=3090001006&kikanKbn=3", "url2": null, "内容": "ピレネー歯科【3:歯科】栃木県那須塩原市青木２７ー２３９２" }, "geometry": { "type": "Point", "coordinates": [ 139.983824, 37.000389 ] } },
{ "type": "Feature", "properties": { "ID": 933090001007, "正式名称": "いとう歯科クリニック", "機関区分": 3, "都道府県コード": 9, "市区町村コード": 208, "所在地": "栃木県小山市土塔２３６－１６", "緯度": 36.299194, "経度": 139.821884, "url": "https://www.iryou.teikyouseido.mhlw.go.jp/znk-web/juminkanja/S2430/initialize?prefCd=09&kikanCd=3090001007&kikanKbn=3", "url2": "http://www.ito-dental-clinic.com", "内容": "いとう歯科クリニック【3:歯科】栃木県小山市土塔２３６－１６" }, "geometry": { "type": "Point", "coordinates": [ 139.821884, 36.299194 ] } },
{ "type": "Feature", "properties": { "ID": 933090001009, "正式名称": "ならファミリー歯科医院", "機関区分": 3, "都道府県コード": 9, "市区町村コード": 201, "所在地": "栃木県宇都宮市細谷１－７－７１", "緯度": 36.592552, "経度": 139.85381, "url": "https://www.iryou.teikyouseido.mhlw.go.jp/znk-web/juminkanja/S2430/initialize?prefCd=09&kikanCd=3090001009&kikanKbn=3", "url2": null, "内容": "ならファミリー歯科医院【3:歯科】栃木県宇都宮市細谷１－７－７１" }, "geometry": { "type": "Point", "coordinates": [ 139.85381, 36.592552 ] } },
{ "type": "Feature", "properties": { "ID": 933090001010, "正式名称": "新井歯科クリニック", "機関区分": 3, "都道府県コード": 9, "市区町村コード": 215, "所在地": "栃木県那須烏山市中央２－８－２５", "緯度": 36.65431, "経度": 140.158975, "url": "https://www.iryou.teikyouseido.mhlw.go.jp/znk-web/juminkanja/S2430/initialize?prefCd=09&kikanCd=3090001010&kikanKbn=3", "url2": null, "内容": "新井歯科クリニック【3:歯科】栃木県那須烏山市中央２－８－２５" }, "geometry": { "type": "Point", "coordinates": [ 140.158975, 36.65431 ] } },
{ "type": "Feature", "properties": { "ID": 933090001012, "正式名称": "もんま歯科医院", "機関区分": 3, "都道府県コード": 9, "市区町村コード": 216, "所在地": "栃木県下野市祇園１－１３－８", "緯度": 36.395316, "経度": 139.858951, "url": "https://www.iryou.teikyouseido.mhlw.go.jp/znk-web/juminkanja/S2430/initialize?prefCd=09&kikanCd=3090001012&kikanKbn=3", "url2": null, "内容": "もんま歯科医院【3:歯科】栃木県下野市祇園１－１３－８" }, "geometry": { "type": "Point", "coordinates": [ 139.858951, 36.395316 ] } },
{ "type": "Feature", "properties": { "ID": 933090001013, "正式名称": "すぎうら歯科医院", "機関区分": 3, "都道府県コード": 9, "市区町村コード": 214, "所在地": "栃木県さくら市氏家３２１１番地２７", "緯度": 36.694331, "経度": 139.969527, "url": "https://www.iryou.teikyouseido.mhlw.go.jp/znk-web/juminkanja/S2430/initialize?prefCd=09&kikanCd=3090001013&kikanKbn=3", "url2": null, "内容": "すぎうら歯科医院【3:歯科】栃木県さくら市氏家３２１１番地２７" }, "geometry": { "type": "Point", "coordinates": [ 139.969527, 36.694331 ] } },
{ "type": "Feature", "properties": { "ID": 933090001015, "正式名称": "星デンタルクリニック", "機関区分": 3, "都道府県コード": 9, "市区町村コード": 205, "所在地": "栃木県鹿沼市下田町１－５００２－３", "緯度": 36.559662, "経度": 139.754417, "url": "https://www.iryou.teikyouseido.mhlw.go.jp/znk-web/juminkanja/S2430/initialize?prefCd=09&kikanCd=3090001015&kikanKbn=3", "url2": "https://star-dc.net/", "内容": "星デンタルクリニック【3:歯科】栃木県鹿沼市下田町１－５００２－３" }, "geometry": { "type": "Point", "coordinates": [ 139.754417, 36.559662 ] } },
{ "type": "Feature", "properties": { "ID": 933090001016, "正式名称": "さくら歯科", "機関区分": 3, "都道府県コード": 9, "市区町村コード": 204, "所在地": "栃木県佐野市赤坂町９６０－１８", "緯度": 36.306472, "経度": 139.565759, "url": "https://www.iryou.teikyouseido.mhlw.go.jp/znk-web/juminkanja/S2430/initialize?prefCd=09&kikanCd=3090001016&kikanKbn=3", "url2": "https://dentalsakura.net/", "内容": "さくら歯科【3:歯科】栃木県佐野市赤坂町９６０－１８" }, "geometry": { "type": "Point", "coordinates": [ 139.565759, 36.306472 ] } },
{ "type": "Feature", "properties": { "ID": 933090001017, "正式名称": "星野歯科医院", "機関区分": 3, "都道府県コード": 9, "市区町村コード": 201, "所在地": "栃木県宇都宮市上戸祭町３００７－２", "緯度": 36.591931, "経度": 139.870031, "url": "https://www.iryou.teikyouseido.mhlw.go.jp/znk-web/juminkanja/S2430/initialize?prefCd=09&kikanCd=3090001017&kikanKbn=3", "url2": "http://www.hoshino-dc.info", "内容": "星野歯科医院【3:歯科】栃木県宇都宮市上戸祭町３００７－２" }, "geometry": { "type": "Point", "coordinates": [ 139.870031, 36.591931 ] } },
{ "type": "Feature", "properties": { "ID": 933090001018, "正式名称": "石川歯科クリニック", "機関区分": 3, "都道府県コード": 9, "市区町村コード": 208, "所在地": "栃木県小山市間々田", "緯度": 36.26776, "経度": 139.766098, "url": "https://www.iryou.teikyouseido.mhlw.go.jp/znk-web/juminkanja/S2430/initialize?prefCd=09&kikanCd=3090001018&kikanKbn=3", "url2": "http://www.ishikawa-dental.org/", "内容": "石川歯科クリニック【3:歯科】栃木県小山市間々田" }, "geometry": { "type": "Point", "coordinates": [ 139.766098, 36.26776 ] } },
{ "type": "Feature", "properties": { "ID": 933090001020, "正式名称": "増山デンタルクリニック", "機関区分": 3, "都道府県コード": 9, "市区町村コード": 216, "所在地": "栃木県下野市小金井４－５－２", "緯度": 36.379598, "経度": 139.842117, "url": "https://www.iryou.teikyouseido.mhlw.go.jp/znk-web/juminkanja/S2430/initialize?prefCd=09&kikanCd=3090001020&kikanKbn=3", "url2": null, "内容": "増山デンタルクリニック【3:歯科】栃木県下野市小金井４－５－２" }, "geometry": { "type": "Point", "coordinates": [ 139.842117, 36.379598 ] } },
{ "type": "Feature", "properties": { "ID": 933090001021, "正式名称": "きさくデンタルクリニック", "機関区分": 3, "都道府県コード": 9, "市区町村コード": 361, "所在地": "栃木県下都賀郡壬生町壬生丁２１７番地８６", "緯度": 36.462232, "経度": 139.835421, "url": "https://www.iryou.teikyouseido.mhlw.go.jp/znk-web/juminkanja/S2430/initialize?prefCd=09&kikanCd=3090001021&kikanKbn=3", "url2": "http://www.kisaku-dental.com/", "内容": "きさくデンタルクリニック【3:歯科】栃木県下都賀郡壬生町壬生丁２１７番地８６" }, "geometry": { "type": "Point", "coordinates": [ 139.835421, 36.462232 ] } },
{ "type": "Feature", "properties": { "ID": 933090001024, "正式名称": "かなえ歯科クリニック", "機関区分": 3, "都道府県コード": 9, "市区町村コード": 202, "所在地": "栃木県足利市大橋町１丁目１８２８－１０", "緯度": 36.340235, "経度": 139.461447, "url": "https://www.iryou.teikyouseido.mhlw.go.jp/znk-web/juminkanja/S2430/initialize?prefCd=09&kikanCd=3090001024&kikanKbn=3", "url2": null, "内容": "かなえ歯科クリニック【3:歯科】栃木県足利市大橋町１丁目１８２８－１０" }, "geometry": { "type": "Point", "coordinates": [ 139.461447, 36.340235 ] } },
{ "type": "Feature", "properties": { "ID": 933090001029, "正式名称": "祖母井・熊倉デンタルクリニック", "機関区分": 3, "都道府県コード": 9, "市区町村コード": 345, "所在地": "栃木県芳賀郡芳賀町祖母井", "緯度": 36.55357, "経度": 140.058174, "url": "https://www.iryou.teikyouseido.mhlw.go.jp/znk-web/juminkanja/S2430/initialize?prefCd=09&kikanCd=3090001029&kikanKbn=3", "url2": null, "内容": "祖母井・熊倉デンタルクリニック【3:歯科】栃木県芳賀郡芳賀町祖母井" }, "geometry": { "type": "Point", "coordinates": [ 140.058174, 36.55357 ] } },
{ "type": "Feature", "properties": { "ID": 933090001030, "正式名称": "石澤デンタルクリニック", "機関区分": 3, "都道府県コード": 9, "市区町村コード": 205, "所在地": "栃木県鹿沼市上殿町", "緯度": 36.546062, "経度": 139.753375, "url": "https://www.iryou.teikyouseido.mhlw.go.jp/znk-web/juminkanja/S2430/initialize?prefCd=09&kikanCd=3090001030&kikanKbn=3", "url2": null, "内容": "石澤デンタルクリニック【3:歯科】栃木県鹿沼市上殿町" }, "geometry": { "type": "Point", "coordinates": [ 139.753375, 36.546062 ] } },
{ "type": "Feature", "properties": { "ID": 933090001031, "正式名称": "みねのデンタルクリニック", "機関区分": 3, "都道府県コード": 9, "市区町村コード": 203, "所在地": "栃木県栃木市大宮町５２７－１", "緯度": 36.387089, "経度": 139.766273, "url": "https://www.iryou.teikyouseido.mhlw.go.jp/znk-web/juminkanja/S2430/initialize?prefCd=09&kikanCd=3090001031&kikanKbn=3", "url2": "https://mineno-dc.com/", "内容": "みねのデンタルクリニック【3:歯科】栃木県栃木市大宮町５２７－１" }, "geometry": { "type": "Point", "coordinates": [ 139.766273, 36.387089 ] } },
{ "type": "Feature", "properties": { "ID": 933090001032, "正式名称": "くにい歯科矯正歯科", "機関区分": 3, "都道府県コード": 9, "市区町村コード": 201, "所在地": "栃木県宇都宮市若草３－１－８", "緯度": 36.586566, "経度": 139.864126, "url": "https://www.iryou.teikyouseido.mhlw.go.jp/znk-web/juminkanja/S2430/initialize?prefCd=09&kikanCd=3090001032&kikanKbn=3", "url2": "http://921dental.com/", "内容": "くにい歯科矯正歯科【3:歯科】栃木県宇都宮市若草３－１－８" }, "geometry": { "type": "Point", "coordinates": [ 139.864126, 36.586566 ] } },
{ "type": "Feature", "properties": { "ID": 933090001034, "正式名称": "あきくさ歯科クリニック", "機関区分": 3, "都道府県コード": 9, "市区町村コード": 204, "所在地": "栃木県佐野市堀米町３９２０－２６", "緯度": 36.330656, "経度": 139.577679, "url": "https://www.iryou.teikyouseido.mhlw.go.jp/znk-web/juminkanja/S2430/initialize?prefCd=09&kikanCd=3090001034&kikanKbn=3", "url2": "http://www.akikusa-dc.jp/", "内容": "あきくさ歯科クリニック【3:歯科】栃木県佐野市堀米町３９２０－２６" }, "geometry": { "type": "Point", "coordinates": [ 139.577679, 36.330656 ] } },
{ "type": "Feature", "properties": { "ID": 933090001035, "正式名称": "メディケア歯科クリニック小山", "機関区分": 3, "都道府県コード": 9, "市区町村コード": 208, "所在地": "栃木県小山市中久喜１４６７－１　イオン小山ショッピングセンター１階", "緯度": 36.321642, "経度": 139.840816, "url": "https://www.iryou.teikyouseido.mhlw.go.jp/znk-web/juminkanja/S2430/initialize?prefCd=09&kikanCd=3090001035&kikanKbn=3", "url2": "http://www.medicare-oyama.com/", "内容": "メディケア歯科クリニック小山【3:歯科】栃木県小山市中久喜１４６７－１　イオン小山ショッピングセンター１階" }, "geometry": { "type": "Point", "coordinates": [ 139.840816, 36.321642 ] } },
{ "type": "Feature", "properties": { "ID": 933090001036, "正式名称": "金子歯科医院", "機関区分": 3, "都道府県コード": 9, "市区町村コード": 205, "所在地": "栃木県鹿沼市西茂呂２－１９－２０", "緯度": 36.553348, "経度": 139.766883, "url": "https://www.iryou.teikyouseido.mhlw.go.jp/znk-web/juminkanja/S2430/initialize?prefCd=09&kikanCd=3090001036&kikanKbn=3", "url2": null, "内容": "金子歯科医院【3:歯科】栃木県鹿沼市西茂呂２－１９－２０" }, "geometry": { "type": "Point", "coordinates": [ 139.766883, 36.553348 ] } },
{ "type": "Feature", "properties": { "ID": 933090001037, "正式名称": "きらり歯科", "機関区分": 3, "都道府県コード": 9, "市区町村コード": 208, "所在地": "栃木県小山市西城南", "緯度": 36.295393, "経度": 139.803958, "url": "https://www.iryou.teikyouseido.mhlw.go.jp/znk-web/juminkanja/S2430/initialize?prefCd=09&kikanCd=3090001037&kikanKbn=3", "url2": "http://www.kirari-shika.com/", "内容": "きらり歯科【3:歯科】栃木県小山市西城南" }, "geometry": { "type": "Point", "coordinates": [ 139.803958, 36.295393 ] } },
{ "type": "Feature", "properties": { "ID": 933090001038, "正式名称": "袖山デンタルクリニック", "機関区分": 3, "都道府県コード": 9, "市区町村コード": 209, "所在地": "栃木県真岡市長田１６２７－１０", "緯度": 36.44883, "経度": 139.962823, "url": "https://www.iryou.teikyouseido.mhlw.go.jp/znk-web/juminkanja/S2430/initialize?prefCd=09&kikanCd=3090001038&kikanKbn=3", "url2": null, "内容": "袖山デンタルクリニック【3:歯科】栃木県真岡市長田１６２７－１０" }, "geometry": { "type": "Point", "coordinates": [ 139.962823, 36.44883 ] } },
{ "type": "Feature", "properties": { "ID": 933090001039, "正式名称": "アップル歯科クリニック", "機関区分": 3, "都道府県コード": 9, "市区町村コード": 204, "所在地": "栃木県佐野市高萩町１２２０－４", "緯度": 36.299463, "経度": 139.598931, "url": "https://www.iryou.teikyouseido.mhlw.go.jp/znk-web/juminkanja/S2430/initialize?prefCd=09&kikanCd=3090001039&kikanKbn=3", "url2": "http://www.apple-dental-sano.com/", "内容": "アップル歯科クリニック【3:歯科】栃木県佐野市高萩町１２２０－４" }, "geometry": { "type": "Point", "coordinates": [ 139.598931, 36.299463 ] } },
{ "type": "Feature", "properties": { "ID": 933090001040, "正式名称": "しもだ歯科", "機関区分": 3, "都道府県コード": 9, "市区町村コード": 301, "所在地": "栃木県河内郡上三川町大山４６６－３", "緯度": 36.450722, "経度": 139.87395, "url": "https://www.iryou.teikyouseido.mhlw.go.jp/znk-web/juminkanja/S2430/initialize?prefCd=09&kikanCd=3090001040&kikanKbn=3", "url2": "http://www.shimoda-dental2299.com", "内容": "しもだ歯科【3:歯科】栃木県河内郡上三川町大山４６６－３" }, "geometry": { "type": "Point", "coordinates": [ 139.87395, 36.450722 ] } },
{ "type": "Feature", "properties": { "ID": 933090001041, "正式名称": "岡島歯科医院", "機関区分": 3, "都道府県コード": 9, "市区町村コード": 209, "所在地": "栃木県真岡市田島３１０－２", "緯度": 36.462733, "経度": 140.024214, "url": "https://www.iryou.teikyouseido.mhlw.go.jp/znk-web/juminkanja/S2430/initialize?prefCd=09&kikanCd=3090001041&kikanKbn=3", "url2": null, "内容": "岡島歯科医院【3:歯科】栃木県真岡市田島３１０－２" }, "geometry": { "type": "Point", "coordinates": [ 140.024214, 36.462733 ] } },
{ "type": "Feature", "properties": { "ID": 933090001042, "正式名称": "おざわ歯科医院", "機関区分": 3, "都道府県コード": 9, "市区町村コード": 202, "所在地": "栃木県足利市永楽町３－２", "緯度": 36.333558, "経度": 139.45357, "url": "https://www.iryou.teikyouseido.mhlw.go.jp/znk-web/juminkanja/S2430/initialize?prefCd=09&kikanCd=3090001042&kikanKbn=3", "url2": null, "内容": "おざわ歯科医院【3:歯科】栃木県足利市永楽町３－２" }, "geometry": { "type": "Point", "coordinates": [ 139.45357, 36.333558 ] } },
{ "type": "Feature", "properties": { "ID": 933090001043, "正式名称": "歯科　あべクリニック", "機関区分": 3, "都道府県コード": 9, "市区町村コード": 202, "所在地": "栃木県足利市堀込町", "緯度": 36.308254, "経度": 139.438158, "url": "https://www.iryou.teikyouseido.mhlw.go.jp/znk-web/juminkanja/S2430/initialize?prefCd=09&kikanCd=3090001043&kikanKbn=3", "url2": "http://418dental-abe.com/", "内容": "歯科　あべクリニック【3:歯科】栃木県足利市堀込町" }, "geometry": { "type": "Point", "coordinates": [ 139.438158, 36.308254 ] } },
{ "type": "Feature", "properties": { "ID": 933090001045, "正式名称": "ハートフルにわの歯科・矯正歯科", "機関区分": 3, "都道府県コード": 9, "市区町村コード": 201, "所在地": "栃木県宇都宮市新町１ー４ー３", "緯度": 36.550002, "経度": 139.875374, "url": "https://www.iryou.teikyouseido.mhlw.go.jp/znk-web/juminkanja/S2430/initialize?prefCd=09&kikanCd=3090001045&kikanKbn=3", "url2": "https://www.niwano-dc.com", "内容": "ハートフルにわの歯科・矯正歯科【3:歯科】栃木県宇都宮市新町１ー４ー３" }, "geometry": { "type": "Point", "coordinates": [ 139.875374, 36.550002 ] } },
{ "type": "Feature", "properties": { "ID": 933090001046, "正式名称": "おやまゆうえん歯科", "機関区分": 3, "都道府県コード": 9, "市区町村コード": 208, "所在地": "栃木県小山市喜沢１４７５　おやまゆうえんハーヴェストウォーク２階", "緯度": 36.333966, "経度": 139.809561, "url": "https://www.iryou.teikyouseido.mhlw.go.jp/znk-web/juminkanja/S2430/initialize?prefCd=09&kikanCd=3090001046&kikanKbn=3", "url2": null, "内容": "おやまゆうえん歯科【3:歯科】栃木県小山市喜沢１４７５　おやまゆうえんハーヴェストウォーク２階" }, "geometry": { "type": "Point", "coordinates": [ 139.809561, 36.333966 ] } },
{ "type": "Feature", "properties": { "ID": 933090001052, "正式名称": "かめのこ歯科医院", "機関区分": 3, "都道府県コード": 9, "市区町村コード": 204, "所在地": "栃木県佐野市高萩町１３３７－３", "緯度": 36.297105, "経度": 139.602825, "url": "https://www.iryou.teikyouseido.mhlw.go.jp/znk-web/juminkanja/S2430/initialize?prefCd=09&kikanCd=3090001052&kikanKbn=3", "url2": "http://www.sctv.jp/~kamenokodental/", "内容": "かめのこ歯科医院【3:歯科】栃木県佐野市高萩町１３３７－３" }, "geometry": { "type": "Point", "coordinates": [ 139.602825, 36.297105 ] } },
{ "type": "Feature", "properties": { "ID": 933090001053, "正式名称": "おひさま歯科安川クリニック", "機関区分": 3, "都道府県コード": 9, "市区町村コード": 210, "所在地": "栃木県大田原市浅香３丁目３６０６－３１", "緯度": 36.857405, "経度": 140.021172, "url": "https://www.iryou.teikyouseido.mhlw.go.jp/znk-web/juminkanja/S2430/initialize?prefCd=09&kikanCd=3090001053&kikanKbn=3", "url2": "http://oshisama-dyc.com/", "内容": "おひさま歯科安川クリニック【3:歯科】栃木県大田原市浅香３丁目３６０６－３１" }, "geometry": { "type": "Point", "coordinates": [ 140.021172, 36.857405 ] } },
{ "type": "Feature", "properties": { "ID": 933090001054, "正式名称": "安蘇谷歯科", "機関区分": 3, "都道府県コード": 9, "市区町村コード": 204, "所在地": "栃木県佐野市田沼町５４３－４", "緯度": 36.36596, "経度": 139.579158, "url": "https://www.iryou.teikyouseido.mhlw.go.jp/znk-web/juminkanja/S2430/initialize?prefCd=09&kikanCd=3090001054&kikanKbn=3", "url2": null, "内容": "安蘇谷歯科【3:歯科】栃木県佐野市田沼町５４３－４" }, "geometry": { "type": "Point", "coordinates": [ 139.579158, 36.36596 ] } },
{ "type": "Feature", "properties": { "ID": 933090001055, "正式名称": "医療法人　八板歯科クリニック", "機関区分": 3, "都道府県コード": 9, "市区町村コード": 201, "所在地": "栃木県宇都宮市竹林町８６６　八板歯科クリニック", "緯度": 36.576414, "経度": 139.896879, "url": "https://www.iryou.teikyouseido.mhlw.go.jp/znk-web/juminkanja/S2430/initialize?prefCd=09&kikanCd=3090001055&kikanKbn=3", "url2": "http://www.yaita-dental.com", "内容": "医療法人　八板歯科クリニック【3:歯科】栃木県宇都宮市竹林町８６６　八板歯科クリニック" }, "geometry": { "type": "Point", "coordinates": [ 139.896879, 36.576414 ] } },
{ "type": "Feature", "properties": { "ID": 933090001057, "正式名称": "雄歯科", "機関区分": 3, "都道府県コード": 9, "市区町村コード": 213, "所在地": "栃木県那須塩原市島方５３８－１４", "緯度": 36.932067, "経度": 140.009239, "url": "https://www.iryou.teikyouseido.mhlw.go.jp/znk-web/juminkanja/S2430/initialize?prefCd=09&kikanCd=3090001057&kikanKbn=3", "url2": null, "内容": "雄歯科【3:歯科】栃木県那須塩原市島方５３８－１４" }, "geometry": { "type": "Point", "coordinates": [ 140.009239, 36.932067 ] } },
{ "type": "Feature", "properties": { "ID": 933090001058, "正式名称": "久保田歯科医院", "機関区分": 3, "都道府県コード": 9, "市区町村コード": 202, "所在地": "栃木県足利市八幡町３－２－９", "緯度": 36.323961, "経度": 139.433656, "url": "https://www.iryou.teikyouseido.mhlw.go.jp/znk-web/juminkanja/S2430/initialize?prefCd=09&kikanCd=3090001058&kikanKbn=3", "url2": "https://www.kubota-dc.net/", "内容": "久保田歯科医院【3:歯科】栃木県足利市八幡町３－２－９" }, "geometry": { "type": "Point", "coordinates": [ 139.433656, 36.323961 ] } },
{ "type": "Feature", "properties": { "ID": 933090001059, "正式名称": "みずしろ歯科", "機関区分": 3, "都道府県コード": 9, "市区町村コード": 203, "所在地": "栃木県栃木市大平町西水代２００９－８", "緯度": 36.313166, "経度": 139.711955, "url": "https://www.iryou.teikyouseido.mhlw.go.jp/znk-web/juminkanja/S2430/initialize?prefCd=09&kikanCd=3090001059&kikanKbn=3", "url2": "http://www.mizushiro-shika.jp/", "内容": "みずしろ歯科【3:歯科】栃木県栃木市大平町西水代２００９－８" }, "geometry": { "type": "Point", "coordinates": [ 139.711955, 36.313166 ] } },
{ "type": "Feature", "properties": { "ID": 933090001060, "正式名称": "やまなか歯科", "機関区分": 3, "都道府県コード": 9, "市区町村コード": 208, "所在地": "栃木県小山市塚崎７８０", "緯度": 36.265002, "経度": 139.811865, "url": "https://www.iryou.teikyouseido.mhlw.go.jp/znk-web/juminkanja/S2430/initialize?prefCd=09&kikanCd=3090001060&kikanKbn=3", "url2": null, "内容": "やまなか歯科【3:歯科】栃木県小山市塚崎７８０" }, "geometry": { "type": "Point", "coordinates": [ 139.811865, 36.265002 ] } },
{ "type": "Feature", "properties": { "ID": 933090001061, "正式名称": "かねこ歯科", "機関区分": 3, "都道府県コード": 9, "市区町村コード": 201, "所在地": "栃木県宇都宮市八千代１丁目６１１－３２", "緯度": 36.532523, "経度": 139.857032, "url": "https://www.iryou.teikyouseido.mhlw.go.jp/znk-web/juminkanja/S2430/initialize?prefCd=09&kikanCd=3090001061&kikanKbn=3", "url2": null, "内容": "かねこ歯科【3:歯科】栃木県宇都宮市八千代１丁目６１１－３２" }, "geometry": { "type": "Point", "coordinates": [ 139.857032, 36.532523 ] } },
{ "type": "Feature", "properties": { "ID": 933090001062, "正式名称": "いしわた歯科クリニック", "機関区分": 3, "都道府県コード": 9, "市区町村コード": 208, "所在地": "栃木県小山市東城南", "緯度": 36.288639, "経度": 139.811588, "url": "https://www.iryou.teikyouseido.mhlw.go.jp/znk-web/juminkanja/S2430/initialize?prefCd=09&kikanCd=3090001062&kikanKbn=3", "url2": "http://ishiwata-dental.net/", "内容": "いしわた歯科クリニック【3:歯科】栃木県小山市東城南" }, "geometry": { "type": "Point", "coordinates": [ 139.811588, 36.288639 ] } },
{ "type": "Feature", "properties": { "ID": 933090001063, "正式名称": "マリン歯科クリニック", "機関区分": 3, "都道府県コード": 9, "市区町村コード": 214, "所在地": "栃木県さくら市櫻野１５５１－１　イオンスーパーセンター内", "緯度": 36.689626, "経度": 139.979114, "url": "https://www.iryou.teikyouseido.mhlw.go.jp/znk-web/juminkanja/S2430/initialize?prefCd=09&kikanCd=3090001063&kikanKbn=3", "url2": null, "内容": "マリン歯科クリニック【3:歯科】栃木県さくら市櫻野１５５１－１　イオンスーパーセンター内" }, "geometry": { "type": "Point", "coordinates": [ 139.979114, 36.689626 ] } },
{ "type": "Feature", "properties": { "ID": 933090001064, "正式名称": "芥川歯科医院", "機関区分": 3, "都道府県コード": 9, "市区町村コード": 204, "所在地": "栃木県佐野市浅沼町７４２イオンタウン佐野２階", "緯度": 36.313711, "経度": 139.590562, "url": "https://www.iryou.teikyouseido.mhlw.go.jp/znk-web/juminkanja/S2430/initialize?prefCd=09&kikanCd=3090001064&kikanKbn=3", "url2": "http://akutagawa-dental.jp/", "内容": "芥川歯科医院【3:歯科】栃木県佐野市浅沼町７４２イオンタウン佐野２階" }, "geometry": { "type": "Point", "coordinates": [ 139.590562, 36.313711 ] } },
{ "type": "Feature", "properties": { "ID": 933090001066, "正式名称": "やまぐち歯科医院", "機関区分": 3, "都道府県コード": 9, "市区町村コード": 201, "所在地": "栃木県宇都宮市東宿郷４－３－７", "緯度": 36.559086, "経度": 139.906655, "url": "https://www.iryou.teikyouseido.mhlw.go.jp/znk-web/juminkanja/S2430/initialize?prefCd=09&kikanCd=3090001066&kikanKbn=3", "url2": null, "内容": "やまぐち歯科医院【3:歯科】栃木県宇都宮市東宿郷４－３－７" }, "geometry": { "type": "Point", "coordinates": [ 139.906655, 36.559086 ] } },
{ "type": "Feature", "properties": { "ID": 933090001067, "正式名称": "さくら歯科", "機関区分": 3, "都道府県コード": 9, "市区町村コード": 202, "所在地": "栃木県足利市福富町３８６－２", "緯度": 36.304722, "経度": 139.480218, "url": "https://www.iryou.teikyouseido.mhlw.go.jp/znk-web/juminkanja/S2430/initialize?prefCd=09&kikanCd=3090001067&kikanKbn=3", "url2": null, "内容": "さくら歯科【3:歯科】栃木県足利市福富町３８６－２" }, "geometry": { "type": "Point", "coordinates": [ 139.480218, 36.304722 ] } },
{ "type": "Feature", "properties": { "ID": 933090001068, "正式名称": "まこと歯科医院", "機関区分": 3, "都道府県コード": 9, "市区町村コード": 204, "所在地": "栃木県佐野市若宮下町５－１", "緯度": 36.292641, "経度": 139.587537, "url": "https://www.iryou.teikyouseido.mhlw.go.jp/znk-web/juminkanja/S2430/initialize?prefCd=09&kikanCd=3090001068&kikanKbn=3", "url2": null, "内容": "まこと歯科医院【3:歯科】栃木県佐野市若宮下町５－１" }, "geometry": { "type": "Point", "coordinates": [ 139.587537, 36.292641 ] } },
{ "type": "Feature", "properties": { "ID": 933090001069, "正式名称": "オカダデンタルオフィス", "機関区分": 3, "都道府県コード": 9, "市区町村コード": 201, "所在地": "栃木県宇都宮市西川田町８０５－６", "緯度": 36.528509, "経度": 139.849066, "url": "https://www.iryou.teikyouseido.mhlw.go.jp/znk-web/juminkanja/S2430/initialize?prefCd=09&kikanCd=3090001069&kikanKbn=3", "url2": "http://okada-do.jp", "内容": "オカダデンタルオフィス【3:歯科】栃木県宇都宮市西川田町８０５－６" }, "geometry": { "type": "Point", "coordinates": [ 139.849066, 36.528509 ] } },
{ "type": "Feature", "properties": { "ID": 933090001070, "正式名称": "みき・さくら歯科", "機関区分": 3, "都道府県コード": 9, "市区町村コード": 201, "所在地": "栃木県宇都宮市吉野１－４－２０", "緯度": 36.546871, "経度": 139.872149, "url": "https://www.iryou.teikyouseido.mhlw.go.jp/znk-web/juminkanja/S2430/initialize?prefCd=09&kikanCd=3090001070&kikanKbn=3", "url2": "http://www.mikisakurashika.com/", "内容": "みき・さくら歯科【3:歯科】栃木県宇都宮市吉野１－４－２０" }, "geometry": { "type": "Point", "coordinates": [ 139.872149, 36.546871 ] } },
{ "type": "Feature", "properties": { "ID": 933090001071, "正式名称": "医療法人つとむ会チョコレート歯科医院", "機関区分": 3, "都道府県コード": 9, "市区町村コード": 205, "所在地": "栃木県鹿沼市貝島町５０１－５", "緯度": 36.562131, "経度": 139.766099, "url": "https://www.iryou.teikyouseido.mhlw.go.jp/znk-web/juminkanja/S2430/initialize?prefCd=09&kikanCd=3090001071&kikanKbn=3", "url2": "https://www.chocolatedentalclinic.com", "内容": "医療法人つとむ会チョコレート歯科医院【3:歯科】栃木県鹿沼市貝島町５０１－５" }, "geometry": { "type": "Point", "coordinates": [ 139.766099, 36.562131 ] } },
{ "type": "Feature", "properties": { "ID": 933090001072, "正式名称": "医療法人社団美歯会みろ歯科", "機関区分": 3, "都道府県コード": 9, "市区町村コード": 201, "所在地": "栃木県宇都宮市中央２－４－８熊倉ビル１階", "緯度": 36.556043, "経度": 139.884146, "url": "https://www.iryou.teikyouseido.mhlw.go.jp/znk-web/juminkanja/S2430/initialize?prefCd=09&kikanCd=3090001072&kikanKbn=3", "url2": "https://tda86.com/", "内容": "医療法人社団美歯会みろ歯科【3:歯科】栃木県宇都宮市中央２－４－８熊倉ビル１階" }, "geometry": { "type": "Point", "coordinates": [ 139.884146, 36.556043 ] } },
{ "type": "Feature", "properties": { "ID": 933090001073, "正式名称": "ささもと歯科医院", "機関区分": 3, "都道府県コード": 9, "市区町村コード": 343, "所在地": "栃木県芳賀郡茂木町茂木五反田７１番８", "緯度": 36.533876, "経度": 140.187244, "url": "https://www.iryou.teikyouseido.mhlw.go.jp/znk-web/juminkanja/S2430/initialize?prefCd=09&kikanCd=3090001073&kikanKbn=3", "url2": null, "内容": "ささもと歯科医院【3:歯科】栃木県芳賀郡茂木町茂木五反田７１番８" }, "geometry": { "type": "Point", "coordinates": [ 140.187244, 36.533876 ] } },
{ "type": "Feature", "properties": { "ID": 933090001074, "正式名称": "福澤歯科クリニック", "機関区分": 3, "都道府県コード": 9, "市区町村コード": 214, "所在地": "栃木県さくら市氏家１２０６－１３", "緯度": 36.660174, "経度": 139.956885, "url": "https://www.iryou.teikyouseido.mhlw.go.jp/znk-web/juminkanja/S2430/initialize?prefCd=09&kikanCd=3090001074&kikanKbn=3", "url2": null, "内容": "福澤歯科クリニック【3:歯科】栃木県さくら市氏家１２０６－１３" }, "geometry": { "type": "Point", "coordinates": [ 139.956885, 36.660174 ] } },
{ "type": "Feature", "properties": { "ID": 933090001075, "正式名称": "あきデンタルクリニック", "機関区分": 3, "都道府県コード": 9, "市区町村コード": 201, "所在地": "栃木県宇都宮市さつき２丁目１９番８号", "緯度": 36.484484, "経度": 139.862644, "url": "https://www.iryou.teikyouseido.mhlw.go.jp/znk-web/juminkanja/S2430/initialize?prefCd=09&kikanCd=3090001075&kikanKbn=3", "url2": "http://aki.dental-net.jp", "内容": "あきデンタルクリニック【3:歯科】栃木県宇都宮市さつき２丁目１９番８号" }, "geometry": { "type": "Point", "coordinates": [ 139.862644, 36.484484 ] } },
{ "type": "Feature", "properties": { "ID": 933090001077, "正式名称": "やまのうち歯科医院", "機関区分": 3, "都道府県コード": 9, "市区町村コード": 201, "所在地": "栃木県宇都宮市兵庫塚町９－１プレステージみどり野１階", "緯度": 36.492655, "経度": 139.858689, "url": "https://www.iryou.teikyouseido.mhlw.go.jp/znk-web/juminkanja/S2430/initialize?prefCd=09&kikanCd=3090001077&kikanKbn=3", "url2": "http://www.yamanouchi-dc.com/", "内容": "やまのうち歯科医院【3:歯科】栃木県宇都宮市兵庫塚町９－１プレステージみどり野１階" }, "geometry": { "type": "Point", "coordinates": [ 139.858689, 36.492655 ] } },
{ "type": "Feature", "properties": { "ID": 933090001080, "正式名称": "なかみぞ歯科医院", "機関区分": 3, "都道府県コード": 9, "市区町村コード": 201, "所在地": "栃木県宇都宮市元今泉８－１－１３", "緯度": 36.565718, "経度": 139.908932, "url": "https://www.iryou.teikyouseido.mhlw.go.jp/znk-web/juminkanja/S2430/initialize?prefCd=09&kikanCd=3090001080&kikanKbn=3", "url2": "http://www.visca-sp.com/nakamizo-dc/", "内容": "なかみぞ歯科医院【3:歯科】栃木県宇都宮市元今泉８－１－１３" }, "geometry": { "type": "Point", "coordinates": [ 139.908932, 36.565718 ] } },
{ "type": "Feature", "properties": { "ID": 933090001081, "正式名称": "むらかみ歯科・矯正歯科", "機関区分": 3, "都道府県コード": 9, "市区町村コード": 202, "所在地": "栃木県足利市福居町８４９－１", "緯度": 36.314576, "経度": 139.449948, "url": "https://www.iryou.teikyouseido.mhlw.go.jp/znk-web/juminkanja/S2430/initialize?prefCd=09&kikanCd=3090001081&kikanKbn=3", "url2": "http://www.happysmile-mdc.com/", "内容": "むらかみ歯科・矯正歯科【3:歯科】栃木県足利市福居町８４９－１" }, "geometry": { "type": "Point", "coordinates": [ 139.449948, 36.314576 ] } },
{ "type": "Feature", "properties": { "ID": 933090001082, "正式名称": "ともファミリー歯科", "機関区分": 3, "都道府県コード": 9, "市区町村コード": 208, "所在地": "栃木県小山市小山", "緯度": 36.29952, "経度": 139.81912, "url": "https://www.iryou.teikyouseido.mhlw.go.jp/znk-web/juminkanja/S2430/initialize?prefCd=09&kikanCd=3090001082&kikanKbn=3", "url2": "http://www.tfdc.jp/", "内容": "ともファミリー歯科【3:歯科】栃木県小山市小山" }, "geometry": { "type": "Point", "coordinates": [ 139.81912, 36.29952 ] } },
{ "type": "Feature", "properties": { "ID": 933090001083, "正式名称": "きたざわ歯科医院", "機関区分": 3, "都道府県コード": 9, "市区町村コード": 364, "所在地": "栃木県下都賀郡野木町丸林３７７ー２６", "緯度": 36.234646, "経度": 139.735608, "url": "https://www.iryou.teikyouseido.mhlw.go.jp/znk-web/juminkanja/S2430/initialize?prefCd=09&kikanCd=3090001083&kikanKbn=3", "url2": "http://www.kitazawa-dental.com", "内容": "きたざわ歯科医院【3:歯科】栃木県下都賀郡野木町丸林３７７ー２６" }, "geometry": { "type": "Point", "coordinates": [ 139.735608, 36.234646 ] } },
{ "type": "Feature", "properties": { "ID": 933090001084, "正式名称": "ときわ歯科クリニック", "機関区分": 3, "都道府県コード": 9, "市区町村コード": 201, "所在地": "栃木県宇都宮市ゆいの杜２－１－４", "緯度": 36.574197, "経度": 139.989457, "url": "https://www.iryou.teikyouseido.mhlw.go.jp/znk-web/juminkanja/S2430/initialize?prefCd=09&kikanCd=3090001084&kikanKbn=3", "url2": "http://tkwdc.com", "内容": "ときわ歯科クリニック【3:歯科】栃木県宇都宮市ゆいの杜２－１－４" }, "geometry": { "type": "Point", "coordinates": [ 139.989457, 36.574197 ] } },
{ "type": "Feature", "properties": { "ID": 933090001085, "正式名称": "高野歯科医院", "機関区分": 3, "都道府県コード": 9, "市区町村コード": 213, "所在地": "栃木県那須塩原市東三島２－７９－２", "緯度": 36.897505, "経度": 139.979482, "url": "https://www.iryou.teikyouseido.mhlw.go.jp/znk-web/juminkanja/S2430/initialize?prefCd=09&kikanCd=3090001085&kikanKbn=3", "url2": "http://www.takanodental.com", "内容": "高野歯科医院【3:歯科】栃木県那須塩原市東三島２－７９－２" }, "geometry": { "type": "Point", "coordinates": [ 139.979482, 36.897505 ] } },
{ "type": "Feature", "properties": { "ID": 933090001087, "正式名称": "なかの歯科・矯正歯科クリニックなかのキッズデンタル", "機関区分": 3, "都道府県コード": 9, "市区町村コード": 345, "所在地": "栃木県芳賀郡芳賀町上延生５３３－１", "緯度": 36.553247, "経度": 140.056235, "url": "https://www.iryou.teikyouseido.mhlw.go.jp/znk-web/juminkanja/S2430/initialize?prefCd=09&kikanCd=3090001087&kikanKbn=3", "url2": "http://www.haga-nakanoshika.com", "内容": "なかの歯科・矯正歯科クリニックなかのキッズデンタル【3:歯科】栃木県芳賀郡芳賀町上延生５３３－１" }, "geometry": { "type": "Point", "coordinates": [ 140.056235, 36.553247 ] } },
{ "type": "Feature", "properties": { "ID": 933090001089, "正式名称": "大平デンタルクリニック", "機関区分": 3, "都道府県コード": 9, "市区町村コード": 203, "所在地": "栃木県栃木市大平町下皆川字長橋２１５番２", "緯度": 36.347835, "経度": 139.703506, "url": "https://www.iryou.teikyouseido.mhlw.go.jp/znk-web/juminkanja/S2430/initialize?prefCd=09&kikanCd=3090001089&kikanKbn=3", "url2": null, "内容": "大平デンタルクリニック【3:歯科】栃木県栃木市大平町下皆川字長橋２１５番２" }, "geometry": { "type": "Point", "coordinates": [ 139.703506, 36.347835 ] } },
{ "type": "Feature", "properties": { "ID": 933090001090, "正式名称": "とみざわ歯科", "機関区分": 3, "都道府県コード": 9, "市区町村コード": 216, "所在地": "栃木県下野市文教３－８－８", "緯度": 36.447918, "経度": 139.861632, "url": "https://www.iryou.teikyouseido.mhlw.go.jp/znk-web/juminkanja/S2430/initialize?prefCd=09&kikanCd=3090001090&kikanKbn=3", "url2": "http://shimotsuke-tomizawashika.cihp2.jp", "内容": "とみざわ歯科【3:歯科】栃木県下野市文教３－８－８" }, "geometry": { "type": "Point", "coordinates": [ 139.861632, 36.447918 ] } },
{ "type": "Feature", "properties": { "ID": 933090001091, "正式名称": "成田デンタルクリニック", "機関区分": 3, "都道府県コード": 9, "市区町村コード": 203, "所在地": "栃木県栃木市河合町", "緯度": 36.374885, "経度": 139.733592, "url": "https://www.iryou.teikyouseido.mhlw.go.jp/znk-web/juminkanja/S2430/initialize?prefCd=09&kikanCd=3090001091&kikanKbn=3", "url2": "http://naritadental.com", "内容": "成田デンタルクリニック【3:歯科】栃木県栃木市河合町" }, "geometry": { "type": "Point", "coordinates": [ 139.733592, 36.374885 ] } },
{ "type": "Feature", "properties": { "ID": 933090001092, "正式名称": "ゆきこ歯科", "機関区分": 3, "都道府県コード": 9, "市区町村コード": 216, "所在地": "栃木県下野市駅東７－１２－１１", "緯度": 36.368712, "経度": 139.843735, "url": "https://www.iryou.teikyouseido.mhlw.go.jp/znk-web/juminkanja/S2430/initialize?prefCd=09&kikanCd=3090001092&kikanKbn=3", "url2": "http://www.yukiko-shika.com/", "内容": "ゆきこ歯科【3:歯科】栃木県下野市駅東７－１２－１１" }, "geometry": { "type": "Point", "coordinates": [ 139.843735, 36.368712 ] } },
{ "type": "Feature", "properties": { "ID": 933090001093, "正式名称": "不動前寄藤歯科医院", "機関区分": 3, "都道府県コード": 9, "市区町村コード": 201, "所在地": "栃木県宇都宮市不動前１－３－２８", "緯度": 36.545177, "経度": 139.879482, "url": "https://www.iryou.teikyouseido.mhlw.go.jp/znk-web/juminkanja/S2430/initialize?prefCd=09&kikanCd=3090001093&kikanKbn=3", "url2": "http://www.fudomaedental.com", "内容": "不動前寄藤歯科医院【3:歯科】栃木県宇都宮市不動前１－３－２８" }, "geometry": { "type": "Point", "coordinates": [ 139.879482, 36.545177 ] } },
{ "type": "Feature", "properties": { "ID": 933090001094, "正式名称": "しのざき歯科医院", "機関区分": 3, "都道府県コード": 9, "市区町村コード": 201, "所在地": "栃木県宇都宮市宝木町１－３４－７", "緯度": 36.576629, "経度": 139.851777, "url": "https://www.iryou.teikyouseido.mhlw.go.jp/znk-web/juminkanja/S2430/initialize?prefCd=09&kikanCd=3090001094&kikanKbn=3", "url2": "http://www.shinozakidc.com", "内容": "しのざき歯科医院【3:歯科】栃木県宇都宮市宝木町１－３４－７" }, "geometry": { "type": "Point", "coordinates": [ 139.851777, 36.576629 ] } },
{ "type": "Feature", "properties": { "ID": 933090001095, "正式名称": "西歯科医院", "機関区分": 3, "都道府県コード": 9, "市区町村コード": 214, "所在地": "栃木県さくら市氏家字小里２８９３－２", "緯度": 36.691976, "経度": 139.964967, "url": "https://www.iryou.teikyouseido.mhlw.go.jp/znk-web/juminkanja/S2430/initialize?prefCd=09&kikanCd=3090001095&kikanKbn=3", "url2": "http://nishi-shika.info", "内容": "西歯科医院【3:歯科】栃木県さくら市氏家字小里２８９３－２" }, "geometry": { "type": "Point", "coordinates": [ 139.964967, 36.691976 ] } },
{ "type": "Feature", "properties": { "ID": 933090001096, "正式名称": "医療法人　柳真会　きよえ歯科", "機関区分": 3, "都道府県コード": 9, "市区町村コード": 209, "所在地": "栃木県真岡市台町", "緯度": 36.44742, "経度": 140.009261, "url": "https://www.iryou.teikyouseido.mhlw.go.jp/znk-web/juminkanja/S2430/initialize?prefCd=09&kikanCd=3090001096&kikanKbn=3", "url2": "http://ryushin.sakura.ne.jp", "内容": "医療法人　柳真会　きよえ歯科【3:歯科】栃木県真岡市台町" }, "geometry": { "type": "Point", "coordinates": [ 140.009261, 36.44742 ] } },
{ "type": "Feature", "properties": { "ID": 933090001098, "正式名称": "医療法人　ＫＡＮＥＫＯ　ＤＥＮＴＡＬ　ＯＦＦＩＣＥ", "機関区分": 3, "都道府県コード": 9, "市区町村コード": 201, "所在地": "栃木県宇都宮市南大通り１－３－８", "緯度": 36.55601, "経度": 139.894564, "url": "https://www.iryou.teikyouseido.mhlw.go.jp/znk-web/juminkanja/S2430/initialize?prefCd=09&kikanCd=3090001098&kikanKbn=3", "url2": "https://kdo-dr/com", "内容": "医療法人　ＫＡＮＥＫＯ　ＤＥＮＴＡＬ　ＯＦＦＩＣＥ【3:歯科】栃木県宇都宮市南大通り１－３－８" }, "geometry": { "type": "Point", "coordinates": [ 139.894564, 36.55601 ] } },
{ "type": "Feature", "properties": { "ID": 933090001099, "正式名称": "医療法人　中津川会　中津川歯科クリニック", "機関区分": 3, "都道府県コード": 9, "市区町村コード": 386, "所在地": "栃木県塩谷郡高根沢町宝積寺２３８８－３", "緯度": 36.630734, "経度": 139.981708, "url": "https://www.iryou.teikyouseido.mhlw.go.jp/znk-web/juminkanja/S2430/initialize?prefCd=09&kikanCd=3090001099&kikanKbn=3", "url2": "http://www.nakatsugawa-clinic.jp", "内容": "医療法人　中津川会　中津川歯科クリニック【3:歯科】栃木県塩谷郡高根沢町宝積寺２３８８－３" }, "geometry": { "type": "Point", "coordinates": [ 139.981708, 36.630734 ] } },
{ "type": "Feature", "properties": { "ID": 933090001101, "正式名称": "医療法人Ｇ・Ｄ・Ｃホワイトエッセンス宇都宮　ゴリデンタルクリニック", "機関区分": 3, "都道府県コード": 9, "市区町村コード": 201, "所在地": "栃木県宇都宮市馬場通り４－１－１　うつのみや表参道スクエア２階", "緯度": 36.561637, "経度": 139.886462, "url": "https://www.iryou.teikyouseido.mhlw.go.jp/znk-web/juminkanja/S2430/initialize?prefCd=09&kikanCd=3090001101&kikanKbn=3", "url2": "http://we-utsunomiya.jp", "内容": "医療法人Ｇ・Ｄ・Ｃホワイトエッセンス宇都宮　ゴリデンタルクリニック【3:歯科】栃木県宇都宮市馬場通り４－１－１　うつのみや表参道スクエア２階" }, "geometry": { "type": "Point", "coordinates": [ 139.886462, 36.561637 ] } },
{ "type": "Feature", "properties": { "ID": 933090001102, "正式名称": "亀井歯科・矯正歯科", "機関区分": 3, "都道府県コード": 9, "市区町村コード": 201, "所在地": "栃木県宇都宮市平松本町７５７－１０", "緯度": 36.539451, "経度": 139.912635, "url": "https://www.iryou.teikyouseido.mhlw.go.jp/znk-web/juminkanja/S2430/initialize?prefCd=09&kikanCd=3090001102&kikanKbn=3", "url2": null, "内容": "亀井歯科・矯正歯科【3:歯科】栃木県宇都宮市平松本町７５７－１０" }, "geometry": { "type": "Point", "coordinates": [ 139.912635, 36.539451 ] } },
{ "type": "Feature", "properties": { "ID": 933090001103, "正式名称": "すずめ歯科クリニック", "機関区分": 3, "都道府県コード": 9, "市区町村コード": 201, "所在地": "栃木県宇都宮市雀の宮６－２－３４", "緯度": 36.488291, "経度": 139.869144, "url": "https://www.iryou.teikyouseido.mhlw.go.jp/znk-web/juminkanja/S2430/initialize?prefCd=09&kikanCd=3090001103&kikanKbn=3", "url2": null, "内容": "すずめ歯科クリニック【3:歯科】栃木県宇都宮市雀の宮６－２－３４" }, "geometry": { "type": "Point", "coordinates": [ 139.869144, 36.488291 ] } },
{ "type": "Feature", "properties": { "ID": 933090001104, "正式名称": "こづかファミリー歯科", "機関区分": 3, "都道府県コード": 9, "市区町村コード": 201, "所在地": "栃木県宇都宮市鶴田町７２１－２", "緯度": 36.557765, "経度": 139.856295, "url": "https://www.iryou.teikyouseido.mhlw.go.jp/znk-web/juminkanja/S2430/initialize?prefCd=09&kikanCd=3090001104&kikanKbn=3", "url2": "http://www.kozuka-family-dental.com/", "内容": "こづかファミリー歯科【3:歯科】栃木県宇都宮市鶴田町７２１－２" }, "geometry": { "type": "Point", "coordinates": [ 139.856295, 36.557765 ] } },
{ "type": "Feature", "properties": { "ID": 933090001105, "正式名称": "りょう矯正歯科クリニック", "機関区分": 3, "都道府県コード": 9, "市区町村コード": 201, "所在地": "栃木県宇都宮市ゆいの杜７ー３－１", "緯度": 36.572692, "経度": 139.991918, "url": "https://www.iryou.teikyouseido.mhlw.go.jp/znk-web/juminkanja/S2430/initialize?prefCd=09&kikanCd=3090001105&kikanKbn=3", "url2": "http://www.ryo-kyousei.jp", "内容": "りょう矯正歯科クリニック【3:歯科】栃木県宇都宮市ゆいの杜７ー３－１" }, "geometry": { "type": "Point", "coordinates": [ 139.991918, 36.572692 ] } },
{ "type": "Feature", "properties": { "ID": 933090001106, "正式名称": "やまもり歯科クリニック", "機関区分": 3, "都道府県コード": 9, "市区町村コード": 210, "所在地": "栃木県大田原市美原３－３３６５－１５", "緯度": 36.855733, "経度": 140.001543, "url": "https://www.iryou.teikyouseido.mhlw.go.jp/znk-web/juminkanja/S2430/initialize?prefCd=09&kikanCd=3090001106&kikanKbn=3", "url2": "https://yamamori-shika.jp", "内容": "やまもり歯科クリニック【3:歯科】栃木県大田原市美原３－３３６５－１５" }, "geometry": { "type": "Point", "coordinates": [ 140.001543, 36.855733 ] } },
{ "type": "Feature", "properties": { "ID": 933090001107, "正式名称": "小山広域保健衛生組合休日急患歯科診療所", "機関区分": 3, "都道府県コード": 9, "市区町村コード": 208, "所在地": "栃木県小山市神鳥谷２２５１－７", "緯度": 36.276027, "経度": 139.801795, "url": "https://www.iryou.teikyouseido.mhlw.go.jp/znk-web/juminkanja/S2430/initialize?prefCd=09&kikanCd=3090001107&kikanKbn=3", "url2": "https://www.city.oyama.tochigi.jp/site/kouiki/828.html", "内容": "小山広域保健衛生組合休日急患歯科診療所【3:歯科】栃木県小山市神鳥谷２２５１－７" }, "geometry": { "type": "Point", "coordinates": [ 139.801795, 36.276027 ] } },
{ "type": "Feature", "properties": { "ID": 933090001108, "正式名称": "ティーズデンタルクリニック", "機関区分": 3, "都道府県コード": 9, "市区町村コード": 201, "所在地": "栃木県宇都宮市馬場通り２－３－１２　メガドンキホーテラパーク宇都宮店２Ｆ", "緯度": 36.56071, "経度": 139.884984, "url": "https://www.iryou.teikyouseido.mhlw.go.jp/znk-web/juminkanja/S2430/initialize?prefCd=09&kikanCd=3090001108&kikanKbn=3", "url2": null, "内容": "ティーズデンタルクリニック【3:歯科】栃木県宇都宮市馬場通り２－３－１２　メガドンキホーテラパーク宇都宮店２Ｆ" }, "geometry": { "type": "Point", "coordinates": [ 139.884984, 36.56071 ] } },
{ "type": "Feature", "properties": { "ID": 933090001110, "正式名称": "長谷川みらい歯科・矯正歯科", "機関区分": 3, "都道府県コード": 9, "市区町村コード": 201, "所在地": "栃木県宇都宮市中岡本町３７１０番地９４", "緯度": 36.608911, "経度": 139.93624, "url": "https://www.iryou.teikyouseido.mhlw.go.jp/znk-web/juminkanja/S2430/initialize?prefCd=09&kikanCd=3090001110&kikanKbn=3", "url2": "https://mirai-dc.jp", "内容": "長谷川みらい歯科・矯正歯科【3:歯科】栃木県宇都宮市中岡本町３７１０番地９４" }, "geometry": { "type": "Point", "coordinates": [ 139.93624, 36.608911 ] } },
{ "type": "Feature", "properties": { "ID": 933090001111, "正式名称": "さとみ歯科クリニック", "機関区分": 3, "都道府県コード": 9, "市区町村コード": 213, "所在地": "栃木県那須塩原市阿波町９９－８２", "緯度": 36.97051, "経度": 140.036539, "url": "https://www.iryou.teikyouseido.mhlw.go.jp/znk-web/juminkanja/S2430/initialize?prefCd=09&kikanCd=3090001111&kikanKbn=3", "url2": "https://nasushiobara-satomi-dental.net/", "内容": "さとみ歯科クリニック【3:歯科】栃木県那須塩原市阿波町９９－８２" }, "geometry": { "type": "Point", "coordinates": [ 140.036539, 36.97051 ] } },
{ "type": "Feature", "properties": { "ID": 933090001112, "正式名称": "おおた歯科・小児・矯正歯科クリニック", "機関区分": 3, "都道府県コード": 9, "市区町村コード": 204, "所在地": "栃木県佐野市金屋仲町２４８８", "緯度": 36.311716, "経度": 139.575941, "url": "https://www.iryou.teikyouseido.mhlw.go.jp/znk-web/juminkanja/S2430/initialize?prefCd=09&kikanCd=3090001112&kikanKbn=3", "url2": null, "内容": "おおた歯科・小児・矯正歯科クリニック【3:歯科】栃木県佐野市金屋仲町２４８８" }, "geometry": { "type": "Point", "coordinates": [ 139.575941, 36.311716 ] } },
{ "type": "Feature", "properties": { "ID": 933090001113, "正式名称": "医療法人雄愛会　高谷秀雄歯科クリニック", "機関区分": 3, "都道府県コード": 9, "市区町村コード": 201, "所在地": "栃木県宇都宮市中岡本町２９７７", "緯度": 36.612233, "経度": 139.943251, "url": "https://www.iryou.teikyouseido.mhlw.go.jp/znk-web/juminkanja/S2430/initialize?prefCd=09&kikanCd=3090001113&kikanKbn=3", "url2": "http://www.takatani-dental.jp", "内容": "医療法人雄愛会　高谷秀雄歯科クリニック【3:歯科】栃木県宇都宮市中岡本町２９７７" }, "geometry": { "type": "Point", "coordinates": [ 139.943251, 36.612233 ] } },
{ "type": "Feature", "properties": { "ID": 933090001115, "正式名称": "こまつ歯科医院", "機関区分": 3, "都道府県コード": 9, "市区町村コード": 201, "所在地": "栃木県宇都宮市御幸町２８９－２", "緯度": 36.578747, "経度": 139.921743, "url": "https://www.iryou.teikyouseido.mhlw.go.jp/znk-web/juminkanja/S2430/initialize?prefCd=09&kikanCd=3090001115&kikanKbn=3", "url2": "http://www.komatsu-shika.info/", "内容": "こまつ歯科医院【3:歯科】栃木県宇都宮市御幸町２８９－２" }, "geometry": { "type": "Point", "coordinates": [ 139.921743, 36.578747 ] } },
{ "type": "Feature", "properties": { "ID": 933090001118, "正式名称": "医療法人まるふく会福田デンタルクリニック", "機関区分": 3, "都道府県コード": 9, "市区町村コード": 201, "所在地": "栃木県宇都宮市下砥上町１５４５－２０", "緯度": 36.529334, "経度": 139.844605, "url": "https://www.iryou.teikyouseido.mhlw.go.jp/znk-web/juminkanja/S2430/initialize?prefCd=09&kikanCd=3090001118&kikanKbn=3", "url2": "https://www.fukuda-kodomo-dental.com/clinic/", "内容": "医療法人まるふく会福田デンタルクリニック【3:歯科】栃木県宇都宮市下砥上町１５４５－２０" }, "geometry": { "type": "Point", "coordinates": [ 139.844605, 36.529334 ] } },
{ "type": "Feature", "properties": { "ID": 933090001120, "正式名称": "那須高原歯科", "機関区分": 3, "都道府県コード": 9, "市区町村コード": 407, "所在地": "栃木県那須郡那須町高久丙１１９５－５８", "緯度": 37.048174, "経度": 140.037185, "url": "https://www.iryou.teikyouseido.mhlw.go.jp/znk-web/juminkanja/S2430/initialize?prefCd=09&kikanCd=3090001120&kikanKbn=3", "url2": "https://yuta22611.wixsite.com/mysite", "内容": "那須高原歯科【3:歯科】栃木県那須郡那須町高久丙１１９５－５８" }, "geometry": { "type": "Point", "coordinates": [ 140.037185, 37.048174 ] } },
{ "type": "Feature", "properties": { "ID": 933090001121, "正式名称": "医療法人　五幸会　たさき歯科", "機関区分": 3, "都道府県コード": 9, "市区町村コード": 213, "所在地": "栃木県那須塩原市黒磯幸町５－２１", "緯度": 36.968576, "経度": 140.056662, "url": "https://www.iryou.teikyouseido.mhlw.go.jp/znk-web/juminkanja/S2430/initialize?prefCd=09&kikanCd=3090001121&kikanKbn=3", "url2": "http://www.tasaki-shika.com/", "内容": "医療法人　五幸会　たさき歯科【3:歯科】栃木県那須塩原市黒磯幸町５－２１" }, "geometry": { "type": "Point", "coordinates": [ 140.056662, 36.968576 ] } },
{ "type": "Feature", "properties": { "ID": 933090001122, "正式名称": "なかたに歯科", "機関区分": 3, "都道府県コード": 9, "市区町村コード": 202, "所在地": "栃木県足利市山下町９４３－１", "緯度": 36.355594, "経度": 139.404309, "url": "https://www.iryou.teikyouseido.mhlw.go.jp/znk-web/juminkanja/S2430/initialize?prefCd=09&kikanCd=3090001122&kikanKbn=3", "url2": "https://www.nakatani-dent.com/", "内容": "なかたに歯科【3:歯科】栃木県足利市山下町９４３－１" }, "geometry": { "type": "Point", "coordinates": [ 139.404309, 36.355594 ] } },
{ "type": "Feature", "properties": { "ID": 933090001123, "正式名称": "にじいろ歯科医院", "機関区分": 3, "都道府県コード": 9, "市区町村コード": 201, "所在地": "栃木県宇都宮市上横田町１３３８－３２", "緯度": 36.515631, "経度": 139.876959, "url": "https://www.iryou.teikyouseido.mhlw.go.jp/znk-web/juminkanja/S2430/initialize?prefCd=09&kikanCd=3090001123&kikanKbn=3", "url2": "https://nijiiroshika.com", "内容": "にじいろ歯科医院【3:歯科】栃木県宇都宮市上横田町１３３８－３２" }, "geometry": { "type": "Point", "coordinates": [ 139.876959, 36.515631 ] } },
{ "type": "Feature", "properties": { "ID": 933090001124, "正式名称": "じゅんデンタルクリニック", "機関区分": 3, "都道府県コード": 9, "市区町村コード": 201, "所在地": "栃木県宇都宮市中里町２２７－６", "緯度": 36.67791, "経度": 139.900761, "url": "https://www.iryou.teikyouseido.mhlw.go.jp/znk-web/juminkanja/S2430/initialize?prefCd=09&kikanCd=3090001124&kikanKbn=3", "url2": "https://jdc-utsunomiya.jp", "内容": "じゅんデンタルクリニック【3:歯科】栃木県宇都宮市中里町２２７－６" }, "geometry": { "type": "Point", "coordinates": [ 139.900761, 36.67791 ] } },
{ "type": "Feature", "properties": { "ID": 933090001126, "正式名称": "おおの歯科クリニック", "機関区分": 3, "都道府県コード": 9, "市区町村コード": 202, "所在地": "栃木県足利市利保町１−１４−９", "緯度": 36.350935, "経度": 139.470155, "url": "https://www.iryou.teikyouseido.mhlw.go.jp/znk-web/juminkanja/S2430/initialize?prefCd=09&kikanCd=3090001126&kikanKbn=3", "url2": null, "内容": "おおの歯科クリニック【3:歯科】栃木県足利市利保町１−１４−９" }, "geometry": { "type": "Point", "coordinates": [ 139.470155, 36.350935 ] } },
{ "type": "Feature", "properties": { "ID": 933090001128, "正式名称": "かどわき歯科クリニック", "機関区分": 3, "都道府県コード": 9, "市区町村コード": 204, "所在地": "栃木県佐野市富岡町１７３８－２", "緯度": 36.318053, "経度": 139.600683, "url": "https://www.iryou.teikyouseido.mhlw.go.jp/znk-web/juminkanja/S2430/initialize?prefCd=09&kikanCd=3090001128&kikanKbn=3", "url2": null, "内容": "かどわき歯科クリニック【3:歯科】栃木県佐野市富岡町１７３８－２" }, "geometry": { "type": "Point", "coordinates": [ 139.600683, 36.318053 ] } },
{ "type": "Feature", "properties": { "ID": 933090001129, "正式名称": "佐貫歯科医院", "機関区分": 3, "都道府県コード": 9, "市区町村コード": 201, "所在地": "栃木県宇都宮市鶴田町２０６－６", "緯度": 36.548271, "経度": 139.853045, "url": "https://www.iryou.teikyouseido.mhlw.go.jp/znk-web/juminkanja/S2430/initialize?prefCd=09&kikanCd=3090001129&kikanKbn=3", "url2": null, "内容": "佐貫歯科医院【3:歯科】栃木県宇都宮市鶴田町２０６－６" }, "geometry": { "type": "Point", "coordinates": [ 139.853045, 36.548271 ] } },
{ "type": "Feature", "properties": { "ID": 933090001130, "正式名称": "うちうみ歯科クリニック", "機関区分": 3, "都道府県コード": 9, "市区町村コード": 364, "所在地": "栃木県下都賀郡野木町丸林５７２－１２", "緯度": 36.233429, "経度": 139.742292, "url": "https://www.iryou.teikyouseido.mhlw.go.jp/znk-web/juminkanja/S2430/initialize?prefCd=09&kikanCd=3090001130&kikanKbn=3", "url2": "http://www/uchiumi-dc.com/", "内容": "うちうみ歯科クリニック【3:歯科】栃木県下都賀郡野木町丸林５７２－１２" }, "geometry": { "type": "Point", "coordinates": [ 139.742292, 36.233429 ] } },
{ "type": "Feature", "properties": { "ID": 933090001131, "正式名称": "ふじかわ歯科医院", "機関区分": 3, "都道府県コード": 9, "市区町村コード": 201, "所在地": "栃木県宇都宮市北若松原１丁目１４－１３", "緯度": 36.50647, "経度": 139.866343, "url": "https://www.iryou.teikyouseido.mhlw.go.jp/znk-web/juminkanja/S2430/initialize?prefCd=09&kikanCd=3090001131&kikanKbn=3", "url2": "http://fujikawa-dc.com/", "内容": "ふじかわ歯科医院【3:歯科】栃木県宇都宮市北若松原１丁目１４－１３" }, "geometry": { "type": "Point", "coordinates": [ 139.866343, 36.50647 ] } },
{ "type": "Feature", "properties": { "ID": 933090001132, "正式名称": "かきのき歯科クリニック", "機関区分": 3, "都道府県コード": 9, "市区町村コード": 208, "所在地": "栃木県小山市南飯田４９４－３", "緯度": 36.25498, "経度": 139.766547, "url": "https://www.iryou.teikyouseido.mhlw.go.jp/znk-web/juminkanja/S2430/initialize?prefCd=09&kikanCd=3090001132&kikanKbn=3", "url2": "http://kakinokisika.cihp2.jp", "内容": "かきのき歯科クリニック【3:歯科】栃木県小山市南飯田４９４－３" }, "geometry": { "type": "Point", "coordinates": [ 139.766547, 36.25498 ] } },
{ "type": "Feature", "properties": { "ID": 933090001133, "正式名称": "アシコタウン歯科", "機関区分": 3, "都道府県コード": 9, "市区町村コード": 202, "所在地": "栃木県足利市大月町３－２　アシコタウンあしかが", "緯度": 36.336769, "経度": 139.477799, "url": "https://www.iryou.teikyouseido.mhlw.go.jp/znk-web/juminkanja/S2430/initialize?prefCd=09&kikanCd=3090001133&kikanKbn=3", "url2": "https://atdc.jp/", "内容": "アシコタウン歯科【3:歯科】栃木県足利市大月町３－２　アシコタウンあしかが" }, "geometry": { "type": "Point", "coordinates": [ 139.477799, 36.336769 ] } },
{ "type": "Feature", "properties": { "ID": 933090001134, "正式名称": "ひまわり歯科ささざきクリニック", "機関区分": 3, "都道府県コード": 9, "市区町村コード": 205, "所在地": "栃木県鹿沼市府中町６３－１", "緯度": 36.565072, "経度": 139.758936, "url": "https://www.iryou.teikyouseido.mhlw.go.jp/znk-web/juminkanja/S2430/initialize?prefCd=09&kikanCd=3090001134&kikanKbn=3", "url2": "http://himawari-sasazaki.com", "内容": "ひまわり歯科ささざきクリニック【3:歯科】栃木県鹿沼市府中町６３－１" }, "geometry": { "type": "Point", "coordinates": [ 139.758936, 36.565072 ] } },
{ "type": "Feature", "properties": { "ID": 933090001135, "正式名称": "県庁内ユキ歯科クリニック", "機関区分": 3, "都道府県コード": 9, "市区町村コード": 201, "所在地": "栃木県宇都宮市塙田１ー１－２０栃木県庁東館３階", "緯度": 36.565873, "経度": 139.883556, "url": "https://www.iryou.teikyouseido.mhlw.go.jp/znk-web/juminkanja/S2430/initialize?prefCd=09&kikanCd=3090001135&kikanKbn=3", "url2": null, "内容": "県庁内ユキ歯科クリニック【3:歯科】栃木県宇都宮市塙田１ー１－２０栃木県庁東館３階" }, "geometry": { "type": "Point", "coordinates": [ 139.883556, 36.565873 ] } },
{ "type": "Feature", "properties": { "ID": 933090001137, "正式名称": "おび歯科クリニック", "機関区分": 3, "都道府県コード": 9, "市区町村コード": 201, "所在地": "栃木県宇都宮市屋板町１１１４－１０", "緯度": 36.517747, "経度": 139.893649, "url": "https://www.iryou.teikyouseido.mhlw.go.jp/znk-web/juminkanja/S2430/initialize?prefCd=09&kikanCd=3090001137&kikanKbn=3", "url2": "https://www.obi-dental.com", "内容": "おび歯科クリニック【3:歯科】栃木県宇都宮市屋板町１１１４－１０" }, "geometry": { "type": "Point", "coordinates": [ 139.893649, 36.517747 ] } },
{ "type": "Feature", "properties": { "ID": 933090001138, "正式名称": "おやまモール歯科", "機関区分": 3, "都道府県コード": 9, "市区町村コード": 208, "所在地": "栃木県小山市城西２丁目１３－２３", "緯度": 36.328275, "経度": 139.78887, "url": "https://www.iryou.teikyouseido.mhlw.go.jp/znk-web/juminkanja/S2430/initialize?prefCd=09&kikanCd=3090001138&kikanKbn=3", "url2": "https://oydc.jp/", "内容": "おやまモール歯科【3:歯科】栃木県小山市城西２丁目１３－２３" }, "geometry": { "type": "Point", "coordinates": [ 139.78887, 36.328275 ] } },
{ "type": "Feature", "properties": { "ID": 933090001139, "正式名称": "みやした歯科医院", "機関区分": 3, "都道府県コード": 9, "市区町村コード": 342, "所在地": "栃木県芳賀郡益子町七井中央２－１１", "緯度": 36.490734, "経度": 140.096499, "url": "https://www.iryou.teikyouseido.mhlw.go.jp/znk-web/juminkanja/S2430/initialize?prefCd=09&kikanCd=3090001139&kikanKbn=3", "url2": "miyashita-dc.com", "内容": "みやした歯科医院【3:歯科】栃木県芳賀郡益子町七井中央２－１１" }, "geometry": { "type": "Point", "coordinates": [ 140.096499, 36.490734 ] } },
{ "type": "Feature", "properties": { "ID": 933090001140, "正式名称": "やまうち歯科小児歯科　親と子のデンタルクリニック", "機関区分": 3, "都道府県コード": 9, "市区町村コード": 201, "所在地": "栃木県宇都宮市本町１－１９　佐藤ビル４Ｆ", "緯度": 36.562715, "経度": 139.883025, "url": "https://www.iryou.teikyouseido.mhlw.go.jp/znk-web/juminkanja/S2430/initialize?prefCd=09&kikanCd=3090001140&kikanKbn=3", "url2": "https://www.yamauchi-kids-dental.jp", "内容": "やまうち歯科小児歯科　親と子のデンタルクリニック【3:歯科】栃木県宇都宮市本町１－１９　佐藤ビル４Ｆ" }, "geometry": { "type": "Point", "coordinates": [ 139.883025, 36.562715 ] } },
{ "type": "Feature", "properties": { "ID": 933090001142, "正式名称": "ＬＵＮＡ歯科", "機関区分": 3, "都道府県コード": 9, "市区町村コード": 201, "所在地": "栃木県宇都宮市江曽島町１１５８－５", "緯度": 36.524843, "経度": 139.8746, "url": "https://www.iryou.teikyouseido.mhlw.go.jp/znk-web/juminkanja/S2430/initialize?prefCd=09&kikanCd=3090001142&kikanKbn=3", "url2": null, "内容": "ＬＵＮＡ歯科【3:歯科】栃木県宇都宮市江曽島町１１５８－５" }, "geometry": { "type": "Point", "coordinates": [ 139.8746, 36.524843 ] } },
{ "type": "Feature", "properties": { "ID": 933090001143, "正式名称": "おおはし歯科クリニック", "機関区分": 3, "都道府県コード": 9, "市区町村コード": 201, "所在地": "栃木県宇都宮市鶴田町１２９４－１", "緯度": 36.551038, "経度": 139.855917, "url": "https://www.iryou.teikyouseido.mhlw.go.jp/znk-web/juminkanja/S2430/initialize?prefCd=09&kikanCd=3090001143&kikanKbn=3", "url2": "https://www.ohashi-dent.com", "内容": "おおはし歯科クリニック【3:歯科】栃木県宇都宮市鶴田町１２９４－１" }, "geometry": { "type": "Point", "coordinates": [ 139.855917, 36.551038 ] } },
{ "type": "Feature", "properties": { "ID": 933090001144, "正式名称": "ますやま歯科クリニック", "機関区分": 3, "都道府県コード": 9, "市区町村コード": 201, "所在地": "栃木県宇都宮市平松本町１２１３－７", "緯度": 36.538204, "経度": 139.906056, "url": "https://www.iryou.teikyouseido.mhlw.go.jp/znk-web/juminkanja/S2430/initialize?prefCd=09&kikanCd=3090001144&kikanKbn=3", "url2": "http://www.masuyama-dc.com", "内容": "ますやま歯科クリニック【3:歯科】栃木県宇都宮市平松本町１２１３－７" }, "geometry": { "type": "Point", "coordinates": [ 139.906056, 36.538204 ] } },
{ "type": "Feature", "properties": { "ID": 933090001145, "正式名称": "たなべ歯科クリニック", "機関区分": 3, "都道府県コード": 9, "市区町村コード": 213, "所在地": "栃木県那須塩原市東三島６－３９６－１６", "緯度": 36.906262, "経度": 139.974016, "url": "https://www.iryou.teikyouseido.mhlw.go.jp/znk-web/juminkanja/S2430/initialize?prefCd=09&kikanCd=3090001145&kikanKbn=3", "url2": "tanabe-dental.net", "内容": "たなべ歯科クリニック【3:歯科】栃木県那須塩原市東三島６－３９６－１６" }, "geometry": { "type": "Point", "coordinates": [ 139.974016, 36.906262 ] } },
{ "type": "Feature", "properties": { "ID": 933090001146, "正式名称": "まつのぶ歯科クリニック", "機関区分": 3, "都道府県コード": 9, "市区町村コード": 204, "所在地": "栃木県佐野市浅沼町８２６", "緯度": 36.311378, "経度": 139.592318, "url": "https://www.iryou.teikyouseido.mhlw.go.jp/znk-web/juminkanja/S2430/initialize?prefCd=09&kikanCd=3090001146&kikanKbn=3", "url2": "http://maatsunobu..cihp2.jp", "内容": "まつのぶ歯科クリニック【3:歯科】栃木県佐野市浅沼町８２６" }, "geometry": { "type": "Point", "coordinates": [ 139.592318, 36.311378 ] } },
{ "type": "Feature", "properties": { "ID": 933090001148, "正式名称": "ほりファミリー歯科", "機関区分": 3, "都道府県コード": 9, "市区町村コード": 201, "所在地": "栃木県宇都宮市上戸祭町５２２－１", "緯度": 36.586642, "経度": 139.867826, "url": "https://www.iryou.teikyouseido.mhlw.go.jp/znk-web/juminkanja/S2430/initialize?prefCd=09&kikanCd=3090001148&kikanKbn=3", "url2": "tomatsuri-dc.com", "内容": "ほりファミリー歯科【3:歯科】栃木県宇都宮市上戸祭町５２２－１" }, "geometry": { "type": "Point", "coordinates": [ 139.867826, 36.586642 ] } },
{ "type": "Feature", "properties": { "ID": 933090001149, "正式名称": "てつか歯科クリニック", "機関区分": 3, "都道府県コード": 9, "市区町村コード": 214, "所在地": "栃木県さくら市櫻野２０３９－１０", "緯度": 36.688987, "経度": 139.982881, "url": "https://www.iryou.teikyouseido.mhlw.go.jp/znk-web/juminkanja/S2430/initialize?prefCd=09&kikanCd=3090001149&kikanKbn=3", "url2": "https://www.tetuska-shika.com", "内容": "てつか歯科クリニック【3:歯科】栃木県さくら市櫻野２０３９－１０" }, "geometry": { "type": "Point", "coordinates": [ 139.982881, 36.688987 ] } },
{ "type": "Feature", "properties": { "ID": 933090001150, "正式名称": "うまがみこども歯科", "機関区分": 3, "都道府県コード": 9, "市区町村コード": 201, "所在地": "栃木県宇都宮市戸祭町３００５ー６", "緯度": 36.574761, "経度": 139.874895, "url": "https://www.iryou.teikyouseido.mhlw.go.jp/znk-web/juminkanja/S2430/initialize?prefCd=09&kikanCd=3090001150&kikanKbn=3", "url2": "https://umagamikodomo-dental.jp/", "内容": "うまがみこども歯科【3:歯科】栃木県宇都宮市戸祭町３００５ー６" }, "geometry": { "type": "Point", "coordinates": [ 139.874895, 36.574761 ] } },
{ "type": "Feature", "properties": { "ID": 933090001151, "正式名称": "国井歯科医院", "機関区分": 3, "都道府県コード": 9, "市区町村コード": 201, "所在地": "栃木県宇都宮市若草３丁目８番７号", "緯度": 36.586911, "経度": 139.863596, "url": "https://www.iryou.teikyouseido.mhlw.go.jp/znk-web/juminkanja/S2430/initialize?prefCd=09&kikanCd=3090001151&kikanKbn=3", "url2": null, "内容": "国井歯科医院【3:歯科】栃木県宇都宮市若草３丁目８番７号" }, "geometry": { "type": "Point", "coordinates": [ 139.863596, 36.586911 ] } },
{ "type": "Feature", "properties": { "ID": 933090001152, "正式名称": "医療法人ＹＹ会摂食支援センター　ミヤシタデンタルクリニック", "機関区分": 3, "都道府県コード": 9, "市区町村コード": 206, "所在地": "栃木県日光市豊田２８－１", "緯度": 36.728837, "経度": 139.704897, "url": "https://www.iryou.teikyouseido.mhlw.go.jp/znk-web/juminkanja/S2430/initialize?prefCd=09&kikanCd=3090001152&kikanKbn=3", "url2": "http://miyashita-dentalclinic.com", "内容": "医療法人ＹＹ会摂食支援センター　ミヤシタデンタルクリニック【3:歯科】栃木県日光市豊田２８－１" }, "geometry": { "type": "Point", "coordinates": [ 139.704897, 36.728837 ] } },
{ "type": "Feature", "properties": { "ID": 933090001153, "正式名称": "ゆみ歯科医院", "機関区分": 3, "都道府県コード": 9, "市区町村コード": 201, "所在地": "栃木県宇都宮市針ケ谷町４７２番地７", "緯度": 36.49269, "経度": 139.85728, "url": "https://www.iryou.teikyouseido.mhlw.go.jp/znk-web/juminkanja/S2430/initialize?prefCd=09&kikanCd=3090001153&kikanKbn=3", "url2": "https://www.yumi-dental.com/", "内容": "ゆみ歯科医院【3:歯科】栃木県宇都宮市針ケ谷町４７２番地７" }, "geometry": { "type": "Point", "coordinates": [ 139.85728, 36.49269 ] } },
{ "type": "Feature", "properties": { "ID": 933090001154, "正式名称": "いしざき歯科医院", "機関区分": 3, "都道府県コード": 9, "市区町村コード": 205, "所在地": "栃木県鹿沼市東町３－４－１３", "緯度": 36.564937, "経度": 139.773798, "url": "https://www.iryou.teikyouseido.mhlw.go.jp/znk-web/juminkanja/S2430/initialize?prefCd=09&kikanCd=3090001154&kikanKbn=3", "url2": null, "内容": "いしざき歯科医院【3:歯科】栃木県鹿沼市東町３－４－１３" }, "geometry": { "type": "Point", "coordinates": [ 139.773798, 36.564937 ] } },
{ "type": "Feature", "properties": { "ID": 933090001155, "正式名称": "セレステデンタルクリニック", "機関区分": 3, "都道府県コード": 9, "市区町村コード": 208, "所在地": "栃木県小山市中久喜１０４－１", "緯度": 36.304702, "経度": 139.84163, "url": "https://www.iryou.teikyouseido.mhlw.go.jp/znk-web/juminkanja/S2430/initialize?prefCd=09&kikanCd=3090001155&kikanKbn=3", "url2": "https://www.celeste-dc.com/", "内容": "セレステデンタルクリニック【3:歯科】栃木県小山市中久喜１０４－１" }, "geometry": { "type": "Point", "coordinates": [ 139.84163, 36.304702 ] } },
{ "type": "Feature", "properties": { "ID": 933091000002, "正式名称": "ニコ歯科クリニック", "機関区分": 3, "都道府県コード": 9, "市区町村コード": 301, "所在地": "栃木県河内郡上三川町上三川４２３３－４", "緯度": 36.435589, "経度": 139.907668, "url": "https://www.iryou.teikyouseido.mhlw.go.jp/znk-web/juminkanja/S2430/initialize?prefCd=09&kikanCd=3091000002&kikanKbn=3", "url2": "https://nico-shika.com", "内容": "ニコ歯科クリニック【3:歯科】栃木県河内郡上三川町上三川４２３３－４" }, "geometry": { "type": "Point", "coordinates": [ 139.907668, 36.435589 ] } },
{ "type": "Feature", "properties": { "ID": 933091000004, "正式名称": "フクダデンタル", "機関区分": 3, "都道府県コード": 9, "市区町村コード": 386, "所在地": "栃木県塩谷郡高根沢町宝石台５－１３－１", "緯度": 36.61644, "経度": 139.98857, "url": "https://www.iryou.teikyouseido.mhlw.go.jp/znk-web/juminkanja/S2430/initialize?prefCd=09&kikanCd=3091000004&kikanKbn=3", "url2": "http://fukudent.com", "内容": "フクダデンタル【3:歯科】栃木県塩谷郡高根沢町宝石台５－１３－１" }, "geometry": { "type": "Point", "coordinates": [ 139.98857, 36.61644 ] } },
{ "type": "Feature", "properties": { "ID": 933091000005, "正式名称": "よしざわ歯科", "機関区分": 3, "都道府県コード": 9, "市区町村コード": 201, "所在地": "栃木県宇都宮市砂田町５４４－１", "緯度": 36.498011, "経度": 139.913754, "url": "https://www.iryou.teikyouseido.mhlw.go.jp/znk-web/juminkanja/S2430/initialize?prefCd=09&kikanCd=3091000005&kikanKbn=3", "url2": "https://www.yoshizawa-dc.com/", "内容": "よしざわ歯科【3:歯科】栃木県宇都宮市砂田町５４４－１" }, "geometry": { "type": "Point", "coordinates": [ 139.913754, 36.498011 ] } },
{ "type": "Feature", "properties": { "ID": 933091000006, "正式名称": "しもつけ矯正歯科", "機関区分": 3, "都道府県コード": 9, "市区町村コード": 216, "所在地": "栃木県下野市祇園３丁目１－２", "緯度": 36.392938, "経度": 139.859369, "url": "https://www.iryou.teikyouseido.mhlw.go.jp/znk-web/juminkanja/S2430/initialize?prefCd=09&kikanCd=3091000006&kikanKbn=3", "url2": "https://www.shimotsuke-ortho.com", "内容": "しもつけ矯正歯科【3:歯科】栃木県下野市祇園３丁目１－２" }, "geometry": { "type": "Point", "coordinates": [ 139.859369, 36.392938 ] } },
{ "type": "Feature", "properties": { "ID": 933091000007, "正式名称": "箱森歯科医院", "機関区分": 3, "都道府県コード": 9, "市区町村コード": 203, "所在地": "栃木県栃木市箱森町３７－９　イオン栃木店２階", "緯度": 36.394988, "経度": 139.723814, "url": "https://www.iryou.teikyouseido.mhlw.go.jp/znk-web/juminkanja/S2430/initialize?prefCd=09&kikanCd=3091000007&kikanKbn=3", "url2": "https://hakonomori-shikaiin.com", "内容": "箱森歯科医院【3:歯科】栃木県栃木市箱森町３７－９　イオン栃木店２階" }, "geometry": { "type": "Point", "coordinates": [ 139.723814, 36.394988 ] } },
{ "type": "Feature", "properties": { "ID": 933091000009, "正式名称": "ゆいの杜　たつみ歯科　矯正歯科クリニック", "機関区分": 3, "都道府県コード": 9, "市区町村コード": 201, "所在地": "栃木県宇都宮市ゆいの杜５－１８－１", "緯度": 36.567313, "経度": 139.998025, "url": "https://www.iryou.teikyouseido.mhlw.go.jp/znk-web/juminkanja/S2430/initialize?prefCd=09&kikanCd=3091000009&kikanKbn=3", "url2": "https://www.tatsumishika.jp", "内容": "ゆいの杜　たつみ歯科　矯正歯科クリニック【3:歯科】栃木県宇都宮市ゆいの杜５－１８－１" }, "geometry": { "type": "Point", "coordinates": [ 139.998025, 36.567313 ] } },
{ "type": "Feature", "properties": { "ID": 933091000010, "正式名称": "佐貫歯科矯正歯科医院", "機関区分": 3, "都道府県コード": 9, "市区町村コード": 201, "所在地": "栃木県宇都宮市陽東５丁目１１－３２", "緯度": 36.557335, "経度": 139.931131, "url": "https://www.iryou.teikyouseido.mhlw.go.jp/znk-web/juminkanja/S2430/initialize?prefCd=09&kikanCd=3091000010&kikanKbn=3", "url2": "http://sanukidc.jp", "内容": "佐貫歯科矯正歯科医院【3:歯科】栃木県宇都宮市陽東５丁目１１－３２" }, "geometry": { "type": "Point", "coordinates": [ 139.931131, 36.557335 ] } },
{ "type": "Feature", "properties": { "ID": 933091000011, "正式名称": "いわい歯科クリニック", "機関区分": 3, "都道府県コード": 9, "市区町村コード": 205, "所在地": "栃木県鹿沼市千渡１７５４－４", "緯度": 36.564504, "経度": 139.783792, "url": "https://www.iryou.teikyouseido.mhlw.go.jp/znk-web/juminkanja/S2430/initialize?prefCd=09&kikanCd=3091000011&kikanKbn=3", "url2": "https://www.dental-iwai.com", "内容": "いわい歯科クリニック【3:歯科】栃木県鹿沼市千渡１７５４－４" }, "geometry": { "type": "Point", "coordinates": [ 139.783792, 36.564504 ] } },
{ "type": "Feature", "properties": { "ID": 933091000012, "正式名称": "小野ファミリー歯科", "機関区分": 3, "都道府県コード": 9, "市区町村コード": 201, "所在地": "栃木県宇都宮市東宿郷２－１１－８　川津ビル２階", "緯度": 36.55733, "経度": 139.900655, "url": "https://www.iryou.teikyouseido.mhlw.go.jp/znk-web/juminkanja/S2430/initialize?prefCd=09&kikanCd=3091000012&kikanKbn=3", "url2": "https://onofamily-dental.com", "内容": "小野ファミリー歯科【3:歯科】栃木県宇都宮市東宿郷２－１１－８　川津ビル２階" }, "geometry": { "type": "Point", "coordinates": [ 139.900655, 36.55733 ] } },
{ "type": "Feature", "properties": { "ID": 933091000013, "正式名称": "つつみ歯科くりにっく", "機関区分": 3, "都道府県コード": 9, "市区町村コード": 201, "所在地": "栃木県宇都宮市台新田町１７５－１", "緯度": 36.520663, "経度": 139.878405, "url": "https://www.iryou.teikyouseido.mhlw.go.jp/znk-web/juminkanja/S2430/initialize?prefCd=09&kikanCd=3091000013&kikanKbn=3", "url2": "https://www.tsutsumi-dc.com/", "内容": "つつみ歯科くりにっく【3:歯科】栃木県宇都宮市台新田町１７５－１" }, "geometry": { "type": "Point", "coordinates": [ 139.878405, 36.520663 ] } },
{ "type": "Feature", "properties": { "ID": 933091000014, "正式名称": "医療法人社団さおとめ会　Ｓデンタルオフィス", "機関区分": 3, "都道府県コード": 9, "市区町村コード": 203, "所在地": "栃木県栃木市都賀町家中２４０７－８", "緯度": 36.429998, "経度": 139.751791, "url": "https://www.iryou.teikyouseido.mhlw.go.jp/znk-web/juminkanja/S2430/initialize?prefCd=09&kikanCd=3091000014&kikanKbn=3", "url2": "https://www.saotome-dental.com/", "内容": "医療法人社団さおとめ会　Ｓデンタルオフィス【3:歯科】栃木県栃木市都賀町家中２４０７－８" }, "geometry": { "type": "Point", "coordinates": [ 139.751791, 36.429998 ] } },
{ "type": "Feature", "properties": { "ID": 933091000015, "正式名称": "大川上三川ファミリー歯科", "機関区分": 3, "都道府県コード": 9, "市区町村コード": 301, "所在地": "栃木県河内郡上三川町西汗字中赤堀１７０６－９", "緯度": 36.480197, "経度": 139.920439, "url": "https://www.iryou.teikyouseido.mhlw.go.jp/znk-web/juminkanja/S2430/initialize?prefCd=09&kikanCd=3091000015&kikanKbn=3", "url2": null, "内容": "大川上三川ファミリー歯科【3:歯科】栃木県河内郡上三川町西汗字中赤堀１７０６－９" }, "geometry": { "type": "Point", "coordinates": [ 139.920439, 36.480197 ] } },
{ "type": "Feature", "properties": { "ID": 933091000016, "正式名称": "どい歯科口腔外科クリニック", "機関区分": 3, "都道府県コード": 9, "市区町村コード": 216, "所在地": "栃木県下野市石橋５７１－１", "緯度": 36.435863, "経度": 139.858539, "url": "https://www.iryou.teikyouseido.mhlw.go.jp/znk-web/juminkanja/S2430/initialize?prefCd=09&kikanCd=3091000016&kikanKbn=3", "url2": "http://www.doi-sikakoukugeka.com", "内容": "どい歯科口腔外科クリニック【3:歯科】栃木県下野市石橋５７１－１" }, "geometry": { "type": "Point", "coordinates": [ 139.858539, 36.435863 ] } },
{ "type": "Feature", "properties": { "ID": 933091000017, "正式名称": "やす・かずＣｈａｒｍ歯科", "機関区分": 3, "都道府県コード": 9, "市区町村コード": 201, "所在地": "栃木県宇都宮市滝の原２－４－３５", "緯度": 36.544292, "経度": 139.864186, "url": "https://www.iryou.teikyouseido.mhlw.go.jp/znk-web/juminkanja/S2430/initialize?prefCd=09&kikanCd=3091000017&kikanKbn=3", "url2": "https://www.yk-charm.com/", "内容": "やす・かずＣｈａｒｍ歯科【3:歯科】栃木県宇都宮市滝の原２－４－３５" }, "geometry": { "type": "Point", "coordinates": [ 139.864186, 36.544292 ] } },
{ "type": "Feature", "properties": { "ID": 933091000018, "正式名称": "医師会通りゆもと歯科", "機関区分": 3, "都道府県コード": 9, "市区町村コード": 204, "所在地": "栃木県佐野市植野町１９９７－１", "緯度": 36.304551, "経度": 139.585451, "url": "https://www.iryou.teikyouseido.mhlw.go.jp/znk-web/juminkanja/S2430/initialize?prefCd=09&kikanCd=3091000018&kikanKbn=3", "url2": "http://yumoto.dental-net.jp", "内容": "医師会通りゆもと歯科【3:歯科】栃木県佐野市植野町１９９７－１" }, "geometry": { "type": "Point", "coordinates": [ 139.585451, 36.304551 ] } },
{ "type": "Feature", "properties": { "ID": 933091000019, "正式名称": "東武宇都宮歯科", "機関区分": 3, "都道府県コード": 9, "市区町村コード": 201, "所在地": "栃木県宇都宮市江野町７－６　２階", "緯度": 36.56026, "経度": 139.88149, "url": "https://www.iryou.teikyouseido.mhlw.go.jp/znk-web/juminkanja/S2430/initialize?prefCd=09&kikanCd=3091000019&kikanKbn=3", "url2": null, "内容": "東武宇都宮歯科【3:歯科】栃木県宇都宮市江野町７－６　２階" }, "geometry": { "type": "Point", "coordinates": [ 139.88149, 36.56026 ] } },
{ "type": "Feature", "properties": { "ID": 933091000021, "正式名称": "あやこデンタルクリニック", "機関区分": 3, "都道府県コード": 9, "市区町村コード": 201, "所在地": "栃木県宇都宮市今泉町４４９－８", "緯度": 36.57085, "経度": 139.902076, "url": "https://www.iryou.teikyouseido.mhlw.go.jp/znk-web/juminkanja/S2430/initialize?prefCd=09&kikanCd=3091000021&kikanKbn=3", "url2": "http://www.ayakodc.jp", "内容": "あやこデンタルクリニック【3:歯科】栃木県宇都宮市今泉町４４９－８" }, "geometry": { "type": "Point", "coordinates": [ 139.902076, 36.57085 ] } },
{ "type": "Feature", "properties": { "ID": 933091000022, "正式名称": "柳橋デンタルクリニック", "機関区分": 3, "都道府県コード": 9, "市区町村コード": 203, "所在地": "栃木県栃木市柳橋町１０－１４", "緯度": 36.383107, "経度": 139.725434, "url": "https://www.iryou.teikyouseido.mhlw.go.jp/znk-web/juminkanja/S2430/initialize?prefCd=09&kikanCd=3091000022&kikanKbn=3", "url2": null, "内容": "柳橋デンタルクリニック【3:歯科】栃木県栃木市柳橋町１０－１４" }, "geometry": { "type": "Point", "coordinates": [ 139.725434, 36.383107 ] } },
{ "type": "Feature", "properties": { "ID": 933091000023, "正式名称": "ＴＯＭＯ歯科", "機関区分": 3, "都道府県コード": 9, "市区町村コード": 361, "所在地": "栃木県下都賀郡壬生町壬生丁字六美７２－１０", "緯度": 36.462039, "経度": 139.8364, "url": "https://www.iryou.teikyouseido.mhlw.go.jp/znk-web/juminkanja/S2430/initialize?prefCd=09&kikanCd=3091000023&kikanKbn=3", "url2": null, "内容": "ＴＯＭＯ歯科【3:歯科】栃木県下都賀郡壬生町壬生丁字六美７２－１０" }, "geometry": { "type": "Point", "coordinates": [ 139.8364, 36.462039 ] } },
{ "type": "Feature", "properties": { "ID": 933091000024, "正式名称": "くりはら歯科医院", "機関区分": 3, "都道府県コード": 9, "市区町村コード": 361, "所在地": "栃木県下都賀郡壬生町本丸２－１５－５３", "緯度": 36.421092, "経度": 139.794784, "url": "https://www.iryou.teikyouseido.mhlw.go.jp/znk-web/juminkanja/S2430/initialize?prefCd=09&kikanCd=3091000024&kikanKbn=3", "url2": "https://kurihara-dentalclinic.jp/", "内容": "くりはら歯科医院【3:歯科】栃木県下都賀郡壬生町本丸２－１５－５３" }, "geometry": { "type": "Point", "coordinates": [ 139.794784, 36.421092 ] } },
{ "type": "Feature", "properties": { "ID": 933091000025, "正式名称": "はやし歯科医院", "機関区分": 3, "都道府県コード": 9, "市区町村コード": 201, "所在地": "栃木県宇都宮市西川田町１１６０－４７", "緯度": 36.523456, "経度": 139.852973, "url": "https://www.iryou.teikyouseido.mhlw.go.jp/znk-web/juminkanja/S2430/initialize?prefCd=09&kikanCd=3091000025&kikanKbn=3", "url2": "https://www.hayashi-dc116047.com/", "内容": "はやし歯科医院【3:歯科】栃木県宇都宮市西川田町１１６０－４７" }, "geometry": { "type": "Point", "coordinates": [ 139.852973, 36.523456 ] } },
{ "type": "Feature", "properties": { "ID": 933091000026, "正式名称": "ゼン　デンタル　オフィス", "機関区分": 3, "都道府県コード": 9, "市区町村コード": 201, "所在地": "栃木県宇都宮市元今泉３－１５－８", "緯度": 36.564772, "経度": 139.908342, "url": "https://www.iryou.teikyouseido.mhlw.go.jp/znk-web/juminkanja/S2430/initialize?prefCd=09&kikanCd=3091000026&kikanKbn=3", "url2": "https://www.zen-dentaloffice.com/", "内容": "ゼン　デンタル　オフィス【3:歯科】栃木県宇都宮市元今泉３－１５－８" }, "geometry": { "type": "Point", "coordinates": [ 139.908342, 36.564772 ] } },
{ "type": "Feature", "properties": { "ID": 933091000027, "正式名称": "古谷野歯科医院", "機関区分": 3, "都道府県コード": 9, "市区町村コード": 208, "所在地": "栃木県小山市駅東通り２－１２－１５", "緯度": 36.315067, "経度": 139.811233, "url": "https://www.iryou.teikyouseido.mhlw.go.jp/znk-web/juminkanja/S2430/initialize?prefCd=09&kikanCd=3091000027&kikanKbn=3", "url2": null, "内容": "古谷野歯科医院【3:歯科】栃木県小山市駅東通り２－１２－１５" }, "geometry": { "type": "Point", "coordinates": [ 139.811233, 36.315067 ] } },
{ "type": "Feature", "properties": { "ID": 933091000028, "正式名称": "上野デンタル", "機関区分": 3, "都道府県コード": 9, "市区町村コード": 386, "所在地": "栃木県塩谷郡高根沢町光陽台５－１１－３３", "緯度": 36.616653, "経度": 139.982323, "url": "https://www.iryou.teikyouseido.mhlw.go.jp/znk-web/juminkanja/S2430/initialize?prefCd=09&kikanCd=3091000028&kikanKbn=3", "url2": null, "内容": "上野デンタル【3:歯科】栃木県塩谷郡高根沢町光陽台５－１１－３３" }, "geometry": { "type": "Point", "coordinates": [ 139.982323, 36.616653 ] } },
{ "type": "Feature", "properties": { "ID": 933091000029, "正式名称": "おとなとこどもの歯医者さん　小野歯科", "機関区分": 3, "都道府県コード": 9, "市区町村コード": 213, "所在地": "栃木県那須塩原市下永田７－７－１３２", "緯度": 36.872666, "経度": 140.005813, "url": "https://www.iryou.teikyouseido.mhlw.go.jp/znk-web/juminkanja/S2430/initialize?prefCd=09&kikanCd=3091000029&kikanKbn=3", "url2": "https://otonatokodomono.com", "内容": "おとなとこどもの歯医者さん　小野歯科【3:歯科】栃木県那須塩原市下永田７－７－１３２" }, "geometry": { "type": "Point", "coordinates": [ 140.005813, 36.872666 ] } },
{ "type": "Feature", "properties": { "ID": 933091000030, "正式名称": "矯正歯科かずま・クリニック", "機関区分": 3, "都道府県コード": 9, "市区町村コード": 203, "所在地": "栃木県栃木市境町１－１４泉屋ビル２階東側", "緯度": 36.372475, "経度": 139.730918, "url": "https://www.iryou.teikyouseido.mhlw.go.jp/znk-web/juminkanja/S2430/initialize?prefCd=09&kikanCd=3091000030&kikanKbn=3", "url2": "https://www.kazuma-kyousei.com/", "内容": "矯正歯科かずま・クリニック【3:歯科】栃木県栃木市境町１－１４泉屋ビル２階東側" }, "geometry": { "type": "Point", "coordinates": [ 139.730918, 36.372475 ] } },
{ "type": "Feature", "properties": { "ID": 933091000032, "正式名称": "こん歯科クリニック", "機関区分": 3, "都道府県コード": 9, "市区町村コード": 204, "所在地": "栃木県佐野市富岡町６６４ー４", "緯度": 36.319333, "経度": 139.59802, "url": "https://www.iryou.teikyouseido.mhlw.go.jp/znk-web/juminkanja/S2430/initialize?prefCd=09&kikanCd=3091000032&kikanKbn=3", "url2": "https://www.kon-dc.jp/", "内容": "こん歯科クリニック【3:歯科】栃木県佐野市富岡町６６４ー４" }, "geometry": { "type": "Point", "coordinates": [ 139.59802, 36.319333 ] } },
{ "type": "Feature", "properties": { "ID": 933091000033, "正式名称": "医療法人社団星野会暁デンタルクリニック", "機関区分": 3, "都道府県コード": 9, "市区町村コード": 208, "所在地": "栃木県小山市西黒田３００－１", "緯度": 36.266921, "経度": 139.779124, "url": "https://www.iryou.teikyouseido.mhlw.go.jp/znk-web/juminkanja/S2430/initialize?prefCd=09&kikanCd=3091000033&kikanKbn=3", "url2": "https://akatsukidental.com", "内容": "医療法人社団星野会暁デンタルクリニック【3:歯科】栃木県小山市西黒田３００－１" }, "geometry": { "type": "Point", "coordinates": [ 139.779124, 36.266921 ] } },
{ "type": "Feature", "properties": { "ID": 933091000034, "正式名称": "まつのき歯科間々田クリニック", "機関区分": 3, "都道府県コード": 9, "市区町村コード": 208, "所在地": "栃木県小山市美しが丘１－１９－１", "緯度": 36.267583, "経度": 139.774407, "url": "https://www.iryou.teikyouseido.mhlw.go.jp/znk-web/juminkanja/S2430/initialize?prefCd=09&kikanCd=3091000034&kikanKbn=3", "url2": "https://matsunoki-mamada.com", "内容": "まつのき歯科間々田クリニック【3:歯科】栃木県小山市美しが丘１－１９－１" }, "geometry": { "type": "Point", "coordinates": [ 139.774407, 36.267583 ] } },
{ "type": "Feature", "properties": { "ID": 933091000035, "正式名称": "医療法人社団絆尚会　足利おとなこども歯科・矯正歯科", "機関区分": 3, "都道府県コード": 9, "市区町村コード": 202, "所在地": "栃木県足利市堀込町２４７４－１", "緯度": 36.310101, "経度": 139.446013, "url": "https://www.iryou.teikyouseido.mhlw.go.jp/znk-web/juminkanja/S2430/initialize?prefCd=09&kikanCd=3091000035&kikanKbn=3", "url2": "https://www.ashikagadental.com/", "内容": "医療法人社団絆尚会　足利おとなこども歯科・矯正歯科【3:歯科】栃木県足利市堀込町２４７４－１" }, "geometry": { "type": "Point", "coordinates": [ 139.446013, 36.310101 ] } },
{ "type": "Feature", "properties": { "ID": 933091000036, "正式名称": "ひかりデンタルクリニック", "機関区分": 3, "都道府県コード": 9, "市区町村コード": 204, "所在地": "栃木県佐野市植野町２０００－１", "緯度": 36.305447, "経度": 139.585984, "url": "https://www.iryou.teikyouseido.mhlw.go.jp/znk-web/juminkanja/S2430/initialize?prefCd=09&kikanCd=3091000036&kikanKbn=3", "url2": null, "内容": "ひかりデンタルクリニック【3:歯科】栃木県佐野市植野町２０００－１" }, "geometry": { "type": "Point", "coordinates": [ 139.585984, 36.305447 ] } },
{ "type": "Feature", "properties": { "ID": 933091000037, "正式名称": "オリーブゆみ歯科クリニック", "機関区分": 3, "都道府県コード": 9, "市区町村コード": 201, "所在地": "栃木県宇都宮市滝谷町１９－２０　福井ビル２　２０２", "緯度": 36.550798, "経度": 139.867412, "url": "https://www.iryou.teikyouseido.mhlw.go.jp/znk-web/juminkanja/S2430/initialize?prefCd=09&kikanCd=3091000037&kikanKbn=3", "url2": null, "内容": "オリーブゆみ歯科クリニック【3:歯科】栃木県宇都宮市滝谷町１９－２０　福井ビル２　２０２" }, "geometry": { "type": "Point", "coordinates": [ 139.867412, 36.550798 ] } },
{ "type": "Feature", "properties": { "ID": 933091000038, "正式名称": "ひらおか歯科クリニック", "機関区分": 3, "都道府県コード": 9, "市区町村コード": 209, "所在地": "栃木県真岡市さくら３－１０－１９", "緯度": 36.382579, "経度": 139.964499, "url": "https://www.iryou.teikyouseido.mhlw.go.jp/znk-web/juminkanja/S2430/initialize?prefCd=09&kikanCd=3091000038&kikanKbn=3", "url2": null, "内容": "ひらおか歯科クリニック【3:歯科】栃木県真岡市さくら３－１０－１９" }, "geometry": { "type": "Point", "coordinates": [ 139.964499, 36.382579 ] } },
{ "type": "Feature", "properties": { "ID": 933091000040, "正式名称": "大坪歯科・矯正歯科医院", "機関区分": 3, "都道府県コード": 9, "市区町村コード": 201, "所在地": "栃木県宇都宮市峰２丁目２８番２５号", "緯度": 36.55322, "経度": 139.919414, "url": "https://www.iryou.teikyouseido.mhlw.go.jp/znk-web/juminkanja/S2430/initialize?prefCd=09&kikanCd=3091000040&kikanKbn=3", "url2": "https://otsubo-dental.net", "内容": "大坪歯科・矯正歯科医院【3:歯科】栃木県宇都宮市峰２丁目２８番２５号" }, "geometry": { "type": "Point", "coordinates": [ 139.919414, 36.55322 ] } },
{ "type": "Feature", "properties": { "ID": 933091000041, "正式名称": "さいとう歯科口腔外科クリニック", "機関区分": 3, "都道府県コード": 9, "市区町村コード": 216, "所在地": "栃木県下野市緑２丁目３２９０－５", "緯度": 36.382813, "経度": 139.850423, "url": "https://www.iryou.teikyouseido.mhlw.go.jp/znk-web/juminkanja/S2430/initialize?prefCd=09&kikanCd=3091000041&kikanKbn=3", "url2": "https://saitodentalclinic.jp/", "内容": "さいとう歯科口腔外科クリニック【3:歯科】栃木県下野市緑２丁目３２９０－５" }, "geometry": { "type": "Point", "coordinates": [ 139.850423, 36.382813 ] } },
{ "type": "Feature", "properties": { "ID": 933091000042, "正式名称": "アルッテ歯科クリニック", "機関区分": 3, "都道府県コード": 9, "市区町村コード": 361, "所在地": "栃木県下都賀郡壬生町大師町３７－２０", "緯度": 36.432101, "経度": 139.802831, "url": "https://www.iryou.teikyouseido.mhlw.go.jp/znk-web/juminkanja/S2430/initialize?prefCd=09&kikanCd=3091000042&kikanKbn=3", "url2": "https://altte-dc.jp/", "内容": "アルッテ歯科クリニック【3:歯科】栃木県下都賀郡壬生町大師町３７－２０" }, "geometry": { "type": "Point", "coordinates": [ 139.802831, 36.432101 ] } },
{ "type": "Feature", "properties": { "ID": 933091000043, "正式名称": "カネダデンタル", "機関区分": 3, "都道府県コード": 9, "市区町村コード": 203, "所在地": "栃木県栃木市城内町２－２７－１５", "緯度": 36.370984, "経度": 139.741049, "url": "https://www.iryou.teikyouseido.mhlw.go.jp/znk-web/juminkanja/S2430/initialize?prefCd=09&kikanCd=3091000043&kikanKbn=3", "url2": "https://www.kaneda-dental.com/", "内容": "カネダデンタル【3:歯科】栃木県栃木市城内町２－２７－１５" }, "geometry": { "type": "Point", "coordinates": [ 139.741049, 36.370984 ] } },
{ "type": "Feature", "properties": { "ID": 933091000044, "正式名称": "ゆいの杜　たつみ歯科・矯正歯科クリニック", "機関区分": 3, "都道府県コード": 9, "市区町村コード": 201, "所在地": "栃木県宇都宮市ゆいの杜５丁目１８－１", "緯度": 36.567298, "経度": 139.997886, "url": "https://www.iryou.teikyouseido.mhlw.go.jp/znk-web/juminkanja/S2430/initialize?prefCd=09&kikanCd=3091000044&kikanKbn=3", "url2": null, "内容": "ゆいの杜　たつみ歯科・矯正歯科クリニック【3:歯科】栃木県宇都宮市ゆいの杜５丁目１８－１" }, "geometry": { "type": "Point", "coordinates": [ 139.997886, 36.567298 ] } },
{ "type": "Feature", "properties": { "ID": 933091000046, "正式名称": "バンビキッズデンタル", "機関区分": 3, "都道府県コード": 9, "市区町村コード": 216, "所在地": "栃木県下野市駅東１－１０－１５　Ｍｖｉｌｌａｇｅ２Ｆ", "緯度": 36.372576, "経度": 139.843741, "url": "https://www.iryou.teikyouseido.mhlw.go.jp/znk-web/juminkanja/S2430/initialize?prefCd=09&kikanCd=3091000046&kikanKbn=3", "url2": null, "内容": "バンビキッズデンタル【3:歯科】栃木県下野市駅東１－１０－１５　Ｍｖｉｌｌａｇｅ２Ｆ" }, "geometry": { "type": "Point", "coordinates": [ 139.843741, 36.372576 ] } },
{ "type": "Feature", "properties": { "ID": 933091000047, "正式名称": "小山歯科", "機関区分": 3, "都道府県コード": 9, "市区町村コード": 208, "所在地": "栃木県小山市城北６－５－１", "緯度": 36.320193, "経度": 139.815206, "url": "https://www.iryou.teikyouseido.mhlw.go.jp/znk-web/juminkanja/S2430/initialize?prefCd=09&kikanCd=3091000047&kikanKbn=3", "url2": "https://oyama-dentalclinic.jp/", "内容": "小山歯科【3:歯科】栃木県小山市城北６－５－１" }, "geometry": { "type": "Point", "coordinates": [ 139.815206, 36.320193 ] } },
{ "type": "Feature", "properties": { "ID": 933091000048, "正式名称": "いずみ歯科医院", "機関区分": 3, "都道府県コード": 9, "市区町村コード": 213, "所在地": "栃木県那須塩原市豊浦中町栃木県那須塩原市豊浦中町１００－１０３", "緯度": 36.966874, "経度": 140.044036, "url": "https://www.iryou.teikyouseido.mhlw.go.jp/znk-web/juminkanja/S2430/initialize?prefCd=09&kikanCd=3091000048&kikanKbn=3", "url2": null, "内容": "いずみ歯科医院【3:歯科】栃木県那須塩原市豊浦中町栃木県那須塩原市豊浦中町１００－１０３" }, "geometry": { "type": "Point", "coordinates": [ 140.044036, 36.966874 ] } },
{ "type": "Feature", "properties": { "ID": 933091000049, "正式名称": "となりや歯科医院", "機関区分": 3, "都道府県コード": 9, "市区町村コード": 202, "所在地": "栃木県足利市五十部町２１７－１", "緯度": 36.342276, "経度": 139.41714, "url": "https://www.iryou.teikyouseido.mhlw.go.jp/znk-web/juminkanja/S2430/initialize?prefCd=09&kikanCd=3091000049&kikanKbn=3", "url2": "https://www.tonariya-dc.com", "内容": "となりや歯科医院【3:歯科】栃木県足利市五十部町２１７－１" }, "geometry": { "type": "Point", "coordinates": [ 139.41714, 36.342276 ] } },
{ "type": "Feature", "properties": { "ID": 933091000050, "正式名称": "ＳＯＭＡ　ＤＥＮＴＡＬ　ＣＬＩＮＩＣ", "機関区分": 3, "都道府県コード": 9, "市区町村コード": 205, "所在地": "栃木県鹿沼市日吉町５８６－１３", "緯度": 36.565881, "経度": 139.733601, "url": "https://www.iryou.teikyouseido.mhlw.go.jp/znk-web/juminkanja/S2430/initialize?prefCd=09&kikanCd=3091000050&kikanKbn=3", "url2": null, "内容": "ＳＯＭＡ　ＤＥＮＴＡＬ　ＣＬＩＮＩＣ【3:歯科】栃木県鹿沼市日吉町５８６－１３" }, "geometry": { "type": "Point", "coordinates": [ 139.733601, 36.565881 ] } },
{ "type": "Feature", "properties": { "ID": 933091000052, "正式名称": "にしはらデンタルクリニック", "機関区分": 3, "都道府県コード": 9, "市区町村コード": 201, "所在地": "栃木県宇都宮市平出町４０６７－８", "緯度": 36.570709, "経度": 139.93829, "url": "https://www.iryou.teikyouseido.mhlw.go.jp/znk-web/juminkanja/S2430/initialize?prefCd=09&kikanCd=3091000052&kikanKbn=3", "url2": "https://www.nishihara-dentcl.com/", "内容": "にしはらデンタルクリニック【3:歯科】栃木県宇都宮市平出町４０６７－８" }, "geometry": { "type": "Point", "coordinates": [ 139.93829, 36.570709 ] } },
{ "type": "Feature", "properties": { "ID": 933091000053, "正式名称": "茂呂デンタルオフィス", "機関区分": 3, "都道府県コード": 9, "市区町村コード": 205, "所在地": "栃木県鹿沼市東町１丁目５番２２号", "緯度": 36.567125, "経度": 139.769152, "url": "https://www.iryou.teikyouseido.mhlw.go.jp/znk-web/juminkanja/S2430/initialize?prefCd=09&kikanCd=3091000053&kikanKbn=3", "url2": null, "内容": "茂呂デンタルオフィス【3:歯科】栃木県鹿沼市東町１丁目５番２２号" }, "geometry": { "type": "Point", "coordinates": [ 139.769152, 36.567125 ] } }
]
}
