{
"type": "FeatureCollection",
"name": "geo_09_訪問介護",
"crs": { "type": "name", "properties": { "name": "urn:ogc:def:crs:OGC:1.3:CRS84" } },
"features": [
{ "type": "Feature", "properties": { "内容": "有限会社ケアメイトやまぐちヘルパーステーション【訪問介護】宇都宮市伝馬町3-2", "url2": "https://www.kaigokensaku.mhlw.go.jp/09/index.php?action_kouhyou_detail_004_kani=true&JigyosyoCd=0970101101-00&ServiceCd=110&Type=search" }, "geometry": { "type": "Point", "coordinates": [ 139.87740180000003, 36.5614448 ] } },
{ "type": "Feature", "properties": { "内容": "家族の家ひまわり宇都宮豊郷台訪問介護事業所【訪問介護】栃木県宇都宮市豊郷台二丁目92番地1", "url2": "https://www.kaigokensaku.mhlw.go.jp/09/index.php?action_kouhyou_detail_004_kani=true&JigyosyoCd=0970106878-00&ServiceCd=110&Type=search" }, "geometry": { "type": "Point", "coordinates": [ 139.891703900000039, 36.6024996 ] } },
{ "type": "Feature", "properties": { "内容": "いちごケアサポート【訪問介護】栃木県宇都宮市上戸祭町3021－19", "url2": "https://www.kaigokensaku.mhlw.go.jp/09/index.php?action_kouhyou_detail_004_kani=true&JigyosyoCd=0970104204-00&ServiceCd=110&Type=search" }, "geometry": { "type": "Point", "coordinates": [ 139.870919700000059, 36.5423635 ] } },
{ "type": "Feature", "properties": { "内容": "ライフケアＲｏｓｅ【訪問介護】栃木県宇都宮市中戸祭町768-1クリーンハイツ中妻201", "url2": "https://www.kaigokensaku.mhlw.go.jp/09/index.php?action_kouhyou_detail_004_kani=true&JigyosyoCd=0970107025-00&ServiceCd=110&Type=search" }, "geometry": { "type": "Point", "coordinates": [ 139.873181700000032, 36.5821424 ] } },
{ "type": "Feature", "properties": { "内容": "アシスト・ケア【訪問介護】栃木県宇都宮市中岡本町2919-188　ラドパルク102", "url2": "https://www.kaigokensaku.mhlw.go.jp/09/index.php?action_kouhyou_detail_004_kani=true&JigyosyoCd=0970104345-00&ServiceCd=110&Type=search" }, "geometry": { "type": "Point", "coordinates": [ 139.939984, 36.608971 ] } },
{ "type": "Feature", "properties": { "内容": "家族の家ひまわり宇都宮ゆいの杜訪問介護事業所【訪問介護】栃木県宇都宮市ゆいの杜6-13-8", "url2": "https://www.kaigokensaku.mhlw.go.jp/09/index.php?action_kouhyou_detail_004_kani=true&JigyosyoCd=0970107199-00&ServiceCd=110&Type=search" }, "geometry": { "type": "Point", "coordinates": [ 139.995335399999931, 36.569662 ] } },
{ "type": "Feature", "properties": { "内容": "家族の家ひまわり宇都宮富屋訪問介護事業所【訪問介護】栃木県宇都宮市下金井町字金井696-1", "url2": "https://www.kaigokensaku.mhlw.go.jp/09/index.php?action_kouhyou_detail_004_kani=true&JigyosyoCd=0970107660-00&ServiceCd=110&Type=search" }, "geometry": { "type": "Point", "coordinates": [ 139.851637200000027, 36.6293899 ] } },
{ "type": "Feature", "properties": { "内容": "訪問介護　フォレスト【訪問介護】栃木県宇都宮市川田町１０２０－９", "url2": "https://www.kaigokensaku.mhlw.go.jp/09/index.php?action_kouhyou_detail_004_kani=true&JigyosyoCd=0970105565-00&ServiceCd=110&Type=search" }, "geometry": { "type": "Point", "coordinates": [ 139.888429500000029, 36.5382784 ] } },
{ "type": "Feature", "properties": { "内容": "在宅ケア晴れ晴れ【訪問介護】栃木県宇都宮市3178番地１０シティハイツ鶴田１０１号室", "url2": "https://www.kaigokensaku.mhlw.go.jp/09/index.php?action_kouhyou_detail_004_kani=true&JigyosyoCd=0970108429-00&ServiceCd=110&Type=search" }, "geometry": { "type": "Point", "coordinates": [ 139.863144854119128, 36.549305569939193 ] } },
{ "type": "Feature", "properties": { "内容": "サン・ブリッジ訪問介護【訪問介護】栃木県宇都宮市峰2丁目3-12コンフォート峰１０３", "url2": "https://www.kaigokensaku.mhlw.go.jp/09/index.php?action_kouhyou_detail_004_kani=true&JigyosyoCd=0970108890-00&ServiceCd=110&Type=search" }, "geometry": { "type": "Point", "coordinates": [ 139.915830400000033, 36.5567329 ] } },
{ "type": "Feature", "properties": { "内容": "合同会社　彩介護【訪問介護】栃木県宇都宮市御幸本町4861-7宇賀田貸家東側", "url2": "https://www.kaigokensaku.mhlw.go.jp/09/index.php?action_kouhyou_detail_004_kani=true&JigyosyoCd=0970106621-00&ServiceCd=110&Type=search" }, "geometry": { "type": "Point", "coordinates": [ 139.922489028814681, 36.582901937852874 ] } },
{ "type": "Feature", "properties": { "内容": "訪問介護　リアンの家【訪問介護】栃木県宇都宮市下栗町764-4", "url2": "https://www.kaigokensaku.mhlw.go.jp/09/index.php?action_kouhyou_detail_004_kani=true&JigyosyoCd=0970107520-00&ServiceCd=110&Type=search" }, "geometry": { "type": "Point", "coordinates": [ 139.9172802, 36.5270846 ] } },
{ "type": "Feature", "properties": { "内容": "ヘルパステーション猫の手【訪問介護】栃木県宇都宮市簗瀬3-15-112階", "url2": "https://www.kaigokensaku.mhlw.go.jp/09/index.php?action_kouhyou_detail_004_kani=true&JigyosyoCd=0970109013-00&ServiceCd=110&Type=search" }, "geometry": { "type": "Point", "coordinates": [ 139.8952415, 36.5488456 ] } },
{ "type": "Feature", "properties": { "内容": "有限会社佐瀬敏雄商店ライフサポート宮の原【訪問介護】宇都宮市宮原4-2-3", "url2": "https://www.kaigokensaku.mhlw.go.jp/09/index.php?action_kouhyou_detail_004_kani=true&JigyosyoCd=0970101283-00&ServiceCd=110&Type=search" }, "geometry": { "type": "Point", "coordinates": [ 139.873736199999939, 36.5413665 ] } },
{ "type": "Feature", "properties": { "内容": "訪問介護　やすらぎ【訪問介護】栃木県宇都宮市富士見が丘3-19-20", "url2": "https://www.kaigokensaku.mhlw.go.jp/09/index.php?action_kouhyou_detail_004_kani=true&JigyosyoCd=0970102679-00&ServiceCd=110&Type=search" }, "geometry": { "type": "Point", "coordinates": [ 139.8866554, 36.5867953 ] } },
{ "type": "Feature", "properties": { "内容": "介護２４・宇都宮【訪問介護】栃木県宇都宮市南大通り3-6-9南大通りイステートハイツ302", "url2": "https://www.kaigokensaku.mhlw.go.jp/09/index.php?action_kouhyou_detail_004_kani=true&JigyosyoCd=0970105326-00&ServiceCd=110&Type=search" }, "geometry": { "type": "Point", "coordinates": [ 139.895497699999964, 36.5533825 ] } },
{ "type": "Feature", "properties": { "内容": "訪問介護　きらら【訪問介護】栃木県宇都宮市鶴田町2561番地2", "url2": "https://www.kaigokensaku.mhlw.go.jp/09/index.php?action_kouhyou_detail_004_kani=true&JigyosyoCd=0970105920-00&ServiceCd=110&Type=search" }, "geometry": { "type": "Point", "coordinates": [ 139.864722300000039, 36.5565866 ] } },
{ "type": "Feature", "properties": { "内容": "明和ケアサービス【訪問介護】栃木県宇都宮市緑１－３－１", "url2": "https://www.kaigokensaku.mhlw.go.jp/09/index.php?action_kouhyou_detail_004_kani=true&JigyosyoCd=0970106233-00&ServiceCd=110&Type=search" }, "geometry": { "type": "Point", "coordinates": [ 139.863642485180662, 36.523101208627509 ] } },
{ "type": "Feature", "properties": { "内容": "真心【訪問介護】栃木県宇都宮市鶴田町９６７番地", "url2": "https://www.kaigokensaku.mhlw.go.jp/09/index.php?action_kouhyou_detail_004_kani=true&JigyosyoCd=0970106563-00&ServiceCd=110&Type=search" }, "geometry": { "type": "Point", "coordinates": [ 139.853513889311444, 36.559061821393051 ] } },
{ "type": "Feature", "properties": { "内容": "トレモンテ　ケアサービス【訪問介護】宇都宮市石井町2972番地1", "url2": "https://www.kaigokensaku.mhlw.go.jp/09/index.php?action_kouhyou_detail_004_kani=true&JigyosyoCd=0970106753-00&ServiceCd=110&Type=search" }, "geometry": { "type": "Point", "coordinates": [ 139.926718179809512, 36.539835286983234 ] } },
{ "type": "Feature", "properties": { "内容": "プレシャス【訪問介護】栃木県宇都宮市明保野町4－10アーバンドルミ201", "url2": "https://www.kaigokensaku.mhlw.go.jp/09/index.php?action_kouhyou_detail_004_kani=true&JigyosyoCd=0970106993-00&ServiceCd=110&Type=search" }, "geometry": { "type": "Point", "coordinates": [ 139.8672148, 36.5497305 ] } },
{ "type": "Feature", "properties": { "内容": "訪問介護事業所鈴光【訪問介護】栃木県宇都宮市越戸町１１１番地１サポネット越戸", "url2": "https://www.kaigokensaku.mhlw.go.jp/09/index.php?action_kouhyou_detail_004_kani=true&JigyosyoCd=0970107967-00&ServiceCd=110&Type=search" }, "geometry": { "type": "Point", "coordinates": [ 139.924516400000016, 36.5717811 ] } },
{ "type": "Feature", "properties": { "内容": "訪問介護アソシエ【訪問介護】栃木県宇都宮市東塙田1丁目6-27", "url2": "https://www.kaigokensaku.mhlw.go.jp/09/index.php?action_kouhyou_detail_004_kani=true&JigyosyoCd=0970108403-00&ServiceCd=110&Type=search" }, "geometry": { "type": "Point", "coordinates": [ 139.890311700000012, 36.5641688 ] } },
{ "type": "Feature", "properties": { "内容": "ヘルパーステーション良心【訪問介護】栃木県宇都宮市御幸ヶ原町62-20", "url2": "https://www.kaigokensaku.mhlw.go.jp/09/index.php?action_kouhyou_detail_004_kani=true&JigyosyoCd=0970108767-00&ServiceCd=110&Type=search" }, "geometry": { "type": "Point", "coordinates": [ 139.926418399999989, 36.593853 ] } },
{ "type": "Feature", "properties": { "内容": "ネオステップ宇都宮【訪問介護】栃木県宇都宮市鶴田町３３５３番地４９", "url2": "https://www.kaigokensaku.mhlw.go.jp/09/index.php?action_kouhyou_detail_004_kani=true&JigyosyoCd=0970108791-00&ServiceCd=110&Type=search" }, "geometry": { "type": "Point", "coordinates": [ 139.8598979, 36.5425126 ] } },
{ "type": "Feature", "properties": { "内容": "ＴＢＣ宇都宮ケアセンター【訪問介護】栃木県宇都宮市南大通り2-1-2ＴＢＣ学院ビル７階", "url2": "https://www.kaigokensaku.mhlw.go.jp/09/index.php?action_kouhyou_detail_004_kani=true&JigyosyoCd=0970103131-00&ServiceCd=110&Type=search" }, "geometry": { "type": "Point", "coordinates": [ 139.892259100000047, 36.5557626 ] } },
{ "type": "Feature", "properties": { "内容": "ヘルパーステーションサンクス雀の宮【訪問介護】栃木県宇都宮市雀の宮２丁目８番８号リビングサンクス雀の宮", "url2": "https://www.kaigokensaku.mhlw.go.jp/09/index.php?action_kouhyou_detail_004_kani=true&JigyosyoCd=0970108189-00&ServiceCd=110&Type=search" }, "geometry": { "type": "Point", "coordinates": [ 139.872708499999987, 36.4964884 ] } },
{ "type": "Feature", "properties": { "内容": "訪問介護事業所　Niu【訪問介護】栃木県宇都宮市吉野１丁目１０番４サクラトカワト４－B", "url2": "https://www.kaigokensaku.mhlw.go.jp/09/index.php?action_kouhyou_detail_004_kani=true&JigyosyoCd=0970108684-00&ServiceCd=110&Type=search" }, "geometry": { "type": "Point", "coordinates": [ 139.8742255, 36.5463503 ] } },
{ "type": "Feature", "properties": { "内容": "ヘルパーステーション虹【訪問介護】宇都宮市宝木町2丁目1028-17", "url2": "https://www.kaigokensaku.mhlw.go.jp/09/index.php?action_kouhyou_detail_004_kani=true&JigyosyoCd=0960190056-00&ServiceCd=110&Type=search" }, "geometry": { "type": "Point", "coordinates": [ 139.845531310450724, 36.592353527907811 ] } },
{ "type": "Feature", "properties": { "内容": "さくらがおかケアセンター【訪問介護】栃木県宇都宮市宝木町2-2570-12", "url2": "https://www.kaigokensaku.mhlw.go.jp/09/index.php?action_kouhyou_detail_004_kani=true&JigyosyoCd=0960190239-00&ServiceCd=110&Type=search" }, "geometry": { "type": "Point", "coordinates": [ 139.846172199999955, 36.5869716 ] } },
{ "type": "Feature", "properties": { "内容": "ニチイケアセンター宇都宮【訪問介護】栃木県宇都宮市東簗瀬1丁目8-3ニチイケアセンター宇都宮", "url2": "https://www.kaigokensaku.mhlw.go.jp/09/index.php?action_kouhyou_detail_004_kani=true&JigyosyoCd=0970100020-00&ServiceCd=110&Type=search" }, "geometry": { "type": "Point", "coordinates": [ 139.89694178988151, 36.544744501696037 ] } },
{ "type": "Feature", "properties": { "内容": "在宅介護支援センターケアプラザ而今【訪問介護】栃木県宇都宮市砥上町５４－１", "url2": "https://www.kaigokensaku.mhlw.go.jp/09/index.php?action_kouhyou_detail_004_kani=true&JigyosyoCd=0970100111-00&ServiceCd=110&Type=search" }, "geometry": { "type": "Point", "coordinates": [ 139.845296599999983, 36.544146 ] } },
{ "type": "Feature", "properties": { "内容": "社会福祉法人　宇都宮市社会福祉協議会【訪問介護】宇都宮市中央1丁目1番15号宇都宮市総合福祉センター内", "url2": "https://www.kaigokensaku.mhlw.go.jp/09/index.php?action_kouhyou_detail_004_kani=true&JigyosyoCd=0970100137-00&ServiceCd=110&Type=search" }, "geometry": { "type": "Point", "coordinates": [ 139.8822853, 36.5591917 ] } },
{ "type": "Feature", "properties": { "内容": "ハートポイント宇都宮【訪問介護】栃木県宇都宮市今泉町134番地3", "url2": "https://www.kaigokensaku.mhlw.go.jp/09/index.php?action_kouhyou_detail_004_kani=true&JigyosyoCd=0970100327-00&ServiceCd=110&Type=search" }, "geometry": { "type": "Point", "coordinates": [ 139.898685699999987, 36.567595 ] } },
{ "type": "Feature", "properties": { "内容": "徳次郎ホームヘルプサービス【訪問介護】栃木県宇都宮市徳次郎町６５－８", "url2": "https://www.kaigokensaku.mhlw.go.jp/09/index.php?action_kouhyou_detail_004_kani=true&JigyosyoCd=0970100368-00&ServiceCd=110&Type=search" }, "geometry": { "type": "Point", "coordinates": [ 139.848865720376608, 36.643369255368405 ] } },
{ "type": "Feature", "properties": { "内容": "宝寿苑ヘルパーステーション【訪問介護】栃木県宇都宮市宝木本町1768", "url2": "https://www.kaigokensaku.mhlw.go.jp/09/index.php?action_kouhyou_detail_004_kani=true&JigyosyoCd=0970100590-00&ServiceCd=110&Type=search" }, "geometry": { "type": "Point", "coordinates": [ 139.835202699999968, 36.6082274 ] } },
{ "type": "Feature", "properties": { "内容": "特別養護老人ホーム敬祥苑【訪問介護】栃木県宇都宮市宝木本町2141番地", "url2": "https://www.kaigokensaku.mhlw.go.jp/09/index.php?action_kouhyou_detail_004_kani=true&JigyosyoCd=0970100723-00&ServiceCd=110&Type=search" }, "geometry": { "type": "Point", "coordinates": [ 139.843198600000051, 36.6296692 ] } },
{ "type": "Feature", "properties": { "内容": "にこにこヘルパーズ【訪問介護】栃木県宇都宮市大通り3-5-18宮リバーハイツ407", "url2": "https://www.kaigokensaku.mhlw.go.jp/09/index.php?action_kouhyou_detail_004_kani=true&JigyosyoCd=0970101473-00&ServiceCd=110&Type=search" }, "geometry": { "type": "Point", "coordinates": [ 139.892824893917805, 36.558915595179791 ] } },
{ "type": "Feature", "properties": { "内容": "ヘルパーステーション　ぬまお【訪問介護】栃木県宇都宮市星が丘1-7-38", "url2": "https://www.kaigokensaku.mhlw.go.jp/09/index.php?action_kouhyou_detail_004_kani=true&JigyosyoCd=0970101507-00&ServiceCd=110&Type=search" }, "geometry": { "type": "Point", "coordinates": [ 139.875257199999965, 36.568005 ] } },
{ "type": "Feature", "properties": { "内容": "ケアステーションひまわり【訪問介護】宇都宮市天神2丁目9-7", "url2": "https://www.kaigokensaku.mhlw.go.jp/09/index.php?action_kouhyou_detail_004_kani=true&JigyosyoCd=0970101986-00&ServiceCd=110&Type=search" }, "geometry": { "type": "Point", "coordinates": [ 139.897232900000063, 36.5718583 ] } },
{ "type": "Feature", "properties": { "内容": "在宅サポートこころ【訪問介護】栃木県宇都宮市材木町4-24", "url2": "https://www.kaigokensaku.mhlw.go.jp/09/index.php?action_kouhyou_detail_004_kani=true&JigyosyoCd=0970102463-00&ServiceCd=110&Type=search" }, "geometry": { "type": "Point", "coordinates": [ 139.873248163598646, 36.561779599496717 ] } },
{ "type": "Feature", "properties": { "内容": "ケアサービス咲さく【訪問介護】宇都宮市宝木町1－3402－1", "url2": "https://www.kaigokensaku.mhlw.go.jp/09/index.php?action_kouhyou_detail_004_kani=true&JigyosyoCd=0970102943-00&ServiceCd=110&Type=search" }, "geometry": { "type": "Point", "coordinates": [ 139.851914598063644, 36.583033932254523 ] } },
{ "type": "Feature", "properties": { "内容": "ハッピーライフめばえ【訪問介護】栃木県宇都宮市陽東1-3-2吉田ハイツ1階", "url2": "https://www.kaigokensaku.mhlw.go.jp/09/index.php?action_kouhyou_detail_004_kani=true&JigyosyoCd=0970102976-00&ServiceCd=110&Type=search" }, "geometry": { "type": "Point", "coordinates": [ 139.923483458196984, 36.551495158666881 ] } },
{ "type": "Feature", "properties": { "内容": "指定訪問介護事業所オータス【訪問介護】栃木県宇都宮市東浦町１４番９号", "url2": "https://www.kaigokensaku.mhlw.go.jp/09/index.php?action_kouhyou_detail_004_kani=true&JigyosyoCd=0970103123-00&ServiceCd=110&Type=search" }, "geometry": { "type": "Point", "coordinates": [ 139.853849699999955, 36.5239597 ] } },
{ "type": "Feature", "properties": { "内容": "ケアサービスうつのみやファミリー【訪問介護】栃木県宇都宮市一ノ沢町２６５番地１０", "url2": "https://www.kaigokensaku.mhlw.go.jp/09/index.php?action_kouhyou_detail_004_kani=true&JigyosyoCd=0970103206-00&ServiceCd=110&Type=search" }, "geometry": { "type": "Point", "coordinates": [ 139.858857899999947, 36.5761619 ] } },
{ "type": "Feature", "properties": { "内容": "みやフレンド【訪問介護】栃木県宇都宮市西川田町906番地", "url2": "https://www.kaigokensaku.mhlw.go.jp/09/index.php?action_kouhyou_detail_004_kani=true&JigyosyoCd=0970103289-00&ServiceCd=110&Type=search" }, "geometry": { "type": "Point", "coordinates": [ 139.850615776126915, 36.523608969610123 ] } },
{ "type": "Feature", "properties": { "内容": "トゥルーサポート　ぴゅあ【訪問介護】宇都宮市問屋町3426-46", "url2": "https://www.kaigokensaku.mhlw.go.jp/09/index.php?action_kouhyou_detail_004_kani=true&JigyosyoCd=0970103990-00&ServiceCd=110&Type=search" }, "geometry": { "type": "Point", "coordinates": [ 139.921971, 36.5350992 ] } },
{ "type": "Feature", "properties": { "内容": "株式会社ヘルパーステーションすずらん【訪問介護】栃木県宇都宮市宝木本町１１４５－４１", "url2": "https://www.kaigokensaku.mhlw.go.jp/09/index.php?action_kouhyou_detail_004_kani=true&JigyosyoCd=0970104014-00&ServiceCd=110&Type=search" }, "geometry": { "type": "Point", "coordinates": [ 139.8512409, 36.6013782 ] } },
{ "type": "Feature", "properties": { "内容": "ケアセンター木の実【訪問介護】栃木県宇都宮市一番町3番17号ばしょうふの家", "url2": "https://www.kaigokensaku.mhlw.go.jp/09/index.php?action_kouhyou_detail_004_kani=true&JigyosyoCd=0970104246-00&ServiceCd=110&Type=search" }, "geometry": { "type": "Point", "coordinates": [ 139.891475005032362, 36.558812102842168 ] } },
{ "type": "Feature", "properties": { "内容": "ハートフルサポートとちぎ【訪問介護】栃木県宇都宮市柳田町1771-1", "url2": "https://www.kaigokensaku.mhlw.go.jp/09/index.php?action_kouhyou_detail_004_kani=true&JigyosyoCd=0970104279-00&ServiceCd=110&Type=search" }, "geometry": { "type": "Point", "coordinates": [ 139.957801443469208, 36.568872890076307 ] } },
{ "type": "Feature", "properties": { "内容": "訪問介護あおい【訪問介護】栃木県宇都宮市下岡本町2493-47", "url2": "https://www.kaigokensaku.mhlw.go.jp/09/index.php?action_kouhyou_detail_004_kani=true&JigyosyoCd=0970104311-00&ServiceCd=110&Type=search" }, "geometry": { "type": "Point", "coordinates": [ 139.9290694, 36.6022841 ] } },
{ "type": "Feature", "properties": { "内容": "コープヘルパーステーション江曽島【訪問介護】宇都宮市緑5-13-8", "url2": "https://www.kaigokensaku.mhlw.go.jp/09/index.php?action_kouhyou_detail_004_kani=true&JigyosyoCd=0970104360-00&ServiceCd=110&Type=search" }, "geometry": { "type": "Point", "coordinates": [ 139.860010073885661, 36.51407722268484 ] } },
{ "type": "Feature", "properties": { "内容": "らいとケア上戸祭（平成22年度新規指定事業所）【訪問介護】栃木県宇都宮市上戸祭町3004－2とちのき上戸祭", "url2": "https://www.kaigokensaku.mhlw.go.jp/09/index.php?action_kouhyou_detail_004_kani=true&JigyosyoCd=0970104915-00&ServiceCd=110&Type=search" }, "geometry": { "type": "Point", "coordinates": [ 139.868539899999973, 36.5916189 ] } },
{ "type": "Feature", "properties": { "内容": "訪問介護ステーションおひさま【訪問介護】栃木県宇都宮市岩曽町1392-45", "url2": "https://www.kaigokensaku.mhlw.go.jp/09/index.php?action_kouhyou_detail_004_kani=true&JigyosyoCd=0970105466-00&ServiceCd=110&Type=search" }, "geometry": { "type": "Point", "coordinates": [ 139.912982994158909, 36.585914585288997 ] } },
{ "type": "Feature", "properties": { "内容": "宇都宮やわらぎ【訪問介護】栃木県宇都宮市元今泉7丁目1番16号", "url2": "https://www.kaigokensaku.mhlw.go.jp/09/index.php?action_kouhyou_detail_004_kani=true&JigyosyoCd=0970105474-00&ServiceCd=110&Type=search" }, "geometry": { "type": "Point", "coordinates": [ 139.912592461901824, 36.562971104153021 ] } },
{ "type": "Feature", "properties": { "内容": "らいとケア鶴田【訪問介護】栃木県宇都宮市鶴田町231-20とちのき鶴田", "url2": "https://www.kaigokensaku.mhlw.go.jp/09/index.php?action_kouhyou_detail_004_kani=true&JigyosyoCd=0970105557-00&ServiceCd=110&Type=search" }, "geometry": { "type": "Point", "coordinates": [ 139.858239899999944, 36.5492457 ] } },
{ "type": "Feature", "properties": { "内容": "ケアメイトてまり【訪問介護】栃木県宇都宮市細谷町574番地5サンハイツアーデルⅡ101", "url2": "https://www.kaigokensaku.mhlw.go.jp/09/index.php?action_kouhyou_detail_004_kani=true&JigyosyoCd=0970105730-00&ServiceCd=110&Type=search" }, "geometry": { "type": "Point", "coordinates": [ 139.8520671, 36.5992893 ] } },
{ "type": "Feature", "properties": { "内容": "ヘルパーステーションえがお【訪問介護】栃木県宇都宮市宝木本町2062-2サービス付き高齢者向け住宅えがお", "url2": "https://www.kaigokensaku.mhlw.go.jp/09/index.php?action_kouhyou_detail_004_kani=true&JigyosyoCd=0970106399-00&ServiceCd=110&Type=search" }, "geometry": { "type": "Point", "coordinates": [ 139.8509904, 36.6190427 ] } },
{ "type": "Feature", "properties": { "内容": "訪問介護ハートランド宇都宮【訪問介護】栃木県宇都宮市鶴田町1039-1", "url2": "https://www.kaigokensaku.mhlw.go.jp/09/index.php?action_kouhyou_detail_004_kani=true&JigyosyoCd=0970106456-00&ServiceCd=110&Type=search" }, "geometry": { "type": "Point", "coordinates": [ 139.85162991349182, 36.558319786573776 ] } },
{ "type": "Feature", "properties": { "内容": "ハートポート宇都宮【訪問介護】宇都宮市鶴田町3353-44ロイヤルマンション野口203", "url2": "https://www.kaigokensaku.mhlw.go.jp/09/index.php?action_kouhyou_detail_004_kani=true&JigyosyoCd=0970106548-00&ServiceCd=110&Type=search" }, "geometry": { "type": "Point", "coordinates": [ 139.858675355088366, 36.542022272003123 ] } },
{ "type": "Feature", "properties": { "内容": "訪問介護あかり【訪問介護】栃木県宇都宮市駒生町1224", "url2": "https://www.kaigokensaku.mhlw.go.jp/09/index.php?action_kouhyou_detail_004_kani=true&JigyosyoCd=0970106639-00&ServiceCd=110&Type=search" }, "geometry": { "type": "Point", "coordinates": [ 139.8406979, 36.5761646 ] } },
{ "type": "Feature", "properties": { "内容": "訪問介護　みなみ【訪問介護】栃木県宇都宮市西原町４３５番地１", "url2": "https://www.kaigokensaku.mhlw.go.jp/09/index.php?action_kouhyou_detail_004_kani=true&JigyosyoCd=0970106720-00&ServiceCd=110&Type=search" }, "geometry": { "type": "Point", "coordinates": [ 139.88147325578916, 36.540140906538703 ] } },
{ "type": "Feature", "properties": { "内容": "さくらがおか訪問介護【訪問介護】栃木県宇都宮市宮本町4-7", "url2": "https://www.kaigokensaku.mhlw.go.jp/09/index.php?action_kouhyou_detail_004_kani=true&JigyosyoCd=0970106969-00&ServiceCd=110&Type=search" }, "geometry": { "type": "Point", "coordinates": [ 139.86151430000001, 36.5303009 ] } },
{ "type": "Feature", "properties": { "内容": "宇都宮今泉やわらぎ【訪問介護】栃木県宇都宮市今泉町395番地", "url2": "https://www.kaigokensaku.mhlw.go.jp/09/index.php?action_kouhyou_detail_004_kani=true&JigyosyoCd=0970107231-00&ServiceCd=110&Type=search" }, "geometry": { "type": "Point", "coordinates": [ 139.904818, 36.5731281 ] } },
{ "type": "Feature", "properties": { "内容": "みずほホームケアサービス【訪問介護】栃木県宇都宮市瑞穂２丁目１４番地７", "url2": "https://www.kaigokensaku.mhlw.go.jp/09/index.php?action_kouhyou_detail_004_kani=true&JigyosyoCd=0970107272-00&ServiceCd=110&Type=search" }, "geometry": { "type": "Point", "coordinates": [ 139.9184444, 36.5082849 ] } },
{ "type": "Feature", "properties": { "内容": "訪問介護イマシンWelfareStation【訪問介護】栃木県宇都宮市戸祭町3005-5", "url2": "https://www.kaigokensaku.mhlw.go.jp/09/index.php?action_kouhyou_detail_004_kani=true&JigyosyoCd=0970107371-00&ServiceCd=110&Type=search" }, "geometry": { "type": "Point", "coordinates": [ 139.875126911183287, 36.57472278225201 ] } },
{ "type": "Feature", "properties": { "内容": "訪問介護事業所　まごころの手　宇都宮【訪問介護】栃木県宇都宮市東塙田2-4-4プラムハイツ１Ｆ", "url2": "https://www.kaigokensaku.mhlw.go.jp/09/index.php?action_kouhyou_detail_004_kani=true&JigyosyoCd=0970107751-00&ServiceCd=110&Type=search" }, "geometry": { "type": "Point", "coordinates": [ 139.8866702, 36.5640869 ] } },
{ "type": "Feature", "properties": { "内容": "医心館訪問介護ステーション宇都宮【訪問介護】栃木県宇都宮市西一の沢町12-22", "url2": "https://www.kaigokensaku.mhlw.go.jp/09/index.php?action_kouhyou_detail_004_kani=true&JigyosyoCd=0970107769-00&ServiceCd=110&Type=search" }, "geometry": { "type": "Point", "coordinates": [ 139.85907229999998, 36.5639245 ] } },
{ "type": "Feature", "properties": { "内容": "ＳＯＭＰＯケア　雀宮　訪問介護【訪問介護】栃木県宇都宮市雀の宮四丁目26番9号百目鬼事務所103号室", "url2": "https://www.kaigokensaku.mhlw.go.jp/09/index.php?action_kouhyou_detail_004_kani=true&JigyosyoCd=0970107819-00&ServiceCd=110&Type=search" }, "geometry": { "type": "Point", "coordinates": [ 139.871182800000042, 36.495827 ] } },
{ "type": "Feature", "properties": { "内容": "特定非営利活動法人コアラうつのみや【訪問介護】栃木県宇都宮市針ヶ谷町380-4", "url2": "https://www.kaigokensaku.mhlw.go.jp/09/index.php?action_kouhyou_detail_004_kani=true&JigyosyoCd=0970107942-00&ServiceCd=110&Type=search" }, "geometry": { "type": "Point", "coordinates": [ 139.8548673, 36.4866982 ] } },
{ "type": "Feature", "properties": { "内容": "あったか訪問介護ステーション【訪問介護】栃木県宇都宮市元今泉７丁目２６番３号ニューフォレスト２０６", "url2": "https://www.kaigokensaku.mhlw.go.jp/09/index.php?action_kouhyou_detail_004_kani=true&JigyosyoCd=0970107983-00&ServiceCd=110&Type=search" }, "geometry": { "type": "Point", "coordinates": [ 139.912205199999988, 36.5657041 ] } },
{ "type": "Feature", "properties": { "内容": "医心館訪問介護ステーション宇都宮Ⅱ【訪問介護】栃木県宇都宮市鶴田町552", "url2": "https://www.kaigokensaku.mhlw.go.jp/09/index.php?action_kouhyou_detail_004_kani=true&JigyosyoCd=0970108056-00&ServiceCd=110&Type=search" }, "geometry": { "type": "Point", "coordinates": [ 139.857012138372909, 36.55878829247257 ] } },
{ "type": "Feature", "properties": { "内容": "ニチイケアセンター一ノ沢【訪問介護】栃木県宇都宮市一ノ沢町269番地1一ノ沢貸家ABCD　B", "url2": "https://www.kaigokensaku.mhlw.go.jp/09/index.php?action_kouhyou_detail_004_kani=true&JigyosyoCd=0970108072-00&ServiceCd=110&Type=search" }, "geometry": { "type": "Point", "coordinates": [ 139.8598553, 36.5757841 ] } },
{ "type": "Feature", "properties": { "内容": "訪問介護さくら【訪問介護】栃木県宇都宮市駒生町3358-24", "url2": "https://www.kaigokensaku.mhlw.go.jp/09/index.php?action_kouhyou_detail_004_kani=true&JigyosyoCd=0970108171-00&ServiceCd=110&Type=search" }, "geometry": { "type": "Point", "coordinates": [ 139.849349493184576, 36.578486578840931 ] } },
{ "type": "Feature", "properties": { "内容": "青りんごヘルパーステーション【訪問介護】栃木県宇都宮市白沢町2017-72", "url2": "https://www.kaigokensaku.mhlw.go.jp/09/index.php?action_kouhyou_detail_004_kani=true&JigyosyoCd=0970108296-00&ServiceCd=110&Type=search" }, "geometry": { "type": "Point", "coordinates": [ 139.9335862, 36.6220724 ] } },
{ "type": "Feature", "properties": { "内容": "ツクイ・サンフォレスト宇都宮【訪問介護】栃木県宇都宮市簗瀬4-4-7", "url2": "https://www.kaigokensaku.mhlw.go.jp/09/index.php?action_kouhyou_detail_004_kani=true&JigyosyoCd=0970108361-00&ServiceCd=110&Type=search" }, "geometry": { "type": "Point", "coordinates": [ 139.899547, 36.5536934 ] } },
{ "type": "Feature", "properties": { "内容": "ココファン元今泉【訪問介護】栃木県宇都宮市元今泉5-8-19ココファン元今泉", "url2": "https://www.kaigokensaku.mhlw.go.jp/09/index.php?action_kouhyou_detail_004_kani=true&JigyosyoCd=0970108452-00&ServiceCd=110&Type=search" }, "geometry": { "type": "Point", "coordinates": [ 139.9109589, 36.5601683 ] } },
{ "type": "Feature", "properties": { "内容": "ヘルパーステーション赤とんぼ【訪問介護】栃木県宇都宮市細谷町５７９番地５", "url2": "https://www.kaigokensaku.mhlw.go.jp/09/index.php?action_kouhyou_detail_004_kani=true&JigyosyoCd=0970108510-00&ServiceCd=110&Type=search" }, "geometry": { "type": "Point", "coordinates": [ 139.8509474, 36.599795900000025 ] } },
{ "type": "Feature", "properties": { "内容": "うつのみや訪問介護ステーションにこっと【訪問介護】栃木県宇都宮市平出町１７７７−３", "url2": "https://www.kaigokensaku.mhlw.go.jp/09/index.php?action_kouhyou_detail_004_kani=true&JigyosyoCd=0970108551-00&ServiceCd=110&Type=search" }, "geometry": { "type": "Point", "coordinates": [ 139.9437811, 36.5598973 ] } },
{ "type": "Feature", "properties": { "内容": "ひまわりケアサービス【訪問介護】栃木県宇都宮市下栗町2278-2フレールシャポー泉B206", "url2": "https://www.kaigokensaku.mhlw.go.jp/09/index.php?action_kouhyou_detail_004_kani=true&JigyosyoCd=0970108593-00&ServiceCd=110&Type=search" }, "geometry": { "type": "Point", "coordinates": [ 139.9174791, 36.5283155 ] } },
{ "type": "Feature", "properties": { "内容": "アインスケア訪問介護事務所【訪問介護】陽南2丁目14－14", "url2": "https://www.kaigokensaku.mhlw.go.jp/09/index.php?action_kouhyou_detail_004_kani=true&JigyosyoCd=0970108924-00&ServiceCd=110&Type=search" }, "geometry": { "type": "Point", "coordinates": [ 139.8749469, 36.5345541 ] } },
{ "type": "Feature", "properties": { "内容": "ホームヘルプサービスみどり野【訪問介護】栃木県宇都宮市瑞穂2-1-1", "url2": "https://www.kaigokensaku.mhlw.go.jp/09/index.php?action_kouhyou_detail_004_kani=true&JigyosyoCd=0970108973-00&ServiceCd=110&Type=search" }, "geometry": { "type": "Point", "coordinates": [ 139.918169, 36.5103021 ] } },
{ "type": "Feature", "properties": { "内容": "ｹｱｽﾃｰｼｮﾝあんじぇす宇都宮砥上【訪問介護】栃木県宇都宮市下砥上町1431-4", "url2": "https://www.kaigokensaku.mhlw.go.jp/09/index.php?action_kouhyou_detail_004_kani=true&JigyosyoCd=0970109062-00&ServiceCd=110&Type=search" }, "geometry": { "type": "Point", "coordinates": [ 139.849465, 36.5404924 ] } },
{ "type": "Feature", "properties": { "内容": "学研ココファン宝木ヘルパーセンター【訪問介護】栃木県宇都宮市宝木町1-33-1ココファン宝木", "url2": "https://www.kaigokensaku.mhlw.go.jp/09/index.php?action_kouhyou_detail_004_kani=true&JigyosyoCd=0970109088-00&ServiceCd=110&Type=search" }, "geometry": { "type": "Point", "coordinates": [ 139.85309620000001, 36.57803 ] } },
{ "type": "Feature", "properties": { "内容": "訪問介護ハートランド宇都宮Ⅱ【訪問介護】宝木本町1253-12", "url2": "https://www.kaigokensaku.mhlw.go.jp/09/index.php?action_kouhyou_detail_004_kani=true&JigyosyoCd=0970109161-00&ServiceCd=110&Type=search" }, "geometry": { "type": "Point", "coordinates": [ 139.8511665, 36.6062493 ] } },
{ "type": "Feature", "properties": { "内容": "学研ココファン宝木弐番館【訪問介護】宝木町1-2587-6", "url2": "https://www.kaigokensaku.mhlw.go.jp/09/index.php?action_kouhyou_detail_004_kani=true&JigyosyoCd=0970109252-00&ServiceCd=110&Type=search" }, "geometry": { "type": "Point", "coordinates": [ 139.858474602655008, 36.580342534840817 ] } },
{ "type": "Feature", "properties": { "内容": "訪問介護ひより【訪問介護】栃木県宇都宮市北一の沢町17-4", "url2": "https://www.kaigokensaku.mhlw.go.jp/09/index.php?action_kouhyou_detail_004_kani=true&JigyosyoCd=0970109278-00&ServiceCd=110&Type=search" }, "geometry": { "type": "Point", "coordinates": [ 139.8643974, 36.5712469 ] } },
{ "type": "Feature", "properties": { "内容": "訪問介護リベル　宇都宮【訪問介護】栃木県宇都宮市簗瀬町１８９４−１０", "url2": "https://www.kaigokensaku.mhlw.go.jp/09/index.php?action_kouhyou_detail_004_kani=true&JigyosyoCd=0970109377-00&ServiceCd=110&Type=search" }, "geometry": { "type": "Point", "coordinates": [ 139.888334, 36.5454193 ] } },
{ "type": "Feature", "properties": { "内容": "上河内ヘルパーステーション【訪問介護】栃木県宇都宮市下小倉町1313-26", "url2": "https://www.kaigokensaku.mhlw.go.jp/09/index.php?action_kouhyou_detail_004_kani=true&JigyosyoCd=0972100531-00&ServiceCd=110&Type=search" }, "geometry": { "type": "Point", "coordinates": [ 139.916376099999979, 36.6873864 ] } },
{ "type": "Feature", "properties": { "内容": "さくらがおかケアセンター氷室【訪問介護】栃木県宇都宮市氷室町1,014-1", "url2": "https://www.kaigokensaku.mhlw.go.jp/09/index.php?action_kouhyou_detail_004_kani=true&JigyosyoCd=0970103305-00&ServiceCd=110&Type=search" }, "geometry": { "type": "Point", "coordinates": [ 140.000848528280585, 36.540621978201429 ] } },
{ "type": "Feature", "properties": { "内容": "ヘルパーステーション　キガ【訪問介護】栃木県宇都宮市平出町1043-3", "url2": "https://www.kaigokensaku.mhlw.go.jp/09/index.php?action_kouhyou_detail_004_kani=true&JigyosyoCd=0970105128-00&ServiceCd=110&Type=search" }, "geometry": { "type": "Point", "coordinates": [ 139.9472436, 36.5680407 ] } },
{ "type": "Feature", "properties": { "内容": "サンウェルズ宇都宮細谷町ヘルパーステーション【訪問介護】栃木県宇都宮市細谷町475番地14", "url2": "https://www.kaigokensaku.mhlw.go.jp/09/index.php?action_kouhyou_detail_004_kani=true&JigyosyoCd=0970109401-00&ServiceCd=110&Type=search" }, "geometry": { "type": "Point", "coordinates": [ 139.8532793, 36.5919333 ] } },
{ "type": "Feature", "properties": { "内容": "宇都宮市今泉町2614-1ディアコートD102【訪問介護】宇都宮市今泉町2614-1ディアコートD102", "url2": "https://www.kaigokensaku.mhlw.go.jp/09/index.php?action_kouhyou_detail_004_kani=true&JigyosyoCd=0970109427-00&ServiceCd=110&Type=search" }, "geometry": { "type": "Point", "coordinates": [ 139.912339279378614, 36.571716119709954 ] } },
{ "type": "Feature", "properties": { "内容": "ＳＯＭＰＯケア　宇都宮　訪問介護【訪問介護】栃木県宇都宮市中今泉五丁目２３番１２号ＫＹ事務所Ｃ号室", "url2": "https://www.kaigokensaku.mhlw.go.jp/09/index.php?action_kouhyou_detail_004_kani=true&JigyosyoCd=0970107827-00&ServiceCd=110&Type=search" }, "geometry": { "type": "Point", "coordinates": [ 139.915355800000043, 36.5707095 ] } },
{ "type": "Feature", "properties": { "内容": "訪問介護事業所うらら【訪問介護】さつき2丁目3番5号", "url2": "https://www.kaigokensaku.mhlw.go.jp/09/index.php?action_kouhyou_detail_004_kani=true&JigyosyoCd=0970108825-00&ServiceCd=110&Type=search" }, "geometry": { "type": "Point", "coordinates": [ 139.8622059, 36.4869146 ] } },
{ "type": "Feature", "properties": { "内容": "訪問介護　リアンの家【訪問介護】栃木県宇都宮市下栗町764-4", "url2": "https://www.kaigokensaku.mhlw.go.jp/09/index.php?action_kouhyou_detail_004_kani=true&JigyosyoCd=0970109153-00&ServiceCd=110&Type=search" }, "geometry": { "type": "Point", "coordinates": [ 139.9173227, 36.5270961 ] } },
{ "type": "Feature", "properties": { "内容": "ホームヘルプサービス　はりがや【訪問介護】栃木県宇都宮市針ヶ谷町６５５", "url2": "https://www.kaigokensaku.mhlw.go.jp/09/index.php?action_kouhyou_detail_004_kani=true&JigyosyoCd=0970100566-00&ServiceCd=110&Type=search" }, "geometry": { "type": "Point", "coordinates": [ 139.851800899999944, 36.4897915 ] } },
{ "type": "Feature", "properties": { "内容": "ご長寿くらぶ宇都宮ビオス【訪問介護】栃木県宇都宮市下岡本町2108-60", "url2": "https://www.kaigokensaku.mhlw.go.jp/09/index.php?action_kouhyou_detail_004_kani=true&JigyosyoCd=0970107496-00&ServiceCd=110&Type=search" }, "geometry": { "type": "Point", "coordinates": [ 139.94618220000001, 36.6011513 ] } },
{ "type": "Feature", "properties": { "内容": "きみはな　訪問介護【訪問介護】栃木県宇都宮市御幸ケ原町131-10メゾンド・ユリA101", "url2": "https://www.kaigokensaku.mhlw.go.jp/09/index.php?action_kouhyou_detail_004_kani=true&JigyosyoCd=0970108395-00&ServiceCd=110&Type=search" }, "geometry": { "type": "Point", "coordinates": [ 139.921533500000038, 36.5899315 ] } },
{ "type": "Feature", "properties": { "内容": "ふれんどヘルパーステーション【訪問介護】栃木県宇都宮市下岡本町２１７５－１０プルミエール・アミ岡本", "url2": "https://www.kaigokensaku.mhlw.go.jp/09/index.php?action_kouhyou_detail_004_kani=true&JigyosyoCd=0970107306-00&ServiceCd=110&Type=search" }, "geometry": { "type": "Point", "coordinates": [ 139.939073968808771, 36.597708147904783 ] } },
{ "type": "Feature", "properties": { "内容": "特別養護老人ホームプロムナードひこや【訪問介護】栃木県足利市葉鹿町２０１９－１", "url2": "https://www.kaigokensaku.mhlw.go.jp/09/index.php?action_kouhyou_detail_004_kani=true&JigyosyoCd=0970200168-00&ServiceCd=110&Type=search" }, "geometry": { "type": "Point", "coordinates": [ 139.385179699999981, 36.3742186 ] } },
{ "type": "Feature", "properties": { "内容": "ホームヘルパーステーション天王【訪問介護】栃木県足利市福居町750-1", "url2": "https://www.kaigokensaku.mhlw.go.jp/09/index.php?action_kouhyou_detail_004_kani=true&JigyosyoCd=0970200390-00&ServiceCd=110&Type=search" }, "geometry": { "type": "Point", "coordinates": [ 139.4513905, 36.312387200000025 ] } },
{ "type": "Feature", "properties": { "内容": "訪問介護ステーション　はっち【訪問介護】栃木県足利市八幡町2丁目11-5", "url2": "https://www.kaigokensaku.mhlw.go.jp/09/index.php?action_kouhyou_detail_004_kani=true&JigyosyoCd=0970202701-00&ServiceCd=110&Type=search" }, "geometry": { "type": "Point", "coordinates": [ 139.438250736608239, 36.321960616454042 ] } },
{ "type": "Feature", "properties": { "内容": "ヘルパーステーションシニア俱楽部【訪問介護】栃木県足利市通5丁目2822番1", "url2": "https://www.kaigokensaku.mhlw.go.jp/09/index.php?action_kouhyou_detail_004_kani=true&JigyosyoCd=0970203154-00&ServiceCd=110&Type=search" }, "geometry": { "type": "Point", "coordinates": [ 139.443593599999986, 36.3380263 ] } },
{ "type": "Feature", "properties": { "内容": "訪問介護事業所エール足利【訪問介護】朝倉町23-1クレッセント・ヴィラD103", "url2": "https://www.kaigokensaku.mhlw.go.jp/09/index.php?action_kouhyou_detail_004_kani=true&JigyosyoCd=0970203782-00&ServiceCd=110&Type=search" }, "geometry": { "type": "Point", "coordinates": [ 139.4383747, 36.3194599 ] } },
{ "type": "Feature", "properties": { "内容": "特定非営利活動法人　両毛ケアサービス【訪問介護】栃木県足利市駒場町568-1", "url2": "https://www.kaigokensaku.mhlw.go.jp/09/index.php?action_kouhyou_detail_004_kani=true&JigyosyoCd=0970200135-00&ServiceCd=110&Type=search" }, "geometry": { "type": "Point", "coordinates": [ 139.528522400000043, 36.3166507 ] } },
{ "type": "Feature", "properties": { "内容": "特別養護老人ホーム　義明苑【訪問介護】栃木県足利市久保田町１２２３番地", "url2": "https://www.kaigokensaku.mhlw.go.jp/09/index.php?action_kouhyou_detail_004_kani=true&JigyosyoCd=0970200218-00&ServiceCd=110&Type=search" }, "geometry": { "type": "Point", "coordinates": [ 139.494951, 36.2956188 ] } },
{ "type": "Feature", "properties": { "内容": "坂西ホームヘルプサービス【訪問介護】足利市葉鹿町　７５１", "url2": "https://www.kaigokensaku.mhlw.go.jp/09/index.php?action_kouhyou_detail_004_kani=true&JigyosyoCd=0970200242-00&ServiceCd=110&Type=search" }, "geometry": { "type": "Point", "coordinates": [ 139.3820796, 36.3670984 ] } },
{ "type": "Feature", "properties": { "内容": "足利ケアサービス【訪問介護】栃木県足利市五十部町８０９番地３", "url2": "https://www.kaigokensaku.mhlw.go.jp/09/index.php?action_kouhyou_detail_004_kani=true&JigyosyoCd=0970200440-00&ServiceCd=110&Type=search" }, "geometry": { "type": "Point", "coordinates": [ 139.423550925131138, 36.346527734255176 ] } },
{ "type": "Feature", "properties": { "内容": "中央ケアサポート　ホームヘルプサービス【訪問介護】栃木県足利市五十部町499-3", "url2": "https://www.kaigokensaku.mhlw.go.jp/09/index.php?action_kouhyou_detail_004_kani=true&JigyosyoCd=0970200580-00&ServiceCd=110&Type=search" }, "geometry": { "type": "Point", "coordinates": [ 139.421710931768757, 36.342660423854497 ] } },
{ "type": "Feature", "properties": { "内容": "ホームヘルパーステーションたんぽぽ【訪問介護】栃木県足利市通5丁目3435番地3", "url2": "https://www.kaigokensaku.mhlw.go.jp/09/index.php?action_kouhyou_detail_004_kani=true&JigyosyoCd=0970200671-00&ServiceCd=110&Type=search" }, "geometry": { "type": "Point", "coordinates": [ 139.442088199999944, 36.3360125 ] } },
{ "type": "Feature", "properties": { "内容": "訪問介護ホームヘルプ春日和【訪問介護】栃木県足利市福居町979-1", "url2": "https://www.kaigokensaku.mhlw.go.jp/09/index.php?action_kouhyou_detail_004_kani=true&JigyosyoCd=0970200739-00&ServiceCd=110&Type=search" }, "geometry": { "type": "Point", "coordinates": [ 139.452801084555347, 36.313530946575163 ] } },
{ "type": "Feature", "properties": { "内容": "ニチイケアセンターおりひめ【訪問介護】栃木県足利市本城3-2008ラフェスタ足利本城102～103", "url2": "https://www.kaigokensaku.mhlw.go.jp/09/index.php?action_kouhyou_detail_004_kani=true&JigyosyoCd=0970201083-00&ServiceCd=110&Type=search" }, "geometry": { "type": "Point", "coordinates": [ 139.449556799999982, 36.3409651 ] } },
{ "type": "Feature", "properties": { "内容": "特別養護老人ホーム　こはく苑【訪問介護】栃木県足利市堀込町2006番地1", "url2": "https://www.kaigokensaku.mhlw.go.jp/09/index.php?action_kouhyou_detail_004_kani=true&JigyosyoCd=0970201554-00&ServiceCd=110&Type=search" }, "geometry": { "type": "Point", "coordinates": [ 139.437225300000023, 36.3078265 ] } },
{ "type": "Feature", "properties": { "内容": "オアシスケアサービス【訪問介護】栃木県足利市大久保町753番地", "url2": "https://www.kaigokensaku.mhlw.go.jp/09/index.php?action_kouhyou_detail_004_kani=true&JigyosyoCd=0970201620-00&ServiceCd=110&Type=search" }, "geometry": { "type": "Point", "coordinates": [ 139.5001307, 36.3148474 ] } },
{ "type": "Feature", "properties": { "内容": "ほほえみ介護【訪問介護】栃木県足利市大前町1398番地6", "url2": "https://www.kaigokensaku.mhlw.go.jp/09/index.php?action_kouhyou_detail_004_kani=true&JigyosyoCd=0970201935-00&ServiceCd=110&Type=search" }, "geometry": { "type": "Point", "coordinates": [ 139.394530084269718, 36.359965516375922 ] } },
{ "type": "Feature", "properties": { "内容": "足利介護センターK&K【訪問介護】栃木県足利市名草上町3204-1", "url2": "https://www.kaigokensaku.mhlw.go.jp/09/index.php?action_kouhyou_detail_004_kani=true&JigyosyoCd=0970201984-00&ServiceCd=110&Type=search" }, "geometry": { "type": "Point", "coordinates": [ 139.471723099999963, 36.4020065 ] } },
{ "type": "Feature", "properties": { "内容": "あゆみヘルパーステーション【訪問介護】栃木県足利市鹿島町709番地4", "url2": "https://www.kaigokensaku.mhlw.go.jp/09/index.php?action_kouhyou_detail_004_kani=true&JigyosyoCd=0970202230-00&ServiceCd=110&Type=search" }, "geometry": { "type": "Point", "coordinates": [ 139.412415725469941, 36.343483971945034 ] } },
{ "type": "Feature", "properties": { "内容": "訪問介護ステーションひよこ【訪問介護】葉鹿町1丁目16番地4", "url2": "https://www.kaigokensaku.mhlw.go.jp/09/index.php?action_kouhyou_detail_004_kani=true&JigyosyoCd=0970202248-00&ServiceCd=110&Type=search" }, "geometry": { "type": "Point", "coordinates": [ 139.3908036, 36.367014 ] } },
{ "type": "Feature", "properties": { "内容": "ニチイケアセンター足利東山【訪問介護】栃木県足利市助戸東山町865-2", "url2": "https://www.kaigokensaku.mhlw.go.jp/09/index.php?action_kouhyou_detail_004_kani=true&JigyosyoCd=0970202362-00&ServiceCd=110&Type=search" }, "geometry": { "type": "Point", "coordinates": [ 139.468899700000065, 36.3398852 ] } },
{ "type": "Feature", "properties": { "内容": "はまやケアサービス【訪問介護】栃木県足利市若草町8－50", "url2": "https://www.kaigokensaku.mhlw.go.jp/09/index.php?action_kouhyou_detail_004_kani=true&JigyosyoCd=0970202966-00&ServiceCd=110&Type=search" }, "geometry": { "type": "Point", "coordinates": [ 139.472482500000012, 36.3204572 ] } },
{ "type": "Feature", "properties": { "内容": "ケア　フレックス【訪問介護】栃木県足利市寺岡町603-3", "url2": "https://www.kaigokensaku.mhlw.go.jp/09/index.php?action_kouhyou_detail_004_kani=true&JigyosyoCd=0970203048-00&ServiceCd=110&Type=search" }, "geometry": { "type": "Point", "coordinates": [ 139.538082800000012, 36.3133395 ] } },
{ "type": "Feature", "properties": { "内容": "SOMPOケア　足利　訪問介護【訪問介護】栃木県足利市有楽町841番地3岩崎ビル２階", "url2": "https://www.kaigokensaku.mhlw.go.jp/09/index.php?action_kouhyou_detail_004_kani=true&JigyosyoCd=0970203352-00&ServiceCd=110&Type=search" }, "geometry": { "type": "Point", "coordinates": [ 139.456074, 36.3416604 ] } },
{ "type": "Feature", "properties": { "内容": "ニチイケアセンターひこぼし【訪問介護】栃木県足利市利保町1丁目11-13グリーンサイド103号", "url2": "https://www.kaigokensaku.mhlw.go.jp/09/index.php?action_kouhyou_detail_004_kani=true&JigyosyoCd=0970203501-00&ServiceCd=110&Type=search" }, "geometry": { "type": "Point", "coordinates": [ 139.468787199999952, 36.3499736 ] } },
{ "type": "Feature", "properties": { "内容": "ニチイケアセンター問屋町【訪問介護】栃木県足利市上渋垂町236-1プチ・フレーズ1号室", "url2": "https://www.kaigokensaku.mhlw.go.jp/09/index.php?action_kouhyou_detail_004_kani=true&JigyosyoCd=0970203519-00&ServiceCd=110&Type=search" }, "geometry": { "type": "Point", "coordinates": [ 139.462907, 36.3028094 ] } },
{ "type": "Feature", "properties": { "内容": "ヘルパーステーションこころケア足利【訪問介護】栃木県足利市五十部町618-2", "url2": "https://www.kaigokensaku.mhlw.go.jp/09/index.php?action_kouhyou_detail_004_kani=true&JigyosyoCd=0970203709-00&ServiceCd=110&Type=search" }, "geometry": { "type": "Point", "coordinates": [ 139.4237274, 36.3487229 ] } },
{ "type": "Feature", "properties": { "内容": "けあビジョン足利【訪問介護】堀込町2956-6グランドコーポ泰", "url2": "https://www.kaigokensaku.mhlw.go.jp/09/index.php?action_kouhyou_detail_004_kani=true&JigyosyoCd=0970203725-00&ServiceCd=110&Type=search" }, "geometry": { "type": "Point", "coordinates": [ 139.436810799999989, 36.3164735 ] } },
{ "type": "Feature", "properties": { "内容": "ケアセンター足利【訪問介護】栃木県足利市芳町42-1", "url2": "https://www.kaigokensaku.mhlw.go.jp/09/index.php?action_kouhyou_detail_004_kani=true&JigyosyoCd=0970203808-00&ServiceCd=110&Type=search" }, "geometry": { "type": "Point", "coordinates": [ 139.4701182, 36.335308 ] } },
{ "type": "Feature", "properties": { "内容": "訪問介護事業所たかたん【訪問介護】栃木県足利市葉鹿町2-33-14", "url2": "https://www.kaigokensaku.mhlw.go.jp/09/index.php?action_kouhyou_detail_004_kani=true&JigyosyoCd=0970203899-00&ServiceCd=110&Type=search" }, "geometry": { "type": "Point", "coordinates": [ 139.3898902, 36.3673669 ] } },
{ "type": "Feature", "properties": { "内容": "ｖｉｅ　ｅｃｌａｔ【訪問介護】栃木県足利市堀込町2864-2", "url2": "https://www.kaigokensaku.mhlw.go.jp/09/index.php?action_kouhyou_detail_004_kani=true&JigyosyoCd=0970203964-00&ServiceCd=110&Type=search" }, "geometry": { "type": "Point", "coordinates": [ 139.433718199999987, 36.3199068 ] } },
{ "type": "Feature", "properties": { "内容": "ケアフレンド三和【訪問介護】栃木県足利市板倉町214番地3", "url2": "https://www.kaigokensaku.mhlw.go.jp/09/index.php?action_kouhyou_detail_004_kani=true&JigyosyoCd=0970200788-00&ServiceCd=110&Type=search" }, "geometry": { "type": "Point", "coordinates": [ 139.399419317057749, 36.37371927262231 ] } },
{ "type": "Feature", "properties": { "内容": "訪問介護事業所清明苑【訪問介護】栃木県足利市大月町８１１－１", "url2": "https://www.kaigokensaku.mhlw.go.jp/09/index.php?action_kouhyou_detail_004_kani=true&JigyosyoCd=0970200077-00&ServiceCd=110&Type=search" }, "geometry": { "type": "Point", "coordinates": [ 139.475827398373156, 36.348668133485113 ] } },
{ "type": "Feature", "properties": { "内容": "家族の家ひまわり足利訪問介護事業所【訪問介護】栃木県足利市福居町399", "url2": "https://www.kaigokensaku.mhlw.go.jp/09/index.php?action_kouhyou_detail_004_kani=true&JigyosyoCd=0970203006-00&ServiceCd=110&Type=search" }, "geometry": { "type": "Point", "coordinates": [ 139.454979200000025, 36.3061295 ] } },
{ "type": "Feature", "properties": { "内容": "ニチイケアセンター足利【訪問介護】栃木県足利市田中町946-5高雄ハイツ101～102", "url2": "https://www.kaigokensaku.mhlw.go.jp/09/index.php?action_kouhyou_detail_004_kani=true&JigyosyoCd=0970200143-00&ServiceCd=110&Type=search" }, "geometry": { "type": "Point", "coordinates": [ 139.447176399999989, 36.3247533 ] } },
{ "type": "Feature", "properties": { "内容": "介護老人保健施設　グリーンホーム【訪問介護】足利市福居町５８７－１", "url2": "https://www.kaigokensaku.mhlw.go.jp/09/index.php?action_kouhyou_detail_004_kani=true&JigyosyoCd=0950280016-00&ServiceCd=110&Type=search" }, "geometry": { "type": "Point", "coordinates": [ 139.454853417552158, 36.305799426261885 ] } },
{ "type": "Feature", "properties": { "内容": "訪問介護ステーションわかば足利西事業所【訪問介護】栃木県足利市大前町438-1MACHIYA-M2階", "url2": "https://www.kaigokensaku.mhlw.go.jp/09/index.php?action_kouhyou_detail_004_kani=true&JigyosyoCd=0970203998-00&ServiceCd=110&Type=search" }, "geometry": { "type": "Point", "coordinates": [ 139.3974004, 36.3543996 ] } },
{ "type": "Feature", "properties": { "内容": "ヘルパーステーションわかば【訪問介護】栃木県栃木市大平町富田590-1ルネス・プランドール101号室", "url2": "https://www.kaigokensaku.mhlw.go.jp/09/index.php?action_kouhyou_detail_004_kani=true&JigyosyoCd=0972301071-00&ServiceCd=110&Type=search" }, "geometry": { "type": "Point", "coordinates": [ 139.700291500000048, 36.3377308 ] } },
{ "type": "Feature", "properties": { "内容": "訪問介護ステーション　安心ネットとちぎ【訪問介護】栃木県栃木市城内町２丁目１７判１７番", "url2": "https://www.kaigokensaku.mhlw.go.jp/09/index.php?action_kouhyou_detail_004_kani=true&JigyosyoCd=0970302386-00&ServiceCd=110&Type=search" }, "geometry": { "type": "Point", "coordinates": [ 139.751769109787006, 36.370768258098487 ] } },
{ "type": "Feature", "properties": { "内容": "有限会社　ケアサポート石川【訪問介護】栃木県栃木市日ノ出町９－２７", "url2": "https://www.kaigokensaku.mhlw.go.jp/09/index.php?action_kouhyou_detail_004_kani=true&JigyosyoCd=0970300158-00&ServiceCd=110&Type=search" }, "geometry": { "type": "Point", "coordinates": [ 139.741941200000014, 36.3846467 ] } },
{ "type": "Feature", "properties": { "内容": "丸光ケアホームヘルプ大平【訪問介護】栃木県栃木市大平町富田376番地8", "url2": "https://www.kaigokensaku.mhlw.go.jp/09/index.php?action_kouhyou_detail_004_kani=true&JigyosyoCd=0970301156-00&ServiceCd=110&Type=search" }, "geometry": { "type": "Point", "coordinates": [ 139.699067099999979, 36.3370132 ] } },
{ "type": "Feature", "properties": { "内容": "特別養護老人ホーム緑風苑【訪問介護】栃木県栃木市藤岡町中根355-2", "url2": "https://www.kaigokensaku.mhlw.go.jp/09/index.php?action_kouhyou_detail_004_kani=true&JigyosyoCd=0972300313-00&ServiceCd=110&Type=search" }, "geometry": { "type": "Point", "coordinates": [ 139.68906788362753, 36.284576906677586 ] } },
{ "type": "Feature", "properties": { "内容": "社会福祉法人スイートホームひまわり【訪問介護】栃木県栃木市都賀町原宿１４２４－１", "url2": "https://www.kaigokensaku.mhlw.go.jp/09/index.php?action_kouhyou_detail_004_kani=true&JigyosyoCd=0972300628-00&ServiceCd=110&Type=search" }, "geometry": { "type": "Point", "coordinates": [ 139.729190300000027, 36.4381208 ] } },
{ "type": "Feature", "properties": { "内容": "にこぐさ訪問介護事業所【訪問介護】栃木県栃木市都賀町富張９９９-１", "url2": "https://www.kaigokensaku.mhlw.go.jp/09/index.php?action_kouhyou_detail_004_kani=true&JigyosyoCd=0972301030-00&ServiceCd=110&Type=search" }, "geometry": { "type": "Point", "coordinates": [ 139.727351099999964, 36.4516195 ] } },
{ "type": "Feature", "properties": { "内容": "いづるの里【訪問介護】栃木市錦町5-26", "url2": "https://www.kaigokensaku.mhlw.go.jp/09/index.php?action_kouhyou_detail_004_kani=true&JigyosyoCd=0970300356-00&ServiceCd=110&Type=search" }, "geometry": { "type": "Point", "coordinates": [ 139.729664599999978, 36.3853494 ] } },
{ "type": "Feature", "properties": { "内容": "ニチイケアセンター栃木【訪問介護】栃木県栃木市平柳町３－３８－１０", "url2": "https://www.kaigokensaku.mhlw.go.jp/09/index.php?action_kouhyou_detail_004_kani=true&JigyosyoCd=0970300133-00&ServiceCd=110&Type=search" }, "geometry": { "type": "Point", "coordinates": [ 139.74421810000004, 36.3971484 ] } },
{ "type": "Feature", "properties": { "内容": "丸光ケア　ホームヘルプとちぎ【訪問介護】栃木県栃木市箱森町50-15", "url2": "https://www.kaigokensaku.mhlw.go.jp/09/index.php?action_kouhyou_detail_004_kani=true&JigyosyoCd=0970300141-00&ServiceCd=110&Type=search" }, "geometry": { "type": "Point", "coordinates": [ 139.727124112628189, 36.397193830986623 ] } },
{ "type": "Feature", "properties": { "内容": "訪問介護サービスフローラー【訪問介護】栃木市沼和田町42番28号", "url2": "https://www.kaigokensaku.mhlw.go.jp/09/index.php?action_kouhyou_detail_004_kani=true&JigyosyoCd=0970300430-00&ServiceCd=110&Type=search" }, "geometry": { "type": "Point", "coordinates": [ 139.7389862, 36.3811279 ] } },
{ "type": "Feature", "properties": { "内容": "栃木ケアサポートひまわり【訪問介護】栃木市祝町12-9", "url2": "https://www.kaigokensaku.mhlw.go.jp/09/index.php?action_kouhyou_detail_004_kani=true&JigyosyoCd=0970300463-00&ServiceCd=110&Type=search" }, "geometry": { "type": "Point", "coordinates": [ 139.7274205, 36.3818969 ] } },
{ "type": "Feature", "properties": { "内容": "あいケアステーション【訪問介護】栃木県栃木市薗部町二丁目5番9号", "url2": "https://www.kaigokensaku.mhlw.go.jp/09/index.php?action_kouhyou_detail_004_kani=true&JigyosyoCd=0970300679-00&ServiceCd=110&Type=search" }, "geometry": { "type": "Point", "coordinates": [ 139.716349900000068, 36.3745503 ] } },
{ "type": "Feature", "properties": { "内容": "栃木市社協北部ヘルパーステーション【訪問介護】栃木県栃木市今泉町２－１－４０", "url2": "https://www.kaigokensaku.mhlw.go.jp/09/index.php?action_kouhyou_detail_004_kani=true&JigyosyoCd=0970300935-00&ServiceCd=110&Type=search" }, "geometry": { "type": "Point", "coordinates": [ 139.745885600000065, 36.3809754 ] } },
{ "type": "Feature", "properties": { "内容": "栃木市社協南部ヘルパーステーション（平成22年度新規指定事業所）【訪問介護】栃木県栃木市大平町真弓1396", "url2": "https://www.kaigokensaku.mhlw.go.jp/09/index.php?action_kouhyou_detail_004_kani=true&JigyosyoCd=0970300984-00&ServiceCd=110&Type=search" }, "geometry": { "type": "Point", "coordinates": [ 139.719260097229892, 36.336289297183242 ] } },
{ "type": "Feature", "properties": { "内容": "ヘルパーステーションみどりの杜【訪問介護】栃木県栃木市大平町下皆川１３２－３", "url2": "https://www.kaigokensaku.mhlw.go.jp/09/index.php?action_kouhyou_detail_004_kani=true&JigyosyoCd=0970301743-00&ServiceCd=110&Type=search" }, "geometry": { "type": "Point", "coordinates": [ 139.702080199999955, 36.3507725 ] } },
{ "type": "Feature", "properties": { "内容": "ホームヘルパーステーション八州苑【訪問介護】栃木県栃木市藤岡町太田1386－1", "url2": "https://www.kaigokensaku.mhlw.go.jp/09/index.php?action_kouhyou_detail_004_kani=true&JigyosyoCd=0972300842-00&ServiceCd=110&Type=search" }, "geometry": { "type": "Point", "coordinates": [ 139.648326234884706, 36.30836172400344 ] } },
{ "type": "Feature", "properties": { "内容": "支援センターすぎのこ【訪問介護】栃木県栃木市大平町西山田1198もくせいいの里・支援センターすぎのこ", "url2": "https://www.kaigokensaku.mhlw.go.jp/09/index.php?action_kouhyou_detail_004_kani=true&JigyosyoCd=0972301246-00&ServiceCd=110&Type=search" }, "geometry": { "type": "Point", "coordinates": [ 139.677566253442393, 36.339689149280346 ] } },
{ "type": "Feature", "properties": { "内容": "在宅ケア　グランツ　こむぎ【訪問介護】栃木県栃木市万町6-11栃木グランドホテル3階八汐の間", "url2": "https://www.kaigokensaku.mhlw.go.jp/09/index.php?action_kouhyou_detail_004_kani=true&JigyosyoCd=0970302121-00&ServiceCd=110&Type=search" }, "geometry": { "type": "Point", "coordinates": [ 139.7347464, 36.381745700000018 ] } },
{ "type": "Feature", "properties": { "内容": "ＳＯＭＰＯケア　栃木吹上　訪問介護【訪問介護】栃木県栃木市吹上町１６６番地１", "url2": "https://www.kaigokensaku.mhlw.go.jp/09/index.php?action_kouhyou_detail_004_kani=true&JigyosyoCd=0970302105-00&ServiceCd=110&Type=search" }, "geometry": { "type": "Point", "coordinates": [ 139.715467600000011, 36.4132289 ] } },
{ "type": "Feature", "properties": { "内容": "ほうもんかいごわきあいあい【訪問介護】栃木県佐野市船越町38番地", "url2": "https://www.kaigokensaku.mhlw.go.jp/09/index.php?action_kouhyou_detail_004_kani=true&JigyosyoCd=0970402533-00&ServiceCd=110&Type=search" }, "geometry": { "type": "Point", "coordinates": [ 139.5743737, 36.3994272 ] } },
{ "type": "Feature", "properties": { "内容": "ホームヘルパーサービスステーション　ゆうゆう【訪問介護】栃木県佐野市高砂町2800-1", "url2": "https://www.kaigokensaku.mhlw.go.jp/09/index.php?action_kouhyou_detail_004_kani=true&JigyosyoCd=0970400131-00&ServiceCd=110&Type=search" }, "geometry": { "type": "Point", "coordinates": [ 139.5792993, 36.3130548 ] } },
{ "type": "Feature", "properties": { "内容": "訪問介護桃梨【訪問介護】栃木県佐野市下羽田町９８２－１", "url2": "https://www.kaigokensaku.mhlw.go.jp/09/index.php?action_kouhyou_detail_004_kani=true&JigyosyoCd=0970402616-00&ServiceCd=110&Type=search" }, "geometry": { "type": "Point", "coordinates": [ 139.545183941733569, 36.285222103381201 ] } },
{ "type": "Feature", "properties": { "内容": "ヘルパーステーション　ももの里【訪問介護】栃木県佐野市村上町337－1", "url2": "https://www.kaigokensaku.mhlw.go.jp/09/index.php?action_kouhyou_detail_004_kani=true&JigyosyoCd=0970400487-00&ServiceCd=110&Type=search" }, "geometry": { "type": "Point", "coordinates": [ 139.542771899999906, 36.3053909 ] } },
{ "type": "Feature", "properties": { "内容": "介護サービスグリーン【訪問介護】栃木県佐野市大橋町１５４２番地１グリーンハウス", "url2": "https://www.kaigokensaku.mhlw.go.jp/09/index.php?action_kouhyou_detail_004_kani=true&JigyosyoCd=0970400891-00&ServiceCd=110&Type=search" }, "geometry": { "type": "Point", "coordinates": [ 139.5584404, 36.3041078 ] } },
{ "type": "Feature", "properties": { "内容": "ラ・テラス堀米【訪問介護】栃木県佐野市堀米町3143ラ・テラス堀米", "url2": "https://www.kaigokensaku.mhlw.go.jp/09/index.php?action_kouhyou_detail_004_kani=true&JigyosyoCd=0970401386-00&ServiceCd=110&Type=search" }, "geometry": { "type": "Point", "coordinates": [ 139.566785699999969, 36.3280781 ] } },
{ "type": "Feature", "properties": { "内容": "訪問介護すずらん【訪問介護】栃木県佐野市小中町1248-1", "url2": "https://www.kaigokensaku.mhlw.go.jp/09/index.php?action_kouhyou_detail_004_kani=true&JigyosyoCd=0970402194-00&ServiceCd=110&Type=search" }, "geometry": { "type": "Point", "coordinates": [ 139.559780100000012, 36.3428821 ] } },
{ "type": "Feature", "properties": { "内容": "SOMPOケア　佐野　訪問介護【訪問介護】浅沼町836番地", "url2": "https://www.kaigokensaku.mhlw.go.jp/09/index.php?action_kouhyou_detail_004_kani=true&JigyosyoCd=0970402285-00&ServiceCd=110&Type=search" }, "geometry": { "type": "Point", "coordinates": [ 139.593378700000017, 36.312336 ] } },
{ "type": "Feature", "properties": { "内容": "合同会社訪問介護ステーション言の葉【訪問介護】栃木県佐野市小中町2015-1", "url2": "https://www.kaigokensaku.mhlw.go.jp/09/index.php?action_kouhyou_detail_004_kani=true&JigyosyoCd=0970402574-00&ServiceCd=110&Type=search" }, "geometry": { "type": "Point", "coordinates": [ 139.5579665, 36.3393299 ] } },
{ "type": "Feature", "properties": { "内容": "訪問介護事業所エール佐野【訪問介護】栃木県佐野市堀米町3511コーポM　F号棟", "url2": "https://www.kaigokensaku.mhlw.go.jp/09/index.php?action_kouhyou_detail_004_kani=true&JigyosyoCd=0970402590-00&ServiceCd=110&Type=search" }, "geometry": { "type": "Point", "coordinates": [ 139.5687715, 36.3264754 ] } },
{ "type": "Feature", "properties": { "内容": "ヘルパーステーション京の華【訪問介護】栃木県佐野市田島町149番地2", "url2": "https://www.kaigokensaku.mhlw.go.jp/09/index.php?action_kouhyou_detail_004_kani=true&JigyosyoCd=0970402236-00&ServiceCd=110&Type=search" }, "geometry": { "type": "Point", "coordinates": [ 139.5659556, 36.2942776 ] } },
{ "type": "Feature", "properties": { "内容": "ニチイケアセンター佐野【訪問介護】栃木県佐野市堀米町3195リバーフロント　1Ｆ", "url2": "https://www.kaigokensaku.mhlw.go.jp/09/index.php?action_kouhyou_detail_004_kani=true&JigyosyoCd=0970400164-00&ServiceCd=110&Type=search" }, "geometry": { "type": "Point", "coordinates": [ 139.567806300000029, 36.3303379 ] } },
{ "type": "Feature", "properties": { "内容": "丸光ケアサービス株式会社　丸光ケアホームヘルプ佐野【訪問介護】栃木県佐野市富岡町２２９番地１２", "url2": "https://www.kaigokensaku.mhlw.go.jp/09/index.php?action_kouhyou_detail_004_kani=true&JigyosyoCd=0970400255-00&ServiceCd=110&Type=search" }, "geometry": { "type": "Point", "coordinates": [ 139.589984400000048, 36.3174742 ] } },
{ "type": "Feature", "properties": { "内容": "ヘルパーステーション　いちごの里【訪問介護】栃木県佐野市田島町213番地ケアハウスいちごの里", "url2": "https://www.kaigokensaku.mhlw.go.jp/09/index.php?action_kouhyou_detail_004_kani=true&JigyosyoCd=0970400420-00&ServiceCd=110&Type=search" }, "geometry": { "type": "Point", "coordinates": [ 139.564604100000054, 36.294148 ] } },
{ "type": "Feature", "properties": { "内容": "しあわせ介護【訪問介護】栃木県佐野市大橋町2175-2", "url2": "https://www.kaigokensaku.mhlw.go.jp/09/index.php?action_kouhyou_detail_004_kani=true&JigyosyoCd=0970400479-00&ServiceCd=110&Type=search" }, "geometry": { "type": "Point", "coordinates": [ 139.569333599999936, 36.310102 ] } },
{ "type": "Feature", "properties": { "内容": "トライ介護センター【訪問介護】栃木県佐野市堀米町６１７－１２", "url2": "https://www.kaigokensaku.mhlw.go.jp/09/index.php?action_kouhyou_detail_004_kani=true&JigyosyoCd=0970400685-00&ServiceCd=110&Type=search" }, "geometry": { "type": "Point", "coordinates": [ 139.581621679762293, 36.33395367203412 ] } },
{ "type": "Feature", "properties": { "内容": "ヘルパーステーション　万葉【訪問介護】栃木県佐野市堀米町１３４８－５", "url2": "https://www.kaigokensaku.mhlw.go.jp/09/index.php?action_kouhyou_detail_004_kani=true&JigyosyoCd=0970400735-00&ServiceCd=110&Type=search" }, "geometry": { "type": "Point", "coordinates": [ 139.579412600000069, 36.3292506 ] } },
{ "type": "Feature", "properties": { "内容": "ホームヘルパーサービスステーション悠生園【訪問介護】栃木県佐野市寺久保町松場２３８番地", "url2": "https://www.kaigokensaku.mhlw.go.jp/09/index.php?action_kouhyou_detail_004_kani=true&JigyosyoCd=0970401022-00&ServiceCd=110&Type=search" }, "geometry": { "type": "Point", "coordinates": [ 139.52599859999998, 36.3747973 ] } },
{ "type": "Feature", "properties": { "内容": "株式会社　竹と森【訪問介護】栃木県佐野市吉水町１４０８－２", "url2": "https://www.kaigokensaku.mhlw.go.jp/09/index.php?action_kouhyou_detail_004_kani=true&JigyosyoCd=0970401261-00&ServiceCd=110&Type=search" }, "geometry": { "type": "Point", "coordinates": [ 139.5814694, 36.3496344 ] } },
{ "type": "Feature", "properties": { "内容": "ケアサポート愛【訪問介護】栃木県佐野市葛生東３丁目２番６", "url2": "https://www.kaigokensaku.mhlw.go.jp/09/index.php?action_kouhyou_detail_004_kani=true&JigyosyoCd=0970401535-00&ServiceCd=110&Type=search" }, "geometry": { "type": "Point", "coordinates": [ 139.611977798147564, 36.407374421646281 ] } },
{ "type": "Feature", "properties": { "内容": "特定非営利活動法人ケアフラッグ幸【訪問介護】栃木県佐野市葛生東2丁目8番15号", "url2": "https://www.kaigokensaku.mhlw.go.jp/09/index.php?action_kouhyou_detail_004_kani=true&JigyosyoCd=0970401774-00&ServiceCd=110&Type=search" }, "geometry": { "type": "Point", "coordinates": [ 139.612383499999964, 36.4064054 ] } },
{ "type": "Feature", "properties": { "内容": "ヘルパーステーション　ふわり【訪問介護】栃木県佐野市小中町1255-1", "url2": "https://www.kaigokensaku.mhlw.go.jp/09/index.php?action_kouhyou_detail_004_kani=true&JigyosyoCd=0970401816-00&ServiceCd=110&Type=search" }, "geometry": { "type": "Point", "coordinates": [ 139.558672800000011, 36.3427344 ] } },
{ "type": "Feature", "properties": { "内容": "ヘルパーステーション　美と健康【訪問介護】栃木県佐野市田沼町64", "url2": "https://www.kaigokensaku.mhlw.go.jp/09/index.php?action_kouhyou_detail_004_kani=true&JigyosyoCd=0970402111-00&ServiceCd=110&Type=search" }, "geometry": { "type": "Point", "coordinates": [ 139.572487271367578, 36.362417277648554 ] } },
{ "type": "Feature", "properties": { "内容": "ご長寿くらぶ佐野・植上【訪問介護】栃木県佐野市植上町１７８５", "url2": "https://www.kaigokensaku.mhlw.go.jp/09/index.php?action_kouhyou_detail_004_kani=true&JigyosyoCd=0970402350-00&ServiceCd=110&Type=search" }, "geometry": { "type": "Point", "coordinates": [ 139.579761700000063, 36.3016242 ] } },
{ "type": "Feature", "properties": { "内容": "ヘルパーステーションほほえみ【訪問介護】栃木県佐野市富岡町１４５４番地", "url2": "https://www.kaigokensaku.mhlw.go.jp/09/index.php?action_kouhyou_detail_004_kani=true&JigyosyoCd=0970401089-00&ServiceCd=110&Type=search" }, "geometry": { "type": "Point", "coordinates": [ 139.592901309756485, 36.316133189554925 ] } },
{ "type": "Feature", "properties": { "内容": "とちのみホームヘルプサービス【訪問介護】栃木県佐野市浅沼町146-5", "url2": "https://www.kaigokensaku.mhlw.go.jp/09/index.php?action_kouhyou_detail_004_kani=true&JigyosyoCd=0970401832-00&ServiceCd=110&Type=search" }, "geometry": { "type": "Point", "coordinates": [ 139.587975434582688, 36.306446637648158 ] } },
{ "type": "Feature", "properties": { "内容": "ファルコンケア訪問介護センター【訪問介護】栃木県佐野市大蔵町2961-1", "url2": "https://www.kaigokensaku.mhlw.go.jp/09/index.php?action_kouhyou_detail_004_kani=true&JigyosyoCd=0970402541-00&ServiceCd=110&Type=search" }, "geometry": { "type": "Point", "coordinates": [ 139.604141831877143, 36.323951532053776 ] } },
{ "type": "Feature", "properties": { "内容": "ヘルパーステーション・アニマート佐野【訪問介護】栃木県佐野市高砂町２８６５－１佐野ビジネスセンタービル東館７階", "url2": "https://www.kaigokensaku.mhlw.go.jp/09/index.php?action_kouhyou_detail_004_kani=true&JigyosyoCd=0970402525-00&ServiceCd=110&Type=search" }, "geometry": { "type": "Point", "coordinates": [ 139.580410155854423, 36.313481777411305 ] } },
{ "type": "Feature", "properties": { "内容": "花の器【訪問介護】栃木県佐野市堀米町617番地6", "url2": "https://www.kaigokensaku.mhlw.go.jp/09/index.php?action_kouhyou_detail_004_kani=true&JigyosyoCd=0970402038-00&ServiceCd=110&Type=search" }, "geometry": { "type": "Point", "coordinates": [ 139.5822954, 36.3333504 ] } },
{ "type": "Feature", "properties": { "内容": "エスケーマルス介護サービス【訪問介護】栃木県佐野市天神町８９３番地５", "url2": "https://www.kaigokensaku.mhlw.go.jp/09/index.php?action_kouhyou_detail_004_kani=true&JigyosyoCd=0970401188-00&ServiceCd=110&Type=search" }, "geometry": { "type": "Point", "coordinates": [ 139.571919, 36.321392700000025 ] } },
{ "type": "Feature", "properties": { "内容": "ヘルパーステーションこころ【訪問介護】鹿沼市石橋町１６００－１橋田第一ビル８階", "url2": "https://www.kaigokensaku.mhlw.go.jp/09/index.php?action_kouhyou_detail_004_kani=true&JigyosyoCd=0970500450-00&ServiceCd=110&Type=search" }, "geometry": { "type": "Point", "coordinates": [ 139.746741499999985, 36.5632601 ] } },
{ "type": "Feature", "properties": { "内容": "家族の家ひまわり鹿沼訪問介護事業所【訪問介護】栃木県鹿沼市千渡2326-10", "url2": "https://www.kaigokensaku.mhlw.go.jp/09/index.php?action_kouhyou_detail_004_kani=true&JigyosyoCd=0970501243-00&ServiceCd=110&Type=search" }, "geometry": { "type": "Point", "coordinates": [ 139.786862, 36.5593239 ] } },
{ "type": "Feature", "properties": { "内容": "訪問介護　ケアガーデン【訪問介護】栃木県鹿沼市千渡後田1963番地36", "url2": "https://www.kaigokensaku.mhlw.go.jp/09/index.php?action_kouhyou_detail_004_kani=true&JigyosyoCd=0970501599-00&ServiceCd=110&Type=search" }, "geometry": { "type": "Point", "coordinates": [ 139.767943012177398, 36.570748368229602 ] } },
{ "type": "Feature", "properties": { "内容": "ヘルパーステーション　たけむらクローバー館【訪問介護】栃木県鹿沼市茂呂1858-147", "url2": "https://www.kaigokensaku.mhlw.go.jp/09/index.php?action_kouhyou_detail_004_kani=true&JigyosyoCd=0970501102-00&ServiceCd=110&Type=search" }, "geometry": { "type": "Point", "coordinates": [ 139.77173629999993, 36.5366567 ] } },
{ "type": "Feature", "properties": { "内容": "ニチイケアセンター　鹿沼【訪問介護】栃木県鹿沼市上野町320-3高橋ビル1階103号", "url2": "https://www.kaigokensaku.mhlw.go.jp/09/index.php?action_kouhyou_detail_004_kani=true&JigyosyoCd=0970500120-00&ServiceCd=110&Type=search" }, "geometry": { "type": "Point", "coordinates": [ 139.7655026, 36.5655891 ] } },
{ "type": "Feature", "properties": { "内容": "さつき荘ヘルパーセンター【訪問介護】鹿沼市白桑田２５４－７", "url2": "https://www.kaigokensaku.mhlw.go.jp/09/index.php?action_kouhyou_detail_004_kani=true&JigyosyoCd=0970500138-00&ServiceCd=110&Type=search" }, "geometry": { "type": "Point", "coordinates": [ 139.813059599999974, 36.5501948 ] } },
{ "type": "Feature", "properties": { "内容": "ハーモニーホームヘルパーステーション【訪問介護】栃木県鹿沼市村井町１４６－６", "url2": "https://www.kaigokensaku.mhlw.go.jp/09/index.php?action_kouhyou_detail_004_kani=true&JigyosyoCd=0970500179-00&ServiceCd=110&Type=search" }, "geometry": { "type": "Point", "coordinates": [ 139.746004699999958, 36.5483071 ] } },
{ "type": "Feature", "properties": { "内容": "丸光ケアホームヘルプ鹿沼【訪問介護】千渡1893番地1", "url2": "https://www.kaigokensaku.mhlw.go.jp/09/index.php?action_kouhyou_detail_004_kani=true&JigyosyoCd=0970500419-00&ServiceCd=110&Type=search" }, "geometry": { "type": "Point", "coordinates": [ 139.775211780426019, 36.567328040388603 ] } },
{ "type": "Feature", "properties": { "内容": "ハートフルサポートとちぎ鹿沼事業所【訪問介護】栃木県鹿沼市貝島町630-1クレドール貝島1Ｆ", "url2": "https://www.kaigokensaku.mhlw.go.jp/09/index.php?action_kouhyou_detail_004_kani=true&JigyosyoCd=0970500757-00&ServiceCd=110&Type=search" }, "geometry": { "type": "Point", "coordinates": [ 139.762292900000034, 36.5591054 ] } },
{ "type": "Feature", "properties": { "内容": "すまいる鹿沼【訪問介護】栃木県鹿沼市茂呂2525-6すまいる鹿沼", "url2": "https://www.kaigokensaku.mhlw.go.jp/09/index.php?action_kouhyou_detail_004_kani=true&JigyosyoCd=0970500906-00&ServiceCd=110&Type=search" }, "geometry": { "type": "Point", "coordinates": [ 139.793806, 36.5496029 ] } },
{ "type": "Feature", "properties": { "内容": "万葉かぬま【訪問介護】栃木県鹿沼市茂呂216－1", "url2": "https://www.kaigokensaku.mhlw.go.jp/09/index.php?action_kouhyou_detail_004_kani=true&JigyosyoCd=0970500989-00&ServiceCd=110&Type=search" }, "geometry": { "type": "Point", "coordinates": [ 139.796128056344628, 36.536690288034599 ] } },
{ "type": "Feature", "properties": { "内容": "訪問介護事業所　暖らいふ【訪問介護】栃木県鹿沼市北半田１４８９番地１", "url2": "https://www.kaigokensaku.mhlw.go.jp/09/index.php?action_kouhyou_detail_004_kani=true&JigyosyoCd=0970501052-00&ServiceCd=110&Type=search" }, "geometry": { "type": "Point", "coordinates": [ 139.720064808459426, 36.496005650215281 ] } },
{ "type": "Feature", "properties": { "内容": "やさしい手かぬま訪問介護事業所【訪問介護】栃木県鹿沼市上野町410－1", "url2": "https://www.kaigokensaku.mhlw.go.jp/09/index.php?action_kouhyou_detail_004_kani=true&JigyosyoCd=0970501334-00&ServiceCd=110&Type=search" }, "geometry": { "type": "Point", "coordinates": [ 139.7641734, 36.5646695 ] } },
{ "type": "Feature", "properties": { "内容": "訪問介護事業所　めぐり【訪問介護】栃木県鹿沼市上永野502-1", "url2": "https://www.kaigokensaku.mhlw.go.jp/09/index.php?action_kouhyou_detail_004_kani=true&JigyosyoCd=0970501342-00&ServiceCd=110&Type=search" }, "geometry": { "type": "Point", "coordinates": [ 139.595242884378365, 36.499116158017344 ] } },
{ "type": "Feature", "properties": { "内容": "ヘルパーステーションるりの里【訪問介護】栃木県鹿沼市麻苧町1559-1住宅型有料老人ホーム瑠璃の里", "url2": "https://www.kaigokensaku.mhlw.go.jp/09/index.php?action_kouhyou_detail_004_kani=true&JigyosyoCd=0970501433-00&ServiceCd=110&Type=search" }, "geometry": { "type": "Point", "coordinates": [ 139.74458580000001, 36.5628481 ] } },
{ "type": "Feature", "properties": { "内容": "ニチイケアセンター下田町【訪問介護】下田町1-874-3トロア・ポルトA号室", "url2": "https://www.kaigokensaku.mhlw.go.jp/09/index.php?action_kouhyou_detail_004_kani=true&JigyosyoCd=0970501532-00&ServiceCd=110&Type=search" }, "geometry": { "type": "Point", "coordinates": [ 130.5558596, 31.6269562 ] } },
{ "type": "Feature", "properties": { "内容": "みらいケア鹿沼【訪問介護】栃木県鹿沼市上田町2337", "url2": "https://www.kaigokensaku.mhlw.go.jp/09/index.php?action_kouhyou_detail_004_kani=true&JigyosyoCd=0970501631-00&ServiceCd=110&Type=search" }, "geometry": { "type": "Point", "coordinates": [ 139.749766910975609, 36.567777977431042 ] } },
{ "type": "Feature", "properties": { "内容": "訪問介護　ケアガーデン【訪問介護】栃木県鹿沼市千渡1963番36ケアガーデン　鹿沼", "url2": "https://www.kaigokensaku.mhlw.go.jp/09/index.php?action_kouhyou_detail_004_kani=true&JigyosyoCd=0970501706-00&ServiceCd=110&Type=search" }, "geometry": { "type": "Point", "coordinates": [ 139.7685046, 36.5708666 ] } },
{ "type": "Feature", "properties": { "内容": "ご長寿くらぶ鹿沼　訪問介護事業所【訪問介護】栃木県鹿沼市茂呂２６０-１３", "url2": "https://www.kaigokensaku.mhlw.go.jp/09/index.php?action_kouhyou_detail_004_kani=true&JigyosyoCd=0970501730-00&ServiceCd=110&Type=search" }, "geometry": { "type": "Point", "coordinates": [ 139.79699930000001, 36.5338864 ] } },
{ "type": "Feature", "properties": { "内容": "三ツ星ケアタクシーサービス【訪問介護】栃木県鹿沼市緑町3-7-16", "url2": "https://www.kaigokensaku.mhlw.go.jp/09/index.php?action_kouhyou_detail_004_kani=true&JigyosyoCd=0980500045-00&ServiceCd=110&Type=search" }, "geometry": { "type": "Point", "coordinates": [ 139.781613, 36.5559994 ] } },
{ "type": "Feature", "properties": { "内容": "ヘルパーステーションたんぽぽ【訪問介護】栃木県日光市土沢201－1", "url2": "https://www.kaigokensaku.mhlw.go.jp/09/index.php?action_kouhyou_detail_004_kani=true&JigyosyoCd=0970600680-00&ServiceCd=110&Type=search" }, "geometry": { "type": "Point", "coordinates": [ 139.723389399999974, 36.6992477 ] } },
{ "type": "Feature", "properties": { "内容": "家族の家ひまわり日光　訪問介護事業所【訪問介護】栃木県日光市瀬川40-1", "url2": "https://www.kaigokensaku.mhlw.go.jp/09/index.php?action_kouhyou_detail_004_kani=true&JigyosyoCd=0970600771-00&ServiceCd=110&Type=search" }, "geometry": { "type": "Point", "coordinates": [ 139.694077399999969, 36.7261185 ] } },
{ "type": "Feature", "properties": { "内容": "ホームヘルパーステーション　誠心園【訪問介護】栃木県日光市倉ケ崎６０５番地７", "url2": "https://www.kaigokensaku.mhlw.go.jp/09/index.php?action_kouhyou_detail_004_kani=true&JigyosyoCd=0970700100-00&ServiceCd=110&Type=search" }, "geometry": { "type": "Point", "coordinates": [ 139.712723899999986, 36.7550186 ] } },
{ "type": "Feature", "properties": { "内容": "訪問介護ステーションみのり【訪問介護】栃木県日光市土沢1356番地", "url2": "https://www.kaigokensaku.mhlw.go.jp/09/index.php?action_kouhyou_detail_004_kani=true&JigyosyoCd=0970600896-00&ServiceCd=110&Type=search" }, "geometry": { "type": "Point", "coordinates": [ 139.7268841, 36.6968407 ] } },
{ "type": "Feature", "properties": { "内容": "在宅介護支援センター　おちあい【訪問介護】栃木県日光市板橋2190-2", "url2": "https://www.kaigokensaku.mhlw.go.jp/09/index.php?action_kouhyou_detail_004_kani=true&JigyosyoCd=0970700019-00&ServiceCd=110&Type=search" }, "geometry": { "type": "Point", "coordinates": [ 139.73511869999993, 36.6492286 ] } },
{ "type": "Feature", "properties": { "内容": "特定非営利活動法人　ウエーブ【訪問介護】栃木県日光市瀬川95番地1", "url2": "https://www.kaigokensaku.mhlw.go.jp/09/index.php?action_kouhyou_detail_004_kani=true&JigyosyoCd=0970700126-00&ServiceCd=110&Type=search" }, "geometry": { "type": "Point", "coordinates": [ 139.689583399999947, 36.7277404 ] } },
{ "type": "Feature", "properties": { "内容": "ヘルパーステーション　　見龍堂メディケアユニッツ【訪問介護】栃木県日光市木和田島3008-8", "url2": "https://www.kaigokensaku.mhlw.go.jp/09/index.php?action_kouhyou_detail_004_kani=true&JigyosyoCd=0970700340-00&ServiceCd=110&Type=search" }, "geometry": { "type": "Point", "coordinates": [ 139.752911899999958, 36.681261 ] } },
{ "type": "Feature", "properties": { "内容": "社会福祉法人　真珠会　ヘルパーステーション　さくら【訪問介護】日光市大室863-7", "url2": "https://www.kaigokensaku.mhlw.go.jp/09/index.php?action_kouhyou_detail_004_kani=true&JigyosyoCd=0970700449-00&ServiceCd=110&Type=search" }, "geometry": { "type": "Point", "coordinates": [ 139.750338, 36.7227061 ] } },
{ "type": "Feature", "properties": { "内容": "ヘルパーセンター愛泉【訪問介護】栃木県日光市高徳６１９番地３", "url2": "https://www.kaigokensaku.mhlw.go.jp/09/index.php?action_kouhyou_detail_004_kani=true&JigyosyoCd=0972600373-00&ServiceCd=110&Type=search" }, "geometry": { "type": "Point", "coordinates": [ 139.706773703674344, 36.782563179411049 ] } },
{ "type": "Feature", "properties": { "内容": "介護保険事業所ひかり【訪問介護】栃木県日光市花石町1942番地1", "url2": "https://www.kaigokensaku.mhlw.go.jp/09/index.php?action_kouhyou_detail_004_kani=true&JigyosyoCd=0970600102-00&ServiceCd=110&Type=search" }, "geometry": { "type": "Point", "coordinates": [ 139.5858455, 36.7519462 ] } },
{ "type": "Feature", "properties": { "内容": "家族の家ひまわり小山訪問介護事業所【訪問介護】栃木県小山市駅東通り1-22-28", "url2": "https://www.kaigokensaku.mhlw.go.jp/09/index.php?action_kouhyou_detail_004_kani=true&JigyosyoCd=0970802245-00&ServiceCd=110&Type=search" }, "geometry": { "type": "Point", "coordinates": [ 139.808810699999981, 36.3094392 ] } },
{ "type": "Feature", "properties": { "内容": "やさしい手小山訪問介護事業所【訪問介護】駅南町２－１７－２", "url2": "https://www.kaigokensaku.mhlw.go.jp/09/index.php?action_kouhyou_detail_004_kani=true&JigyosyoCd=0970803136-00&ServiceCd=110&Type=search" }, "geometry": { "type": "Point", "coordinates": [ 139.808638300000013, 36.301388 ] } },
{ "type": "Feature", "properties": { "内容": "サンスマイル小山【訪問介護】犬塚6-17-1", "url2": "https://www.kaigokensaku.mhlw.go.jp/09/index.php?action_kouhyou_detail_004_kani=true&JigyosyoCd=0970802799-00&ServiceCd=110&Type=search" }, "geometry": { "type": "Point", "coordinates": [ 139.834062099999983, 36.3003595 ] } },
{ "type": "Feature", "properties": { "内容": "えいこう（永光）ケアーズ（平成22年度新規指定事業所）【訪問介護】栃木県小山市南乙女１丁目16-22", "url2": "https://www.kaigokensaku.mhlw.go.jp/09/index.php?action_kouhyou_detail_004_kani=true&JigyosyoCd=0970301073-00&ServiceCd=110&Type=search" }, "geometry": { "type": "Point", "coordinates": [ 139.757774620901472, 36.254588780881271 ] } },
{ "type": "Feature", "properties": { "内容": "ニチイケアセンターおやま【訪問介護】小山市神鳥谷2丁目13番14号", "url2": "https://www.kaigokensaku.mhlw.go.jp/09/index.php?action_kouhyou_detail_004_kani=true&JigyosyoCd=0970800025-00&ServiceCd=110&Type=search" }, "geometry": { "type": "Point", "coordinates": [ 139.794931899999938, 36.3010366 ] } },
{ "type": "Feature", "properties": { "内容": "ホームヘルパーステーション　ラ・カータ【訪問介護】栃木県小山市中久喜1273-1", "url2": "https://www.kaigokensaku.mhlw.go.jp/09/index.php?action_kouhyou_detail_004_kani=true&JigyosyoCd=0970800298-00&ServiceCd=110&Type=search" }, "geometry": { "type": "Point", "coordinates": [ 139.834405699999934, 36.3236804 ] } },
{ "type": "Feature", "properties": { "内容": "ホームヘルパー穂の香苑【訪問介護】小山市間々田１４４２番地", "url2": "https://www.kaigokensaku.mhlw.go.jp/09/index.php?action_kouhyou_detail_004_kani=true&JigyosyoCd=0970800371-00&ServiceCd=110&Type=search" }, "geometry": { "type": "Point", "coordinates": [ 139.762846276351041, 36.268065703489192 ] } },
{ "type": "Feature", "properties": { "内容": "ケアネット小山サービスセンター【訪問介護】栃木県小山市城東５丁目８番１０号", "url2": "https://www.kaigokensaku.mhlw.go.jp/09/index.php?action_kouhyou_detail_004_kani=true&JigyosyoCd=0970800579-00&ServiceCd=110&Type=search" }, "geometry": { "type": "Point", "coordinates": [ 139.8212509, 36.3149004 ] } },
{ "type": "Feature", "properties": { "内容": "訪問介護　ぱーとなあ【訪問介護】栃木県小山市乙女786番地1", "url2": "https://www.kaigokensaku.mhlw.go.jp/09/index.php?action_kouhyou_detail_004_kani=true&JigyosyoCd=0970800629-00&ServiceCd=110&Type=search" }, "geometry": { "type": "Point", "coordinates": [ 139.745942528828778, 36.251034647754871 ] } },
{ "type": "Feature", "properties": { "内容": "株式会社ほほえみ倶楽部　ヘルパーステーションほほえみ倶楽部【訪問介護】栃木県小山市乙女3丁目27-31", "url2": "https://www.kaigokensaku.mhlw.go.jp/09/index.php?action_kouhyou_detail_004_kani=true&JigyosyoCd=0970800785-00&ServiceCd=110&Type=search" }, "geometry": { "type": "Point", "coordinates": [ 139.757975699999946, 36.2559491 ] } },
{ "type": "Feature", "properties": { "内容": "友井タクシー介護ステーションふれあい【訪問介護】栃木県小山市城山町二丁目12番25号", "url2": "https://www.kaigokensaku.mhlw.go.jp/09/index.php?action_kouhyou_detail_004_kani=true&JigyosyoCd=0970800793-00&ServiceCd=110&Type=search" }, "geometry": { "type": "Point", "coordinates": [ 139.804643199999987, 36.316085 ] } },
{ "type": "Feature", "properties": { "内容": "サンフラワーヘルパーステーション【訪問介護】栃木県小山市大字出井１９３８", "url2": "https://www.kaigokensaku.mhlw.go.jp/09/index.php?action_kouhyou_detail_004_kani=true&JigyosyoCd=0970800801-00&ServiceCd=110&Type=search" }, "geometry": { "type": "Point", "coordinates": [ 139.836983300000043, 36.3345264 ] } },
{ "type": "Feature", "properties": { "内容": "ニチイケアセンター小山城東【訪問介護】栃木県小山市城東1丁目6番42号第３高岩ビル１階", "url2": "https://www.kaigokensaku.mhlw.go.jp/09/index.php?action_kouhyou_detail_004_kani=true&JigyosyoCd=0970800884-00&ServiceCd=110&Type=search" }, "geometry": { "type": "Point", "coordinates": [ 139.813007800000037, 36.3099303 ] } },
{ "type": "Feature", "properties": { "内容": "県南サポートセンター【訪問介護】栃木県小山市神鳥谷1012-1", "url2": "https://www.kaigokensaku.mhlw.go.jp/09/index.php?action_kouhyou_detail_004_kani=true&JigyosyoCd=0970801007-00&ServiceCd=110&Type=search" }, "geometry": { "type": "Point", "coordinates": [ 139.796234499999969, 36.3029453 ] } },
{ "type": "Feature", "properties": { "内容": "あじさい訪問介護【訪問介護】栃木県小山市土塔２４７－３０サービス付高齢者住宅アナベル土塔", "url2": "https://www.kaigokensaku.mhlw.go.jp/09/index.php?action_kouhyou_detail_004_kani=true&JigyosyoCd=0970801809-00&ServiceCd=110&Type=search" }, "geometry": { "type": "Point", "coordinates": [ 139.825703500000031, 36.3015133 ] } },
{ "type": "Feature", "properties": { "内容": "訪問介護ハートランド小山【訪問介護】城北6-2-7", "url2": "https://www.kaigokensaku.mhlw.go.jp/09/index.php?action_kouhyou_detail_004_kani=true&JigyosyoCd=0970801890-00&ServiceCd=110&Type=search" }, "geometry": { "type": "Point", "coordinates": [ 139.814426494891393, 36.317638576156007 ] } },
{ "type": "Feature", "properties": { "内容": "株式会社ケアサービス大沼　訪問介護【訪問介護】小山市大字羽川11番地１", "url2": "https://www.kaigokensaku.mhlw.go.jp/09/index.php?action_kouhyou_detail_004_kani=true&JigyosyoCd=0970802021-00&ServiceCd=110&Type=search" }, "geometry": { "type": "Point", "coordinates": [ 139.823317, 36.3520905 ] } },
{ "type": "Feature", "properties": { "内容": "コープヘルパーステーション喜沢【訪問介護】栃木県小山市大字喜沢1475－98", "url2": "https://www.kaigokensaku.mhlw.go.jp/09/index.php?action_kouhyou_detail_004_kani=true&JigyosyoCd=0970802492-00&ServiceCd=110&Type=search" }, "geometry": { "type": "Point", "coordinates": [ 139.8024249, 36.3301003 ] } },
{ "type": "Feature", "properties": { "内容": "サンフレンズ小山【訪問介護】栃木県小山市羽川76番地", "url2": "https://www.kaigokensaku.mhlw.go.jp/09/index.php?action_kouhyou_detail_004_kani=true&JigyosyoCd=0970802690-00&ServiceCd=110&Type=search" }, "geometry": { "type": "Point", "coordinates": [ 139.826847300000054, 36.3517323 ] } },
{ "type": "Feature", "properties": { "内容": "ニチイケアセンターままだ【訪問介護】東間々田2-29-11タグチハイツ202号", "url2": "https://www.kaigokensaku.mhlw.go.jp/09/index.php?action_kouhyou_detail_004_kani=true&JigyosyoCd=0970802864-00&ServiceCd=110&Type=search" }, "geometry": { "type": "Point", "coordinates": [ 139.769141600000012, 36.2635988 ] } },
{ "type": "Feature", "properties": { "内容": "ケアセンターりぼん【訪問介護】栃木県小山市神鳥谷1-3-4", "url2": "https://www.kaigokensaku.mhlw.go.jp/09/index.php?action_kouhyou_detail_004_kani=true&JigyosyoCd=0970802880-00&ServiceCd=110&Type=search" }, "geometry": { "type": "Point", "coordinates": [ 139.7938686, 36.3030612 ] } },
{ "type": "Feature", "properties": { "内容": "訪問介護ステーション　小山整形外科の郷【訪問介護】栃木県小山市雨ヶ谷712番地1サービス付き高齢者向け住宅　小山整形外科の郷", "url2": "https://www.kaigokensaku.mhlw.go.jp/09/index.php?action_kouhyou_detail_004_kani=true&JigyosyoCd=0970802955-00&ServiceCd=110&Type=search" }, "geometry": { "type": "Point", "coordinates": [ 139.8112293, 36.278449 ] } },
{ "type": "Feature", "properties": { "内容": "ライフサポートpalprime【訪問介護】栃木県小山市城山町3-9-10", "url2": "https://www.kaigokensaku.mhlw.go.jp/09/index.php?action_kouhyou_detail_004_kani=true&JigyosyoCd=0970802989-00&ServiceCd=110&Type=search" }, "geometry": { "type": "Point", "coordinates": [ 139.805665, 36.3165867 ] } },
{ "type": "Feature", "properties": { "内容": "ホームケアみやび【訪問介護】栃木県小山市宮本町２丁目3-12", "url2": "https://www.kaigokensaku.mhlw.go.jp/09/index.php?action_kouhyou_detail_004_kani=true&JigyosyoCd=0970803052-00&ServiceCd=110&Type=search" }, "geometry": { "type": "Point", "coordinates": [ 139.8026209, 36.3115538 ] } },
{ "type": "Feature", "properties": { "内容": "訪問介護和【訪問介護】栃木県小山市土塔252番地1サンビレッジ小山C-102", "url2": "https://www.kaigokensaku.mhlw.go.jp/09/index.php?action_kouhyou_detail_004_kani=true&JigyosyoCd=0970803144-00&ServiceCd=110&Type=search" }, "geometry": { "type": "Point", "coordinates": [ 139.823647599999987, 36.3030621 ] } },
{ "type": "Feature", "properties": { "内容": "ケアサポートほ～ぷ【訪問介護】栃木県小山市雨ヶ谷１４１-１", "url2": "https://www.kaigokensaku.mhlw.go.jp/09/index.php?action_kouhyou_detail_004_kani=true&JigyosyoCd=0970803219-00&ServiceCd=110&Type=search" }, "geometry": { "type": "Point", "coordinates": [ 139.8079836, 36.2809462 ] } },
{ "type": "Feature", "properties": { "内容": "ウエルシア介護サービス小山【訪問介護】栃木県小山市城東5丁目2-2海老原ビル1階", "url2": "https://www.kaigokensaku.mhlw.go.jp/09/index.php?action_kouhyou_detail_004_kani=true&JigyosyoCd=0970803292-00&ServiceCd=110&Type=search" }, "geometry": { "type": "Point", "coordinates": [ 139.8188849, 36.3136649 ] } },
{ "type": "Feature", "properties": { "内容": "きぬの里ヘルパーステーション【訪問介護】栃木県小山市大字高椅132－1", "url2": "https://www.kaigokensaku.mhlw.go.jp/09/index.php?action_kouhyou_detail_004_kani=true&JigyosyoCd=0970800280-00&ServiceCd=110&Type=search" }, "geometry": { "type": "Point", "coordinates": [ 139.888140300000032, 36.3390218 ] } },
{ "type": "Feature", "properties": { "内容": "有限会社　ニーズ【訪問介護】栃木県小山市神鳥谷6-8-23", "url2": "https://www.kaigokensaku.mhlw.go.jp/09/index.php?action_kouhyou_detail_004_kani=true&JigyosyoCd=0970800256-00&ServiceCd=110&Type=search" }, "geometry": { "type": "Point", "coordinates": [ 139.7926555336212, 36.295154703629791 ] } },
{ "type": "Feature", "properties": { "内容": "あいあいケアサービス【訪問介護】栃木県小山市神鳥谷5-2-7ヴェレーロクレセント102", "url2": "https://www.kaigokensaku.mhlw.go.jp/09/index.php?action_kouhyou_detail_004_kani=true&JigyosyoCd=0970800439-00&ServiceCd=110&Type=search" }, "geometry": { "type": "Point", "coordinates": [ 139.79268473010606, 36.29792316937592 ] } },
{ "type": "Feature", "properties": { "内容": "ＳＯＭＰＯケア　小山　訪問介護【訪問介護】栃木県小山市天神町一丁目4番３１号前沢第3ビル", "url2": "https://www.kaigokensaku.mhlw.go.jp/09/index.php?action_kouhyou_detail_004_kani=true&JigyosyoCd=0970802732-00&ServiceCd=110&Type=search" }, "geometry": { "type": "Point", "coordinates": [ 139.800100599999951, 36.306939 ] } },
{ "type": "Feature", "properties": { "内容": "介護クラーク小山【訪問介護】栃木県小山市城東2丁目18番25号", "url2": "https://www.kaigokensaku.mhlw.go.jp/09/index.php?action_kouhyou_detail_004_kani=true&JigyosyoCd=0970803318-00&ServiceCd=110&Type=search" }, "geometry": { "type": "Point", "coordinates": [ 139.8149861, 36.3146637 ] } },
{ "type": "Feature", "properties": { "内容": "小山市社会福祉協議会　訪問介護事業所【訪問介護】栃木県小山市中央町2丁目2番21号", "url2": "https://www.kaigokensaku.mhlw.go.jp/09/index.php?action_kouhyou_detail_004_kani=true&JigyosyoCd=0970800173-00&ServiceCd=110&Type=search" }, "geometry": { "type": "Point", "coordinates": [ 139.801727537446396, 36.313787653695407 ] } },
{ "type": "Feature", "properties": { "内容": "二宮中央クリニック介護センター【訪問介護】栃木県真岡市久下田712-2", "url2": "https://www.kaigokensaku.mhlw.go.jp/09/index.php?action_kouhyou_detail_004_kani=true&JigyosyoCd=0972700876-00&ServiceCd=110&Type=search" }, "geometry": { "type": "Point", "coordinates": [ 139.96842330000004, 36.3743964 ] } },
{ "type": "Feature", "properties": { "内容": "家族の家ひまわり真岡　訪問介護事業所【訪問介護】栃木県真岡市荒町3-25-6", "url2": "https://www.kaigokensaku.mhlw.go.jp/09/index.php?action_kouhyou_detail_004_kani=true&JigyosyoCd=0970900767-00&ServiceCd=110&Type=search" }, "geometry": { "type": "Point", "coordinates": [ 140.017605, 36.442891 ] } },
{ "type": "Feature", "properties": { "内容": "真岡熊倉鶴の里訪問介護事業所【訪問介護】栃木県真岡市熊倉1-34-1", "url2": "https://www.kaigokensaku.mhlw.go.jp/09/index.php?action_kouhyou_detail_004_kani=true&JigyosyoCd=0970900817-00&ServiceCd=110&Type=search" }, "geometry": { "type": "Point", "coordinates": [ 139.990162834393345, 36.450332167504989 ] } },
{ "type": "Feature", "properties": { "内容": "株式会社メディカルソフト【訪問介護】栃木県真岡市さくら2丁目4-4", "url2": "https://www.kaigokensaku.mhlw.go.jp/09/index.php?action_kouhyou_detail_004_kani=true&JigyosyoCd=0970900338-00&ServiceCd=110&Type=search" }, "geometry": { "type": "Point", "coordinates": [ 140.008169, 36.4423034 ] } },
{ "type": "Feature", "properties": { "内容": "訪問介護みはなや【訪問介護】栃木県真岡市田町1629－2", "url2": "https://www.kaigokensaku.mhlw.go.jp/09/index.php?action_kouhyou_detail_004_kani=true&JigyosyoCd=0970900924-00&ServiceCd=110&Type=search" }, "geometry": { "type": "Point", "coordinates": [ 140.0119315, 36.4355524 ] } },
{ "type": "Feature", "properties": { "内容": "はが野農業協同組合【訪問介護】栃木県真岡市飯貝５５９番地２", "url2": "https://www.kaigokensaku.mhlw.go.jp/09/index.php?action_kouhyou_detail_004_kani=true&JigyosyoCd=0970900023-00&ServiceCd=110&Type=search" }, "geometry": { "type": "Point", "coordinates": [ 140.018665, 36.4775674 ] } },
{ "type": "Feature", "properties": { "内容": "ニチイケアセンター真岡【訪問介護】栃木県真岡市東光寺1-16-5", "url2": "https://www.kaigokensaku.mhlw.go.jp/09/index.php?action_kouhyou_detail_004_kani=true&JigyosyoCd=0970900106-00&ServiceCd=110&Type=search" }, "geometry": { "type": "Point", "coordinates": [ 140.011913899999968, 36.441877 ] } },
{ "type": "Feature", "properties": { "内容": "ホームヘルプサービスきたはら【訪問介護】栃木県真岡市若旅656番地", "url2": "https://www.kaigokensaku.mhlw.go.jp/09/index.php?action_kouhyou_detail_004_kani=true&JigyosyoCd=0970900213-00&ServiceCd=110&Type=search" }, "geometry": { "type": "Point", "coordinates": [ 139.948432700000012, 36.4023594 ] } },
{ "type": "Feature", "properties": { "内容": "有限会社ケアワーカー出野【訪問介護】栃木県真岡市荒町四丁目22番地4", "url2": "https://www.kaigokensaku.mhlw.go.jp/09/index.php?action_kouhyou_detail_004_kani=true&JigyosyoCd=0970900296-00&ServiceCd=110&Type=search" }, "geometry": { "type": "Point", "coordinates": [ 140.016720099999986, 36.4472895 ] } },
{ "type": "Feature", "properties": { "内容": "真岡介護センター【訪問介護】栃木県真岡市並木町１－８－１シティ並木102", "url2": "https://www.kaigokensaku.mhlw.go.jp/09/index.php?action_kouhyou_detail_004_kani=true&JigyosyoCd=0970900312-00&ServiceCd=110&Type=search" }, "geometry": { "type": "Point", "coordinates": [ 140.001256600000033, 36.438710400000055 ] } },
{ "type": "Feature", "properties": { "内容": "訪問介護センター　たんぽぽ【訪問介護】栃木県真岡市上高間木2-24-3", "url2": "https://www.kaigokensaku.mhlw.go.jp/09/index.php?action_kouhyou_detail_004_kani=true&JigyosyoCd=0970900387-00&ServiceCd=110&Type=search" }, "geometry": { "type": "Point", "coordinates": [ 139.985433, 36.441729 ] } },
{ "type": "Feature", "properties": { "内容": "栃木県真岡市上高間木2-25-8【訪問介護】上高間木2-25-8中島アパート", "url2": "https://www.kaigokensaku.mhlw.go.jp/09/index.php?action_kouhyou_detail_004_kani=true&JigyosyoCd=0970900841-00&ServiceCd=110&Type=search" }, "geometry": { "type": "Point", "coordinates": [ 139.985782663007996, 36.441462522851488 ] } },
{ "type": "Feature", "properties": { "内容": "コンフォート真岡【訪問介護】熊倉1-34-1", "url2": "https://www.kaigokensaku.mhlw.go.jp/09/index.php?action_kouhyou_detail_004_kani=true&JigyosyoCd=0970900890-00&ServiceCd=110&Type=search" }, "geometry": { "type": "Point", "coordinates": [ 139.9900783, 36.450482900000026 ] } },
{ "type": "Feature", "properties": { "内容": "ウエルシア介護サービス真岡【訪問介護】栃木県真岡市亀山1丁目6-2磯貝住宅B号", "url2": "https://www.kaigokensaku.mhlw.go.jp/09/index.php?action_kouhyou_detail_004_kani=true&JigyosyoCd=0970900940-00&ServiceCd=110&Type=search" }, "geometry": { "type": "Point", "coordinates": [ 139.9882445, 36.4489726 ] } },
{ "type": "Feature", "properties": { "内容": "家族の家ひまわり真岡二宮訪問介護事業所【訪問介護】栃木県真岡市久下田西2-7家族の家ひまわり真岡二宮", "url2": "https://www.kaigokensaku.mhlw.go.jp/09/index.php?action_kouhyou_detail_004_kani=true&JigyosyoCd=0970900791-00&ServiceCd=110&Type=search" }, "geometry": { "type": "Point", "coordinates": [ 139.967407279901153, 36.376251215458751 ] } },
{ "type": "Feature", "properties": { "内容": "すまいるケア【訪問介護】栃木県大田原市美原3丁目3330-72シティコーポマイアミ2-105号", "url2": "https://www.kaigokensaku.mhlw.go.jp/09/index.php?action_kouhyou_detail_004_kani=true&JigyosyoCd=0971001425-00&ServiceCd=110&Type=search" }, "geometry": { "type": "Point", "coordinates": [ 139.998677, 36.8621229 ] } },
{ "type": "Feature", "properties": { "内容": "在宅介護支援センター　藍【訪問介護】大田原市小滝１７－２２", "url2": "https://www.kaigokensaku.mhlw.go.jp/09/index.php?action_kouhyou_detail_004_kani=true&JigyosyoCd=0971000047-00&ServiceCd=110&Type=search" }, "geometry": { "type": "Point", "coordinates": [ 140.079016200000069, 36.8965225 ] } },
{ "type": "Feature", "properties": { "内容": "晴風園ホームヘルプサービス【訪問介護】大田原市下石上１２５８", "url2": "https://www.kaigokensaku.mhlw.go.jp/09/index.php?action_kouhyou_detail_004_kani=true&JigyosyoCd=0971000203-00&ServiceCd=110&Type=search" }, "geometry": { "type": "Point", "coordinates": [ 139.945382599999988, 36.8519763 ] } },
{ "type": "Feature", "properties": { "内容": "ＴＢＣ大田原ケアセンター【訪問介護】栃木県大田原市中央２丁目１５－２５", "url2": "https://www.kaigokensaku.mhlw.go.jp/09/index.php?action_kouhyou_detail_004_kani=true&JigyosyoCd=0971000351-00&ServiceCd=110&Type=search" }, "geometry": { "type": "Point", "coordinates": [ 140.0206703, 36.8663877 ] } },
{ "type": "Feature", "properties": { "内容": "ニチイケアセンター大田原【訪問介護】大田原市佐久山3227", "url2": "https://www.kaigokensaku.mhlw.go.jp/09/index.php?action_kouhyou_detail_004_kani=true&JigyosyoCd=0971000104-00&ServiceCd=110&Type=search" }, "geometry": { "type": "Point", "coordinates": [ 140.000246100000027, 36.8085096 ] } },
{ "type": "Feature", "properties": { "内容": "ホームヘルプサービスやすらぎ舎【訪問介護】栃木県大田原市北大和久１番地３", "url2": "https://www.kaigokensaku.mhlw.go.jp/09/index.php?action_kouhyou_detail_004_kani=true&JigyosyoCd=0971000138-00&ServiceCd=110&Type=search" }, "geometry": { "type": "Point", "coordinates": [ 140.051470699999982, 36.8451681 ] } },
{ "type": "Feature", "properties": { "内容": "ニチイケアセンター大田原中央【訪問介護】栃木県大田原市城山1丁目５-23", "url2": "https://www.kaigokensaku.mhlw.go.jp/09/index.php?action_kouhyou_detail_004_kani=true&JigyosyoCd=0971000427-00&ServiceCd=110&Type=search" }, "geometry": { "type": "Point", "coordinates": [ 140.030334700000026, 36.8645407 ] } },
{ "type": "Feature", "properties": { "内容": "だいな若草訪問介護サ－ビス【訪問介護】栃木県大田原市紫塚3-2633-10", "url2": "https://www.kaigokensaku.mhlw.go.jp/09/index.php?action_kouhyou_detail_004_kani=true&JigyosyoCd=0971000740-00&ServiceCd=110&Type=search" }, "geometry": { "type": "Point", "coordinates": [ 140.021613943753181, 36.877781415540717 ] } },
{ "type": "Feature", "properties": { "内容": "ヘルパーステーション　こすもす【訪問介護】栃木県大田原市本町２丁目2829番地91", "url2": "https://www.kaigokensaku.mhlw.go.jp/09/index.php?action_kouhyou_detail_004_kani=true&JigyosyoCd=0971001029-00&ServiceCd=110&Type=search" }, "geometry": { "type": "Point", "coordinates": [ 140.011930500000062, 36.8689952 ] } },
{ "type": "Feature", "properties": { "内容": "株式会社　槐工務店　福祉事業部　だんらんランヘルパーステーション【訪問介護】栃木県大田原市紫塚2丁目2580-1", "url2": "https://www.kaigokensaku.mhlw.go.jp/09/index.php?action_kouhyou_detail_004_kani=true&JigyosyoCd=0971001177-00&ServiceCd=110&Type=search" }, "geometry": { "type": "Point", "coordinates": [ 140.019282299999986, 36.8731534 ] } },
{ "type": "Feature", "properties": { "内容": "訪問介護事業所ケアシス【訪問介護】栃木県大田原市山の手2-11-8", "url2": "https://www.kaigokensaku.mhlw.go.jp/09/index.php?action_kouhyou_detail_004_kani=true&JigyosyoCd=0971001441-00&ServiceCd=110&Type=search" }, "geometry": { "type": "Point", "coordinates": [ 140.0288822, 36.8703569 ] } },
{ "type": "Feature", "properties": { "内容": "虹の里訪問介護センター【訪問介護】栃木県大田原市川田５７０－１", "url2": "https://www.kaigokensaku.mhlw.go.jp/09/index.php?action_kouhyou_detail_004_kani=true&JigyosyoCd=0971001466-00&ServiceCd=110&Type=search" }, "geometry": { "type": "Point", "coordinates": [ 140.131708520376577, 36.913414042405122 ] } },
{ "type": "Feature", "properties": { "内容": "ヘルパーステーションリヤンド那須【訪問介護】栃木県大田原市南金丸1406-1", "url2": "https://www.kaigokensaku.mhlw.go.jp/09/index.php?action_kouhyou_detail_004_kani=true&JigyosyoCd=0971001482-00&ServiceCd=110&Type=search" }, "geometry": { "type": "Point", "coordinates": [ 140.09581270000001, 36.8548331 ] } },
{ "type": "Feature", "properties": { "内容": "訪問介護事業所ゆとりの森【訪問介護】栃木県大田原市浅香4-3578-413", "url2": "https://www.kaigokensaku.mhlw.go.jp/09/index.php?action_kouhyou_detail_004_kani=true&JigyosyoCd=0971001508-00&ServiceCd=110&Type=search" }, "geometry": { "type": "Point", "coordinates": [ 140.012555600000013, 36.8542765 ] } },
{ "type": "Feature", "properties": { "内容": "大田原市社会福祉協議会【訪問介護】栃木県大田原市黒羽田町848番地", "url2": "https://www.kaigokensaku.mhlw.go.jp/09/index.php?action_kouhyou_detail_004_kani=true&JigyosyoCd=0971000013-00&ServiceCd=110&Type=search" }, "geometry": { "type": "Point", "coordinates": [ 140.121695768137272, 36.862970371777593 ] } },
{ "type": "Feature", "properties": { "内容": "ナイスケアリング大田原かじや【訪問介護】加治屋94-106コーポ吉崎101", "url2": "https://www.kaigokensaku.mhlw.go.jp/09/index.php?action_kouhyou_detail_004_kani=true&JigyosyoCd=0971001433-00&ServiceCd=110&Type=search" }, "geometry": { "type": "Point", "coordinates": [ 139.9978192, 36.8537941 ] } },
{ "type": "Feature", "properties": { "内容": "ゴールドエイジ株式会社　栃木営業所【訪問介護】栃木県大田原市浅香３丁目３７３１番地９", "url2": "https://www.kaigokensaku.mhlw.go.jp/09/index.php?action_kouhyou_detail_004_kani=true&JigyosyoCd=0971000872-00&ServiceCd=110&Type=search" }, "geometry": { "type": "Point", "coordinates": [ 140.0171418, 36.8550971 ] } },
{ "type": "Feature", "properties": { "内容": "ホームヘルパーステーション　椿寿荘【訪問介護】栃木県大田原市末広１丁目２番５号", "url2": "https://www.kaigokensaku.mhlw.go.jp/09/index.php?action_kouhyou_detail_004_kani=true&JigyosyoCd=0971000187-00&ServiceCd=110&Type=search" }, "geometry": { "type": "Point", "coordinates": [ 140.020618900000045, 36.8605882 ] } },
{ "type": "Feature", "properties": { "内容": "高館の森訪問介護センター【訪問介護】栃木県大田原市川田５７０－１", "url2": "https://www.kaigokensaku.mhlw.go.jp/09/index.php?action_kouhyou_detail_004_kani=true&JigyosyoCd=0971000716-00&ServiceCd=110&Type=search" }, "geometry": { "type": "Point", "coordinates": [ 140.131064700000024, 36.9136743 ] } },
{ "type": "Feature", "properties": { "内容": "家族の家ひまわり大田原【訪問介護】栃木県大田原市加治屋83-11", "url2": "https://www.kaigokensaku.mhlw.go.jp/09/index.php?action_kouhyou_detail_004_kani=true&JigyosyoCd=0971001284-00&ServiceCd=110&Type=search" }, "geometry": { "type": "Point", "coordinates": [ 139.99844630000004, 36.856065600000015 ] } },
{ "type": "Feature", "properties": { "内容": "さくら苑訪問介護ステーション【訪問介護】栃木県矢板市東泉226-1", "url2": "https://www.kaigokensaku.mhlw.go.jp/09/index.php?action_kouhyou_detail_004_kani=true&JigyosyoCd=0971100169-00&ServiceCd=110&Type=search" }, "geometry": { "type": "Point", "coordinates": [ 139.914570300000037, 36.8290693 ] } },
{ "type": "Feature", "properties": { "内容": "矢板市在宅介護支援センターアゼリア【訪問介護】矢板市中2011番地4", "url2": "https://www.kaigokensaku.mhlw.go.jp/09/index.php?action_kouhyou_detail_004_kani=true&JigyosyoCd=0971100011-00&ServiceCd=110&Type=search" }, "geometry": { "type": "Point", "coordinates": [ 139.940572806143223, 36.805357841842863 ] } },
{ "type": "Feature", "properties": { "内容": "ハ－トポイント矢板【訪問介護】栃木県矢板市富田548-8", "url2": "https://www.kaigokensaku.mhlw.go.jp/09/index.php?action_kouhyou_detail_004_kani=true&JigyosyoCd=0971100201-00&ServiceCd=110&Type=search" }, "geometry": { "type": "Point", "coordinates": [ 139.934606300000041, 36.7981125 ] } },
{ "type": "Feature", "properties": { "内容": "ケアステーション　ゆあい【訪問介護】東町１２５３番６", "url2": "https://www.kaigokensaku.mhlw.go.jp/09/index.php?action_kouhyou_detail_004_kani=true&JigyosyoCd=0971100557-00&ServiceCd=110&Type=search" }, "geometry": { "type": "Point", "coordinates": [ 139.941597499999943, 36.7940688 ] } },
{ "type": "Feature", "properties": { "内容": "サクラケアラーやいた【訪問介護】矢板市鹿島町１３番１４号", "url2": "https://www.kaigokensaku.mhlw.go.jp/09/index.php?action_kouhyou_detail_004_kani=true&JigyosyoCd=0971100623-00&ServiceCd=110&Type=search" }, "geometry": { "type": "Point", "coordinates": [ 139.9256157, 36.8014047 ] } },
{ "type": "Feature", "properties": { "内容": "家族の家ひまわり矢板　訪問介護事業所【訪問介護】栃木県矢板市扇町2丁目13番39号", "url2": "https://www.kaigokensaku.mhlw.go.jp/09/index.php?action_kouhyou_detail_004_kani=true&JigyosyoCd=0971100581-00&ServiceCd=110&Type=search" }, "geometry": { "type": "Point", "coordinates": [ 139.92877539999995, 36.8137994 ] } },
{ "type": "Feature", "properties": { "内容": "ＳＯＭＰＯケア　矢板　訪問介護【訪問介護】栃木県矢板市東町１２５０番地１", "url2": "https://www.kaigokensaku.mhlw.go.jp/09/index.php?action_kouhyou_detail_004_kani=true&JigyosyoCd=0971100607-00&ServiceCd=110&Type=search" }, "geometry": { "type": "Point", "coordinates": [ 139.94228350000003, 36.7940827 ] } },
{ "type": "Feature", "properties": { "内容": "ヘルパーステーション　けやき【訪問介護】栃木県那須塩原市西三島６丁目１２９－２", "url2": "https://www.kaigokensaku.mhlw.go.jp/09/index.php?action_kouhyou_detail_004_kani=true&JigyosyoCd=0971300116-00&ServiceCd=110&Type=search" }, "geometry": { "type": "Point", "coordinates": [ 139.9688979, 36.8964045 ] } },
{ "type": "Feature", "properties": { "内容": "ヘルパーステーション「スズラン」【訪問介護】栃木県那須塩原市関谷２０５９－１", "url2": "https://www.kaigokensaku.mhlw.go.jp/09/index.php?action_kouhyou_detail_004_kani=true&JigyosyoCd=0971300561-00&ServiceCd=110&Type=search" }, "geometry": { "type": "Point", "coordinates": [ 139.904357600000026, 36.9446342 ] } },
{ "type": "Feature", "properties": { "内容": "ヘルパーステーション茉莉花【訪問介護】栃木県那須塩原市石林837番地36", "url2": "https://www.kaigokensaku.mhlw.go.jp/09/index.php?action_kouhyou_detail_004_kani=true&JigyosyoCd=0971301619-00&ServiceCd=110&Type=search" }, "geometry": { "type": "Point", "coordinates": [ 140.0113691, 36.8877481 ] } },
{ "type": "Feature", "properties": { "内容": "ケアサービス乃木【訪問介護】栃木県那須塩原市石林700-24グリーンコーポ乃木２０２号", "url2": "https://www.kaigokensaku.mhlw.go.jp/09/index.php?action_kouhyou_detail_004_kani=true&JigyosyoCd=0971301213-00&ServiceCd=110&Type=search" }, "geometry": { "type": "Point", "coordinates": [ 140.0001006, 36.8848765 ] } },
{ "type": "Feature", "properties": { "内容": "ケアサービス　那須【訪問介護】石林700-24ｸﾞﾘｰﾝｺｰﾎﾟ乃木202号", "url2": "https://www.kaigokensaku.mhlw.go.jp/09/index.php?action_kouhyou_detail_004_kani=true&JigyosyoCd=0971301247-00&ServiceCd=110&Type=search" }, "geometry": { "type": "Point", "coordinates": [ 140.0001006, 36.8848765 ] } },
{ "type": "Feature", "properties": { "内容": "ヘルパーステーション　秋桜の家【訪問介護】栃木県那須塩原市大原間81", "url2": "https://www.kaigokensaku.mhlw.go.jp/09/index.php?action_kouhyou_detail_004_kani=true&JigyosyoCd=0971200183-00&ServiceCd=110&Type=search" }, "geometry": { "type": "Point", "coordinates": [ 140.020711099999971, 36.9250009 ] } },
{ "type": "Feature", "properties": { "内容": "訪問介護事業所　縁（ゆかり）【訪問介護】西大和1番8号そすいスクエアAQUAS２０９号", "url2": "https://www.kaigokensaku.mhlw.go.jp/09/index.php?action_kouhyou_detail_004_kani=true&JigyosyoCd=0971301072-00&ServiceCd=110&Type=search" }, "geometry": { "type": "Point", "coordinates": [ 139.982341608073398, 36.88662432401815 ] } },
{ "type": "Feature", "properties": { "内容": "ケアサポ那花【訪問介護】栃木県那須塩原市接骨木452-166", "url2": "https://www.kaigokensaku.mhlw.go.jp/09/index.php?action_kouhyou_detail_004_kani=true&JigyosyoCd=0971301700-00&ServiceCd=110&Type=search" }, "geometry": { "type": "Point", "coordinates": [ 139.957976199999962, 36.927492300000019 ] } },
{ "type": "Feature", "properties": { "内容": "訪問介護ホームヘルプ春日和那須塩原【訪問介護】栃木県那須塩原市埼玉13-110", "url2": "https://www.kaigokensaku.mhlw.go.jp/09/index.php?action_kouhyou_detail_004_kani=true&JigyosyoCd=0971100680-00&ServiceCd=110&Type=search" }, "geometry": { "type": "Point", "coordinates": [ 140.021074596133133, 36.971509109075903 ] } },
{ "type": "Feature", "properties": { "内容": "丸光産業株式会社　丸光ケアサービス　黒磯支店【訪問介護】栃木県那須塩原市錦町６－６", "url2": "https://www.kaigokensaku.mhlw.go.jp/09/index.php?action_kouhyou_detail_004_kani=true&JigyosyoCd=0971200258-00&ServiceCd=110&Type=search" }, "geometry": { "type": "Point", "coordinates": [ 140.0536763, 36.9654201 ] } },
{ "type": "Feature", "properties": { "内容": "関東ケア移送サービス訪問介護事業所【訪問介護】栃木県那須塩原市鍋掛1087-165", "url2": "https://www.kaigokensaku.mhlw.go.jp/09/index.php?action_kouhyou_detail_004_kani=true&JigyosyoCd=0971200423-00&ServiceCd=110&Type=search" }, "geometry": { "type": "Point", "coordinates": [ 140.075130899999976, 36.9551852 ] } },
{ "type": "Feature", "properties": { "内容": "サクラケアラーくろいそ【訪問介護】栃木県那須塩原市橋本町８番５０号", "url2": "https://www.kaigokensaku.mhlw.go.jp/09/index.php?action_kouhyou_detail_004_kani=true&JigyosyoCd=0971300801-00&ServiceCd=110&Type=search" }, "geometry": { "type": "Point", "coordinates": [ 140.055748, 36.977079 ] } },
{ "type": "Feature", "properties": { "内容": "みんなの介護ふうりん館【訪問介護】栃木県那須塩原市下田野４４８－１４", "url2": "https://www.kaigokensaku.mhlw.go.jp/09/index.php?action_kouhyou_detail_004_kani=true&JigyosyoCd=0971301015-00&ServiceCd=110&Type=search" }, "geometry": { "type": "Point", "coordinates": [ 139.9053088, 36.938081141776415 ] } },
{ "type": "Feature", "properties": { "内容": "サクラケアラーにしなすの【訪問介護】栃木県那須塩原市井口1173番地8", "url2": "https://www.kaigokensaku.mhlw.go.jp/09/index.php?action_kouhyou_detail_004_kani=true&JigyosyoCd=0971301221-00&ServiceCd=110&Type=search" }, "geometry": { "type": "Point", "coordinates": [ 139.978201215140302, 36.915969522830352 ] } },
{ "type": "Feature", "properties": { "内容": "介護センターこころ【訪問介護】栃木県那須塩原市4-30", "url2": "https://www.kaigokensaku.mhlw.go.jp/09/index.php?action_kouhyou_detail_004_kani=true&JigyosyoCd=0971301429-00&ServiceCd=110&Type=search" }, "geometry": { "type": "Point", "coordinates": [ 139.970480400000014, 36.8985326 ] } },
{ "type": "Feature", "properties": { "内容": "なすのケアステーション【訪問介護】栃木県那須塩原市緑1丁目8番43号坂本事務所1", "url2": "https://www.kaigokensaku.mhlw.go.jp/09/index.php?action_kouhyou_detail_004_kani=true&JigyosyoCd=0971301460-00&ServiceCd=110&Type=search" }, "geometry": { "type": "Point", "coordinates": [ 140.006587822931465, 36.869622931743137 ] } },
{ "type": "Feature", "properties": { "内容": "訪問介護事業所えがお【訪問介護】栃木県那須塩原市埼玉6−1619", "url2": "https://www.kaigokensaku.mhlw.go.jp/09/index.php?action_kouhyou_detail_004_kani=true&JigyosyoCd=0971301536-00&ServiceCd=110&Type=search" }, "geometry": { "type": "Point", "coordinates": [ 140.023259881305194, 36.980438245195685 ] } },
{ "type": "Feature", "properties": { "内容": "ヘルパーステーションてあし【訪問介護】那須塩原市中央町4番17号", "url2": "https://www.kaigokensaku.mhlw.go.jp/09/index.php?action_kouhyou_detail_004_kani=true&JigyosyoCd=0971301791-00&ServiceCd=110&Type=search" }, "geometry": { "type": "Point", "coordinates": [ 140.0546182, 36.9719741 ] } },
{ "type": "Feature", "properties": { "内容": "協和苑訪問介護センター【訪問介護】栃木県那須塩原市埼玉２０１－２グレートシティ那須", "url2": "https://www.kaigokensaku.mhlw.go.jp/09/index.php?action_kouhyou_detail_004_kani=true&JigyosyoCd=0971301809-00&ServiceCd=110&Type=search" }, "geometry": { "type": "Point", "coordinates": [ 140.0114269, 36.9691223 ] } },
{ "type": "Feature", "properties": { "内容": "ヘルパーステーションぽかぽか【訪問介護】栃木県那須塩原市湯宮６３０", "url2": "https://www.kaigokensaku.mhlw.go.jp/09/index.php?action_kouhyou_detail_004_kani=true&JigyosyoCd=0971301833-00&ServiceCd=110&Type=search" }, "geometry": { "type": "Point", "coordinates": [ 139.9101636, 36.9907596 ] } },
{ "type": "Feature", "properties": { "内容": "つきみ【訪問介護】氏家３４８８－８１", "url2": "https://www.kaigokensaku.mhlw.go.jp/09/index.php?action_kouhyou_detail_004_kani=true&JigyosyoCd=0971400080-00&ServiceCd=110&Type=search" }, "geometry": { "type": "Point", "coordinates": [ 139.966729200000032, 36.7100761 ] } },
{ "type": "Feature", "properties": { "内容": "家族の家ひまわり氏家【訪問介護】卯の里4-52-1", "url2": "https://www.kaigokensaku.mhlw.go.jp/09/index.php?action_kouhyou_detail_004_kani=true&JigyosyoCd=0971400312-00&ServiceCd=110&Type=search" }, "geometry": { "type": "Point", "coordinates": [ 139.9588225, 36.6799715 ] } },
{ "type": "Feature", "properties": { "内容": "ヘルパーステーションインマイライフさくら氏家【訪問介護】栃木県さくら市氏家3205-1", "url2": "https://www.kaigokensaku.mhlw.go.jp/09/index.php?action_kouhyou_detail_004_kani=true&JigyosyoCd=0971400155-00&ServiceCd=110&Type=search" }, "geometry": { "type": "Point", "coordinates": [ 139.969399, 36.6938586 ] } },
{ "type": "Feature", "properties": { "内容": "ニチイケアセンター氏家【訪問介護】栃木県さくら市櫻野1042-1", "url2": "https://www.kaigokensaku.mhlw.go.jp/09/index.php?action_kouhyou_detail_004_kani=true&JigyosyoCd=0971400445-00&ServiceCd=110&Type=search" }, "geometry": { "type": "Point", "coordinates": [ 139.975664, 36.683597 ] } },
{ "type": "Feature", "properties": { "内容": "在宅介護支援センター　にこん【訪問介護】栃木県さくら市下河戸1942－2", "url2": "https://www.kaigokensaku.mhlw.go.jp/09/index.php?action_kouhyou_detail_004_kani=true&JigyosyoCd=0972600043-00&ServiceCd=110&Type=search" }, "geometry": { "type": "Point", "coordinates": [ 140.018445700000029, 36.7722645 ] } },
{ "type": "Feature", "properties": { "内容": "那須烏山市社会福祉協議会　訪問介護事業所【訪問介護】栃木県那須烏山市中央2-17-13", "url2": "https://www.kaigokensaku.mhlw.go.jp/09/index.php?action_kouhyou_detail_004_kani=true&JigyosyoCd=0971500012-00&ServiceCd=110&Type=search" }, "geometry": { "type": "Point", "coordinates": [ 140.155807986301227, 36.659661546646049 ] } },
{ "type": "Feature", "properties": { "内容": "訪問介護せらびぃ【訪問介護】栃木県那須烏山市熊田496", "url2": "https://www.kaigokensaku.mhlw.go.jp/09/index.php?action_kouhyou_detail_004_kani=true&JigyosyoCd=0971500277-00&ServiceCd=110&Type=search" }, "geometry": { "type": "Point", "coordinates": [ 140.1071473, 36.6904492 ] } },
{ "type": "Feature", "properties": { "内容": "訪問介護事業所　とちのき【訪問介護】栃木県那須烏山市神長467－1レジデンス神長　１号室", "url2": "https://www.kaigokensaku.mhlw.go.jp/09/index.php?action_kouhyou_detail_004_kani=true&JigyosyoCd=0972501498-00&ServiceCd=110&Type=search" }, "geometry": { "type": "Point", "coordinates": [ 140.13403758096652, 36.66421683715231 ] } },
{ "type": "Feature", "properties": { "内容": "家族の家ひまわり石橋　訪問介護事業所【訪問介護】栃木県下野市文教一丁目20番23号", "url2": "https://www.kaigokensaku.mhlw.go.jp/09/index.php?action_kouhyou_detail_004_kani=true&JigyosyoCd=0971600499-00&ServiceCd=110&Type=search" }, "geometry": { "type": "Point", "coordinates": [ 139.862538299999983, 36.4434521 ] } },
{ "type": "Feature", "properties": { "内容": "有限会社　南栃木支援センター【訪問介護】栃木県下野市柴１４３２番地１０５", "url2": "https://www.kaigokensaku.mhlw.go.jp/09/index.php?action_kouhyou_detail_004_kani=true&JigyosyoCd=0972300438-00&ServiceCd=110&Type=search" }, "geometry": { "type": "Point", "coordinates": [ 139.850908900000036, 36.3756494 ] } },
{ "type": "Feature", "properties": { "内容": "訪問介護事業所くわくわ【訪問介護】栃木県下野市小金井１２２４番地1", "url2": "https://www.kaigokensaku.mhlw.go.jp/09/index.php?action_kouhyou_detail_004_kani=true&JigyosyoCd=0971600713-00&ServiceCd=110&Type=search" }, "geometry": { "type": "Point", "coordinates": [ 139.84673124515237, 36.387809350050127 ] } },
{ "type": "Feature", "properties": { "内容": "訪問介護ぬくもり【訪問介護】栃木県下野市小金井1丁目14番3", "url2": "https://www.kaigokensaku.mhlw.go.jp/09/index.php?action_kouhyou_detail_004_kani=true&JigyosyoCd=0962390050-00&ServiceCd=110&Type=search" }, "geometry": { "type": "Point", "coordinates": [ 139.841605904604876, 36.384801455226096 ] } },
{ "type": "Feature", "properties": { "内容": "有限会社さくら福祉サービスしもつけ営業所【訪問介護】栃木県下野市仁良川1494－13", "url2": "https://www.kaigokensaku.mhlw.go.jp/09/index.php?action_kouhyou_detail_004_kani=true&JigyosyoCd=0971600812-00&ServiceCd=110&Type=search" }, "geometry": { "type": "Point", "coordinates": [ 139.875863017840231, 36.38010729433865 ] } },
{ "type": "Feature", "properties": { "内容": "ヘルパーステーションサンクス石橋【訪問介護】栃木県下野市石橋27番地", "url2": "https://www.kaigokensaku.mhlw.go.jp/09/index.php?action_kouhyou_detail_004_kani=true&JigyosyoCd=0971600754-00&ServiceCd=110&Type=search" }, "geometry": { "type": "Point", "coordinates": [ 139.864000624116272, 36.429802864893794 ] } },
{ "type": "Feature", "properties": { "内容": "ポプラ【訪問介護】栃木県河内郡上三川町大字石田１２３１番地１", "url2": "https://www.kaigokensaku.mhlw.go.jp/09/index.php?action_kouhyou_detail_004_kani=true&JigyosyoCd=0972100341-00&ServiceCd=110&Type=search" }, "geometry": { "type": "Point", "coordinates": [ 139.900237100000027, 36.4687028 ] } },
{ "type": "Feature", "properties": { "内容": "やさしい手上三川訪問介護事業所【訪問介護】栃木県河内郡上三川町しらさぎ2-13-18やさしえ上三川", "url2": "https://www.kaigokensaku.mhlw.go.jp/09/index.php?action_kouhyou_detail_004_kani=true&JigyosyoCd=0972100705-00&ServiceCd=110&Type=search" }, "geometry": { "type": "Point", "coordinates": [ 139.908420400000068, 36.4443143 ] } },
{ "type": "Feature", "properties": { "内容": "益子町社会福祉協議会　とまとサービス【訪問介護】栃木県芳賀郡益子町大字益子1532-5", "url2": "https://www.kaigokensaku.mhlw.go.jp/09/index.php?action_kouhyou_detail_004_kani=true&JigyosyoCd=0972700058-00&ServiceCd=110&Type=search" }, "geometry": { "type": "Point", "coordinates": [ 140.088773, 36.4627397 ] } },
{ "type": "Feature", "properties": { "内容": "ニチイケアセンター益子【訪問介護】栃木県芳賀郡益子町大字七井2402-1", "url2": "https://www.kaigokensaku.mhlw.go.jp/09/index.php?action_kouhyou_detail_004_kani=true&JigyosyoCd=0972700579-00&ServiceCd=110&Type=search" }, "geometry": { "type": "Point", "coordinates": [ 140.080777500000096, 36.4971021 ] } },
{ "type": "Feature", "properties": { "内容": "ヘルパーステーションなごみ【訪問介護】栃木県芳賀郡市貝町椎谷219-1サービス付き高齢者向け住宅　市貝の里なごみ内", "url2": "https://www.kaigokensaku.mhlw.go.jp/09/index.php?action_kouhyou_detail_004_kani=true&JigyosyoCd=0972701080-00&ServiceCd=110&Type=search" }, "geometry": { "type": "Point", "coordinates": [ 140.086316900000014, 36.5618687 ] } },
{ "type": "Feature", "properties": { "内容": "在宅介護支援センター　而今荘【訪問介護】栃木県芳賀郡芳賀町大字稲毛田１８８７－４", "url2": "https://www.kaigokensaku.mhlw.go.jp/09/index.php?action_kouhyou_detail_004_kani=true&JigyosyoCd=0972700041-00&ServiceCd=110&Type=search" }, "geometry": { "type": "Point", "coordinates": [ 140.071831299999985, 36.5506206 ] } },
{ "type": "Feature", "properties": { "内容": "芳賀町社会福祉協議会【訪問介護】栃木県芳賀郡芳賀町祖母井南1丁目6番地１芳賀町農業者トレーニングセンター", "url2": "https://www.kaigokensaku.mhlw.go.jp/09/index.php?action_kouhyou_detail_004_kani=true&JigyosyoCd=0972700033-00&ServiceCd=110&Type=search" }, "geometry": { "type": "Point", "coordinates": [ 140.059629600000022, 36.5471179 ] } },
{ "type": "Feature", "properties": { "内容": "グランセーロ恵喜【訪問介護】栃木県下都賀郡壬生町本丸2-22-5グランセーロ恵喜", "url2": "https://www.kaigokensaku.mhlw.go.jp/09/index.php?action_kouhyou_detail_004_kani=true&JigyosyoCd=0972301410-00&ServiceCd=110&Type=search" }, "geometry": { "type": "Point", "coordinates": [ 139.797752507357586, 36.421638933346763 ] } },
{ "type": "Feature", "properties": { "内容": "はっぴーらいふ【訪問介護】栃木県下都賀郡壬生町壬生甲３７４５－２", "url2": "https://www.kaigokensaku.mhlw.go.jp/09/index.php?action_kouhyou_detail_004_kani=true&JigyosyoCd=0972300800-00&ServiceCd=110&Type=search" }, "geometry": { "type": "Point", "coordinates": [ 139.8187385, 36.4465727 ] } },
{ "type": "Feature", "properties": { "内容": "社会福祉法人壬生町社会福祉協議会【訪問介護】栃木県下都賀郡壬生町大字壬生甲３８４３番地１", "url2": "https://www.kaigokensaku.mhlw.go.jp/09/index.php?action_kouhyou_detail_004_kani=true&JigyosyoCd=0972300032-00&ServiceCd=110&Type=search" }, "geometry": { "type": "Point", "coordinates": [ 139.81248359999995, 36.4428756 ] } },
{ "type": "Feature", "properties": { "内容": "株式会社シルバーライフネットワーク栃木営業所【訪問介護】下都賀郡壬生町通町５番１号サンフレンズ壬生１階", "url2": "https://www.kaigokensaku.mhlw.go.jp/09/index.php?action_kouhyou_detail_004_kani=true&JigyosyoCd=0972301048-00&ServiceCd=110&Type=search" }, "geometry": { "type": "Point", "coordinates": [ 139.801358899999968, 36.4304308 ] } },
{ "type": "Feature", "properties": { "内容": "ニチイケアセンター本丸【訪問介護】栃木県下都賀郡壬生町本丸2丁目4-12アメニティーハイツF201号", "url2": "https://www.kaigokensaku.mhlw.go.jp/09/index.php?action_kouhyou_detail_004_kani=true&JigyosyoCd=0972301568-00&ServiceCd=110&Type=search" }, "geometry": { "type": "Point", "coordinates": [ 139.7971035, 36.4265254 ] } },
{ "type": "Feature", "properties": { "内容": "有限会社さくら福祉サービスみぶ営業所【訪問介護】栃木県壬生町緑町1丁目19番5号", "url2": "https://www.kaigokensaku.mhlw.go.jp/09/index.php?action_kouhyou_detail_004_kani=true&JigyosyoCd=0972301618-00&ServiceCd=110&Type=search" }, "geometry": { "type": "Point", "coordinates": [ 139.8280268, 36.4663463 ] } },
{ "type": "Feature", "properties": { "内容": "みぶケアーズ【訪問介護】栃木県下都賀郡壬生町安塚888みぶケアーズ", "url2": "https://www.kaigokensaku.mhlw.go.jp/09/index.php?action_kouhyou_detail_004_kani=true&JigyosyoCd=0972301659-00&ServiceCd=110&Type=search" }, "geometry": { "type": "Point", "coordinates": [ 139.828179799999987, 36.4857641 ] } },
{ "type": "Feature", "properties": { "内容": "さわやか【訪問介護】栃木県野木町大字南赤塚１１４５－１", "url2": "https://www.kaigokensaku.mhlw.go.jp/09/index.php?action_kouhyou_detail_004_kani=true&JigyosyoCd=0972300727-00&ServiceCd=110&Type=search" }, "geometry": { "type": "Point", "coordinates": [ 139.749961399999933, 36.2168091 ] } },
{ "type": "Feature", "properties": { "内容": "ヘルパーステーション　菜の花【訪問介護】栃木県下都賀郡野木町南赤塚1200-10", "url2": "https://www.kaigokensaku.mhlw.go.jp/09/index.php?action_kouhyou_detail_004_kani=true&JigyosyoCd=0972300834-00&ServiceCd=110&Type=search" }, "geometry": { "type": "Point", "coordinates": [ 139.748461499999962, 36.2173979 ] } },
{ "type": "Feature", "properties": { "内容": "株式会社レオパレス21　あずみ苑　ラ・テラス野木【訪問介護】栃木県下都賀郡野木町丸林566-4", "url2": "https://www.kaigokensaku.mhlw.go.jp/09/index.php?action_kouhyou_detail_004_kani=true&JigyosyoCd=0972301113-00&ServiceCd=110&Type=search" }, "geometry": { "type": "Point", "coordinates": [ 139.7410245, 36.232164 ] } },
{ "type": "Feature", "properties": { "内容": "グラディールコーポレーション株式会社【訪問介護】熊ノ木1162-122", "url2": "https://www.kaigokensaku.mhlw.go.jp/09/index.php?action_kouhyou_detail_004_kani=true&JigyosyoCd=0972600662-00&ServiceCd=110&Type=search" }, "geometry": { "type": "Point", "coordinates": [ 139.8650097, 36.7957774 ] } },
{ "type": "Feature", "properties": { "内容": "訪問介護事業所　ホームヘルプにじ【訪問介護】栃木県塩谷郡塩谷町大字玉生838-1", "url2": "https://www.kaigokensaku.mhlw.go.jp/09/index.php?action_kouhyou_detail_004_kani=true&JigyosyoCd=0972600878-00&ServiceCd=110&Type=search" }, "geometry": { "type": "Point", "coordinates": [ 139.853797528836054, 36.778340460084486 ] } },
{ "type": "Feature", "properties": { "内容": "グループたすけあいエプロン【訪問介護】栃木県塩谷郡高根沢町花岡1503-3", "url2": "https://www.kaigokensaku.mhlw.go.jp/09/index.php?action_kouhyou_detail_004_kani=true&JigyosyoCd=0972600035-00&ServiceCd=110&Type=search" }, "geometry": { "type": "Point", "coordinates": [ 140.02520370000002, 36.655379 ] } },
{ "type": "Feature", "properties": { "内容": "ケアハウスフローラ【訪問介護】栃木県塩谷郡高根沢町上柏崎５５１－１", "url2": "https://www.kaigokensaku.mhlw.go.jp/09/index.php?action_kouhyou_detail_004_kani=true&JigyosyoCd=0972600050-00&ServiceCd=110&Type=search" }, "geometry": { "type": "Point", "coordinates": [ 140.053757899999937, 36.6349051 ] } },
{ "type": "Feature", "properties": { "内容": "家族の家ひまわり宝積寺訪問介護事業所【訪問介護】栃木県塩谷郡高根沢町光陽台6-1-2", "url2": "https://www.kaigokensaku.mhlw.go.jp/09/index.php?action_kouhyou_detail_004_kani=true&JigyosyoCd=0972600738-00&ServiceCd=110&Type=search" }, "geometry": { "type": "Point", "coordinates": [ 139.98149571547404, 36.621825041439962 ] } },
{ "type": "Feature", "properties": { "内容": "訪問看護ステーションひだまり【訪問介護】栃木県塩谷郡高根沢町石末２８０６－８", "url2": "https://www.kaigokensaku.mhlw.go.jp/09/index.php?action_kouhyou_detail_004_kani=true&JigyosyoCd=0972600787-00&ServiceCd=110&Type=search" }, "geometry": { "type": "Point", "coordinates": [ 139.982712076015929, 36.636358743388463 ] } },
{ "type": "Feature", "properties": { "内容": "照和の訪問介護【訪問介護】栃木県塩谷郡高根沢町光陽台1丁目2-12", "url2": "https://www.kaigokensaku.mhlw.go.jp/09/index.php?action_kouhyou_detail_004_kani=true&JigyosyoCd=0972600852-00&ServiceCd=110&Type=search" }, "geometry": { "type": "Point", "coordinates": [ 139.991334104229708, 36.623783980166991 ] } },
{ "type": "Feature", "properties": { "内容": "愛燦燦ケアステーション【訪問介護】栃木県那須郡那須町大字富岡778-87", "url2": "https://www.kaigokensaku.mhlw.go.jp/09/index.php?action_kouhyou_detail_004_kani=true&JigyosyoCd=0972501423-00&ServiceCd=110&Type=search" }, "geometry": { "type": "Point", "coordinates": [ 140.148725460188302, 37.019205585139694 ] } },
{ "type": "Feature", "properties": { "内容": "ヘルパーステーションえにし【訪問介護】栃木県那須郡那須町大字睦家266-2", "url2": "https://www.kaigokensaku.mhlw.go.jp/09/index.php?action_kouhyou_detail_004_kani=true&JigyosyoCd=0972501431-00&ServiceCd=110&Type=search" }, "geometry": { "type": "Point", "coordinates": [ 140.154654, 36.952871 ] } },
{ "type": "Feature", "properties": { "内容": "社会福祉法人　那須町社会福祉協議会　訪問介護事業所【訪問介護】栃木県那須郡那須町大字寺子乙２５６６－１ゆめプラザ・那須", "url2": "https://www.kaigokensaku.mhlw.go.jp/09/index.php?action_kouhyou_detail_004_kani=true&JigyosyoCd=0972500037-00&ServiceCd=110&Type=search" }, "geometry": { "type": "Point", "coordinates": [ 140.109356899999966, 37.016476 ] } },
{ "type": "Feature", "properties": { "内容": "訪問介護ショウゴ【訪問介護】栃木県那珂川町馬頭38-6", "url2": "https://www.kaigokensaku.mhlw.go.jp/09/index.php?action_kouhyou_detail_004_kani=true&JigyosyoCd=0971100540-00&ServiceCd=110&Type=search" }, "geometry": { "type": "Point", "coordinates": [ 140.177030352089986, 36.741471928997321 ] } },
{ "type": "Feature", "properties": { "内容": "在宅介護支援センター　リヴレット【訪問介護】栃木県那須郡那珂川町芳井８４０－４", "url2": "https://www.kaigokensaku.mhlw.go.jp/09/index.php?action_kouhyou_detail_004_kani=true&JigyosyoCd=0972500078-00&ServiceCd=110&Type=search" }, "geometry": { "type": "Point", "coordinates": [ 140.070107600000028, 36.77546 ] } },
{ "type": "Feature", "properties": { "内容": "那須南農業協同組合【訪問介護】栃木県那須郡那珂川町白久１０番地", "url2": "https://www.kaigokensaku.mhlw.go.jp/09/index.php?action_kouhyou_detail_004_kani=true&JigyosyoCd=0972500201-00&ServiceCd=110&Type=search" }, "geometry": { "type": "Point", "coordinates": [ 140.147439500000019, 36.7227908 ] } },
{ "type": "Feature", "properties": { "内容": "那珂川町社協介護サービス事業所【訪問介護】栃木県那須郡那珂川町馬頭５６０－１", "url2": "https://www.kaigokensaku.mhlw.go.jp/09/index.php?action_kouhyou_detail_004_kani=true&JigyosyoCd=0972501076-00&ServiceCd=110&Type=search" }, "geometry": { "type": "Point", "coordinates": [ 140.173623200000065, 36.7361756 ] } },
{ "type": "Feature", "properties": { "内容": "訪問介護プルメリア【訪問介護】栃木県那珂川町馬頭1877番地1サービス付き高齢者向け住宅　LUANASAKAMOTO", "url2": "https://www.kaigokensaku.mhlw.go.jp/09/index.php?action_kouhyou_detail_004_kani=true&JigyosyoCd=0972501415-00&ServiceCd=110&Type=search" }, "geometry": { "type": "Point", "coordinates": [ 140.1647683, 36.7332482 ] } }
]
}
