{
"type": "FeatureCollection",
"name": "geo_09_通所介護",
"crs": { "type": "name", "properties": { "name": "urn:ogc:def:crs:OGC:1.3:CRS84" } },
"features": [
{ "type": "Feature", "properties": { "内容": "上籠谷デイサービスセンター【通所介護】栃木県宇都宮市上籠谷町3569番６", "url2": "https://www.kaigokensaku.mhlw.go.jp/09/index.php?action_kouhyou_detail_004_kani=true&JigyosyoCd=0970100178-00&ServiceCd=150&Type=search" }, "geometry": { "type": "Point", "coordinates": [ 139.9647979, 36.5311592 ] } },
{ "type": "Feature", "properties": { "内容": "デイサービス　あおぞらさん家【通所介護】栃木県宇都宮市ゆいの杜２丁目２３－３１", "url2": "https://www.kaigokensaku.mhlw.go.jp/09/index.php?action_kouhyou_detail_004_kani=true&JigyosyoCd=0970104055-00&ServiceCd=150&Type=search" }, "geometry": { "type": "Point", "coordinates": [ 139.997120266005709, 36.577008412091722 ] } },
{ "type": "Feature", "properties": { "内容": "デイサービス幸笑【通所介護】栃木県宇都宮市平松本町756", "url2": "https://www.kaigokensaku.mhlw.go.jp/09/index.php?action_kouhyou_detail_004_kani=true&JigyosyoCd=0970106027-00&ServiceCd=150&Type=search" }, "geometry": { "type": "Point", "coordinates": [ 139.914302099999986, 36.5389348 ] } },
{ "type": "Feature", "properties": { "内容": "家族の家ひまわり宇都宮ゆいの杜通所介護事業所【通所介護】栃木県宇都宮市ゆいの杜6-13-8", "url2": "https://www.kaigokensaku.mhlw.go.jp/09/index.php?action_kouhyou_detail_004_kani=true&JigyosyoCd=0970107207-00&ServiceCd=150&Type=search" }, "geometry": { "type": "Point", "coordinates": [ 139.995335399999931, 36.569662 ] } },
{ "type": "Feature", "properties": { "内容": "家族の家ひまわり宇都宮富屋【通所介護】栃木県宇都宮市下金井町字金井696-1", "url2": "https://www.kaigokensaku.mhlw.go.jp/09/index.php?action_kouhyou_detail_004_kani=true&JigyosyoCd=0970107652-00&ServiceCd=150&Type=search" }, "geometry": { "type": "Point", "coordinates": [ 139.851637200000027, 36.6293899 ] } },
{ "type": "Feature", "properties": { "内容": "デイサービス　だんとつ【通所介護】栃木県宇都宮市川田町1020番地9", "url2": "https://www.kaigokensaku.mhlw.go.jp/09/index.php?action_kouhyou_detail_004_kani=true&JigyosyoCd=0970105573-00&ServiceCd=150&Type=search" }, "geometry": { "type": "Point", "coordinates": [ 139.888429500000029, 36.5382784 ] } },
{ "type": "Feature", "properties": { "内容": "ケアステーションあさひ　宇都宮城南【通所介護】栃木県宇都宮市城南3丁目4-11", "url2": "https://www.kaigokensaku.mhlw.go.jp/09/index.php?action_kouhyou_detail_004_kani=true&JigyosyoCd=0970107165-00&ServiceCd=150&Type=search" }, "geometry": { "type": "Point", "coordinates": [ 139.8801317, 36.5097505 ] } },
{ "type": "Feature", "properties": { "内容": "ケアステーションあさひ宇都宮鶴田【通所介護】栃木県宇都宮市鶴田2-19-1", "url2": "https://www.kaigokensaku.mhlw.go.jp/09/index.php?action_kouhyou_detail_004_kani=true&JigyosyoCd=0970106092-00&ServiceCd=150&Type=search" }, "geometry": { "type": "Point", "coordinates": [ 139.854006799999979, 36.561625 ] } },
{ "type": "Feature", "properties": { "内容": "デイサービス昭和の里　宇都宮東【通所介護】栃木県宇都宮市越戸町109-1", "url2": "https://www.kaigokensaku.mhlw.go.jp/09/index.php?action_kouhyou_detail_004_kani=true&JigyosyoCd=0970108478-00&ServiceCd=150&Type=search" }, "geometry": { "type": "Point", "coordinates": [ 139.924516399999987, 36.5717811 ] } },
{ "type": "Feature", "properties": { "内容": "ケアステーションあさひ雀の宮【通所介護】栃木県宇都宮市五代2丁目", "url2": "https://www.kaigokensaku.mhlw.go.jp/09/index.php?action_kouhyou_detail_004_kani=true&JigyosyoCd=0970107280-00&ServiceCd=150&Type=search" }, "geometry": { "type": "Point", "coordinates": [ 139.8656059, 36.4945792 ] } },
{ "type": "Feature", "properties": { "内容": "レッツ俱楽部つるた【通所介護】栃木県宇都宮市鶴田町１６２７番地1", "url2": "https://www.kaigokensaku.mhlw.go.jp/09/index.php?action_kouhyou_detail_004_kani=true&JigyosyoCd=0970108007-00&ServiceCd=150&Type=search" }, "geometry": { "type": "Point", "coordinates": [ 139.849776700000035, 36.5522076 ] } },
{ "type": "Feature", "properties": { "内容": "レッツ倶楽部今泉【通所介護】栃木県宇都宮市元今泉2丁目21番地13", "url2": "https://www.kaigokensaku.mhlw.go.jp/09/index.php?action_kouhyou_detail_004_kani=true&JigyosyoCd=0970108130-00&ServiceCd=150&Type=search" }, "geometry": { "type": "Point", "coordinates": [ 139.904199299999988, 36.5638655 ] } },
{ "type": "Feature", "properties": { "内容": "ハートフルサポートとちぎデイサービス【通所介護】栃木県宇都宮市柳田町1771-1", "url2": "https://www.kaigokensaku.mhlw.go.jp/09/index.php?action_kouhyou_detail_004_kani=true&JigyosyoCd=0970105615-00&ServiceCd=150&Type=search" }, "geometry": { "type": "Point", "coordinates": [ 139.957840471505762, 36.568933207450122 ] } },
{ "type": "Feature", "properties": { "内容": "デイサービスあやめの郷　ゆいの杜【通所介護】栃木県宇都宮市ゆいの杜5丁目12番45号", "url2": "https://www.kaigokensaku.mhlw.go.jp/09/index.php?action_kouhyou_detail_004_kani=true&JigyosyoCd=0970109096-00&ServiceCd=150&Type=search" }, "geometry": { "type": "Point", "coordinates": [ 139.9929845, 36.5664933 ] } },
{ "type": "Feature", "properties": { "内容": "社会福祉法人長寿栄光会　宮の里【通所介護】栃木県宇都宮市田野町666-2", "url2": "https://www.kaigokensaku.mhlw.go.jp/09/index.php?action_kouhyou_detail_004_kani=true&JigyosyoCd=0970100079-00&ServiceCd=150&Type=search" }, "geometry": { "type": "Point", "coordinates": [ 139.807019299999979, 36.5953813 ] } },
{ "type": "Feature", "properties": { "内容": "デイサービスセンター　つるた【通所介護】宇都宮市鶴田町2701番地１", "url2": "https://www.kaigokensaku.mhlw.go.jp/09/index.php?action_kouhyou_detail_004_kani=true&JigyosyoCd=0970102844-00&ServiceCd=150&Type=search" }, "geometry": { "type": "Point", "coordinates": [ 139.862289199999964, 36.5553645 ] } },
{ "type": "Feature", "properties": { "内容": "若草デイサービスセンターみやスマイル【通所介護】栃木県宇都宮市若草4-8-25", "url2": "https://www.kaigokensaku.mhlw.go.jp/09/index.php?action_kouhyou_detail_004_kani=true&JigyosyoCd=0970103768-00&ServiceCd=150&Type=search" }, "geometry": { "type": "Point", "coordinates": [ 139.857702099999983, 36.5849081 ] } },
{ "type": "Feature", "properties": { "内容": "デイサービスセンターむつみ【通所介護】栃木県宇都宮市下平出906-1", "url2": "https://www.kaigokensaku.mhlw.go.jp/09/index.php?action_kouhyou_detail_004_kani=true&JigyosyoCd=0970105060-00&ServiceCd=150&Type=search" }, "geometry": { "type": "Point", "coordinates": [ 139.935793399999966, 36.5577559 ] } },
{ "type": "Feature", "properties": { "内容": "西川田ケアセンターそよ風【通所介護】西川田本町一丁目5番1号", "url2": "https://www.kaigokensaku.mhlw.go.jp/09/index.php?action_kouhyou_detail_004_kani=true&JigyosyoCd=0970106571-00&ServiceCd=150&Type=search" }, "geometry": { "type": "Point", "coordinates": [ 139.847064734254445, 36.518570631386631 ] } },
{ "type": "Feature", "properties": { "内容": "デイサービスセンターとれもんて【通所介護】栃木県宇都宮市石井町2972-1トレモンテ明日館内", "url2": "https://www.kaigokensaku.mhlw.go.jp/09/index.php?action_kouhyou_detail_004_kani=true&JigyosyoCd=0970107637-00&ServiceCd=150&Type=search" }, "geometry": { "type": "Point", "coordinates": [ 139.926875216373418, 36.53995171636776 ] } },
{ "type": "Feature", "properties": { "内容": "リハートひらまつ【通所介護】栃木県宇都宮市平松2丁目8番12号", "url2": "https://www.kaigokensaku.mhlw.go.jp/09/index.php?action_kouhyou_detail_004_kani=true&JigyosyoCd=0970107835-00&ServiceCd=150&Type=search" }, "geometry": { "type": "Point", "coordinates": [ 139.9163352, 36.5421077 ] } },
{ "type": "Feature", "properties": { "内容": "宇都宮ケアセンターそよ風【通所介護】栃木県宇都宮市西3丁目1-26", "url2": "https://www.kaigokensaku.mhlw.go.jp/09/index.php?action_kouhyou_detail_004_kani=true&JigyosyoCd=0970108460-00&ServiceCd=150&Type=search" }, "geometry": { "type": "Point", "coordinates": [ 139.878666846032701, 36.555964181384269 ] } },
{ "type": "Feature", "properties": { "内容": "さくらがおかケアセンター【通所介護】栃木県宇都宮市宝木町２－２５７０－１２", "url2": "https://www.kaigokensaku.mhlw.go.jp/09/index.php?action_kouhyou_detail_004_kani=true&JigyosyoCd=0960190239-00&ServiceCd=150&Type=search" }, "geometry": { "type": "Point", "coordinates": [ 139.846172199999955, 36.5869716 ] } },
{ "type": "Feature", "properties": { "内容": "在宅介護支援センターケアプラザ而今【通所介護】栃木県宇都宮市砥上町５４－１", "url2": "https://www.kaigokensaku.mhlw.go.jp/09/index.php?action_kouhyou_detail_004_kani=true&JigyosyoCd=0970100111-00&ServiceCd=150&Type=search" }, "geometry": { "type": "Point", "coordinates": [ 139.845296599999983, 36.544146 ] } },
{ "type": "Feature", "properties": { "内容": "徳次郎デイサービスセンター【通所介護】栃木県宇都宮市徳次郎町63-1", "url2": "https://www.kaigokensaku.mhlw.go.jp/09/index.php?action_kouhyou_detail_004_kani=true&JigyosyoCd=0970100376-00&ServiceCd=150&Type=search" }, "geometry": { "type": "Point", "coordinates": [ 139.8480396, 36.6442344 ] } },
{ "type": "Feature", "properties": { "内容": "老人デイサービスセンター　えそしま【通所介護】栃木県宇都宮市江曽島町１２１８－２", "url2": "https://www.kaigokensaku.mhlw.go.jp/09/index.php?action_kouhyou_detail_004_kani=true&JigyosyoCd=0970100442-00&ServiceCd=150&Type=search" }, "geometry": { "type": "Point", "coordinates": [ 139.874647699999969, 36.5310788 ] } },
{ "type": "Feature", "properties": { "内容": "老人デイサービスセンターはりがや【通所介護】栃木県宇都宮市針ヶ谷町６５５番地", "url2": "https://www.kaigokensaku.mhlw.go.jp/09/index.php?action_kouhyou_detail_004_kani=true&JigyosyoCd=0970100517-00&ServiceCd=150&Type=search" }, "geometry": { "type": "Point", "coordinates": [ 139.851587, 36.489586 ] } },
{ "type": "Feature", "properties": { "内容": "デイサービスセンター元気の里【通所介護】栃木県宇都宮市幕田町1456-1", "url2": "https://www.kaigokensaku.mhlw.go.jp/09/index.php?action_kouhyou_detail_004_kani=true&JigyosyoCd=0970100525-00&ServiceCd=150&Type=search" }, "geometry": { "type": "Point", "coordinates": [ 139.851895099999979, 36.4965601 ] } },
{ "type": "Feature", "properties": { "内容": "デイサービスセンター　宝寿苑【通所介護】栃木県宇都宮市宝木本町1768", "url2": "https://www.kaigokensaku.mhlw.go.jp/09/index.php?action_kouhyou_detail_004_kani=true&JigyosyoCd=0970100608-00&ServiceCd=150&Type=search" }, "geometry": { "type": "Point", "coordinates": [ 139.835218793254057, 36.607753717731285 ] } },
{ "type": "Feature", "properties": { "内容": "飯田福祉会高砂荘【通所介護】栃木県宇都宮市平出町1510-1", "url2": "https://www.kaigokensaku.mhlw.go.jp/09/index.php?action_kouhyou_detail_004_kani=true&JigyosyoCd=0970100624-00&ServiceCd=150&Type=search" }, "geometry": { "type": "Point", "coordinates": [ 139.945086, 36.5783208 ] } },
{ "type": "Feature", "properties": { "内容": "飯田福祉会ことぶき【通所介護】栃木県宇都宮市屋板町558番地", "url2": "https://www.kaigokensaku.mhlw.go.jp/09/index.php?action_kouhyou_detail_004_kani=true&JigyosyoCd=0970100632-00&ServiceCd=150&Type=search" }, "geometry": { "type": "Point", "coordinates": [ 139.898702100000037, 36.5113757 ] } },
{ "type": "Feature", "properties": { "内容": "社会福祉法人　梨一会　豊幸の郷石井【通所介護】栃木県宇都宮市石井町２５８０－１", "url2": "https://www.kaigokensaku.mhlw.go.jp/09/index.php?action_kouhyou_detail_004_kani=true&JigyosyoCd=0970100681-00&ServiceCd=150&Type=search" }, "geometry": { "type": "Point", "coordinates": [ 139.939146700000038, 36.5443184 ] } },
{ "type": "Feature", "properties": { "内容": "デイホームきよはら【通所介護】栃木県宇都宮市鐺山町1983番地", "url2": "https://www.kaigokensaku.mhlw.go.jp/09/index.php?action_kouhyou_detail_004_kani=true&JigyosyoCd=0970100731-00&ServiceCd=150&Type=search" }, "geometry": { "type": "Point", "coordinates": [ 139.975927100000035, 36.5387033 ] } },
{ "type": "Feature", "properties": { "内容": "敬祥苑デイサービスセンター【通所介護】栃木県宇都宮市宝木本町2141番地", "url2": "https://www.kaigokensaku.mhlw.go.jp/09/index.php?action_kouhyou_detail_004_kani=true&JigyosyoCd=0970101028-00&ServiceCd=150&Type=search" }, "geometry": { "type": "Point", "coordinates": [ 139.843198600000051, 36.6296692 ] } },
{ "type": "Feature", "properties": { "内容": "今泉ケアセンター　そよ風【通所介護】栃木県宇都宮市中今泉四丁目22番1号", "url2": "https://www.kaigokensaku.mhlw.go.jp/09/index.php?action_kouhyou_detail_004_kani=true&JigyosyoCd=0970101861-00&ServiceCd=150&Type=search" }, "geometry": { "type": "Point", "coordinates": [ 139.90994539999997, 36.5685539 ] } },
{ "type": "Feature", "properties": { "内容": "デイサービスセンター六本杉【通所介護】栃木県宇都宮市徳次郎町2632-1", "url2": "https://www.kaigokensaku.mhlw.go.jp/09/index.php?action_kouhyou_detail_004_kani=true&JigyosyoCd=0970101994-00&ServiceCd=150&Type=search" }, "geometry": { "type": "Point", "coordinates": [ 139.839832684655789, 36.658503354861587 ] } },
{ "type": "Feature", "properties": { "内容": "デイサービスセンターあかつき【通所介護】栃木県宇都宮市一番町3-17シロアムマンション花　3階", "url2": "https://www.kaigokensaku.mhlw.go.jp/09/index.php?action_kouhyou_detail_004_kani=true&JigyosyoCd=0970102075-00&ServiceCd=150&Type=search" }, "geometry": { "type": "Point", "coordinates": [ 139.891555144824565, 36.558965161818051 ] } },
{ "type": "Feature", "properties": { "内容": "川田ふれあいデイサービスセンターえがお【通所介護】栃木県宇都宮市川田町1051", "url2": "https://www.kaigokensaku.mhlw.go.jp/09/index.php?action_kouhyou_detail_004_kani=true&JigyosyoCd=0970102091-00&ServiceCd=150&Type=search" }, "geometry": { "type": "Point", "coordinates": [ 139.887535100000036, 36.5393088 ] } },
{ "type": "Feature", "properties": { "内容": "老人デイサービスセンター　とよさと【通所介護】栃木県宇都宮市川俣町897-8", "url2": "https://www.kaigokensaku.mhlw.go.jp/09/index.php?action_kouhyou_detail_004_kani=true&JigyosyoCd=0970102265-00&ServiceCd=150&Type=search" }, "geometry": { "type": "Point", "coordinates": [ 139.90392769999994, 36.5988254 ] } },
{ "type": "Feature", "properties": { "内容": "下戸祭ふれあいデイサービスセンターえがお【通所介護】栃木県宇都宮市下戸祭1-4-1", "url2": "https://www.kaigokensaku.mhlw.go.jp/09/index.php?action_kouhyou_detail_004_kani=true&JigyosyoCd=0970102349-00&ServiceCd=150&Type=search" }, "geometry": { "type": "Point", "coordinates": [ 139.881137099999933, 36.572963 ] } },
{ "type": "Feature", "properties": { "内容": "フィットネスケア　けやき【通所介護】栃木県宇都宮市大通り三丁目５番１８号宮リバーハイツ　1階", "url2": "https://www.kaigokensaku.mhlw.go.jp/09/index.php?action_kouhyou_detail_004_kani=true&JigyosyoCd=0970102711-00&ServiceCd=150&Type=search" }, "geometry": { "type": "Point", "coordinates": [ 139.8927589, 36.5589095 ] } },
{ "type": "Feature", "properties": { "内容": "デイサービスセンター五代【通所介護】栃木県宇都宮市五代2-9-8", "url2": "https://www.kaigokensaku.mhlw.go.jp/09/index.php?action_kouhyou_detail_004_kani=true&JigyosyoCd=0970102786-00&ServiceCd=150&Type=search" }, "geometry": { "type": "Point", "coordinates": [ 139.8658858, 36.4977851 ] } },
{ "type": "Feature", "properties": { "内容": "ケアパートナー宇都宮【通所介護】宇都宮市竹林町433-1", "url2": "https://www.kaigokensaku.mhlw.go.jp/09/index.php?action_kouhyou_detail_004_kani=true&JigyosyoCd=0970103099-00&ServiceCd=150&Type=search" }, "geometry": { "type": "Point", "coordinates": [ 139.910514199999966, 36.5788056 ] } },
{ "type": "Feature", "properties": { "内容": "フィットネスケアけやき江曽島【通所介護】栃木県宇都宮市大和２丁目１２－３０", "url2": "https://www.kaigokensaku.mhlw.go.jp/09/index.php?action_kouhyou_detail_004_kani=true&JigyosyoCd=0970103446-00&ServiceCd=150&Type=search" }, "geometry": { "type": "Point", "coordinates": [ 139.860796100000016, 36.5305396 ] } },
{ "type": "Feature", "properties": { "内容": "一条デイサービスセンターみやスマイル【通所介護】栃木県宇都宮市一条２－６－２２", "url2": "https://www.kaigokensaku.mhlw.go.jp/09/index.php?action_kouhyou_detail_004_kani=true&JigyosyoCd=0970103776-00&ServiceCd=150&Type=search" }, "geometry": { "type": "Point", "coordinates": [ 139.880678627122478, 36.552005868797806 ] } },
{ "type": "Feature", "properties": { "内容": "豊郷台デイサービスセンターみやスマイル【通所介護】宇都宮市長岡町550-1", "url2": "https://www.kaigokensaku.mhlw.go.jp/09/index.php?action_kouhyou_detail_004_kani=true&JigyosyoCd=0970103792-00&ServiceCd=150&Type=search" }, "geometry": { "type": "Point", "coordinates": [ 139.887715899999989, 36.5967305 ] } },
{ "type": "Feature", "properties": { "内容": "コープデイサービスセンター江曽島【通所介護】栃木県宇都宮市江曽島2-11-21", "url2": "https://www.kaigokensaku.mhlw.go.jp/09/index.php?action_kouhyou_detail_004_kani=true&JigyosyoCd=0970103891-00&ServiceCd=150&Type=search" }, "geometry": { "type": "Point", "coordinates": [ 139.862640599999963, 36.5250486 ] } },
{ "type": "Feature", "properties": { "内容": "ふれんど富士見が丘デイサービスセンター【通所介護】栃木県宇都宮市富士見が丘１－１４－１０", "url2": "https://www.kaigokensaku.mhlw.go.jp/09/index.php?action_kouhyou_detail_004_kani=true&JigyosyoCd=0970104550-00&ServiceCd=150&Type=search" }, "geometry": { "type": "Point", "coordinates": [ 139.884130699999986, 36.5848037 ] } },
{ "type": "Feature", "properties": { "内容": "グッドエイジクラブ宇都宮【通所介護】宇都宮市細谷町490-1グッドエイジクラブ宇都宮", "url2": "https://www.kaigokensaku.mhlw.go.jp/09/index.php?action_kouhyou_detail_004_kani=true&JigyosyoCd=0970104667-00&ServiceCd=150&Type=search" }, "geometry": { "type": "Point", "coordinates": [ 139.853952828758224, 36.593487496901481 ] } },
{ "type": "Feature", "properties": { "内容": "コープデイサービスセンター石井【通所介護】栃木県宇都宮市石井町3129-156", "url2": "https://www.kaigokensaku.mhlw.go.jp/09/index.php?action_kouhyou_detail_004_kani=true&JigyosyoCd=0970104774-00&ServiceCd=150&Type=search" }, "geometry": { "type": "Point", "coordinates": [ 139.925227400000011, 36.5359611 ] } },
{ "type": "Feature", "properties": { "内容": "デイサービスセンター南の里あい・あらはり【通所介護】栃木県宇都宮市下荒針町3473-97", "url2": "https://www.kaigokensaku.mhlw.go.jp/09/index.php?action_kouhyou_detail_004_kani=true&JigyosyoCd=0970104782-00&ServiceCd=150&Type=search" }, "geometry": { "type": "Point", "coordinates": [ 139.838759699999969, 36.5637604 ] } },
{ "type": "Feature", "properties": { "内容": "デイサービスうつのみやファミリー【通所介護】駒生２丁目２０－１", "url2": "https://www.kaigokensaku.mhlw.go.jp/09/index.php?action_kouhyou_detail_004_kani=true&JigyosyoCd=0970105961-00&ServiceCd=150&Type=search" }, "geometry": { "type": "Point", "coordinates": [ 139.849887599999988, 36.5759828 ] } },
{ "type": "Feature", "properties": { "内容": "デイサービスセンターあかり【通所介護】栃木県宇都宮市駒生町1219-1", "url2": "https://www.kaigokensaku.mhlw.go.jp/09/index.php?action_kouhyou_detail_004_kani=true&JigyosyoCd=0970106647-00&ServiceCd=150&Type=search" }, "geometry": { "type": "Point", "coordinates": [ 139.8406105, 36.5756468 ] } },
{ "type": "Feature", "properties": { "内容": "宝木本町ふれあいデイサービスセンターえがお【通所介護】栃木県宇都宮市宝木本町2060-1", "url2": "https://www.kaigokensaku.mhlw.go.jp/09/index.php?action_kouhyou_detail_004_kani=true&JigyosyoCd=0970106688-00&ServiceCd=150&Type=search" }, "geometry": { "type": "Point", "coordinates": [ 139.851302980425999, 36.618851323913283 ] } },
{ "type": "Feature", "properties": { "内容": "あおぞらの里御幸ヶ原デイサービスセンター【通所介護】栃木県宇都宮市御幸ヶ原町84-4", "url2": "https://www.kaigokensaku.mhlw.go.jp/09/index.php?action_kouhyou_detail_004_kani=true&JigyosyoCd=0970106779-00&ServiceCd=150&Type=search" }, "geometry": { "type": "Point", "coordinates": [ 139.9261229, 36.5910548 ] } },
{ "type": "Feature", "properties": { "内容": "医療法人社団慶和会高瀬整形外科リハビリステーションことの葉【通所介護】栃木県宇都宮市戸祭1丁目7番17号", "url2": "https://www.kaigokensaku.mhlw.go.jp/09/index.php?action_kouhyou_detail_004_kani=true&JigyosyoCd=0970106902-00&ServiceCd=150&Type=search" }, "geometry": { "type": "Point", "coordinates": [ 139.869319100000013, 36.5719639 ] } },
{ "type": "Feature", "properties": { "内容": "デイサービスセンター奈坪ヶ丘第2【通所介護】栃木県宇都宮市中岡本町3730-8", "url2": "https://www.kaigokensaku.mhlw.go.jp/09/index.php?action_kouhyou_detail_004_kani=true&JigyosyoCd=0970106928-00&ServiceCd=150&Type=search" }, "geometry": { "type": "Point", "coordinates": [ 139.929452500000025, 36.6085889 ] } },
{ "type": "Feature", "properties": { "内容": "きたえるーむうつのみやたけばやしてん【通所介護】栃木県宇都宮市竹林町115番地8", "url2": "https://www.kaigokensaku.mhlw.go.jp/09/index.php?action_kouhyou_detail_004_kani=true&JigyosyoCd=0970107264-00&ServiceCd=150&Type=search" }, "geometry": { "type": "Point", "coordinates": [ 139.913100742327885, 36.580528738679163 ] } },
{ "type": "Feature", "properties": { "内容": "いきいきデイ　さくら星の宮【通所介護】栃木県宇都宮市屋板町1112-3", "url2": "https://www.kaigokensaku.mhlw.go.jp/09/index.php?action_kouhyou_detail_004_kani=true&JigyosyoCd=0970107348-00&ServiceCd=150&Type=search" }, "geometry": { "type": "Point", "coordinates": [ 139.8951912, 36.5147558 ] } },
{ "type": "Feature", "properties": { "内容": "通所介護事業所あじさい【通所介護】中岡本町3720-67", "url2": "https://www.kaigokensaku.mhlw.go.jp/09/index.php?action_kouhyou_detail_004_kani=true&JigyosyoCd=0970107595-00&ServiceCd=150&Type=search" }, "geometry": { "type": "Point", "coordinates": [ 139.9311018, 36.6127748 ] } },
{ "type": "Feature", "properties": { "内容": "デイサービス　ガッテン！【通所介護】栃木県宇都宮市西原町13番地1", "url2": "https://www.kaigokensaku.mhlw.go.jp/09/index.php?action_kouhyou_detail_004_kani=true&JigyosyoCd=0970107694-00&ServiceCd=150&Type=search" }, "geometry": { "type": "Point", "coordinates": [ 139.883643632540952, 36.537047889689482 ] } },
{ "type": "Feature", "properties": { "内容": "ケアパートナー宇都宮南【通所介護】宇都宮市簗瀬町2563-5", "url2": "https://www.kaigokensaku.mhlw.go.jp/09/index.php?action_kouhyou_detail_004_kani=true&JigyosyoCd=0970107876-00&ServiceCd=150&Type=search" }, "geometry": { "type": "Point", "coordinates": [ 139.897796939950524, 36.540097570030781 ] } },
{ "type": "Feature", "properties": { "内容": "デイサービスきたえるーむ宇都宮旭【通所介護】栃木県宇都宮市旭2丁目14番13号きたえるーむ宇都宮旭店", "url2": "https://www.kaigokensaku.mhlw.go.jp/09/index.php?action_kouhyou_detail_004_kani=true&JigyosyoCd=0970107892-00&ServiceCd=150&Type=search" }, "geometry": { "type": "Point", "coordinates": [ 139.884040499999969, 36.5517184 ] } },
{ "type": "Feature", "properties": { "内容": "社会福祉法人　美のりの里　のん美里ホームながおか【通所介護】栃木県宇都宮市長岡町167-5", "url2": "https://www.kaigokensaku.mhlw.go.jp/09/index.php?action_kouhyou_detail_004_kani=true&JigyosyoCd=0970108023-00&ServiceCd=150&Type=search" }, "geometry": { "type": "Point", "coordinates": [ 139.8769274, 36.6009815 ] } },
{ "type": "Feature", "properties": { "内容": "デイサービスきたえるーむ宇都宮江曽島【通所介護】栃木県宇都宮市双葉２丁目１１番３号", "url2": "https://www.kaigokensaku.mhlw.go.jp/09/index.php?action_kouhyou_detail_004_kani=true&JigyosyoCd=0970108064-00&ServiceCd=150&Type=search" }, "geometry": { "type": "Point", "coordinates": [ 139.858890723278819, 36.526988889546757 ] } },
{ "type": "Feature", "properties": { "内容": "デイホーム孫の手・宮ひがし【通所介護】栃木県宇都宮市元今泉7丁目32番16号", "url2": "https://www.kaigokensaku.mhlw.go.jp/09/index.php?action_kouhyou_detail_004_kani=true&JigyosyoCd=0970108114-00&ServiceCd=150&Type=search" }, "geometry": { "type": "Point", "coordinates": [ 139.914747300000045, 36.5668523 ] } },
{ "type": "Feature", "properties": { "内容": "ディサービスわたしン家円か【通所介護】下田原1799番地1", "url2": "https://www.kaigokensaku.mhlw.go.jp/09/index.php?action_kouhyou_detail_004_kani=true&JigyosyoCd=0970108163-00&ServiceCd=150&Type=search" }, "geometry": { "type": "Point", "coordinates": [ 139.9039192, 36.6367566 ] } },
{ "type": "Feature", "properties": { "内容": "ツクイ宇都宮東【通所介護】元今泉6-14-30", "url2": "https://www.kaigokensaku.mhlw.go.jp/09/index.php?action_kouhyou_detail_004_kani=true&JigyosyoCd=0970108320-00&ServiceCd=150&Type=search" }, "geometry": { "type": "Point", "coordinates": [ 139.913708899999989, 36.5602269 ] } },
{ "type": "Feature", "properties": { "内容": "ツクイ宇都宮いちり【通所介護】栃木県宇都宮市上横田町800", "url2": "https://www.kaigokensaku.mhlw.go.jp/09/index.php?action_kouhyou_detail_004_kani=true&JigyosyoCd=0970108338-00&ServiceCd=150&Type=search" }, "geometry": { "type": "Point", "coordinates": [ 139.8792465, 36.5237911 ] } },
{ "type": "Feature", "properties": { "内容": "ツクイ宇都宮ゆいの杜【通所介護】ゆいの杜５丁目２番６号ツクイ宇都宮ゆいの杜", "url2": "https://www.kaigokensaku.mhlw.go.jp/09/index.php?action_kouhyou_detail_004_kani=true&JigyosyoCd=0970108346-00&ServiceCd=150&Type=search" }, "geometry": { "type": "Point", "coordinates": [ 139.988105499999989, 36.5673974 ] } },
{ "type": "Feature", "properties": { "内容": "ツクイ宇都宮【通所介護】栃木県宇都宮市鶴田町739-15", "url2": "https://www.kaigokensaku.mhlw.go.jp/09/index.php?action_kouhyou_detail_004_kani=true&JigyosyoCd=0970108353-00&ServiceCd=150&Type=search" }, "geometry": { "type": "Point", "coordinates": [ 139.8564308, 36.5554367 ] } },
{ "type": "Feature", "properties": { "内容": "ツクイ・サンフォレスト宇都宮【通所介護】栃木県宇都宮市簗瀬4-4-7", "url2": "https://www.kaigokensaku.mhlw.go.jp/09/index.php?action_kouhyou_detail_004_kani=true&JigyosyoCd=0970108361-00&ServiceCd=150&Type=search" }, "geometry": { "type": "Point", "coordinates": [ 139.899547, 36.5536934 ] } },
{ "type": "Feature", "properties": { "内容": "ツクイ戸祭【通所介護】栃木県宇都宮市中戸祭町3017-8", "url2": "https://www.kaigokensaku.mhlw.go.jp/09/index.php?action_kouhyou_detail_004_kani=true&JigyosyoCd=0970108379-00&ServiceCd=150&Type=search" }, "geometry": { "type": "Point", "coordinates": [ 139.8726265, 36.5826901 ] } },
{ "type": "Feature", "properties": { "内容": "ツクイ宇都宮茂原【通所介護】栃木県宇都宮市茂原1-3-9", "url2": "https://www.kaigokensaku.mhlw.go.jp/09/index.php?action_kouhyou_detail_004_kani=true&JigyosyoCd=0970108387-00&ServiceCd=150&Type=search" }, "geometry": { "type": "Point", "coordinates": [ 139.8709063, 36.4740433 ] } },
{ "type": "Feature", "properties": { "内容": "コンパスウォーク宇都宮岩曽【通所介護】栃木県宇都宮市岩曽町52-1", "url2": "https://www.kaigokensaku.mhlw.go.jp/09/index.php?action_kouhyou_detail_004_kani=true&JigyosyoCd=0970108411-00&ServiceCd=150&Type=search" }, "geometry": { "type": "Point", "coordinates": [ 139.894457, 36.5889943 ] } },
{ "type": "Feature", "properties": { "内容": "ジョイリハ宇都宮南【通所介護】栃木県宇都宮市若松原1-16-41", "url2": "https://www.kaigokensaku.mhlw.go.jp/09/index.php?action_kouhyou_detail_004_kani=true&JigyosyoCd=0970108486-00&ServiceCd=150&Type=search" }, "geometry": { "type": "Point", "coordinates": [ 139.867906, 36.5010712 ] } },
{ "type": "Feature", "properties": { "内容": "ジョイリハSPA宇都宮【通所介護】栃木県宇都宮市松原2-2-26", "url2": "https://www.kaigokensaku.mhlw.go.jp/09/index.php?action_kouhyou_detail_004_kani=true&JigyosyoCd=0970108494-00&ServiceCd=150&Type=search" }, "geometry": { "type": "Point", "coordinates": [ 139.8724509, 36.5702739 ] } },
{ "type": "Feature", "properties": { "内容": "ふるさとホーム宇都宮鶴田第弐【通所介護】栃木県宇都宮市鶴田2丁目46-17ふるさとホーム宇都宮鶴田第弐", "url2": "https://www.kaigokensaku.mhlw.go.jp/09/index.php?action_kouhyou_detail_004_kani=true&JigyosyoCd=0970108569-00&ServiceCd=150&Type=search" }, "geometry": { "type": "Point", "coordinates": [ 139.851755, 36.5591433 ] } },
{ "type": "Feature", "properties": { "内容": "リハ・ステップ【通所介護】栃木県宇都宮市江曽島３丁目７５５ー７", "url2": "https://www.kaigokensaku.mhlw.go.jp/09/index.php?action_kouhyou_detail_004_kani=true&JigyosyoCd=0970108668-00&ServiceCd=150&Type=search" }, "geometry": { "type": "Point", "coordinates": [ 139.8688263, 36.5288336 ] } },
{ "type": "Feature", "properties": { "内容": "デイサービス虹【通所介護】栃木県宇都宮市宝木町２丁目1028-17", "url2": "https://www.kaigokensaku.mhlw.go.jp/09/index.php?action_kouhyou_detail_004_kani=true&JigyosyoCd=0970108759-00&ServiceCd=150&Type=search" }, "geometry": { "type": "Point", "coordinates": [ 139.845677825794979, 36.592380154414514 ] } },
{ "type": "Feature", "properties": { "内容": "デイサービスうつのみやファミリー鶴田【通所介護】栃木県宇都宮市鶴田町3666-8", "url2": "https://www.kaigokensaku.mhlw.go.jp/09/index.php?action_kouhyou_detail_004_kani=true&JigyosyoCd=0970108841-00&ServiceCd=150&Type=search" }, "geometry": { "type": "Point", "coordinates": [ 139.8503572, 36.5702128 ] } },
{ "type": "Feature", "properties": { "内容": "株式会社ケア＆スポーツ【通所介護】宝木町2-2570-44", "url2": "https://www.kaigokensaku.mhlw.go.jp/09/index.php?action_kouhyou_detail_004_kani=true&JigyosyoCd=0970108858-00&ServiceCd=150&Type=search" }, "geometry": { "type": "Point", "coordinates": [ 139.8460732, 36.5878493 ] } },
{ "type": "Feature", "properties": { "内容": "コンパスウォーク宇都宮平松【通所介護】栃木県宇都宮市平松本町325-1", "url2": "https://www.kaigokensaku.mhlw.go.jp/09/index.php?action_kouhyou_detail_004_kani=true&JigyosyoCd=0970108874-00&ServiceCd=150&Type=search" }, "geometry": { "type": "Point", "coordinates": [ 139.9068795, 36.5459242 ] } },
{ "type": "Feature", "properties": { "内容": "ケアステーションみずほの【通所介護】宇都宮市瑞穂2-1-1", "url2": "https://www.kaigokensaku.mhlw.go.jp/09/index.php?action_kouhyou_detail_004_kani=true&JigyosyoCd=0970108965-00&ServiceCd=150&Type=search" }, "geometry": { "type": "Point", "coordinates": [ 139.918169, 36.5103021 ] } },
{ "type": "Feature", "properties": { "内容": "リハ・ステップひらまつ【通所介護】栃木県宇都宮市東峰１丁目１２－１８", "url2": "https://www.kaigokensaku.mhlw.go.jp/09/index.php?action_kouhyou_detail_004_kani=true&JigyosyoCd=0970109179-00&ServiceCd=150&Type=search" }, "geometry": { "type": "Point", "coordinates": [ 139.918562222749728, 36.540854773808235 ] } },
{ "type": "Feature", "properties": { "内容": "デイサービスきたえるーむ宇都宮下栗【通所介護】栃木県宇都宮市下栗1丁目22番3号船田ハイツ101号室", "url2": "https://www.kaigokensaku.mhlw.go.jp/09/index.php?action_kouhyou_detail_004_kani=true&JigyosyoCd=0970109310-00&ServiceCd=150&Type=search" }, "geometry": { "type": "Point", "coordinates": [ 139.9016026, 36.5361006 ] } },
{ "type": "Feature", "properties": { "内容": "デイサービスきたえるーむ宇都宮鶴田【通所介護】栃木県宇都宮市鶴田３丁目１８番５号", "url2": "https://www.kaigokensaku.mhlw.go.jp/09/index.php?action_kouhyou_detail_004_kani=true&JigyosyoCd=0970109351-00&ServiceCd=150&Type=search" }, "geometry": { "type": "Point", "coordinates": [ 139.8506366, 36.5594698 ] } },
{ "type": "Feature", "properties": { "内容": "リハデイあんしゃんて【通所介護】栃木県宇都宮市東町305-1", "url2": "https://www.kaigokensaku.mhlw.go.jp/09/index.php?action_kouhyou_detail_004_kani=true&JigyosyoCd=0970109369-00&ServiceCd=150&Type=search" }, "geometry": { "type": "Point", "coordinates": [ 139.918779472147548, 36.572913301737245 ] } },
{ "type": "Feature", "properties": { "内容": "コンパスウォーク宇都宮明保野【通所介護】栃木県宇都宮市明保野町4-19", "url2": "https://www.kaigokensaku.mhlw.go.jp/09/index.php?action_kouhyou_detail_004_kani=true&JigyosyoCd=0970109385-00&ServiceCd=150&Type=search" }, "geometry": { "type": "Point", "coordinates": [ 139.8669909, 36.5487363 ] } },
{ "type": "Feature", "properties": { "内容": "特別養護老人ホーム　さくらの杜【通所介護】栃木県宇都宮市逆面町261-1", "url2": "https://www.kaigokensaku.mhlw.go.jp/09/index.php?action_kouhyou_detail_004_kani=true&JigyosyoCd=0972100093-00&ServiceCd=150&Type=search" }, "geometry": { "type": "Point", "coordinates": [ 139.898923599999989, 36.658037 ] } },
{ "type": "Feature", "properties": { "内容": "デイサービスセンター奈坪ヶ丘【通所介護】栃木県宇都宮市中岡本町３７４９－３７", "url2": "https://www.kaigokensaku.mhlw.go.jp/09/index.php?action_kouhyou_detail_004_kani=true&JigyosyoCd=0972100275-00&ServiceCd=150&Type=search" }, "geometry": { "type": "Point", "coordinates": [ 139.928696899999977, 36.60893320000001 ] } },
{ "type": "Feature", "properties": { "内容": "上河内デイサービスセンター【通所介護】栃木県宇都宮市下小倉町1313-26", "url2": "https://www.kaigokensaku.mhlw.go.jp/09/index.php?action_kouhyou_detail_004_kani=true&JigyosyoCd=0972100317-00&ServiceCd=150&Type=search" }, "geometry": { "type": "Point", "coordinates": [ 139.916376099999979, 36.6873864 ] } },
{ "type": "Feature", "properties": { "内容": "ふれんど岡本デイサービスセンター【通所介護】栃木県宇都宮市下岡本町２１７５－９", "url2": "https://www.kaigokensaku.mhlw.go.jp/09/index.php?action_kouhyou_detail_004_kani=true&JigyosyoCd=0972100549-00&ServiceCd=150&Type=search" }, "geometry": { "type": "Point", "coordinates": [ 139.938650445282178, 36.597557649898128 ] } },
{ "type": "Feature", "properties": { "内容": "さくらがおかケアセンター氷室【通所介護】栃木県宇都宮市氷室町1014-1", "url2": "https://www.kaigokensaku.mhlw.go.jp/09/index.php?action_kouhyou_detail_004_kani=true&JigyosyoCd=0970103305-00&ServiceCd=150&Type=search" }, "geometry": { "type": "Point", "coordinates": [ 140.00098, 36.540515 ] } },
{ "type": "Feature", "properties": { "内容": "あずみ苑宇都宮南【通所介護】兵庫塚町281番地1", "url2": "https://www.kaigokensaku.mhlw.go.jp/09/index.php?action_kouhyou_detail_004_kani=true&JigyosyoCd=0970107603-00&ServiceCd=150&Type=search" }, "geometry": { "type": "Point", "coordinates": [ 139.859611099999938, 36.5024762 ] } },
{ "type": "Feature", "properties": { "内容": "ニチイケアセンター宇都宮【通所介護】宇都宮市東簗瀬1-8-3", "url2": "https://www.kaigokensaku.mhlw.go.jp/09/index.php?action_kouhyou_detail_004_kani=true&JigyosyoCd=0970100020-00&ServiceCd=150&Type=search" }, "geometry": { "type": "Point", "coordinates": [ 139.896968500000014, 36.5447529 ] } },
{ "type": "Feature", "properties": { "内容": "デイサービス陽だまりの里【通所介護】さつき2丁目3-5", "url2": "https://www.kaigokensaku.mhlw.go.jp/09/index.php?action_kouhyou_detail_004_kani=true&JigyosyoCd=0970108817-00&ServiceCd=150&Type=search" }, "geometry": { "type": "Point", "coordinates": [ 139.8622059, 36.4869146 ] } },
{ "type": "Feature", "properties": { "内容": "ケアステーションあさひゆいの杜【通所介護】栃木県宇都宮市ゆいの杜5丁目10番23号", "url2": "https://www.kaigokensaku.mhlw.go.jp/09/index.php?action_kouhyou_detail_004_kani=true&JigyosyoCd=0970106811-00&ServiceCd=150&Type=search" }, "geometry": { "type": "Point", "coordinates": [ 139.9941384, 36.5673372 ] } },
{ "type": "Feature", "properties": { "内容": "デイサービスセンター陽のあたる場所【通所介護】足利市今福町４７１－１０", "url2": "https://www.kaigokensaku.mhlw.go.jp/09/index.php?action_kouhyou_detail_004_kani=true&JigyosyoCd=0970201190-00&ServiceCd=150&Type=search" }, "geometry": { "type": "Point", "coordinates": [ 139.431922799999938, 36.3360789 ] } },
{ "type": "Feature", "properties": { "内容": "デイサービス季の里【通所介護】栃木県足利市大久保町617-1", "url2": "https://www.kaigokensaku.mhlw.go.jp/09/index.php?action_kouhyou_detail_004_kani=true&JigyosyoCd=0970203717-00&ServiceCd=150&Type=search" }, "geometry": { "type": "Point", "coordinates": [ 139.5074995, 36.3139315 ] } },
{ "type": "Feature", "properties": { "内容": "特別養護老人ホームプロムナードひこや【通所介護】栃木県足利市葉鹿町２０１９番地１", "url2": "https://www.kaigokensaku.mhlw.go.jp/09/index.php?action_kouhyou_detail_004_kani=true&JigyosyoCd=0970200168-00&ServiceCd=150&Type=search" }, "geometry": { "type": "Point", "coordinates": [ 139.385179699999981, 36.3742186 ] } },
{ "type": "Feature", "properties": { "内容": "特別養護老人ホーム　和見山苑【通所介護】栃木県足利市稲岡町１０８３－１", "url2": "https://www.kaigokensaku.mhlw.go.jp/09/index.php?action_kouhyou_detail_004_kani=true&JigyosyoCd=0970200200-00&ServiceCd=150&Type=search" }, "geometry": { "type": "Point", "coordinates": [ 139.532643600000057, 36.333974913957171 ] } },
{ "type": "Feature", "properties": { "内容": "社会福祉法人　豊岡福祉会　デイサービスセンター天王【通所介護】足利市福居町750-1", "url2": "https://www.kaigokensaku.mhlw.go.jp/09/index.php?action_kouhyou_detail_004_kani=true&JigyosyoCd=0970200408-00&ServiceCd=150&Type=search" }, "geometry": { "type": "Point", "coordinates": [ 139.4513905, 36.3123872 ] } },
{ "type": "Feature", "properties": { "内容": "フリージアデイサービスセンター【通所介護】栃木県足利市瑞穂野町７３５－１", "url2": "https://www.kaigokensaku.mhlw.go.jp/09/index.php?action_kouhyou_detail_004_kani=true&JigyosyoCd=0970200820-00&ServiceCd=150&Type=search" }, "geometry": { "type": "Point", "coordinates": [ 139.512197, 36.2816622 ] } },
{ "type": "Feature", "properties": { "内容": "デイサービスセンターカルナ【通所介護】栃木県足利市大前町706番地", "url2": "https://www.kaigokensaku.mhlw.go.jp/09/index.php?action_kouhyou_detail_004_kani=true&JigyosyoCd=0970202008-00&ServiceCd=150&Type=search" }, "geometry": { "type": "Point", "coordinates": [ 139.39749310000002, 36.3554681 ] } },
{ "type": "Feature", "properties": { "内容": "カルナレジェンド（平成22年度新規指定事業所）【通所介護】大前町706番地", "url2": "https://www.kaigokensaku.mhlw.go.jp/09/index.php?action_kouhyou_detail_004_kani=true&JigyosyoCd=0970202123-00&ServiceCd=150&Type=search" }, "geometry": { "type": "Point", "coordinates": [ 139.396974199999988, 36.3558697 ] } },
{ "type": "Feature", "properties": { "内容": "リハビリセンターはっち【通所介護】栃木県足利市八幡町2丁目11-5", "url2": "https://www.kaigokensaku.mhlw.go.jp/09/index.php?action_kouhyou_detail_004_kani=true&JigyosyoCd=0970203543-00&ServiceCd=150&Type=search" }, "geometry": { "type": "Point", "coordinates": [ 139.438147011639387, 36.322002778848869 ] } },
{ "type": "Feature", "properties": { "内容": "醍醐の森指定通所介護事業所【通所介護】栃木県足利市山川町１１４４", "url2": "https://www.kaigokensaku.mhlw.go.jp/09/index.php?action_kouhyou_detail_004_kani=true&JigyosyoCd=0970200085-00&ServiceCd=150&Type=search" }, "geometry": { "type": "Point", "coordinates": [ 139.486354200000051, 36.3282287 ] } },
{ "type": "Feature", "properties": { "内容": "高齢者介護福祉施設　八木宿【通所介護】栃木県足利市福居町１８０番地１", "url2": "https://www.kaigokensaku.mhlw.go.jp/09/index.php?action_kouhyou_detail_004_kani=true&JigyosyoCd=0970201547-00&ServiceCd=150&Type=search" }, "geometry": { "type": "Point", "coordinates": [ 139.44698829999993, 36.3070461 ] } },
{ "type": "Feature", "properties": { "内容": "特別養護老人ホーム　義明苑【通所介護】栃木県足利市久保田町1223", "url2": "https://www.kaigokensaku.mhlw.go.jp/09/index.php?action_kouhyou_detail_004_kani=true&JigyosyoCd=0970200218-00&ServiceCd=150&Type=search" }, "geometry": { "type": "Point", "coordinates": [ 139.494951, 36.2956188 ] } },
{ "type": "Feature", "properties": { "内容": "麗日荘デイサービスセンター【通所介護】栃木県足利市田中町１００", "url2": "https://www.kaigokensaku.mhlw.go.jp/09/index.php?action_kouhyou_detail_004_kani=true&JigyosyoCd=0970200283-00&ServiceCd=150&Type=search" }, "geometry": { "type": "Point", "coordinates": [ 139.4511708, 36.3243695 ] } },
{ "type": "Feature", "properties": { "内容": "デイサービスセンター　たんぽぽ【通所介護】栃木県足利市通5丁目3435番地3", "url2": "https://www.kaigokensaku.mhlw.go.jp/09/index.php?action_kouhyou_detail_004_kani=true&JigyosyoCd=0970200689-00&ServiceCd=150&Type=search" }, "geometry": { "type": "Point", "coordinates": [ 139.442088199999944, 36.3360125 ] } },
{ "type": "Feature", "properties": { "内容": "湯の里長寿苑デイサービスセンター【通所介護】栃木県足利市大沼田町2163番地1", "url2": "https://www.kaigokensaku.mhlw.go.jp/09/index.php?action_kouhyou_detail_004_kani=true&JigyosyoCd=0970200853-00&ServiceCd=150&Type=search" }, "geometry": { "type": "Point", "coordinates": [ 139.492667500000039, 36.3352003 ] } },
{ "type": "Feature", "properties": { "内容": "特別養護老人ホーム義明苑　デイサービスセンター相生【通所介護】栃木県足利市大橋町２丁目１８１０番地６", "url2": "https://www.kaigokensaku.mhlw.go.jp/09/index.php?action_kouhyou_detail_004_kani=true&JigyosyoCd=0970201091-00&ServiceCd=150&Type=search" }, "geometry": { "type": "Point", "coordinates": [ 139.462452900000017, 36.3357687 ] } },
{ "type": "Feature", "properties": { "内容": "健康デイサービスセンター　けやき【通所介護】栃木県足利市大月町８１１－１", "url2": "https://www.kaigokensaku.mhlw.go.jp/09/index.php?action_kouhyou_detail_004_kani=true&JigyosyoCd=0970201109-00&ServiceCd=150&Type=search" }, "geometry": { "type": "Point", "coordinates": [ 139.475826899999987, 36.3483541 ] } },
{ "type": "Feature", "properties": { "内容": "デイサービスセンターたんぽぽ北【通所介護】栃木県足利市利保町１丁目４３番地２", "url2": "https://www.kaigokensaku.mhlw.go.jp/09/index.php?action_kouhyou_detail_004_kani=true&JigyosyoCd=0970201141-00&ServiceCd=150&Type=search" }, "geometry": { "type": "Point", "coordinates": [ 139.471004900000025, 36.352623 ] } },
{ "type": "Feature", "properties": { "内容": "デイサービスセンター春日和【通所介護】栃木県足利市堀込町2462番地1", "url2": "https://www.kaigokensaku.mhlw.go.jp/09/index.php?action_kouhyou_detail_004_kani=true&JigyosyoCd=0970201307-00&ServiceCd=150&Type=search" }, "geometry": { "type": "Point", "coordinates": [ 139.4538404, 36.3069044 ] } },
{ "type": "Feature", "properties": { "内容": "デイサービス　ひまわり【通所介護】栃木県足利市大久保町７５４－１", "url2": "https://www.kaigokensaku.mhlw.go.jp/09/index.php?action_kouhyou_detail_004_kani=true&JigyosyoCd=0970201331-00&ServiceCd=150&Type=search" }, "geometry": { "type": "Point", "coordinates": [ 139.499966800000038, 36.315389 ] } },
{ "type": "Feature", "properties": { "内容": "愛・やままえケアセンター【通所介護】栃木県足利市鹿島町479番地1", "url2": "https://www.kaigokensaku.mhlw.go.jp/09/index.php?action_kouhyou_detail_004_kani=true&JigyosyoCd=0970201406-00&ServiceCd=150&Type=search" }, "geometry": { "type": "Point", "coordinates": [ 139.40158336502077, 36.348047908533424 ] } },
{ "type": "Feature", "properties": { "内容": "デイサービスセンター　大地【通所介護】栃木県足利市駒場町568-1", "url2": "https://www.kaigokensaku.mhlw.go.jp/09/index.php?action_kouhyou_detail_004_kani=true&JigyosyoCd=0970201430-00&ServiceCd=150&Type=search" }, "geometry": { "type": "Point", "coordinates": [ 139.528522400000043, 36.3166507 ] } },
{ "type": "Feature", "properties": { "内容": "デイホーム孫の手・あしかが【通所介護】栃木県足利市五十部町361-1", "url2": "https://www.kaigokensaku.mhlw.go.jp/09/index.php?action_kouhyou_detail_004_kani=true&JigyosyoCd=0970201695-00&ServiceCd=150&Type=search" }, "geometry": { "type": "Point", "coordinates": [ 139.4257374, 36.3423115 ] } },
{ "type": "Feature", "properties": { "内容": "足利ケアセンターそよ風【通所介護】栃木県足利市山川町1078-2", "url2": "https://www.kaigokensaku.mhlw.go.jp/09/index.php?action_kouhyou_detail_004_kani=true&JigyosyoCd=0970201828-00&ServiceCd=150&Type=search" }, "geometry": { "type": "Point", "coordinates": [ 139.478430839039675, 36.3277437513498 ] } },
{ "type": "Feature", "properties": { "内容": "デイサービスセンター　大地West【通所介護】栃木県足利市山下町1395-1", "url2": "https://www.kaigokensaku.mhlw.go.jp/09/index.php?action_kouhyou_detail_004_kani=true&JigyosyoCd=0970202081-00&ServiceCd=150&Type=search" }, "geometry": { "type": "Point", "coordinates": [ 139.4087753, 36.355646 ] } },
{ "type": "Feature", "properties": { "内容": "デイサービスセンター春日和　いかるぎ【通所介護】栃木県足利市鵤木町２２９－１", "url2": "https://www.kaigokensaku.mhlw.go.jp/09/index.php?action_kouhyou_detail_004_kani=true&JigyosyoCd=0970202164-00&ServiceCd=150&Type=search" }, "geometry": { "type": "Point", "coordinates": [ 139.493820199999959, 36.3169914 ] } },
{ "type": "Feature", "properties": { "内容": "デイサービスセンター春日和　堀込【通所介護】堀込町2582-1デイサービスセンター春日和堀込", "url2": "https://www.kaigokensaku.mhlw.go.jp/09/index.php?action_kouhyou_detail_004_kani=true&JigyosyoCd=0970202180-00&ServiceCd=150&Type=search" }, "geometry": { "type": "Point", "coordinates": [ 139.445074400000067, 36.3139759 ] } },
{ "type": "Feature", "properties": { "内容": "ニチイケアセンター足利東山【通所介護】栃木県足利市助戸東山町865-2", "url2": "https://www.kaigokensaku.mhlw.go.jp/09/index.php?action_kouhyou_detail_004_kani=true&JigyosyoCd=0970202362-00&ServiceCd=150&Type=search" }, "geometry": { "type": "Point", "coordinates": [ 139.468899700000065, 36.3398852 ] } },
{ "type": "Feature", "properties": { "内容": "デイサービスセンターとなりのたんぽぽ。【通所介護】栃木県足利市通５丁目３４３３―１２", "url2": "https://www.kaigokensaku.mhlw.go.jp/09/index.php?action_kouhyou_detail_004_kani=true&JigyosyoCd=0970202420-00&ServiceCd=150&Type=search" }, "geometry": { "type": "Point", "coordinates": [ 139.4416549, 36.3362347 ] } },
{ "type": "Feature", "properties": { "内容": "デイサービスさくら【通所介護】栃木県足利市板倉町914-1", "url2": "https://www.kaigokensaku.mhlw.go.jp/09/index.php?action_kouhyou_detail_004_kani=true&JigyosyoCd=0970202552-00&ServiceCd=150&Type=search" }, "geometry": { "type": "Point", "coordinates": [ 139.41449320000001, 36.3786049 ] } },
{ "type": "Feature", "properties": { "内容": "リハビリテーションLoungeLink【通所介護】栃木県足利市小俣町1788-7", "url2": "https://www.kaigokensaku.mhlw.go.jp/09/index.php?action_kouhyou_detail_004_kani=true&JigyosyoCd=0970202750-00&ServiceCd=150&Type=search" }, "geometry": { "type": "Point", "coordinates": [ 139.379810600000042, 36.3731742 ] } },
{ "type": "Feature", "properties": { "内容": "ディバシティ藍燦々【通所介護】小俣町898", "url2": "https://www.kaigokensaku.mhlw.go.jp/09/index.php?action_kouhyou_detail_004_kani=true&JigyosyoCd=0970202917-00&ServiceCd=150&Type=search" }, "geometry": { "type": "Point", "coordinates": [ 139.368519099999958, 36.3825206 ] } },
{ "type": "Feature", "properties": { "内容": "デイサービスセンター　グリーンハーベストあしかが【通所介護】栃木県足利市鵤木町１２３－２", "url2": "https://www.kaigokensaku.mhlw.go.jp/09/index.php?action_kouhyou_detail_004_kani=true&JigyosyoCd=0970203022-00&ServiceCd=150&Type=search" }, "geometry": { "type": "Point", "coordinates": [ 139.4979892, 36.3161499 ] } },
{ "type": "Feature", "properties": { "内容": "ディバシティ足利大前町【通所介護】栃木県足利市大前町220-1", "url2": "https://www.kaigokensaku.mhlw.go.jp/09/index.php?action_kouhyou_detail_004_kani=true&JigyosyoCd=0970203121-00&ServiceCd=150&Type=search" }, "geometry": { "type": "Point", "coordinates": [ 139.392712012268504, 36.357989281700632 ] } },
{ "type": "Feature", "properties": { "内容": "デイサービスシニア俱楽部【通所介護】栃木県足利市通5丁目2822番1", "url2": "https://www.kaigokensaku.mhlw.go.jp/09/index.php?action_kouhyou_detail_004_kani=true&JigyosyoCd=0970203147-00&ServiceCd=150&Type=search" }, "geometry": { "type": "Point", "coordinates": [ 139.443593599999986, 36.3380263 ] } },
{ "type": "Feature", "properties": { "内容": "デイサービスセンター　喜重苑【通所介護】栃木県足利市今福町397-1", "url2": "https://www.kaigokensaku.mhlw.go.jp/09/index.php?action_kouhyou_detail_004_kani=true&JigyosyoCd=0970203162-00&ServiceCd=150&Type=search" }, "geometry": { "type": "Point", "coordinates": [ 139.43405580000001, 36.3372039 ] } },
{ "type": "Feature", "properties": { "内容": "板通デイサービスさくらの里【通所介護】栃木県足利市常盤町６４", "url2": "https://www.kaigokensaku.mhlw.go.jp/09/index.php?action_kouhyou_detail_004_kani=true&JigyosyoCd=0970203279-00&ServiceCd=150&Type=search" }, "geometry": { "type": "Point", "coordinates": [ 139.468258200000037, 36.3281891 ] } },
{ "type": "Feature", "properties": { "内容": "デイサービスe-らいふ　大坊【通所介護】栃木県足利市八椚町375-1e-らいふほーむ大坊", "url2": "https://www.kaigokensaku.mhlw.go.jp/09/index.php?action_kouhyou_detail_004_kani=true&JigyosyoCd=0970203295-00&ServiceCd=150&Type=search" }, "geometry": { "type": "Point", "coordinates": [ 139.488997288307104, 36.320730547685351 ] } },
{ "type": "Feature", "properties": { "内容": "ＳＯＭＰＯケア　足利　デイサービス【通所介護】栃木県足利市有楽町８４１番地3岩崎ビル１階", "url2": "https://www.kaigokensaku.mhlw.go.jp/09/index.php?action_kouhyou_detail_004_kani=true&JigyosyoCd=0970203360-00&ServiceCd=150&Type=search" }, "geometry": { "type": "Point", "coordinates": [ 139.4560755, 36.3416958 ] } },
{ "type": "Feature", "properties": { "内容": "デイサービスたんぽぽみなみ【通所介護】栃木県足利市福居町685番地1", "url2": "https://www.kaigokensaku.mhlw.go.jp/09/index.php?action_kouhyou_detail_004_kani=true&JigyosyoCd=0970203394-00&ServiceCd=150&Type=search" }, "geometry": { "type": "Point", "coordinates": [ 139.449640600000066, 36.3144009 ] } },
{ "type": "Feature", "properties": { "内容": "デイサービスセンター春日和鹿島【通所介護】栃木県足利市鹿島町452番地5", "url2": "https://www.kaigokensaku.mhlw.go.jp/09/index.php?action_kouhyou_detail_004_kani=true&JigyosyoCd=0970203410-00&ServiceCd=150&Type=search" }, "geometry": { "type": "Point", "coordinates": [ 139.401484703455594, 36.347078434337391 ] } },
{ "type": "Feature", "properties": { "内容": "デイサービス　サクラ【通所介護】栃木県足利市大前町720-1", "url2": "https://www.kaigokensaku.mhlw.go.jp/09/index.php?action_kouhyou_detail_004_kani=true&JigyosyoCd=0970203428-00&ServiceCd=150&Type=search" }, "geometry": { "type": "Point", "coordinates": [ 139.395540399999987, 36.3569369 ] } },
{ "type": "Feature", "properties": { "内容": "デイサービスセンターアルヴェアーレ【通所介護】栃木県足利市福居町543-2アルヴェアーレ天王", "url2": "https://www.kaigokensaku.mhlw.go.jp/09/index.php?action_kouhyou_detail_004_kani=true&JigyosyoCd=0970203535-00&ServiceCd=150&Type=search" }, "geometry": { "type": "Point", "coordinates": [ 139.450994900000012, 36.3127849 ] } },
{ "type": "Feature", "properties": { "内容": "株式会社アイヴィレッジ【通所介護】栃木県足利市葉鹿町1丁目29番地35", "url2": "https://www.kaigokensaku.mhlw.go.jp/09/index.php?action_kouhyou_detail_004_kani=true&JigyosyoCd=0970203592-00&ServiceCd=150&Type=search" }, "geometry": { "type": "Point", "coordinates": [ 139.3947916, 36.3635227 ] } },
{ "type": "Feature", "properties": { "内容": "デイサービスセンターアルヴェアーレ借宿【通所介護】栃木県足利市借宿町605－2", "url2": "https://www.kaigokensaku.mhlw.go.jp/09/index.php?action_kouhyou_detail_004_kani=true&JigyosyoCd=0970203733-00&ServiceCd=150&Type=search" }, "geometry": { "type": "Point", "coordinates": [ 139.427413984239195, 36.326899156354962 ] } },
{ "type": "Feature", "properties": { "内容": "生活介護　色季彩【通所介護】栃木県足利市堀込町2462-1", "url2": "https://www.kaigokensaku.mhlw.go.jp/09/index.php?action_kouhyou_detail_004_kani=true&JigyosyoCd=0970203832-00&ServiceCd=150&Type=search" }, "geometry": { "type": "Point", "coordinates": [ 139.4460841, 36.3088484 ] } },
{ "type": "Feature", "properties": { "内容": "コンパスウォーク足利【通所介護】上渋垂町920-1", "url2": "https://www.kaigokensaku.mhlw.go.jp/09/index.php?action_kouhyou_detail_004_kani=true&JigyosyoCd=0970203956-00&ServiceCd=150&Type=search" }, "geometry": { "type": "Point", "coordinates": [ 139.4745289, 36.3044081 ] } },
{ "type": "Feature", "properties": { "内容": "デイサービスセンターアザレ【通所介護】栃木県足利市芳町19", "url2": "https://www.kaigokensaku.mhlw.go.jp/09/index.php?action_kouhyou_detail_004_kani=true&JigyosyoCd=0970203881-00&ServiceCd=150&Type=search" }, "geometry": { "type": "Point", "coordinates": [ 139.470641300000011, 36.3314924 ] } },
{ "type": "Feature", "properties": { "内容": "デイサービス　天の川きらら【通所介護】栃木県足利市江川町3-5-4", "url2": "https://www.kaigokensaku.mhlw.go.jp/09/index.php?action_kouhyou_detail_004_kani=true&JigyosyoCd=0970202768-00&ServiceCd=150&Type=search" }, "geometry": { "type": "Point", "coordinates": [ 139.465929693254111, 36.354380387389803 ] } },
{ "type": "Feature", "properties": { "内容": "アイホーム足利【通所介護】常見町2－11－8", "url2": "https://www.kaigokensaku.mhlw.go.jp/09/index.php?action_kouhyou_detail_004_kani=true&JigyosyoCd=0970203055-00&ServiceCd=150&Type=search" }, "geometry": { "type": "Point", "coordinates": [ 139.485609899999986, 36.3186437 ] } },
{ "type": "Feature", "properties": { "内容": "アイホーム笑の樹【通所介護】常見町2－11－7", "url2": "https://www.kaigokensaku.mhlw.go.jp/09/index.php?action_kouhyou_detail_004_kani=true&JigyosyoCd=0970203063-00&ServiceCd=150&Type=search" }, "geometry": { "type": "Point", "coordinates": [ 139.485240500000032, 36.3186909 ] } },
{ "type": "Feature", "properties": { "内容": "アイデイサービスなかま【通所介護】栃木県足利市常見町2-11-3", "url2": "https://www.kaigokensaku.mhlw.go.jp/09/index.php?action_kouhyou_detail_004_kani=true&JigyosyoCd=0970203790-00&ServiceCd=150&Type=search" }, "geometry": { "type": "Point", "coordinates": [ 139.4852588, 36.3187981 ] } },
{ "type": "Feature", "properties": { "内容": "特別養護老人ホーム　清明苑【通所介護】栃木県足利市大月町１０４２－２", "url2": "https://www.kaigokensaku.mhlw.go.jp/09/index.php?action_kouhyou_detail_004_kani=true&JigyosyoCd=0970200077-00&ServiceCd=150&Type=search" }, "geometry": { "type": "Point", "coordinates": [ 139.4755168, 36.3497236 ] } },
{ "type": "Feature", "properties": { "内容": "ケアステーションあさひ足利【通所介護】栃木県足利市福富町2178-1", "url2": "https://www.kaigokensaku.mhlw.go.jp/09/index.php?action_kouhyou_detail_004_kani=true&JigyosyoCd=0970202446-00&ServiceCd=150&Type=search" }, "geometry": { "type": "Point", "coordinates": [ 139.4586981, 36.3162343 ] } },
{ "type": "Feature", "properties": { "内容": "足利リハビリカレッジ【通所介護】栃木県足利市今福町３５１－１", "url2": "https://www.kaigokensaku.mhlw.go.jp/09/index.php?action_kouhyou_detail_004_kani=true&JigyosyoCd=0970202610-00&ServiceCd=150&Type=search" }, "geometry": { "type": "Point", "coordinates": [ 139.430857480950891, 36.341347194629677 ] } },
{ "type": "Feature", "properties": { "内容": "家族の家ひまわり足利通所介護事業所【通所介護】栃木県足利市福居町399", "url2": "https://www.kaigokensaku.mhlw.go.jp/09/index.php?action_kouhyou_detail_004_kani=true&JigyosyoCd=0970202990-00&ServiceCd=150&Type=search" }, "geometry": { "type": "Point", "coordinates": [ 139.454979200000025, 36.3061295 ] } },
{ "type": "Feature", "properties": { "内容": "グッデイ足利【通所介護】栃木県足利市朝倉町3丁目7-7", "url2": "https://www.kaigokensaku.mhlw.go.jp/09/index.php?action_kouhyou_detail_004_kani=true&JigyosyoCd=0970203741-00&ServiceCd=150&Type=search" }, "geometry": { "type": "Point", "coordinates": [ 139.4434132, 36.3207408 ] } },
{ "type": "Feature", "properties": { "内容": "デイサービス　時の渚【通所介護】栃木県足利市福居町843番地居宅介護複合施設　うるしばら", "url2": "https://www.kaigokensaku.mhlw.go.jp/09/index.php?action_kouhyou_detail_004_kani=true&JigyosyoCd=0970201000-00&ServiceCd=150&Type=search" }, "geometry": { "type": "Point", "coordinates": [ 139.450904400000013, 36.3143037 ] } },
{ "type": "Feature", "properties": { "内容": "ケアステーションあさひ栃木藤岡【通所介護】栃木県栃木市藤岡町藤岡4287-1", "url2": "https://www.kaigokensaku.mhlw.go.jp/09/index.php?action_kouhyou_detail_004_kani=true&JigyosyoCd=0970301792-00&ServiceCd=150&Type=search" }, "geometry": { "type": "Point", "coordinates": [ 139.634644500000036, 36.285763200000019 ] } },
{ "type": "Feature", "properties": { "内容": "デイサービス真名子【通所介護】栃木県栃木市西方町真名子1400-1", "url2": "https://www.kaigokensaku.mhlw.go.jp/09/index.php?action_kouhyou_detail_004_kani=true&JigyosyoCd=0972200224-00&ServiceCd=150&Type=search" }, "geometry": { "type": "Point", "coordinates": [ 139.6935704, 36.476869500000014 ] } },
{ "type": "Feature", "properties": { "内容": "あずみ苑栃木大町【通所介護】栃木県栃木市大町25-27", "url2": "https://www.kaigokensaku.mhlw.go.jp/09/index.php?action_kouhyou_detail_004_kani=true&JigyosyoCd=0970302360-00&ServiceCd=150&Type=search" }, "geometry": { "type": "Point", "coordinates": [ 139.7348263, 36.396287 ] } },
{ "type": "Feature", "properties": { "内容": "デイサービスセンターみどり【通所介護】栃木県栃木市平柳町3-42-13", "url2": "https://www.kaigokensaku.mhlw.go.jp/09/index.php?action_kouhyou_detail_004_kani=true&JigyosyoCd=0970301032-00&ServiceCd=150&Type=search" }, "geometry": { "type": "Point", "coordinates": [ 139.744707100000028, 36.3944904 ] } },
{ "type": "Feature", "properties": { "内容": "栃木ケアセンターそよ風【通所介護】栃木県栃木市沼和田町9-27", "url2": "https://www.kaigokensaku.mhlw.go.jp/09/index.php?action_kouhyou_detail_004_kani=true&JigyosyoCd=0970300398-00&ServiceCd=150&Type=search" }, "geometry": { "type": "Point", "coordinates": [ 139.729493300000058, 36.3692846 ] } },
{ "type": "Feature", "properties": { "内容": "有限会社　栃木ケアーズ【通所介護】栃木県栃木市箱森町19-34", "url2": "https://www.kaigokensaku.mhlw.go.jp/09/index.php?action_kouhyou_detail_004_kani=true&JigyosyoCd=0970300414-00&ServiceCd=150&Type=search" }, "geometry": { "type": "Point", "coordinates": [ 139.7205596, 36.3899985 ] } },
{ "type": "Feature", "properties": { "内容": "老人デイサービスセンター　蔵の街ひまわり【通所介護】栃木県栃木市城内町2丁目17番23号", "url2": "https://www.kaigokensaku.mhlw.go.jp/09/index.php?action_kouhyou_detail_004_kani=true&JigyosyoCd=0970301610-00&ServiceCd=150&Type=search" }, "geometry": { "type": "Point", "coordinates": [ 139.751902299999983, 36.3715211 ] } },
{ "type": "Feature", "properties": { "内容": "特別養護老人ホーム緑風苑　通所介護事業所【通所介護】栃木県栃木市藤岡町中根355-2", "url2": "https://www.kaigokensaku.mhlw.go.jp/09/index.php?action_kouhyou_detail_004_kani=true&JigyosyoCd=0972300313-00&ServiceCd=150&Type=search" }, "geometry": { "type": "Point", "coordinates": [ 139.689067066270468, 36.284576166534897 ] } },
{ "type": "Feature", "properties": { "内容": "社会福祉法人スイートホームひまわり【通所介護】栃木県栃木市都賀町原宿１４２４－１", "url2": "https://www.kaigokensaku.mhlw.go.jp/09/index.php?action_kouhyou_detail_004_kani=true&JigyosyoCd=0972300628-00&ServiceCd=150&Type=search" }, "geometry": { "type": "Point", "coordinates": [ 139.729190300000027, 36.4381208 ] } },
{ "type": "Feature", "properties": { "内容": "特別養護老人ホーム　レユーナ【通所介護】栃木県栃木市箱森町１－１４", "url2": "https://www.kaigokensaku.mhlw.go.jp/09/index.php?action_kouhyou_detail_004_kani=true&JigyosyoCd=0970300042-00&ServiceCd=150&Type=search" }, "geometry": { "type": "Point", "coordinates": [ 139.72739260000003, 36.3850493 ] } },
{ "type": "Feature", "properties": { "内容": "星風会デイサービスセンター【通所介護】栃木県栃木市惣社町137-1番地", "url2": "https://www.kaigokensaku.mhlw.go.jp/09/index.php?action_kouhyou_detail_004_kani=true&JigyosyoCd=0970300091-00&ServiceCd=150&Type=search" }, "geometry": { "type": "Point", "coordinates": [ 139.781740300000024, 36.3997632 ] } },
{ "type": "Feature", "properties": { "内容": "ニチイケアセンター栃木【通所介護】栃木県栃木市平柳町３－３８－１０", "url2": "https://www.kaigokensaku.mhlw.go.jp/09/index.php?action_kouhyou_detail_004_kani=true&JigyosyoCd=0970300133-00&ServiceCd=150&Type=search" }, "geometry": { "type": "Point", "coordinates": [ 139.74421810000004, 36.3971484 ] } },
{ "type": "Feature", "properties": { "内容": "うづまデイサービスセンター【通所介護】栃木県栃木市川原田町１６１０－２", "url2": "https://www.kaigokensaku.mhlw.go.jp/09/index.php?action_kouhyou_detail_004_kani=true&JigyosyoCd=0970300232-00&ServiceCd=150&Type=search" }, "geometry": { "type": "Point", "coordinates": [ 139.738337600000023, 36.4067026 ] } },
{ "type": "Feature", "properties": { "内容": "通所介護事業所　まろにえ四季の里【通所介護】栃木県栃木市大宮町2023-3", "url2": "https://www.kaigokensaku.mhlw.go.jp/09/index.php?action_kouhyou_detail_004_kani=true&JigyosyoCd=0970300570-00&ServiceCd=150&Type=search" }, "geometry": { "type": "Point", "coordinates": [ 139.756347900000037, 36.3926993 ] } },
{ "type": "Feature", "properties": { "内容": "栃木ケアサポートひまわり　デイサービスセンター【通所介護】栃木県栃木市川原田町前野　254-10", "url2": "https://www.kaigokensaku.mhlw.go.jp/09/index.php?action_kouhyou_detail_004_kani=true&JigyosyoCd=0970300638-00&ServiceCd=150&Type=search" }, "geometry": { "type": "Point", "coordinates": [ 139.733170800524903, 36.404718015024173 ] } },
{ "type": "Feature", "properties": { "内容": "デイサービス福寿園（平成22年度新規指定事業所）【通所介護】栃木市千塚町２１０", "url2": "https://www.kaigokensaku.mhlw.go.jp/09/index.php?action_kouhyou_detail_004_kani=true&JigyosyoCd=0970300950-00&ServiceCd=150&Type=search" }, "geometry": { "type": "Point", "coordinates": [ 139.692815099999962, 36.4155919 ] } },
{ "type": "Feature", "properties": { "内容": "大平高齢者デイサービスセンターまゆみ（平成22年度新規指定事業所）【通所介護】栃木県栃木市大平町真弓1438", "url2": "https://www.kaigokensaku.mhlw.go.jp/09/index.php?action_kouhyou_detail_004_kani=true&JigyosyoCd=0970300992-00&ServiceCd=150&Type=search" }, "geometry": { "type": "Point", "coordinates": [ 139.719186900000068, 36.3366022 ] } },
{ "type": "Feature", "properties": { "内容": "デイサービスセンター湯っくり【通所介護】栃木県栃木市川原田町２３８番地２", "url2": "https://www.kaigokensaku.mhlw.go.jp/09/index.php?action_kouhyou_detail_004_kani=true&JigyosyoCd=0970301271-00&ServiceCd=150&Type=search" }, "geometry": { "type": "Point", "coordinates": [ 139.734654699999965, 36.4027169 ] } },
{ "type": "Feature", "properties": { "内容": "丸光ケアサービス株式会社デイサービスさんさん栃木【通所介護】栃木県栃木市箱森町50-15", "url2": "https://www.kaigokensaku.mhlw.go.jp/09/index.php?action_kouhyou_detail_004_kani=true&JigyosyoCd=0970301289-00&ServiceCd=150&Type=search" }, "geometry": { "type": "Point", "coordinates": [ 139.727214099999969, 36.3972173 ] } },
{ "type": "Feature", "properties": { "内容": "ケアステーションあさひ　栃木【通所介護】栃木県栃木市城内町2-10-13", "url2": "https://www.kaigokensaku.mhlw.go.jp/09/index.php?action_kouhyou_detail_004_kani=true&JigyosyoCd=0970301396-00&ServiceCd=150&Type=search" }, "geometry": { "type": "Point", "coordinates": [ 139.747480099999962, 36.3750508 ] } },
{ "type": "Feature", "properties": { "内容": "星風会デイサービスセンターとちぎ泉川【通所介護】栃木県栃木市泉川町73番地1", "url2": "https://www.kaigokensaku.mhlw.go.jp/09/index.php?action_kouhyou_detail_004_kani=true&JigyosyoCd=0970301479-00&ServiceCd=150&Type=search" }, "geometry": { "type": "Point", "coordinates": [ 139.712127499999951, 36.387568 ] } },
{ "type": "Feature", "properties": { "内容": "デイサービスあんず【通所介護】栃木県栃木市沼和田町42番28号", "url2": "https://www.kaigokensaku.mhlw.go.jp/09/index.php?action_kouhyou_detail_004_kani=true&JigyosyoCd=0970301578-00&ServiceCd=150&Type=search" }, "geometry": { "type": "Point", "coordinates": [ 139.733032, 36.3655713 ] } },
{ "type": "Feature", "properties": { "内容": "デイサービスセンターみどりの郷【通所介護】大平町下皆川133-2", "url2": "https://www.kaigokensaku.mhlw.go.jp/09/index.php?action_kouhyou_detail_004_kani=true&JigyosyoCd=0970301669-00&ServiceCd=150&Type=search" }, "geometry": { "type": "Point", "coordinates": [ 139.710268199999973, 36.3489617 ] } },
{ "type": "Feature", "properties": { "内容": "デイサービスセンターきらら【通所介護】大平町下皆川２０１９－１", "url2": "https://www.kaigokensaku.mhlw.go.jp/09/index.php?action_kouhyou_detail_004_kani=true&JigyosyoCd=0970301867-00&ServiceCd=150&Type=search" }, "geometry": { "type": "Point", "coordinates": [ 139.7104244, 36.3508671 ] } },
{ "type": "Feature", "properties": { "内容": "コープデイサービスセンター今泉【通所介護】栃木県栃木市今泉町1丁目17-29", "url2": "https://www.kaigokensaku.mhlw.go.jp/09/index.php?action_kouhyou_detail_004_kani=true&JigyosyoCd=0970301909-00&ServiceCd=150&Type=search" }, "geometry": { "type": "Point", "coordinates": [ 139.749101600000017, 36.386872 ] } },
{ "type": "Feature", "properties": { "内容": "自由選択型デイサービスちょいす【通所介護】栃木県栃木市片柳町5-7-22", "url2": "https://www.kaigokensaku.mhlw.go.jp/09/index.php?action_kouhyou_detail_004_kani=true&JigyosyoCd=0970301982-00&ServiceCd=150&Type=search" }, "geometry": { "type": "Point", "coordinates": [ 139.71311750000001, 36.3713582 ] } },
{ "type": "Feature", "properties": { "内容": "デイサービスセンターあいの杜とちぎ【通所介護】栃木県栃木市新井町1005-1", "url2": "https://www.kaigokensaku.mhlw.go.jp/09/index.php?action_kouhyou_detail_004_kani=true&JigyosyoCd=0970302113-00&ServiceCd=150&Type=search" }, "geometry": { "type": "Point", "coordinates": [ 139.7112822, 36.4017614 ] } },
{ "type": "Feature", "properties": { "内容": "デイホーム孫の手・とちぎ【通所介護】栃木県栃木市柳橋町22-7", "url2": "https://www.kaigokensaku.mhlw.go.jp/09/index.php?action_kouhyou_detail_004_kani=true&JigyosyoCd=0970302170-00&ServiceCd=150&Type=search" }, "geometry": { "type": "Point", "coordinates": [ 139.720732603565921, 36.383213024648825 ] } },
{ "type": "Feature", "properties": { "内容": "デイサービス家中【通所介護】栃木県栃木市都賀町家中2195番地", "url2": "https://www.kaigokensaku.mhlw.go.jp/09/index.php?action_kouhyou_detail_004_kani=true&JigyosyoCd=0970302238-00&ServiceCd=150&Type=search" }, "geometry": { "type": "Point", "coordinates": [ 139.748363, 36.4252465 ] } },
{ "type": "Feature", "properties": { "内容": "ツクイ栃木城内【通所介護】城内町2丁目24番24号", "url2": "https://www.kaigokensaku.mhlw.go.jp/09/index.php?action_kouhyou_detail_004_kani=true&JigyosyoCd=0970302246-00&ServiceCd=150&Type=search" }, "geometry": { "type": "Point", "coordinates": [ 139.745711070500192, 36.372550393126005 ] } },
{ "type": "Feature", "properties": { "内容": "はまリハDayスタジオ大平【通所介護】大平町西野田202-1", "url2": "https://www.kaigokensaku.mhlw.go.jp/09/index.php?action_kouhyou_detail_004_kani=true&JigyosyoCd=0970302295-00&ServiceCd=150&Type=search" }, "geometry": { "type": "Point", "coordinates": [ 139.7133569, 36.3254252 ] } },
{ "type": "Feature", "properties": { "内容": "デイサービスセンターみどり【通所介護】平柳町3-42-13", "url2": "https://www.kaigokensaku.mhlw.go.jp/09/index.php?action_kouhyou_detail_004_kani=true&JigyosyoCd=0970302410-00&ServiceCd=150&Type=search" }, "geometry": { "type": "Point", "coordinates": [ 139.7447655, 36.392875 ] } },
{ "type": "Feature", "properties": { "内容": "デイサービスセンター雅の風【通所介護】栃木県栃木市西方町金崎４０３－１", "url2": "https://www.kaigokensaku.mhlw.go.jp/09/index.php?action_kouhyou_detail_004_kani=true&JigyosyoCd=0972200117-00&ServiceCd=150&Type=search" }, "geometry": { "type": "Point", "coordinates": [ 139.74518230000001, 36.4691706 ] } },
{ "type": "Feature", "properties": { "内容": "特別養護老人ホーム清松園【通所介護】栃木県栃木市岩舟町和泉８１６", "url2": "https://www.kaigokensaku.mhlw.go.jp/09/index.php?action_kouhyou_detail_004_kani=true&JigyosyoCd=0972300172-00&ServiceCd=150&Type=search" }, "geometry": { "type": "Point", "coordinates": [ 139.671775900000057, 36.3239173 ] } },
{ "type": "Feature", "properties": { "内容": "デイサービスセンターふじいと【通所介護】栃木県栃木市都賀町臼久保301-1", "url2": "https://www.kaigokensaku.mhlw.go.jp/09/index.php?action_kouhyou_detail_004_kani=true&JigyosyoCd=0972300404-00&ServiceCd=150&Type=search" }, "geometry": { "type": "Point", "coordinates": [ 139.7084231, 36.4359843 ] } },
{ "type": "Feature", "properties": { "内容": "デイサービス八州苑【通所介護】栃木県栃木市藤岡町太田1394番地1", "url2": "https://www.kaigokensaku.mhlw.go.jp/09/index.php?action_kouhyou_detail_004_kani=true&JigyosyoCd=0972300487-00&ServiceCd=150&Type=search" }, "geometry": { "type": "Point", "coordinates": [ 139.648651976721197, 36.307873699498977 ] } },
{ "type": "Feature", "properties": { "内容": "腰塚デイサービスセンターなごみ【通所介護】栃木県栃木市藤岡町藤岡1822番地1", "url2": "https://www.kaigokensaku.mhlw.go.jp/09/index.php?action_kouhyou_detail_004_kani=true&JigyosyoCd=0972301121-00&ServiceCd=150&Type=search" }, "geometry": { "type": "Point", "coordinates": [ 139.648591200000027, 36.2519672 ] } },
{ "type": "Feature", "properties": { "内容": "星風会デイサービスセンターおおひら【通所介護】栃木県栃木市大平町西水代1930-1", "url2": "https://www.kaigokensaku.mhlw.go.jp/09/index.php?action_kouhyou_detail_004_kani=true&JigyosyoCd=0970301222-00&ServiceCd=150&Type=search" }, "geometry": { "type": "Point", "coordinates": [ 139.71061659999998, 36.3201934 ] } },
{ "type": "Feature", "properties": { "内容": "デイサービスセンター　みながわ桜【通所介護】栃木県栃木市皆川城内町520番地", "url2": "https://www.kaigokensaku.mhlw.go.jp/09/index.php?action_kouhyou_detail_004_kani=true&JigyosyoCd=0970301974-00&ServiceCd=150&Type=search" }, "geometry": { "type": "Point", "coordinates": [ 139.6893427, 36.3977087 ] } },
{ "type": "Feature", "properties": { "内容": "デイサービスセンター常若の杜みながわ【通所介護】皆川城内町1771-1", "url2": "https://www.kaigokensaku.mhlw.go.jp/09/index.php?action_kouhyou_detail_004_kani=true&JigyosyoCd=0970302097-00&ServiceCd=150&Type=search" }, "geometry": { "type": "Point", "coordinates": [ 139.682124499999958, 36.3915851 ] } },
{ "type": "Feature", "properties": { "内容": "ケアステーションあさひ栃木薗部町【通所介護】薗部町4丁目1番49号", "url2": "https://www.kaigokensaku.mhlw.go.jp/09/index.php?action_kouhyou_detail_004_kani=true&JigyosyoCd=0970301552-00&ServiceCd=150&Type=search" }, "geometry": { "type": "Point", "coordinates": [ 139.710609264418053, 36.374051534697109 ] } },
{ "type": "Feature", "properties": { "内容": "デイサービスぬくもり【通所介護】栃木県佐野市飯田町209-1", "url2": "https://www.kaigokensaku.mhlw.go.jp/09/index.php?action_kouhyou_detail_004_kani=true&JigyosyoCd=0970401063-00&ServiceCd=150&Type=search" }, "geometry": { "type": "Point", "coordinates": [ 139.59416, 36.287587800000018 ] } },
{ "type": "Feature", "properties": { "内容": "デイサービスセンターいちごの里【通所介護】栃木県佐野市田島町213", "url2": "https://www.kaigokensaku.mhlw.go.jp/09/index.php?action_kouhyou_detail_004_kani=true&JigyosyoCd=0970400404-00&ServiceCd=150&Type=search" }, "geometry": { "type": "Point", "coordinates": [ 139.5646041, 36.294148 ] } },
{ "type": "Feature", "properties": { "内容": "デイサービスセンターすまいる　いが【通所介護】栃木県佐野市伊賀町708-3", "url2": "https://www.kaigokensaku.mhlw.go.jp/09/index.php?action_kouhyou_detail_004_kani=true&JigyosyoCd=0970402137-00&ServiceCd=150&Type=search" }, "geometry": { "type": "Point", "coordinates": [ 139.575806699999987, 36.3163203 ] } },
{ "type": "Feature", "properties": { "内容": "リハビリデイサービスセンター万葉【通所介護】栃木県佐野市堀米町1336-1", "url2": "https://www.kaigokensaku.mhlw.go.jp/09/index.php?action_kouhyou_detail_004_kani=true&JigyosyoCd=0970400800-00&ServiceCd=150&Type=search" }, "geometry": { "type": "Point", "coordinates": [ 139.5795736, 36.3305449 ] } },
{ "type": "Feature", "properties": { "内容": "デイサービスふわり【通所介護】栃木県佐野市小中町1255-1", "url2": "https://www.kaigokensaku.mhlw.go.jp/09/index.php?action_kouhyou_detail_004_kani=true&JigyosyoCd=0970401808-00&ServiceCd=150&Type=search" }, "geometry": { "type": "Point", "coordinates": [ 139.558661073016282, 36.342649229049762 ] } },
{ "type": "Feature", "properties": { "内容": "佐野市遠原の里デイサービスセンター【通所介護】栃木県佐野市閑馬町515番地1", "url2": "https://www.kaigokensaku.mhlw.go.jp/09/index.php?action_kouhyou_detail_004_kani=true&JigyosyoCd=0970402459-00&ServiceCd=150&Type=search" }, "geometry": { "type": "Point", "coordinates": [ 139.518574849668113, 36.400864425475199 ] } },
{ "type": "Feature", "properties": { "内容": "ケアステーションあさひ佐野高萩【通所介護】栃木県佐野市高萩町1305-6", "url2": "https://www.kaigokensaku.mhlw.go.jp/09/index.php?action_kouhyou_detail_004_kani=true&JigyosyoCd=0970401782-00&ServiceCd=150&Type=search" }, "geometry": { "type": "Point", "coordinates": [ 139.602453200000014, 36.3026819 ] } },
{ "type": "Feature", "properties": { "内容": "老人デイサービスセンター悠生園【通所介護】栃木県佐野市寺久保町２３８", "url2": "https://www.kaigokensaku.mhlw.go.jp/09/index.php?action_kouhyou_detail_004_kani=true&JigyosyoCd=0970400305-00&ServiceCd=150&Type=search" }, "geometry": { "type": "Point", "coordinates": [ 139.526848400000063, 36.3761804 ] } },
{ "type": "Feature", "properties": { "内容": "デイサービスセンター　　大栗の里【通所介護】栃木県佐野市犬伏中町２４４１－１", "url2": "https://www.kaigokensaku.mhlw.go.jp/09/index.php?action_kouhyou_detail_004_kani=true&JigyosyoCd=0970400446-00&ServiceCd=150&Type=search" }, "geometry": { "type": "Point", "coordinates": [ 139.597694199999978, 36.3298428 ] } },
{ "type": "Feature", "properties": { "内容": "佐野市デイサービスセンターふくしの里【通所介護】栃木県佐野市大橋町３２１２番地２７", "url2": "https://www.kaigokensaku.mhlw.go.jp/09/index.php?action_kouhyou_detail_004_kani=true&JigyosyoCd=0970400552-00&ServiceCd=150&Type=search" }, "geometry": { "type": "Point", "coordinates": [ 139.564903299999969, 36.3123239 ] } },
{ "type": "Feature", "properties": { "内容": "デイサービスセンター春日和佐野【通所介護】栃木県佐野市浅沼町２８９", "url2": "https://www.kaigokensaku.mhlw.go.jp/09/index.php?action_kouhyou_detail_004_kani=true&JigyosyoCd=0970400875-00&ServiceCd=150&Type=search" }, "geometry": { "type": "Point", "coordinates": [ 139.587884799999983, 36.3105803 ] } },
{ "type": "Feature", "properties": { "内容": "佐野デイサービスセンター花の広場【通所介護】栃木県佐野市小見町７３２番地", "url2": "https://www.kaigokensaku.mhlw.go.jp/09/index.php?action_kouhyou_detail_004_kani=true&JigyosyoCd=0970400909-00&ServiceCd=150&Type=search" }, "geometry": { "type": "Point", "coordinates": [ 139.5714511, 36.3500897 ] } },
{ "type": "Feature", "properties": { "内容": "ケアパートナー佐野【通所介護】佐野市吉水町１１１６番地１", "url2": "https://www.kaigokensaku.mhlw.go.jp/09/index.php?action_kouhyou_detail_004_kani=true&JigyosyoCd=0970401055-00&ServiceCd=150&Type=search" }, "geometry": { "type": "Point", "coordinates": [ 139.5756503, 36.3592249 ] } },
{ "type": "Feature", "properties": { "内容": "リハビリパーク　ほほえみ【通所介護】栃木県佐野市寺中町2417番地１", "url2": "https://www.kaigokensaku.mhlw.go.jp/09/index.php?action_kouhyou_detail_004_kani=true&JigyosyoCd=0970401139-00&ServiceCd=150&Type=search" }, "geometry": { "type": "Point", "coordinates": [ 139.5739558, 36.2995557 ] } },
{ "type": "Feature", "properties": { "内容": "デイサービスセンターゆうゆうクラブ【通所介護】栃木県佐野市相生町2815番地", "url2": "https://www.kaigokensaku.mhlw.go.jp/09/index.php?action_kouhyou_detail_004_kani=true&JigyosyoCd=0970401428-00&ServiceCd=150&Type=search" }, "geometry": { "type": "Point", "coordinates": [ 139.581310300000041, 36.312966 ] } },
{ "type": "Feature", "properties": { "内容": "デイサービスセンターひまわり【通所介護】栃木県佐野市田沼町1242番地2デイサービスセンターひまわり", "url2": "https://www.kaigokensaku.mhlw.go.jp/09/index.php?action_kouhyou_detail_004_kani=true&JigyosyoCd=0970401543-00&ServiceCd=150&Type=search" }, "geometry": { "type": "Point", "coordinates": [ 139.577871800000025, 36.3694682 ] } },
{ "type": "Feature", "properties": { "内容": "リハビリLab.花咲【通所介護】栃木県佐野市富岡町１４５４番地", "url2": "https://www.kaigokensaku.mhlw.go.jp/09/index.php?action_kouhyou_detail_004_kani=true&JigyosyoCd=0970402046-00&ServiceCd=150&Type=search" }, "geometry": { "type": "Point", "coordinates": [ 139.592933496264664, 36.316141834438483 ] } },
{ "type": "Feature", "properties": { "内容": "丸光ケアサービス株式会社　デイサービスさんさん佐野【通所介護】栃木県佐野市富岡町229-12", "url2": "https://www.kaigokensaku.mhlw.go.jp/09/index.php?action_kouhyou_detail_004_kani=true&JigyosyoCd=0970402053-00&ServiceCd=150&Type=search" }, "geometry": { "type": "Point", "coordinates": [ 139.589984400000048, 36.3174742 ] } },
{ "type": "Feature", "properties": { "内容": "あかみ倶楽部　生活向上委員会【通所介護】栃木県佐野市赤見町3109-1", "url2": "https://www.kaigokensaku.mhlw.go.jp/09/index.php?action_kouhyou_detail_004_kani=true&JigyosyoCd=0970402145-00&ServiceCd=150&Type=search" }, "geometry": { "type": "Point", "coordinates": [ 139.53796885109557, 36.351366544810794 ] } },
{ "type": "Feature", "properties": { "内容": "有限会社結【通所介護】栃木県佐野市小中町1248-1", "url2": "https://www.kaigokensaku.mhlw.go.jp/09/index.php?action_kouhyou_detail_004_kani=true&JigyosyoCd=0970402160-00&ServiceCd=150&Type=search" }, "geometry": { "type": "Point", "coordinates": [ 139.559780100000012, 36.3428821 ] } },
{ "type": "Feature", "properties": { "内容": "デイサービス　集い【通所介護】栃木県佐野市葛生西３丁目12-21", "url2": "https://www.kaigokensaku.mhlw.go.jp/09/index.php?action_kouhyou_detail_004_kani=true&JigyosyoCd=0970402251-00&ServiceCd=150&Type=search" }, "geometry": { "type": "Point", "coordinates": [ 139.609100399999988, 36.4086856 ] } },
{ "type": "Feature", "properties": { "内容": "デイサービスセンター陽向佐野【通所介護】栃木県佐野市大橋町3204-3", "url2": "https://www.kaigokensaku.mhlw.go.jp/09/index.php?action_kouhyou_detail_004_kani=true&JigyosyoCd=0970402277-00&ServiceCd=150&Type=search" }, "geometry": { "type": "Point", "coordinates": [ 139.56109331111449, 36.316395353089277 ] } },
{ "type": "Feature", "properties": { "内容": "デイサービスセンターほほえみ古里館【通所介護】栃木県佐野市多田町1722-1", "url2": "https://www.kaigokensaku.mhlw.go.jp/09/index.php?action_kouhyou_detail_004_kani=true&JigyosyoCd=0970402335-00&ServiceCd=150&Type=search" }, "geometry": { "type": "Point", "coordinates": [ 139.596768200000042, 36.3874594 ] } },
{ "type": "Feature", "properties": { "内容": "ツクイ佐野赤坂【通所介護】栃木県佐野市赤坂町974-1", "url2": "https://www.kaigokensaku.mhlw.go.jp/09/index.php?action_kouhyou_detail_004_kani=true&JigyosyoCd=0970402384-00&ServiceCd=150&Type=search" }, "geometry": { "type": "Point", "coordinates": [ 139.5667118, 36.3047151 ] } },
{ "type": "Feature", "properties": { "内容": "デイサービスセンター春日和佐野堀米【通所介護】栃木県佐野市堀米町3339-1", "url2": "https://www.kaigokensaku.mhlw.go.jp/09/index.php?action_kouhyou_detail_004_kani=true&JigyosyoCd=0970402467-00&ServiceCd=150&Type=search" }, "geometry": { "type": "Point", "coordinates": [ 139.5763839, 36.3291529 ] } },
{ "type": "Feature", "properties": { "内容": "蓬莱荘　ゆうあいホーム【通所介護】栃木県佐野市長谷場町１７９８－１", "url2": "https://www.kaigokensaku.mhlw.go.jp/09/index.php?action_kouhyou_detail_004_kani=true&JigyosyoCd=0972400139-00&ServiceCd=150&Type=search" }, "geometry": { "type": "Point", "coordinates": [ 139.550224500000013, 36.4298658 ] } },
{ "type": "Feature", "properties": { "内容": "ふれんど田沼デイサービスセンター【通所介護】栃木県佐野市吉水駅前1-14-4", "url2": "https://www.kaigokensaku.mhlw.go.jp/09/index.php?action_kouhyou_detail_004_kani=true&JigyosyoCd=0972400204-00&ServiceCd=150&Type=search" }, "geometry": { "type": "Point", "coordinates": [ 139.580022800000052, 36.3482958 ] } },
{ "type": "Feature", "properties": { "内容": "あずみ苑せきかわ【通所介護】関川町325-2", "url2": "https://www.kaigokensaku.mhlw.go.jp/09/index.php?action_kouhyou_detail_004_kani=true&JigyosyoCd=0970402566-00&ServiceCd=150&Type=search" }, "geometry": { "type": "Point", "coordinates": [ 139.6229955, 36.3232584 ] } },
{ "type": "Feature", "properties": { "内容": "リハビリDSどまんなか【通所介護】栃木県佐野市吉水町７５１－１", "url2": "https://www.kaigokensaku.mhlw.go.jp/09/index.php?action_kouhyou_detail_004_kani=true&JigyosyoCd=0970401659-00&ServiceCd=150&Type=search" }, "geometry": { "type": "Point", "coordinates": [ 139.57570069999997, 36.3504009 ] } },
{ "type": "Feature", "properties": { "内容": "三好商事株式会社【通所介護】伊賀町708番地3", "url2": "https://www.kaigokensaku.mhlw.go.jp/09/index.php?action_kouhyou_detail_004_kani=true&JigyosyoCd=0970402657-00&ServiceCd=150&Type=search" }, "geometry": { "type": "Point", "coordinates": [ 136.698607399999986, 35.0597391 ] } },
{ "type": "Feature", "properties": { "内容": "デイホーム孫の手・さの【通所介護】栃木県佐野市高萩町1326番1", "url2": "https://www.kaigokensaku.mhlw.go.jp/09/index.php?action_kouhyou_detail_004_kani=true&JigyosyoCd=0970402582-00&ServiceCd=150&Type=search" }, "geometry": { "type": "Point", "coordinates": [ 139.603418500000032, 36.2992232 ] } },
{ "type": "Feature", "properties": { "内容": "デイサービスセンターひばり【通所介護】栃木県佐野市栃本町2203-1リアンテ田沼", "url2": "https://www.kaigokensaku.mhlw.go.jp/09/index.php?action_kouhyou_detail_004_kani=true&JigyosyoCd=0970402764-00&ServiceCd=150&Type=search" }, "geometry": { "type": "Point", "coordinates": [ 139.582031379061704, 36.363080900393243 ] } },
{ "type": "Feature", "properties": { "内容": "家族の家ひまわり鹿沼通所介護事業所【通所介護】栃木県鹿沼市千渡2326-10", "url2": "https://www.kaigokensaku.mhlw.go.jp/09/index.php?action_kouhyou_detail_004_kani=true&JigyosyoCd=0970501250-00&ServiceCd=150&Type=search" }, "geometry": { "type": "Point", "coordinates": [ 139.786862, 36.5593239 ] } },
{ "type": "Feature", "properties": { "内容": "デイサービスセンターリズム【通所介護】栃木県鹿沼市樅山町４０－２", "url2": "https://www.kaigokensaku.mhlw.go.jp/09/index.php?action_kouhyou_detail_004_kani=true&JigyosyoCd=0970500468-00&ServiceCd=150&Type=search" }, "geometry": { "type": "Point", "coordinates": [ 139.7481828, 36.5315952 ] } },
{ "type": "Feature", "properties": { "内容": "デイサービス　智光薬湯【通所介護】栃木県鹿沼市花岡町１３６－４", "url2": "https://www.kaigokensaku.mhlw.go.jp/09/index.php?action_kouhyou_detail_004_kani=true&JigyosyoCd=0970500674-00&ServiceCd=150&Type=search" }, "geometry": { "type": "Point", "coordinates": [ 139.739774456656392, 36.556754416451433 ] } },
{ "type": "Feature", "properties": { "内容": "ケアステーションあさひ鹿沼【通所介護】栃木県鹿沼市貝島町5038-5", "url2": "https://www.kaigokensaku.mhlw.go.jp/09/index.php?action_kouhyou_detail_004_kani=true&JigyosyoCd=0970500930-00&ServiceCd=150&Type=search" }, "geometry": { "type": "Point", "coordinates": [ 139.756781499999988, 36.5550957 ] } },
{ "type": "Feature", "properties": { "内容": "鹿沼ケアセンターそよ風【通所介護】栃木県鹿沼市西茂呂2-5-3", "url2": "https://www.kaigokensaku.mhlw.go.jp/09/index.php?action_kouhyou_detail_004_kani=true&JigyosyoCd=0970500716-00&ServiceCd=150&Type=search" }, "geometry": { "type": "Point", "coordinates": [ 139.7694411, 36.5554318 ] } },
{ "type": "Feature", "properties": { "内容": "さつき荘デイサービスセンター【通所介護】栃木県鹿沼市白桑田254-7", "url2": "https://www.kaigokensaku.mhlw.go.jp/09/index.php?action_kouhyou_detail_004_kani=true&JigyosyoCd=0970500153-00&ServiceCd=150&Type=search" }, "geometry": { "type": "Point", "coordinates": [ 139.813059599999974, 36.5501948 ] } },
{ "type": "Feature", "properties": { "内容": "デイサービスセンター　メロディー【通所介護】栃木県鹿沼市村井町１４６－６", "url2": "https://www.kaigokensaku.mhlw.go.jp/09/index.php?action_kouhyou_detail_004_kani=true&JigyosyoCd=0970500187-00&ServiceCd=150&Type=search" }, "geometry": { "type": "Point", "coordinates": [ 139.746004699999958, 36.5483071 ] } },
{ "type": "Feature", "properties": { "内容": "南押原デイサービスセンター【通所介護】栃木県鹿沼市楡木町5番地", "url2": "https://www.kaigokensaku.mhlw.go.jp/09/index.php?action_kouhyou_detail_004_kani=true&JigyosyoCd=0970500195-00&ServiceCd=150&Type=search" }, "geometry": { "type": "Point", "coordinates": [ 139.754366600000026, 36.5024398 ] } },
{ "type": "Feature", "properties": { "内容": "デイホームさつき【通所介護】栃木県鹿沼市下沢４２０－７", "url2": "https://www.kaigokensaku.mhlw.go.jp/09/index.php?action_kouhyou_detail_004_kani=true&JigyosyoCd=0970500443-00&ServiceCd=150&Type=search" }, "geometry": { "type": "Point", "coordinates": [ 139.704352100000051, 36.5783021 ] } },
{ "type": "Feature", "properties": { "内容": "介護ステーションたけむら【通所介護】栃木県鹿沼市西茂呂四丁目46番3", "url2": "https://www.kaigokensaku.mhlw.go.jp/09/index.php?action_kouhyou_detail_004_kani=true&JigyosyoCd=0970500740-00&ServiceCd=150&Type=search" }, "geometry": { "type": "Point", "coordinates": [ 139.767380900000035, 36.5430641 ] } },
{ "type": "Feature", "properties": { "内容": "イチゴデイサービス【通所介護】栃木県鹿沼市下材木町1362", "url2": "https://www.kaigokensaku.mhlw.go.jp/09/index.php?action_kouhyou_detail_004_kani=true&JigyosyoCd=0970501094-00&ServiceCd=150&Type=search" }, "geometry": { "type": "Point", "coordinates": [ 139.7455503, 36.5620565 ] } },
{ "type": "Feature", "properties": { "内容": "社会福祉法人　優心会　和音【通所介護】栃木県鹿沼市下永野２４５-３", "url2": "https://www.kaigokensaku.mhlw.go.jp/09/index.php?action_kouhyou_detail_004_kani=true&JigyosyoCd=0970501292-00&ServiceCd=150&Type=search" }, "geometry": { "type": "Point", "coordinates": [ 139.614612099999931, 36.4892461 ] } },
{ "type": "Feature", "properties": { "内容": "デイサービスさかた園【通所介護】栃木県鹿沼市日吉町937番地4", "url2": "https://www.kaigokensaku.mhlw.go.jp/09/index.php?action_kouhyou_detail_004_kani=true&JigyosyoCd=0970501383-00&ServiceCd=150&Type=search" }, "geometry": { "type": "Point", "coordinates": [ 139.734163699999954, 36.5678629 ] } },
{ "type": "Feature", "properties": { "内容": "デイサービスるりの里【通所介護】栃木県鹿沼市麻苧町1559-1住宅型有料老人ホーム瑠璃の里", "url2": "https://www.kaigokensaku.mhlw.go.jp/09/index.php?action_kouhyou_detail_004_kani=true&JigyosyoCd=0970501649-00&ServiceCd=150&Type=search" }, "geometry": { "type": "Point", "coordinates": [ 139.74458580000001, 36.5628481 ] } },
{ "type": "Feature", "properties": { "内容": "宅老所はいこんちょ【通所介護】栃木県鹿沼市上野町212-2", "url2": "https://www.kaigokensaku.mhlw.go.jp/09/index.php?action_kouhyou_detail_004_kani=true&JigyosyoCd=0970501664-00&ServiceCd=150&Type=search" }, "geometry": { "type": "Point", "coordinates": [ 139.763336399999986, 36.5680127 ] } },
{ "type": "Feature", "properties": { "内容": "老人デイサービスセンター　粟野荘【通所介護】栃木県鹿沼市深程1520", "url2": "https://www.kaigokensaku.mhlw.go.jp/09/index.php?action_kouhyou_detail_004_kani=true&JigyosyoCd=0972200067-00&ServiceCd=150&Type=search" }, "geometry": { "type": "Point", "coordinates": [ 139.698097679762185, 36.49621648470724 ] } },
{ "type": "Feature", "properties": { "内容": "デイサービスセンター　おりづる【通所介護】栃木県鹿沼市茂呂1090-25", "url2": "https://www.kaigokensaku.mhlw.go.jp/09/index.php?action_kouhyou_detail_004_kani=true&JigyosyoCd=0970500583-00&ServiceCd=150&Type=search" }, "geometry": { "type": "Point", "coordinates": [ 139.77964350000002, 36.549136 ] } },
{ "type": "Feature", "properties": { "内容": "ケアパートナー鹿沼【通所介護】栃木県鹿沼市鳥居跡町９８９－１", "url2": "https://www.kaigokensaku.mhlw.go.jp/09/index.php?action_kouhyou_detail_004_kani=true&JigyosyoCd=0970500682-00&ServiceCd=150&Type=search" }, "geometry": { "type": "Point", "coordinates": [ 139.74759610000001, 36.5552675 ] } },
{ "type": "Feature", "properties": { "内容": "ディサービスセンター「暖らいふ」【通所介護】栃木県鹿沼市北半田１４８９番地６", "url2": "https://www.kaigokensaku.mhlw.go.jp/09/index.php?action_kouhyou_detail_004_kani=true&JigyosyoCd=0970501151-00&ServiceCd=150&Type=search" }, "geometry": { "type": "Point", "coordinates": [ 139.720860575567428, 36.496080299547856 ] } },
{ "type": "Feature", "properties": { "内容": "さつき荘西茂呂デイサービスセンター【通所介護】栃木県鹿沼市西茂呂4-30-1", "url2": "https://www.kaigokensaku.mhlw.go.jp/09/index.php?action_kouhyou_detail_004_kani=true&JigyosyoCd=0970500146-00&ServiceCd=150&Type=search" }, "geometry": { "type": "Point", "coordinates": [ 139.76650880185241, 36.546520583051802 ] } },
{ "type": "Feature", "properties": { "内容": "グリーンホームデイサービスセンター【通所介護】栃木県鹿沼市下日向438-1", "url2": "https://www.kaigokensaku.mhlw.go.jp/09/index.php?action_kouhyou_detail_004_kani=true&JigyosyoCd=0970500252-00&ServiceCd=150&Type=search" }, "geometry": { "type": "Point", "coordinates": [ 139.717359699999946, 36.5504111 ] } },
{ "type": "Feature", "properties": { "内容": "オレンジホームデイサービスセンター【通所介護】栃木県鹿沼市富岡492-2", "url2": "https://www.kaigokensaku.mhlw.go.jp/09/index.php?action_kouhyou_detail_004_kani=true&JigyosyoCd=0970500278-00&ServiceCd=150&Type=search" }, "geometry": { "type": "Point", "coordinates": [ 139.735069599999946, 36.6155575 ] } },
{ "type": "Feature", "properties": { "内容": "デイサービス智光薬湯さくら【通所介護】栃木県鹿沼市花岡町137-8", "url2": "https://www.kaigokensaku.mhlw.go.jp/09/index.php?action_kouhyou_detail_004_kani=true&JigyosyoCd=0970501201-00&ServiceCd=150&Type=search" }, "geometry": { "type": "Point", "coordinates": [ 139.740163503704849, 36.556922126029335 ] } },
{ "type": "Feature", "properties": { "内容": "家族の家ひまわり日光　通所介護事業所【通所介護】栃木県日光市瀬川40-1", "url2": "https://www.kaigokensaku.mhlw.go.jp/09/index.php?action_kouhyou_detail_004_kani=true&JigyosyoCd=0970600763-00&ServiceCd=150&Type=search" }, "geometry": { "type": "Point", "coordinates": [ 139.694077399999969, 36.7261185 ] } },
{ "type": "Feature", "properties": { "内容": "ケアステーションあさひ日光【通所介護】栃木県日光市七里692-3", "url2": "https://www.kaigokensaku.mhlw.go.jp/09/index.php?action_kouhyou_detail_004_kani=true&JigyosyoCd=0970600607-00&ServiceCd=150&Type=search" }, "geometry": { "type": "Point", "coordinates": [ 139.6320045, 36.7430454 ] } },
{ "type": "Feature", "properties": { "内容": "ひかりの里（介護予防）通所介護【通所介護】栃木県日光市今市1086番地2", "url2": "https://www.kaigokensaku.mhlw.go.jp/09/index.php?action_kouhyou_detail_004_kani=true&JigyosyoCd=0970600193-00&ServiceCd=150&Type=search" }, "geometry": { "type": "Point", "coordinates": [ 139.697757499999966, 36.7248243 ] } },
{ "type": "Feature", "properties": { "内容": "日光リハビリガーデン【通所介護】栃木県日光市森友1127-62", "url2": "https://www.kaigokensaku.mhlw.go.jp/09/index.php?action_kouhyou_detail_004_kani=true&JigyosyoCd=0970600888-00&ServiceCd=150&Type=search" }, "geometry": { "type": "Point", "coordinates": [ 139.728255335581991, 36.722267883853945 ] } },
{ "type": "Feature", "properties": { "内容": "在宅介護支援センター　おちあい【通所介護】栃木県日光市板橋2190-2", "url2": "https://www.kaigokensaku.mhlw.go.jp/09/index.php?action_kouhyou_detail_004_kani=true&JigyosyoCd=0970700019-00&ServiceCd=150&Type=search" }, "geometry": { "type": "Point", "coordinates": [ 139.73511869999993, 36.6492286 ] } },
{ "type": "Feature", "properties": { "内容": "デイサービスセンター　誠心園【通所介護】栃木県日光市倉ケ崎６０５番地７", "url2": "https://www.kaigokensaku.mhlw.go.jp/09/index.php?action_kouhyou_detail_004_kani=true&JigyosyoCd=0970700118-00&ServiceCd=150&Type=search" }, "geometry": { "type": "Point", "coordinates": [ 139.712723900000043, 36.755018600000014 ] } },
{ "type": "Feature", "properties": { "内容": "老人デイサービスセンターさくら苑【通所介護】栃木県日光市大室863-7", "url2": "https://www.kaigokensaku.mhlw.go.jp/09/index.php?action_kouhyou_detail_004_kani=true&JigyosyoCd=0970700399-00&ServiceCd=150&Type=search" }, "geometry": { "type": "Point", "coordinates": [ 139.7501241, 36.7229311 ] } },
{ "type": "Feature", "properties": { "内容": "デイサービスうえの荘【通所介護】栃木県日光市鬼怒川温泉大原８５３", "url2": "https://www.kaigokensaku.mhlw.go.jp/09/index.php?action_kouhyou_detail_004_kani=true&JigyosyoCd=0972600456-00&ServiceCd=150&Type=search" }, "geometry": { "type": "Point", "coordinates": [ 139.7175019, 36.8223023 ] } },
{ "type": "Feature", "properties": { "内容": "デイサービスセンター栗林荘【通所介護】栃木県小山市塚崎　463-1", "url2": "https://www.kaigokensaku.mhlw.go.jp/09/index.php?action_kouhyou_detail_004_kani=true&JigyosyoCd=0970800405-00&ServiceCd=150&Type=search" }, "geometry": { "type": "Point", "coordinates": [ 139.815155799999957, 36.2634334 ] } },
{ "type": "Feature", "properties": { "内容": "家族の家ひまわり小山通所介護事業所【通所介護】栃木県小山市駅東通り1-22-28", "url2": "https://www.kaigokensaku.mhlw.go.jp/09/index.php?action_kouhyou_detail_004_kani=true&JigyosyoCd=0970802252-00&ServiceCd=150&Type=search" }, "geometry": { "type": "Point", "coordinates": [ 139.808810699999981, 36.3094392 ] } },
{ "type": "Feature", "properties": { "内容": "ゆうゆうケアステーションびわの里【通所介護】栃木県小山市立木710-1", "url2": "https://www.kaigokensaku.mhlw.go.jp/09/index.php?action_kouhyou_detail_004_kani=true&JigyosyoCd=0970801536-00&ServiceCd=150&Type=search" }, "geometry": { "type": "Point", "coordinates": [ 139.781985100000043, 36.3345654 ] } },
{ "type": "Feature", "properties": { "内容": "デイサービスひらわ【通所介護】栃木県小山市平和263-5", "url2": "https://www.kaigokensaku.mhlw.go.jp/09/index.php?action_kouhyou_detail_004_kani=true&JigyosyoCd=0970802559-00&ServiceCd=150&Type=search" }, "geometry": { "type": "Point", "coordinates": [ 139.7737495, 36.2560134 ] } },
{ "type": "Feature", "properties": { "内容": "デイサービス　ゆう愛【通所介護】栃木県小山市神鳥谷5-12-13", "url2": "https://www.kaigokensaku.mhlw.go.jp/09/index.php?action_kouhyou_detail_004_kani=true&JigyosyoCd=0970801981-00&ServiceCd=150&Type=search" }, "geometry": { "type": "Point", "coordinates": [ 139.790529900000024, 36.2951732 ] } },
{ "type": "Feature", "properties": { "内容": "ケアステーションあさひ小山【通所介護】栃木県小山市東城南2-21-14", "url2": "https://www.kaigokensaku.mhlw.go.jp/09/index.php?action_kouhyou_detail_004_kani=true&JigyosyoCd=0970801643-00&ServiceCd=150&Type=search" }, "geometry": { "type": "Point", "coordinates": [ 139.815754095106513, 36.296547764736758 ] } },
{ "type": "Feature", "properties": { "内容": "デイサービスセンター　虹の郷【通所介護】栃木県小山市西黒田３００番地１", "url2": "https://www.kaigokensaku.mhlw.go.jp/09/index.php?action_kouhyou_detail_004_kani=true&JigyosyoCd=0970802039-00&ServiceCd=150&Type=search" }, "geometry": { "type": "Point", "coordinates": [ 139.779145157355543, 36.266902089608656 ] } },
{ "type": "Feature", "properties": { "内容": "ケアステーションあさひ　小山第弐【通所介護】栃木県小山市東城南2丁目24番地3ケアステーションあさひ小山第弐", "url2": "https://www.kaigokensaku.mhlw.go.jp/09/index.php?action_kouhyou_detail_004_kani=true&JigyosyoCd=0970802211-00&ServiceCd=150&Type=search" }, "geometry": { "type": "Point", "coordinates": [ 139.815291626294993, 36.296306289688005 ] } },
{ "type": "Feature", "properties": { "内容": "イーストピア小山【通所介護】栃木県小山市駅東通り１－２１－２１", "url2": "https://www.kaigokensaku.mhlw.go.jp/09/index.php?action_kouhyou_detail_004_kani=true&JigyosyoCd=0970802294-00&ServiceCd=150&Type=search" }, "geometry": { "type": "Point", "coordinates": [ 139.808960699999943, 36.3088282 ] } },
{ "type": "Feature", "properties": { "内容": "ニチイケアセンターおやま【通所介護】小山市神鳥谷2丁目13番14号", "url2": "https://www.kaigokensaku.mhlw.go.jp/09/index.php?action_kouhyou_detail_004_kani=true&JigyosyoCd=0970800025-00&ServiceCd=150&Type=search" }, "geometry": { "type": "Point", "coordinates": [ 139.794931899999938, 36.3010366 ] } },
{ "type": "Feature", "properties": { "内容": "デイサービスセンター　ラ・ポール【通所介護】栃木県小山市中久喜1273-1", "url2": "https://www.kaigokensaku.mhlw.go.jp/09/index.php?action_kouhyou_detail_004_kani=true&JigyosyoCd=0970800306-00&ServiceCd=150&Type=search" }, "geometry": { "type": "Point", "coordinates": [ 139.834405699999934, 36.3236804 ] } },
{ "type": "Feature", "properties": { "内容": "デイサービスセンター富士見荘【通所介護】栃木県小山市大字上石塚５番地", "url2": "https://www.kaigokensaku.mhlw.go.jp/09/index.php?action_kouhyou_detail_004_kani=true&JigyosyoCd=0970800330-00&ServiceCd=150&Type=search" }, "geometry": { "type": "Point", "coordinates": [ 139.776344, 36.3326043 ] } },
{ "type": "Feature", "properties": { "内容": "山田記念ふれんど羽川デイサービスセンター【通所介護】栃木県小山市羽川524-1", "url2": "https://www.kaigokensaku.mhlw.go.jp/09/index.php?action_kouhyou_detail_004_kani=true&JigyosyoCd=0970800355-00&ServiceCd=150&Type=search" }, "geometry": { "type": "Point", "coordinates": [ 139.836607671827664, 36.366418512332487 ] } },
{ "type": "Feature", "properties": { "内容": "デイサービスセンター穂の香苑【通所介護】栃木県小山市間々田１４４２", "url2": "https://www.kaigokensaku.mhlw.go.jp/09/index.php?action_kouhyou_detail_004_kani=true&JigyosyoCd=0970800389-00&ServiceCd=150&Type=search" }, "geometry": { "type": "Point", "coordinates": [ 139.762830500000064, 36.2679172 ] } },
{ "type": "Feature", "properties": { "内容": "サンフラワーデイサービスセンター【通所介護】栃木県小山市大字出井１９３８", "url2": "https://www.kaigokensaku.mhlw.go.jp/09/index.php?action_kouhyou_detail_004_kani=true&JigyosyoCd=0970800744-00&ServiceCd=150&Type=search" }, "geometry": { "type": "Point", "coordinates": [ 139.836983300000043, 36.3345264 ] } },
{ "type": "Feature", "properties": { "内容": "デイサービスセンター　エブリデイ【通所介護】栃木県小山市中久喜1640-1", "url2": "https://www.kaigokensaku.mhlw.go.jp/09/index.php?action_kouhyou_detail_004_kani=true&JigyosyoCd=0970800975-00&ServiceCd=150&Type=search" }, "geometry": { "type": "Point", "coordinates": [ 139.839241500000071, 36.3182673 ] } },
{ "type": "Feature", "properties": { "内容": "デイサービスきみぼ（王望）【通所介護】栃木県小山市暁３－１－12", "url2": "https://www.kaigokensaku.mhlw.go.jp/09/index.php?action_kouhyou_detail_004_kani=true&JigyosyoCd=0970801049-00&ServiceCd=150&Type=search" }, "geometry": { "type": "Point", "coordinates": [ 139.760524715973247, 36.256598116098687 ] } },
{ "type": "Feature", "properties": { "内容": "ふれんど小山デイサービスセンター【通所介護】栃木県小山市若木町1-18-6", "url2": "https://www.kaigokensaku.mhlw.go.jp/09/index.php?action_kouhyou_detail_004_kani=true&JigyosyoCd=0970801114-00&ServiceCd=150&Type=search" }, "geometry": { "type": "Point", "coordinates": [ 139.8044109, 36.3277118 ] } },
{ "type": "Feature", "properties": { "内容": "デイサービス　サンテーヌ【通所介護】栃木県小山市八幡町2ー7ー22", "url2": "https://www.kaigokensaku.mhlw.go.jp/09/index.php?action_kouhyou_detail_004_kani=true&JigyosyoCd=0970801171-00&ServiceCd=150&Type=search" }, "geometry": { "type": "Point", "coordinates": [ 139.797806400000013, 36.3081082 ] } },
{ "type": "Feature", "properties": { "内容": "ふれあいの里・美田【通所介護】栃木県小山市生駒７０２", "url2": "https://www.kaigokensaku.mhlw.go.jp/09/index.php?action_kouhyou_detail_004_kani=true&JigyosyoCd=0970801379-00&ServiceCd=150&Type=search" }, "geometry": { "type": "Point", "coordinates": [ 139.752627, 36.3189942 ] } },
{ "type": "Feature", "properties": { "内容": "小山ケアセンターそよ風【通所介護】栃木県小山市犬塚8丁目3番地8", "url2": "https://www.kaigokensaku.mhlw.go.jp/09/index.php?action_kouhyou_detail_004_kani=true&JigyosyoCd=0970801387-00&ServiceCd=150&Type=search" }, "geometry": { "type": "Point", "coordinates": [ 139.832077053967282, 36.30237994731808 ] } },
{ "type": "Feature", "properties": { "内容": "デイサービスセンター　あとりえ【通所介護】栃木県小山市西城南５丁目８番地１９", "url2": "https://www.kaigokensaku.mhlw.go.jp/09/index.php?action_kouhyou_detail_004_kani=true&JigyosyoCd=0970801973-00&ServiceCd=150&Type=search" }, "geometry": { "type": "Point", "coordinates": [ 139.796104199999945, 36.2958734 ] } },
{ "type": "Feature", "properties": { "内容": "コープデイサービスセンター喜沢【通所介護】栃木県小山市大字喜沢1475-98", "url2": "https://www.kaigokensaku.mhlw.go.jp/09/index.php?action_kouhyou_detail_004_kani=true&JigyosyoCd=0970802500-00&ServiceCd=150&Type=search" }, "geometry": { "type": "Point", "coordinates": [ 139.802435628836093, 36.329974971550278 ] } },
{ "type": "Feature", "properties": { "内容": "らしさデイサービス【通所介護】栃木県小山市鉢形396-1", "url2": "https://www.kaigokensaku.mhlw.go.jp/09/index.php?action_kouhyou_detail_004_kani=true&JigyosyoCd=0970802526-00&ServiceCd=150&Type=search" }, "geometry": { "type": "Point", "coordinates": [ 139.859198399999968, 36.338121 ] } },
{ "type": "Feature", "properties": { "内容": "通所介護事業所　スーパーデイみらい【通所介護】栃木県小山市雨ヶ谷814番地2", "url2": "https://www.kaigokensaku.mhlw.go.jp/09/index.php?action_kouhyou_detail_004_kani=true&JigyosyoCd=0970802872-00&ServiceCd=150&Type=search" }, "geometry": { "type": "Point", "coordinates": [ 139.811229300000036, 36.278449 ] } },
{ "type": "Feature", "properties": { "内容": "ツクイ小山【通所介護】栃木県栃木県小山市西城南4-1-19", "url2": "https://www.kaigokensaku.mhlw.go.jp/09/index.php?action_kouhyou_detail_004_kani=true&JigyosyoCd=0970802948-00&ServiceCd=150&Type=search" }, "geometry": { "type": "Point", "coordinates": [ 139.800520799999987, 36.294786 ] } },
{ "type": "Feature", "properties": { "内容": "デイホーム孫の手・おやま【通所介護】栃木県小山市城東6丁目18番17号", "url2": "https://www.kaigokensaku.mhlw.go.jp/09/index.php?action_kouhyou_detail_004_kani=true&JigyosyoCd=0970803128-00&ServiceCd=150&Type=search" }, "geometry": { "type": "Point", "coordinates": [ 139.820661699999988, 36.3100403 ] } },
{ "type": "Feature", "properties": { "内容": "ケアパートナー小山【通所介護】栃木県小山市東城南１丁目7番地3サンリット萩山公園１階", "url2": "https://www.kaigokensaku.mhlw.go.jp/09/index.php?action_kouhyou_detail_004_kani=true&JigyosyoCd=0970801189-00&ServiceCd=150&Type=search" }, "geometry": { "type": "Point", "coordinates": [ 139.811269300000049, 36.2978835 ] } },
{ "type": "Feature", "properties": { "内容": "きぬの里ディサービスセンター【通所介護】栃木県小山市高椅132-1", "url2": "https://www.kaigokensaku.mhlw.go.jp/09/index.php?action_kouhyou_detail_004_kani=true&JigyosyoCd=0970800272-00&ServiceCd=150&Type=search" }, "geometry": { "type": "Point", "coordinates": [ 139.888123599999972, 36.3390051 ] } },
{ "type": "Feature", "properties": { "内容": "あいあいタウンデイサービスセンター【通所介護】栃木県小山市千駄塚350-1", "url2": "https://www.kaigokensaku.mhlw.go.jp/09/index.php?action_kouhyou_detail_004_kani=true&JigyosyoCd=0970802849-00&ServiceCd=150&Type=search" }, "geometry": { "type": "Point", "coordinates": [ 139.77535, 36.2802852 ] } },
{ "type": "Feature", "properties": { "内容": "ケアネット小山サービスセンター【通所介護】栃木県小山市城東５丁目８番１０号", "url2": "https://www.kaigokensaku.mhlw.go.jp/09/index.php?action_kouhyou_detail_004_kani=true&JigyosyoCd=0970800579-00&ServiceCd=150&Type=search" }, "geometry": { "type": "Point", "coordinates": [ 139.8212509, 36.3149004 ] } },
{ "type": "Feature", "properties": { "内容": "デイサービスあむーる【通所介護】栃木県小山市犬塚49-2", "url2": "https://www.kaigokensaku.mhlw.go.jp/09/index.php?action_kouhyou_detail_004_kani=true&JigyosyoCd=0970803102-00&ServiceCd=150&Type=search" }, "geometry": { "type": "Point", "coordinates": [ 139.8321326, 36.324215 ] } },
{ "type": "Feature", "properties": { "内容": "高齢者介護施設たいよう（平成22年度新規指定事業所）【通所介護】鷲巣５１７", "url2": "https://www.kaigokensaku.mhlw.go.jp/09/index.php?action_kouhyou_detail_004_kani=true&JigyosyoCd=0970900551-00&ServiceCd=150&Type=search" }, "geometry": { "type": "Point", "coordinates": [ 139.796417499999961, 36.0439422 ] } },
{ "type": "Feature", "properties": { "内容": "家族の家ひまわり真岡　通所介護事業所【通所介護】栃木県真岡市荒町3-25-6", "url2": "https://www.kaigokensaku.mhlw.go.jp/09/index.php?action_kouhyou_detail_004_kani=true&JigyosyoCd=0970900759-00&ServiceCd=150&Type=search" }, "geometry": { "type": "Point", "coordinates": [ 140.017605, 36.442891 ] } },
{ "type": "Feature", "properties": { "内容": "家族の家ひまわり真岡二宮　通所介護事業所【通所介護】栃木県真岡市久下田西2-7", "url2": "https://www.kaigokensaku.mhlw.go.jp/09/index.php?action_kouhyou_detail_004_kani=true&JigyosyoCd=0970900783-00&ServiceCd=150&Type=search" }, "geometry": { "type": "Point", "coordinates": [ 139.966484600000058, 36.3756379 ] } },
{ "type": "Feature", "properties": { "内容": "ケアステーションあさひ真岡【通所介護】栃木県真岡市下高間木１丁目30-5", "url2": "https://www.kaigokensaku.mhlw.go.jp/09/index.php?action_kouhyou_detail_004_kani=true&JigyosyoCd=0970900635-00&ServiceCd=150&Type=search" }, "geometry": { "type": "Point", "coordinates": [ 139.9839194, 36.4357157 ] } },
{ "type": "Feature", "properties": { "内容": "特別養護老人ホーム　やまさわの里【通所介護】栃木県真岡市熊倉町3435番地1", "url2": "https://www.kaigokensaku.mhlw.go.jp/09/index.php?action_kouhyou_detail_004_kani=true&JigyosyoCd=0970900379-00&ServiceCd=150&Type=search" }, "geometry": { "type": "Point", "coordinates": [ 139.996468400000026, 36.4329276 ] } },
{ "type": "Feature", "properties": { "内容": "デイサービスにのみや【通所介護】栃木県真岡市久下田956-1", "url2": "https://www.kaigokensaku.mhlw.go.jp/09/index.php?action_kouhyou_detail_004_kani=true&JigyosyoCd=0972700892-00&ServiceCd=150&Type=search" }, "geometry": { "type": "Point", "coordinates": [ 139.9683705, 36.3750241 ] } },
{ "type": "Feature", "properties": { "内容": "ケアステーションあさひ真岡第弐【通所介護】栃木県真岡市下高間木1丁目28-2", "url2": "https://www.kaigokensaku.mhlw.go.jp/09/index.php?action_kouhyou_detail_004_kani=true&JigyosyoCd=0970900833-00&ServiceCd=150&Type=search" }, "geometry": { "type": "Point", "coordinates": [ 139.985164199999986, 36.4359288 ] } },
{ "type": "Feature", "properties": { "内容": "デイサービスセンター田井の里【通所介護】栃木県真岡市西田井７４８－２", "url2": "https://www.kaigokensaku.mhlw.go.jp/09/index.php?action_kouhyou_detail_004_kani=true&JigyosyoCd=0970900676-00&ServiceCd=150&Type=search" }, "geometry": { "type": "Point", "coordinates": [ 140.070465586413547, 36.453758377197616 ] } },
{ "type": "Feature", "properties": { "内容": "ニチイケアセンター真岡【通所介護】真岡市荒町35-3", "url2": "https://www.kaigokensaku.mhlw.go.jp/09/index.php?action_kouhyou_detail_004_kani=true&JigyosyoCd=0970900106-00&ServiceCd=150&Type=search" }, "geometry": { "type": "Point", "coordinates": [ 140.011913899999968, 36.441877 ] } },
{ "type": "Feature", "properties": { "内容": "ＪＡはが野デイサービスセンターすこやか山前【通所介護】栃木県真岡市小林７１２", "url2": "https://www.kaigokensaku.mhlw.go.jp/09/index.php?action_kouhyou_detail_004_kani=true&JigyosyoCd=0970900148-00&ServiceCd=150&Type=search" }, "geometry": { "type": "Point", "coordinates": [ 140.040682830034342, 36.426790803012274 ] } },
{ "type": "Feature", "properties": { "内容": "ＪＡはが野デイサービスセンターすこやか大内【通所介護】栃木県真岡市飯貝５５８番地１", "url2": "https://www.kaigokensaku.mhlw.go.jp/09/index.php?action_kouhyou_detail_004_kani=true&JigyosyoCd=0970900155-00&ServiceCd=150&Type=search" }, "geometry": { "type": "Point", "coordinates": [ 140.018665, 36.4775674 ] } },
{ "type": "Feature", "properties": { "内容": "デイサービスセンターきたはら【通所介護】栃木県真岡市若旅656番地", "url2": "https://www.kaigokensaku.mhlw.go.jp/09/index.php?action_kouhyou_detail_004_kani=true&JigyosyoCd=0970900171-00&ServiceCd=150&Type=search" }, "geometry": { "type": "Point", "coordinates": [ 139.948432700000012, 36.4023594 ] } },
{ "type": "Feature", "properties": { "内容": "デイサービスセンター　　すずらん【通所介護】栃木県真岡市上高間木2-24-3", "url2": "https://www.kaigokensaku.mhlw.go.jp/09/index.php?action_kouhyou_detail_004_kani=true&JigyosyoCd=0970900320-00&ServiceCd=150&Type=search" }, "geometry": { "type": "Point", "coordinates": [ 139.985433, 36.441729 ] } },
{ "type": "Feature", "properties": { "内容": "さわやかデイホーム悠々【通所介護】栃木県真岡市荒町２－１７－１", "url2": "https://www.kaigokensaku.mhlw.go.jp/09/index.php?action_kouhyou_detail_004_kani=true&JigyosyoCd=0970900346-00&ServiceCd=150&Type=search" }, "geometry": { "type": "Point", "coordinates": [ 140.0111262, 36.4484143 ] } },
{ "type": "Feature", "properties": { "内容": "社会福祉法人　三起デイサービスセンター【通所介護】栃木県真岡市西郷１１８－２", "url2": "https://www.kaigokensaku.mhlw.go.jp/09/index.php?action_kouhyou_detail_004_kani=true&JigyosyoCd=0970900353-00&ServiceCd=150&Type=search" }, "geometry": { "type": "Point", "coordinates": [ 139.999742500000025, 36.453067 ] } },
{ "type": "Feature", "properties": { "内容": "マストクデイサービス【通所介護】栃木県真岡市田町１５５６－１", "url2": "https://www.kaigokensaku.mhlw.go.jp/09/index.php?action_kouhyou_detail_004_kani=true&JigyosyoCd=0970900460-00&ServiceCd=150&Type=search" }, "geometry": { "type": "Point", "coordinates": [ 140.0132668, 36.434639 ] } },
{ "type": "Feature", "properties": { "内容": "よしむら整骨院のデイサービス【通所介護】栃木県真岡市小林550－1", "url2": "https://www.kaigokensaku.mhlw.go.jp/09/index.php?action_kouhyou_detail_004_kani=true&JigyosyoCd=0970900494-00&ServiceCd=150&Type=search" }, "geometry": { "type": "Point", "coordinates": [ 140.037706599999979, 36.4241348 ] } },
{ "type": "Feature", "properties": { "内容": "ふれんど真岡デイサービスセンター【通所介護】栃木県真岡市八木岡377-6", "url2": "https://www.kaigokensaku.mhlw.go.jp/09/index.php?action_kouhyou_detail_004_kani=true&JigyosyoCd=0970900734-00&ServiceCd=150&Type=search" }, "geometry": { "type": "Point", "coordinates": [ 139.995096660093509, 36.426525589075005 ] } },
{ "type": "Feature", "properties": { "内容": "ＪＡはが野デイサービスセンターすこやか二宮【通所介護】栃木県真岡市久下田1603-1", "url2": "https://www.kaigokensaku.mhlw.go.jp/09/index.php?action_kouhyou_detail_004_kani=true&JigyosyoCd=0972700090-00&ServiceCd=150&Type=search" }, "geometry": { "type": "Point", "coordinates": [ 140.0054884, 36.3955452 ] } },
{ "type": "Feature", "properties": { "内容": "デイサービスセンター　自由館【通所介護】栃木県真岡市石島463", "url2": "https://www.kaigokensaku.mhlw.go.jp/09/index.php?action_kouhyou_detail_004_kani=true&JigyosyoCd=0972700249-00&ServiceCd=150&Type=search" }, "geometry": { "type": "Point", "coordinates": [ 139.974350100000038, 36.3935833 ] } },
{ "type": "Feature", "properties": { "内容": "特別養護老人ホーム　桜の華　通所介護事業所【通所介護】栃木県真岡市久下田712-8", "url2": "https://www.kaigokensaku.mhlw.go.jp/09/index.php?action_kouhyou_detail_004_kani=true&JigyosyoCd=0972700652-00&ServiceCd=150&Type=search" }, "geometry": { "type": "Point", "coordinates": [ 139.967820599999982, 36.3743964 ] } },
{ "type": "Feature", "properties": { "内容": "デイサービスセンター　椿寿園【通所介護】栃木県真岡市亀山３５０－２０", "url2": "https://www.kaigokensaku.mhlw.go.jp/09/index.php?action_kouhyou_detail_004_kani=true&JigyosyoCd=0970900122-00&ServiceCd=150&Type=search" }, "geometry": { "type": "Point", "coordinates": [ 139.988915499999962, 36.459577 ] } },
{ "type": "Feature", "properties": { "内容": "Giシェル＆シティ【通所介護】栃木県芳賀郡市貝町赤羽1712-1", "url2": "https://www.kaigokensaku.mhlw.go.jp/09/index.php?action_kouhyou_detail_004_kani=true&JigyosyoCd=0972701114-00&ServiceCd=150&Type=search" }, "geometry": { "type": "Point", "coordinates": [ 140.0629954, 36.5131854 ] } },
{ "type": "Feature", "properties": { "内容": "家族の家ひまわり大田原【通所介護】加治屋83-11", "url2": "https://www.kaigokensaku.mhlw.go.jp/09/index.php?action_kouhyou_detail_004_kani=true&JigyosyoCd=0971001292-00&ServiceCd=150&Type=search" }, "geometry": { "type": "Point", "coordinates": [ 139.9965082, 36.8558269 ] } },
{ "type": "Feature", "properties": { "内容": "デイサービスこころ【通所介護】栃木県大田原市本町2-2829-35", "url2": "https://www.kaigokensaku.mhlw.go.jp/09/index.php?action_kouhyou_detail_004_kani=true&JigyosyoCd=0971000393-00&ServiceCd=150&Type=search" }, "geometry": { "type": "Point", "coordinates": [ 140.008964052778595, 36.871019896161208 ] } },
{ "type": "Feature", "properties": { "内容": "ニチイケアセンター大田原【通所介護】栃木県大田原市佐久山3227", "url2": "https://www.kaigokensaku.mhlw.go.jp/09/index.php?action_kouhyou_detail_004_kani=true&JigyosyoCd=0971000104-00&ServiceCd=150&Type=search" }, "geometry": { "type": "Point", "coordinates": [ 140.000246100000027, 36.8085096 ] } },
{ "type": "Feature", "properties": { "内容": "デイサービスセンター　やすらぎ舎【通所介護】栃木県大田原市北大和久１番地３", "url2": "https://www.kaigokensaku.mhlw.go.jp/09/index.php?action_kouhyou_detail_004_kani=true&JigyosyoCd=0971000146-00&ServiceCd=150&Type=search" }, "geometry": { "type": "Point", "coordinates": [ 140.051470699999982, 36.8451681 ] } },
{ "type": "Feature", "properties": { "内容": "晴風園デイサービスセンター【通所介護】栃木県大田原市下石上１２５８", "url2": "https://www.kaigokensaku.mhlw.go.jp/09/index.php?action_kouhyou_detail_004_kani=true&JigyosyoCd=0971000211-00&ServiceCd=150&Type=search" }, "geometry": { "type": "Point", "coordinates": [ 139.945960900000046, 36.8518786 ] } },
{ "type": "Feature", "properties": { "内容": "老人デイサービスセンター　藍【通所介護】栃木県大田原市小滝１７－２２", "url2": "https://www.kaigokensaku.mhlw.go.jp/09/index.php?action_kouhyou_detail_004_kani=true&JigyosyoCd=0971000237-00&ServiceCd=150&Type=search" }, "geometry": { "type": "Point", "coordinates": [ 140.079016200000069, 36.8965225 ] } },
{ "type": "Feature", "properties": { "内容": "だいな若草デイサ－ビス【通所介護】栃木県大田原市紫塚3-2633-10", "url2": "https://www.kaigokensaku.mhlw.go.jp/09/index.php?action_kouhyou_detail_004_kani=true&JigyosyoCd=0971000377-00&ServiceCd=150&Type=search" }, "geometry": { "type": "Point", "coordinates": [ 140.021712241069793, 36.877755139863041 ] } },
{ "type": "Feature", "properties": { "内容": "ほっとアスターデイサービスセンター【通所介護】栃木県大田原市前田８６３－５", "url2": "https://www.kaigokensaku.mhlw.go.jp/09/index.php?action_kouhyou_detail_004_kani=true&JigyosyoCd=0971000492-00&ServiceCd=150&Type=search" }, "geometry": { "type": "Point", "coordinates": [ 140.13086880000003, 36.8670092 ] } },
{ "type": "Feature", "properties": { "内容": "大田原ケアセンターそよ風【通所介護】栃木県大田原市新富町３－７－２４", "url2": "https://www.kaigokensaku.mhlw.go.jp/09/index.php?action_kouhyou_detail_004_kani=true&JigyosyoCd=0971000690-00&ServiceCd=150&Type=search" }, "geometry": { "type": "Point", "coordinates": [ 140.023126899999966, 36.8621103 ] } },
{ "type": "Feature", "properties": { "内容": "ケアステーションあさひ大田原【通所介護】栃木県大田原市美原3丁目3267-1", "url2": "https://www.kaigokensaku.mhlw.go.jp/09/index.php?action_kouhyou_detail_004_kani=true&JigyosyoCd=0971001060-00&ServiceCd=150&Type=search" }, "geometry": { "type": "Point", "coordinates": [ 140.000996799999939, 36.8614565 ] } },
{ "type": "Feature", "properties": { "内容": "デイサービス花はな【通所介護】黒羽田町802番地10", "url2": "https://www.kaigokensaku.mhlw.go.jp/09/index.php?action_kouhyou_detail_004_kani=true&JigyosyoCd=0971001383-00&ServiceCd=150&Type=search" }, "geometry": { "type": "Point", "coordinates": [ 140.120286733135231, 36.86177355983132 ] } },
{ "type": "Feature", "properties": { "内容": "デイサービスセンター春日和大田原【通所介護】栃木県大田原市美原2-3255-5", "url2": "https://www.kaigokensaku.mhlw.go.jp/09/index.php?action_kouhyou_detail_004_kani=true&JigyosyoCd=0971001409-00&ServiceCd=150&Type=search" }, "geometry": { "type": "Point", "coordinates": [ 140.0028465, 36.86203 ] } },
{ "type": "Feature", "properties": { "内容": "デイサービスセンター　ほのぼの園【通所介護】栃木県大田原市湯津上5-989", "url2": "https://www.kaigokensaku.mhlw.go.jp/09/index.php?action_kouhyou_detail_004_kani=true&JigyosyoCd=0972500243-00&ServiceCd=150&Type=search" }, "geometry": { "type": "Point", "coordinates": [ 140.105483400000026, 36.8252085 ] } },
{ "type": "Feature", "properties": { "内容": "老人デイサービスセンター山百合荘【通所介護】栃木県大田原市久野又８０７－１", "url2": "https://www.kaigokensaku.mhlw.go.jp/09/index.php?action_kouhyou_detail_004_kani=true&JigyosyoCd=0972500268-00&ServiceCd=150&Type=search" }, "geometry": { "type": "Point", "coordinates": [ 140.137670299999968, 36.8899072 ] } },
{ "type": "Feature", "properties": { "内容": "早稲田イーライフ大田原【通所介護】栃木県大田原市中央1-3-15トコトコ大田原1F", "url2": "https://www.kaigokensaku.mhlw.go.jp/09/index.php?action_kouhyou_detail_004_kani=true&JigyosyoCd=0971001300-00&ServiceCd=150&Type=search" }, "geometry": { "type": "Point", "coordinates": [ 140.025893, 36.8684679 ] } },
{ "type": "Feature", "properties": { "内容": "家族の家ひまわり矢板　通所介護事業所【通所介護】栃木県矢板市扇町2丁目13番39号", "url2": "https://www.kaigokensaku.mhlw.go.jp/09/index.php?action_kouhyou_detail_004_kani=true&JigyosyoCd=0971100599-00&ServiceCd=150&Type=search" }, "geometry": { "type": "Point", "coordinates": [ 139.92877539999995, 36.8137994 ] } },
{ "type": "Feature", "properties": { "内容": "片岡デイサービスセンター【通所介護】栃木県矢板市石関1289-6", "url2": "https://www.kaigokensaku.mhlw.go.jp/09/index.php?action_kouhyou_detail_004_kani=true&JigyosyoCd=0971100714-00&ServiceCd=150&Type=search" }, "geometry": { "type": "Point", "coordinates": [ 139.942337, 36.7542588 ] } },
{ "type": "Feature", "properties": { "内容": "老人デイサービスセンター八汐苑【通所介護】栃木県矢板市平野１３６２番地１２", "url2": "https://www.kaigokensaku.mhlw.go.jp/09/index.php?action_kouhyou_detail_004_kani=true&JigyosyoCd=0971100128-00&ServiceCd=150&Type=search" }, "geometry": { "type": "Point", "coordinates": [ 139.896915900000067, 36.8574432 ] } },
{ "type": "Feature", "properties": { "内容": "デイサービス元気倶楽部【通所介護】栃木県矢板市扇町2丁目8番地34", "url2": "https://www.kaigokensaku.mhlw.go.jp/09/index.php?action_kouhyou_detail_004_kani=true&JigyosyoCd=0971100151-00&ServiceCd=150&Type=search" }, "geometry": { "type": "Point", "coordinates": [ 139.932794400000034, 36.8140078 ] } },
{ "type": "Feature", "properties": { "内容": "老人デイサービスセンター　やしお【通所介護】栃木県矢板市川崎反町330-1", "url2": "https://www.kaigokensaku.mhlw.go.jp/09/index.php?action_kouhyou_detail_004_kani=true&JigyosyoCd=0971100375-00&ServiceCd=150&Type=search" }, "geometry": { "type": "Point", "coordinates": [ 139.921663399999943, 36.792249 ] } },
{ "type": "Feature", "properties": { "内容": "ＳＯＭＰＯケア　矢板　デイサービス【通所介護】栃木県矢板市東町1250番地1", "url2": "https://www.kaigokensaku.mhlw.go.jp/09/index.php?action_kouhyou_detail_004_kani=true&JigyosyoCd=0971100615-00&ServiceCd=150&Type=search" }, "geometry": { "type": "Point", "coordinates": [ 139.94228350000003, 36.7940827 ] } },
{ "type": "Feature", "properties": { "内容": "デイサービスかさね【通所介護】栃木県矢板市中2011番地4ケアプラザ矢板", "url2": "https://www.kaigokensaku.mhlw.go.jp/09/index.php?action_kouhyou_detail_004_kani=true&JigyosyoCd=0971100706-00&ServiceCd=150&Type=search" }, "geometry": { "type": "Point", "coordinates": [ 139.9405748, 36.8052462 ] } },
{ "type": "Feature", "properties": { "内容": "デイサービス松の家塩原温泉【通所介護】栃木県那須塩原市関谷１４２５番地２１１号", "url2": "https://www.kaigokensaku.mhlw.go.jp/09/index.php?action_kouhyou_detail_004_kani=true&JigyosyoCd=0971300744-00&ServiceCd=150&Type=search" }, "geometry": { "type": "Point", "coordinates": [ 139.880326700000069, 36.9596071 ] } },
{ "type": "Feature", "properties": { "内容": "家族の家ひまわり西那須野　通所介護事業所【通所介護】栃木県那須塩原市西三島2-159-4", "url2": "https://www.kaigokensaku.mhlw.go.jp/09/index.php?action_kouhyou_detail_004_kani=true&JigyosyoCd=0971301353-00&ServiceCd=150&Type=search" }, "geometry": { "type": "Point", "coordinates": [ 139.970634099999984, 36.8912052 ] } },
{ "type": "Feature", "properties": { "内容": "木の実デイサービス【通所介護】栃木県那須塩原市鍋掛1102番地8", "url2": "https://www.kaigokensaku.mhlw.go.jp/09/index.php?action_kouhyou_detail_004_kani=true&JigyosyoCd=0971300686-00&ServiceCd=150&Type=search" }, "geometry": { "type": "Point", "coordinates": [ 140.080389200000013, 36.9438505 ] } },
{ "type": "Feature", "properties": { "内容": "けあすてーしょんあさひくろいそ【通所介護】栃木県那須塩原市豊浦北町69-65", "url2": "https://www.kaigokensaku.mhlw.go.jp/09/index.php?action_kouhyou_detail_004_kani=true&JigyosyoCd=0971301742-00&ServiceCd=150&Type=search" }, "geometry": { "type": "Point", "coordinates": [ 140.039522299999959, 36.9775194 ] } },
{ "type": "Feature", "properties": { "内容": "有限会社　ライフサポート遊歩【通所介護】栃木県那須塩原市豊浦10-129", "url2": "https://www.kaigokensaku.mhlw.go.jp/09/index.php?action_kouhyou_detail_004_kani=true&JigyosyoCd=0971200209-00&ServiceCd=150&Type=search" }, "geometry": { "type": "Point", "coordinates": [ 140.059909800000014, 36.9492189 ] } },
{ "type": "Feature", "properties": { "内容": "指定通所介護事業所さちの森【通所介護】栃木県那須塩原市野間４５３番地２３", "url2": "https://www.kaigokensaku.mhlw.go.jp/09/index.php?action_kouhyou_detail_004_kani=true&JigyosyoCd=0971300207-00&ServiceCd=150&Type=search" }, "geometry": { "type": "Point", "coordinates": [ 140.080967399999963, 36.9318491 ] } },
{ "type": "Feature", "properties": { "内容": "黒磯デイサービスセンターみやスマイル【通所介護】栃木県那須塩原市上厚崎400-18", "url2": "https://www.kaigokensaku.mhlw.go.jp/09/index.php?action_kouhyou_detail_004_kani=true&JigyosyoCd=0971300512-00&ServiceCd=150&Type=search" }, "geometry": { "type": "Point", "coordinates": [ 140.033514500000024, 36.957098 ] } },
{ "type": "Feature", "properties": { "内容": "くろいそケアセンターそよ風【通所介護】栃木県那須塩原市豊浦南町83-120", "url2": "https://www.kaigokensaku.mhlw.go.jp/09/index.php?action_kouhyou_detail_004_kani=true&JigyosyoCd=0971200340-00&ServiceCd=150&Type=search" }, "geometry": { "type": "Point", "coordinates": [ 140.03877270000001, 36.962656 ] } },
{ "type": "Feature", "properties": { "内容": "デイサービスセンター安暮里【通所介護】那須塩原市鍋掛1416-3", "url2": "https://www.kaigokensaku.mhlw.go.jp/09/index.php?action_kouhyou_detail_004_kani=true&JigyosyoCd=0971200399-00&ServiceCd=150&Type=search" }, "geometry": { "type": "Point", "coordinates": [ 140.066042700000025, 36.9511383 ] } },
{ "type": "Feature", "properties": { "内容": "デイサービススマイリア【通所介護】栃木県那須塩原市松浦町121-470", "url2": "https://www.kaigokensaku.mhlw.go.jp/09/index.php?action_kouhyou_detail_004_kani=true&JigyosyoCd=0971200498-00&ServiceCd=150&Type=search" }, "geometry": { "type": "Point", "coordinates": [ 140.033894, 36.9671465 ] } },
{ "type": "Feature", "properties": { "内容": "デイサービスセンター　松の実【通所介護】栃木県那須塩原市百村3042-31", "url2": "https://www.kaigokensaku.mhlw.go.jp/09/index.php?action_kouhyou_detail_004_kani=true&JigyosyoCd=0971300355-00&ServiceCd=150&Type=search" }, "geometry": { "type": "Point", "coordinates": [ 139.9391458, 37.0471015 ] } },
{ "type": "Feature", "properties": { "内容": "わかばケアセンター【通所介護】栃木県那須塩原市三島5-1-315", "url2": "https://www.kaigokensaku.mhlw.go.jp/09/index.php?action_kouhyou_detail_004_kani=true&JigyosyoCd=0971300454-00&ServiceCd=150&Type=search" }, "geometry": { "type": "Point", "coordinates": [ 139.96827540000001, 36.902901 ] } },
{ "type": "Feature", "properties": { "内容": "ステップリハビリ・那須【通所介護】栃木県那須塩原市下永田五丁目１３５６番地６", "url2": "https://www.kaigokensaku.mhlw.go.jp/09/index.php?action_kouhyou_detail_004_kani=true&JigyosyoCd=0971301023-00&ServiceCd=150&Type=search" }, "geometry": { "type": "Point", "coordinates": [ 139.992440399999964, 36.8835763 ] } },
{ "type": "Feature", "properties": { "内容": "デイサービス“バーム”【通所介護】春日町１２１－５１４", "url2": "https://www.kaigokensaku.mhlw.go.jp/09/index.php?action_kouhyou_detail_004_kani=true&JigyosyoCd=0971301189-00&ServiceCd=150&Type=search" }, "geometry": { "type": "Point", "coordinates": [ 140.030500599999982, 36.9684608 ] } },
{ "type": "Feature", "properties": { "内容": "デイサービスあおば【通所介護】栃木県那須塩原市大原間西1－19－6", "url2": "https://www.kaigokensaku.mhlw.go.jp/09/index.php?action_kouhyou_detail_004_kani=true&JigyosyoCd=0971301197-00&ServiceCd=150&Type=search" }, "geometry": { "type": "Point", "coordinates": [ 140.015519765606626, 36.929655113815031 ] } },
{ "type": "Feature", "properties": { "内容": "ケアセンターきらきらりん【通所介護】鍋掛１４７６－１３９", "url2": "https://www.kaigokensaku.mhlw.go.jp/09/index.php?action_kouhyou_detail_004_kani=true&JigyosyoCd=0971301486-00&ServiceCd=150&Type=search" }, "geometry": { "type": "Point", "coordinates": [ 140.08211689999996, 36.9450698 ] } },
{ "type": "Feature", "properties": { "内容": "デイサービスわたしン家愉楽【通所介護】栃木県那須塩原市橋本町８番５０号", "url2": "https://www.kaigokensaku.mhlw.go.jp/09/index.php?action_kouhyou_detail_004_kani=true&JigyosyoCd=0971301643-00&ServiceCd=150&Type=search" }, "geometry": { "type": "Point", "coordinates": [ 140.055748, 36.977079 ] } },
{ "type": "Feature", "properties": { "内容": "デイサービスセンター春日和　那須塩原【通所介護】栃木県那須塩原市沓掛2-1-6", "url2": "https://www.kaigokensaku.mhlw.go.jp/09/index.php?action_kouhyou_detail_004_kani=true&JigyosyoCd=0971301726-00&ServiceCd=150&Type=search" }, "geometry": { "type": "Point", "coordinates": [ 140.018899300000015, 36.9335305 ] } },
{ "type": "Feature", "properties": { "内容": "デイサービスセンター春日和　西那須野【通所介護】栃木県那須塩原市井口532-8", "url2": "https://www.kaigokensaku.mhlw.go.jp/09/index.php?action_kouhyou_detail_004_kani=true&JigyosyoCd=0971301734-00&ServiceCd=150&Type=search" }, "geometry": { "type": "Point", "coordinates": [ 139.9778006, 36.9088373 ] } },
{ "type": "Feature", "properties": { "内容": "デイサービスセンター春日和黒磯【通所介護】栃木県那須塩原市埼玉字稲村6-1378", "url2": "https://www.kaigokensaku.mhlw.go.jp/09/index.php?action_kouhyou_detail_004_kani=true&JigyosyoCd=0971301841-00&ServiceCd=150&Type=search" }, "geometry": { "type": "Point", "coordinates": [ 140.01911167401181, 36.980733446569857 ] } },
{ "type": "Feature", "properties": { "内容": "特別養護老人ホーム　生きいきの里【通所介護】栃木県那須塩原市下田野２８２番地６", "url2": "https://www.kaigokensaku.mhlw.go.jp/09/index.php?action_kouhyou_detail_004_kani=true&JigyosyoCd=0972500185-00&ServiceCd=150&Type=search" }, "geometry": { "type": "Point", "coordinates": [ 139.895481, 36.9417286 ] } },
{ "type": "Feature", "properties": { "内容": "デイサービスセンター栃の実荘【通所介護】栃木県那須塩原市井口533-20", "url2": "https://www.kaigokensaku.mhlw.go.jp/09/index.php?action_kouhyou_detail_004_kani=true&JigyosyoCd=0972500318-00&ServiceCd=150&Type=search" }, "geometry": { "type": "Point", "coordinates": [ 139.973919629614102, 36.910567740531697 ] } },
{ "type": "Feature", "properties": { "内容": "那須順天荘デイサービスセンター【通所介護】栃木県那須塩原市上赤田238番地658", "url2": "https://www.kaigokensaku.mhlw.go.jp/09/index.php?action_kouhyou_detail_004_kani=true&JigyosyoCd=0972500359-00&ServiceCd=150&Type=search" }, "geometry": { "type": "Point", "coordinates": [ 139.948328720376594, 36.907278030775117 ] } },
{ "type": "Feature", "properties": { "内容": "デイサービス・ファインド健康クラブ【通所介護】栃木県那須塩原市扇町10番5号", "url2": "https://www.kaigokensaku.mhlw.go.jp/09/index.php?action_kouhyou_detail_004_kani=true&JigyosyoCd=0971301411-00&ServiceCd=150&Type=search" }, "geometry": { "type": "Point", "coordinates": [ 139.982763400000067, 36.8848719 ] } },
{ "type": "Feature", "properties": { "内容": "ケアステーション「たかばやし」【通所介護】栃木県那須塩原市高林476番地1", "url2": "https://www.kaigokensaku.mhlw.go.jp/09/index.php?action_kouhyou_detail_004_kani=true&JigyosyoCd=0971300140-00&ServiceCd=150&Type=search" }, "geometry": { "type": "Point", "coordinates": [ 139.941505799999959, 36.9872643 ] } },
{ "type": "Feature", "properties": { "内容": "デイサービスにしいわさき【通所介護】那須塩原市西岩崎233-315", "url2": "https://www.kaigokensaku.mhlw.go.jp/09/index.php?action_kouhyou_detail_004_kani=true&JigyosyoCd=0971300314-00&ServiceCd=150&Type=search" }, "geometry": { "type": "Point", "coordinates": [ 139.985368599999987, 37.0292987 ] } },
{ "type": "Feature", "properties": { "内容": "ほっと乃木ケアセンター【通所介護】栃木県那須塩原市新南163番地280", "url2": "https://www.kaigokensaku.mhlw.go.jp/09/index.php?action_kouhyou_detail_004_kani=true&JigyosyoCd=0971300157-00&ServiceCd=150&Type=search" }, "geometry": { "type": "Point", "coordinates": [ 139.997828700000014, 36.8833543 ] } },
{ "type": "Feature", "properties": { "内容": "デイホームつきみ【通所介護】さくら市氏家3260番地12", "url2": "https://www.kaigokensaku.mhlw.go.jp/09/index.php?action_kouhyou_detail_004_kani=true&JigyosyoCd=0971400064-00&ServiceCd=150&Type=search" }, "geometry": { "type": "Point", "coordinates": [ 139.96791810000002, 36.704840399999966 ] } },
{ "type": "Feature", "properties": { "内容": "家族の家ひまわり氏家【通所介護】卯の里4-52-1", "url2": "https://www.kaigokensaku.mhlw.go.jp/09/index.php?action_kouhyou_detail_004_kani=true&JigyosyoCd=0971400320-00&ServiceCd=150&Type=search" }, "geometry": { "type": "Point", "coordinates": [ 139.9588225, 36.6799715 ] } },
{ "type": "Feature", "properties": { "内容": "デイサービスインマイライフさくら氏家【通所介護】栃木県さくら市氏家3205-1", "url2": "https://www.kaigokensaku.mhlw.go.jp/09/index.php?action_kouhyou_detail_004_kani=true&JigyosyoCd=0971400049-00&ServiceCd=150&Type=search" }, "geometry": { "type": "Point", "coordinates": [ 139.969359670639051, 36.693947944510768 ] } },
{ "type": "Feature", "properties": { "内容": "ハートピアさくらの郷　デイサービス【通所介護】栃木県さくら市喜連川5633", "url2": "https://www.kaigokensaku.mhlw.go.jp/09/index.php?action_kouhyou_detail_004_kani=true&JigyosyoCd=0971400130-00&ServiceCd=150&Type=search" }, "geometry": { "type": "Point", "coordinates": [ 140.033335599999987, 36.724637199999989 ] } },
{ "type": "Feature", "properties": { "内容": "リハビリパーク歩【通所介護】喜連川473-1", "url2": "https://www.kaigokensaku.mhlw.go.jp/09/index.php?action_kouhyou_detail_004_kani=true&JigyosyoCd=0971400387-00&ServiceCd=150&Type=search" }, "geometry": { "type": "Point", "coordinates": [ 140.0360838, 36.7178039 ] } },
{ "type": "Feature", "properties": { "内容": "デイホームはる【通所介護】栃木県さくら市フィオーレ喜連川五丁目1番11号", "url2": "https://www.kaigokensaku.mhlw.go.jp/09/index.php?action_kouhyou_detail_004_kani=true&JigyosyoCd=0971400411-00&ServiceCd=150&Type=search" }, "geometry": { "type": "Point", "coordinates": [ 140.029609494442752, 36.740133658140337 ] } },
{ "type": "Feature", "properties": { "内容": "在宅介護支援センター　にこん【通所介護】栃木県さくら市下河戸1942-2", "url2": "https://www.kaigokensaku.mhlw.go.jp/09/index.php?action_kouhyou_detail_004_kani=true&JigyosyoCd=0972600043-00&ServiceCd=150&Type=search" }, "geometry": { "type": "Point", "coordinates": [ 140.018445700000029, 36.7722645 ] } },
{ "type": "Feature", "properties": { "内容": "ほっと喜連川デイサービスセンター【通所介護】栃木県さくら市鷲宿3292", "url2": "https://www.kaigokensaku.mhlw.go.jp/09/index.php?action_kouhyou_detail_004_kani=true&JigyosyoCd=0972600407-00&ServiceCd=150&Type=search" }, "geometry": { "type": "Point", "coordinates": [ 139.973918767459054, 36.749358740511127 ] } },
{ "type": "Feature", "properties": { "内容": "ケアセンターさくら【通所介護】栃木県さくら市氏家３４５２番地１７", "url2": "https://www.kaigokensaku.mhlw.go.jp/09/index.php?action_kouhyou_detail_004_kani=true&JigyosyoCd=0972600423-00&ServiceCd=150&Type=search" }, "geometry": { "type": "Point", "coordinates": [ 139.958841099999972, 36.7060595 ] } },
{ "type": "Feature", "properties": { "内容": "ケアステーションあさひさくら【通所介護】栃木県さくら市氏家3245-1", "url2": "https://www.kaigokensaku.mhlw.go.jp/09/index.php?action_kouhyou_detail_004_kani=true&JigyosyoCd=0971400288-00&ServiceCd=150&Type=search" }, "geometry": { "type": "Point", "coordinates": [ 139.967718200000036, 36.7012853 ] } },
{ "type": "Feature", "properties": { "内容": "リハビリデイサービス　ステップぱーとなーさくら【通所介護】栃木県さくら市馬場247-1", "url2": "https://www.kaigokensaku.mhlw.go.jp/09/index.php?action_kouhyou_detail_004_kani=true&JigyosyoCd=0971400304-00&ServiceCd=150&Type=search" }, "geometry": { "type": "Point", "coordinates": [ 139.956216899999959, 36.6873093 ] } },
{ "type": "Feature", "properties": { "内容": "デイサービスセンターエリム【通所介護】栃木県さくら市鍛冶ケ澤５７番地1", "url2": "https://www.kaigokensaku.mhlw.go.jp/09/index.php?action_kouhyou_detail_004_kani=true&JigyosyoCd=0972600175-00&ServiceCd=150&Type=search" }, "geometry": { "type": "Point", "coordinates": [ 140.026393900000016, 36.6847529 ] } },
{ "type": "Feature", "properties": { "内容": "JOYSフィットネスクラブ【通所介護】栃木県那須烏山市田野倉48-7リエゾンコミュニティラボ", "url2": "https://www.kaigokensaku.mhlw.go.jp/09/index.php?action_kouhyou_detail_004_kani=true&JigyosyoCd=0971500210-00&ServiceCd=150&Type=search" }, "geometry": { "type": "Point", "coordinates": [ 140.082964599999968, 36.6564684 ] } },
{ "type": "Feature", "properties": { "内容": "特別養護老人ホーム　愛和苑【通所介護】栃木県那須烏山市三箇183-1", "url2": "https://www.kaigokensaku.mhlw.go.jp/09/index.php?action_kouhyou_detail_004_kani=true&JigyosyoCd=0972500045-00&ServiceCd=150&Type=search" }, "geometry": { "type": "Point", "coordinates": [ 140.0742361, 36.6912674 ] } },
{ "type": "Feature", "properties": { "内容": "特別養護老人ホーム敬愛荘【通所介護】栃木県那須烏山市滝田１８６７－３", "url2": "https://www.kaigokensaku.mhlw.go.jp/09/index.php?action_kouhyou_detail_004_kani=true&JigyosyoCd=0972500342-00&ServiceCd=150&Type=search" }, "geometry": { "type": "Point", "coordinates": [ 140.145622300000014, 36.6769213 ] } },
{ "type": "Feature", "properties": { "内容": "ほっとからすやまデイサービスセンター【通所介護】栃木県那須烏山市野上1623-1", "url2": "https://www.kaigokensaku.mhlw.go.jp/09/index.php?action_kouhyou_detail_004_kani=true&JigyosyoCd=0972500789-00&ServiceCd=150&Type=search" }, "geometry": { "type": "Point", "coordinates": [ 140.159603899999979, 36.6369904 ] } },
{ "type": "Feature", "properties": { "内容": "デイサービスセンター大金の里【通所介護】栃木県那須烏山市田野倉528番地2", "url2": "https://www.kaigokensaku.mhlw.go.jp/09/index.php?action_kouhyou_detail_004_kani=true&JigyosyoCd=0971500038-00&ServiceCd=150&Type=search" }, "geometry": { "type": "Point", "coordinates": [ 140.086517800000024, 36.6528951 ] } },
{ "type": "Feature", "properties": { "内容": "リハビリステーション歩【通所介護】栃木県那須烏山市興野776－2", "url2": "https://www.kaigokensaku.mhlw.go.jp/09/index.php?action_kouhyou_detail_004_kani=true&JigyosyoCd=0971500202-00&ServiceCd=150&Type=search" }, "geometry": { "type": "Point", "coordinates": [ 140.163782200000014, 36.6734861 ] } },
{ "type": "Feature", "properties": { "内容": "ＪＡなす南デイサービスセンターひまわり【通所介護】栃木県那須烏山市熊田268番地2", "url2": "https://www.kaigokensaku.mhlw.go.jp/09/index.php?action_kouhyou_detail_004_kani=true&JigyosyoCd=0972500540-00&ServiceCd=150&Type=search" }, "geometry": { "type": "Point", "coordinates": [ 140.109052001809715, 36.686731352998962 ] } },
{ "type": "Feature", "properties": { "内容": "烏山ケアステージとちの木【通所介護】栃木県那須烏山市神長487-5", "url2": "https://www.kaigokensaku.mhlw.go.jp/09/index.php?action_kouhyou_detail_004_kani=true&JigyosyoCd=0972500862-00&ServiceCd=150&Type=search" }, "geometry": { "type": "Point", "coordinates": [ 140.134671199999957, 36.6631477 ] } },
{ "type": "Feature", "properties": { "内容": "家族の家ひまわり石橋通所介護事業所【通所介護】栃木県下野市文教一丁目20番23号", "url2": "https://www.kaigokensaku.mhlw.go.jp/09/index.php?action_kouhyou_detail_004_kani=true&JigyosyoCd=0971600507-00&ServiceCd=150&Type=search" }, "geometry": { "type": "Point", "coordinates": [ 139.862538299999983, 36.4434521 ] } },
{ "type": "Feature", "properties": { "内容": "デイサービス智光薬湯あかり【通所介護】栃木県下野市上古山字明内708‐139", "url2": "https://www.kaigokensaku.mhlw.go.jp/09/index.php?action_kouhyou_detail_004_kani=true&JigyosyoCd=0971600705-00&ServiceCd=150&Type=search" }, "geometry": { "type": "Point", "coordinates": [ 139.86033139999995, 36.4729464 ] } },
{ "type": "Feature", "properties": { "内容": "日新けあパレス（デイ・サービス）【通所介護】栃木県下野市本吉田771番地1", "url2": "https://www.kaigokensaku.mhlw.go.jp/09/index.php?action_kouhyou_detail_004_kani=true&JigyosyoCd=0971600309-00&ServiceCd=150&Type=search" }, "geometry": { "type": "Point", "coordinates": [ 139.909771688360593, 36.373174112058969 ] } },
{ "type": "Feature", "properties": { "内容": "リハビリセンター　アルクルトータス【通所介護】2522-1", "url2": "https://www.kaigokensaku.mhlw.go.jp/09/index.php?action_kouhyou_detail_004_kani=true&JigyosyoCd=0971600820-00&ServiceCd=150&Type=search" }, "geometry": { "type": "Point", "coordinates": [ 139.644271, 36.006641 ] } },
{ "type": "Feature", "properties": { "内容": "デイサービスセンターかえで【通所介護】栃木県下野市笹原108-28", "url2": "https://www.kaigokensaku.mhlw.go.jp/09/index.php?action_kouhyou_detail_004_kani=true&JigyosyoCd=0971600903-00&ServiceCd=150&Type=search" }, "geometry": { "type": "Point", "coordinates": [ 139.8576663, 36.4039846 ] } },
{ "type": "Feature", "properties": { "内容": "ふれんど南河内デイサービスセンター【通所介護】栃木県下野市薬師寺3181-6", "url2": "https://www.kaigokensaku.mhlw.go.jp/09/index.php?action_kouhyou_detail_004_kani=true&JigyosyoCd=0972100465-00&ServiceCd=150&Type=search" }, "geometry": { "type": "Point", "coordinates": [ 139.865531799999985, 36.394547 ] } },
{ "type": "Feature", "properties": { "内容": "デイサービスにらがわ【通所介護】栃木県下野市仁良川1443", "url2": "https://www.kaigokensaku.mhlw.go.jp/09/index.php?action_kouhyou_detail_004_kani=true&JigyosyoCd=0972100515-00&ServiceCd=150&Type=search" }, "geometry": { "type": "Point", "coordinates": [ 139.877748399999973, 36.3749531 ] } },
{ "type": "Feature", "properties": { "内容": "老人デイサービスセンターいしばし【通所介護】栃木県下野市上古山１８４９－１", "url2": "https://www.kaigokensaku.mhlw.go.jp/09/index.php?action_kouhyou_detail_004_kani=true&JigyosyoCd=0972300206-00&ServiceCd=150&Type=search" }, "geometry": { "type": "Point", "coordinates": [ 139.859072939046314, 36.467530019888009 ] } },
{ "type": "Feature", "properties": { "内容": "社会福祉法人　関記念　栃の木会　老人デイサービスセンターきらら【通所介護】栃木県下野市下古山１２２０", "url2": "https://www.kaigokensaku.mhlw.go.jp/09/index.php?action_kouhyou_detail_004_kani=true&JigyosyoCd=0972300511-00&ServiceCd=150&Type=search" }, "geometry": { "type": "Point", "coordinates": [ 139.843589599999973, 36.4451486 ] } },
{ "type": "Feature", "properties": { "内容": "デイサービスえびはら【通所介護】栃木県下野市小金井五丁目２６番地30", "url2": "https://www.kaigokensaku.mhlw.go.jp/09/index.php?action_kouhyou_detail_004_kani=true&JigyosyoCd=0972300693-00&ServiceCd=150&Type=search" }, "geometry": { "type": "Point", "coordinates": [ 139.839354100000037, 36.3751436 ] } },
{ "type": "Feature", "properties": { "内容": "デイホーム・孫の手　しもつけ【通所介護】栃木県下野市石橋字西浦515-22", "url2": "https://www.kaigokensaku.mhlw.go.jp/09/index.php?action_kouhyou_detail_004_kani=true&JigyosyoCd=0971600937-00&ServiceCd=150&Type=search" }, "geometry": { "type": "Point", "coordinates": [ 139.858566200000013, 36.4376757 ] } },
{ "type": "Feature", "properties": { "内容": "デイサービス　ぽこあ【通所介護】栃木県下野市文教1丁目11-7", "url2": "https://www.kaigokensaku.mhlw.go.jp/09/index.php?action_kouhyou_detail_004_kani=true&JigyosyoCd=0971600853-00&ServiceCd=150&Type=search" }, "geometry": { "type": "Point", "coordinates": [ 139.860368303075802, 36.441336000012576 ] } },
{ "type": "Feature", "properties": { "内容": "ケアステーションあさひ小金井【通所介護】栃木県下野市小金井3丁目1-4", "url2": "https://www.kaigokensaku.mhlw.go.jp/09/index.php?action_kouhyou_detail_004_kani=true&JigyosyoCd=0971600838-00&ServiceCd=150&Type=search" }, "geometry": { "type": "Point", "coordinates": [ 139.83863150000002, 36.382162 ] } },
{ "type": "Feature", "properties": { "内容": "ケアステーションあさひ上三川【通所介護】栃木県河内郡上三川町しらさぎ一丁目32-9", "url2": "https://www.kaigokensaku.mhlw.go.jp/09/index.php?action_kouhyou_detail_004_kani=true&JigyosyoCd=0972100655-00&ServiceCd=150&Type=search" }, "geometry": { "type": "Point", "coordinates": [ 139.911242499999958, 36.4398649 ] } },
{ "type": "Feature", "properties": { "内容": "トータスホーム　デイサービスセンター【通所介護】河内郡上三川町下神主229-6", "url2": "https://www.kaigokensaku.mhlw.go.jp/09/index.php?action_kouhyou_detail_004_kani=true&JigyosyoCd=0972100119-00&ServiceCd=150&Type=search" }, "geometry": { "type": "Point", "coordinates": [ 139.881703, 36.4524571 ] } },
{ "type": "Feature", "properties": { "内容": "デイサービスポプラ【通所介護】栃木県河内郡上三川町大字石田１２３１番地１", "url2": "https://www.kaigokensaku.mhlw.go.jp/09/index.php?action_kouhyou_detail_004_kani=true&JigyosyoCd=0972100341-00&ServiceCd=150&Type=search" }, "geometry": { "type": "Point", "coordinates": [ 139.900851, 36.4637451 ] } },
{ "type": "Feature", "properties": { "内容": "通所介護センターふれあいホーム【通所介護】栃木県河内郡上三川町西汗1553-13", "url2": "https://www.kaigokensaku.mhlw.go.jp/09/index.php?action_kouhyou_detail_004_kani=true&JigyosyoCd=0972100382-00&ServiceCd=150&Type=search" }, "geometry": { "type": "Point", "coordinates": [ 139.924211220237822, 36.475462996172254 ] } },
{ "type": "Feature", "properties": { "内容": "三本木デイサービスセンター【通所介護】栃木県河内郡上三川町大字三本木４１１番地４号", "url2": "https://www.kaigokensaku.mhlw.go.jp/09/index.php?action_kouhyou_detail_004_kani=true&JigyosyoCd=0972100408-00&ServiceCd=150&Type=search" }, "geometry": { "type": "Point", "coordinates": [ 139.923983899999939, 36.4104466 ] } },
{ "type": "Feature", "properties": { "内容": "社会福祉法人　順仁会　デイサービスセンター　ふじやまの里（平成22年度新規指定事業所）【通所介護】大字上三川３９５０番地１", "url2": "https://www.kaigokensaku.mhlw.go.jp/09/index.php?action_kouhyou_detail_004_kani=true&JigyosyoCd=0972100598-00&ServiceCd=150&Type=search" }, "geometry": { "type": "Point", "coordinates": [ 139.909176600000023, 36.4240473 ] } },
{ "type": "Feature", "properties": { "内容": "リライフトータス【通所介護】栃木県河内郡上三川町下神主249-1", "url2": "https://www.kaigokensaku.mhlw.go.jp/09/index.php?action_kouhyou_detail_004_kani=true&JigyosyoCd=0972100663-00&ServiceCd=150&Type=search" }, "geometry": { "type": "Point", "coordinates": [ 139.886730199999988, 36.4512972 ] } },
{ "type": "Feature", "properties": { "内容": "デイサービスセンターイケダ【通所介護】栃木県益子町長堤1086-1", "url2": "https://www.kaigokensaku.mhlw.go.jp/09/index.php?action_kouhyou_detail_004_kani=true&JigyosyoCd=0972700769-00&ServiceCd=150&Type=search" }, "geometry": { "type": "Point", "coordinates": [ 140.077357097036753, 36.427184500299028 ] } },
{ "type": "Feature", "properties": { "内容": "まろん・ど・おおはた【通所介護】栃木県芳賀郡益子町大字益子2660-6", "url2": "https://www.kaigokensaku.mhlw.go.jp/09/index.php?action_kouhyou_detail_004_kani=true&JigyosyoCd=0972700462-00&ServiceCd=150&Type=search" }, "geometry": { "type": "Point", "coordinates": [ 140.09738870000001, 36.4704471 ] } },
{ "type": "Feature", "properties": { "内容": "キミのあったか広場【通所介護】栃木県芳賀郡益子町益子2053", "url2": "https://www.kaigokensaku.mhlw.go.jp/09/index.php?action_kouhyou_detail_004_kani=true&JigyosyoCd=0972700942-00&ServiceCd=150&Type=search" }, "geometry": { "type": "Point", "coordinates": [ 140.089936800000032, 36.4624703 ] } },
{ "type": "Feature", "properties": { "内容": "ききょうの里デイサービスセンター【通所介護】栃木県芳賀郡茂木町大字飯1694", "url2": "https://www.kaigokensaku.mhlw.go.jp/09/index.php?action_kouhyou_detail_004_kani=true&JigyosyoCd=0972700231-00&ServiceCd=150&Type=search" }, "geometry": { "type": "Point", "coordinates": [ 140.170607, 36.474662 ] } },
{ "type": "Feature", "properties": { "内容": "デイサービスセンターうぐいすの杜【通所介護】栃木県芳賀郡茂木町大字茂木1824-28", "url2": "https://www.kaigokensaku.mhlw.go.jp/09/index.php?action_kouhyou_detail_004_kani=true&JigyosyoCd=0972701130-00&ServiceCd=150&Type=search" }, "geometry": { "type": "Point", "coordinates": [ 140.181261381146726, 36.53401921505202 ] } },
{ "type": "Feature", "properties": { "内容": "デイサロン　リハ＆スパあかばね【通所介護】栃木県芳賀郡市貝町赤羽3647-1", "url2": "https://www.kaigokensaku.mhlw.go.jp/09/index.php?action_kouhyou_detail_004_kani=true&JigyosyoCd=0972701015-00&ServiceCd=150&Type=search" }, "geometry": { "type": "Point", "coordinates": [ 140.063498900000013, 36.5418657 ] } },
{ "type": "Feature", "properties": { "内容": "ＪＡはが野デイサービスセンターすこやか市貝【通所介護】栃木県芳賀郡市貝町市塙１７６９番地３", "url2": "https://www.kaigokensaku.mhlw.go.jp/09/index.php?action_kouhyou_detail_004_kani=true&JigyosyoCd=0972700264-00&ServiceCd=150&Type=search" }, "geometry": { "type": "Point", "coordinates": [ 140.108390099999951, 36.5393229 ] } },
{ "type": "Feature", "properties": { "内容": "デイサービスセンター　なごみ【通所介護】栃木県芳賀郡市貝町椎谷219-3", "url2": "https://www.kaigokensaku.mhlw.go.jp/09/index.php?action_kouhyou_detail_004_kani=true&JigyosyoCd=0972700843-00&ServiceCd=150&Type=search" }, "geometry": { "type": "Point", "coordinates": [ 140.0863157, 36.56227220000001 ] } },
{ "type": "Feature", "properties": { "内容": "アットホームたたら【通所介護】栃木県芳賀郡市貝町大字多田羅736－1", "url2": "https://www.kaigokensaku.mhlw.go.jp/09/index.php?action_kouhyou_detail_004_kani=true&JigyosyoCd=0972700785-00&ServiceCd=150&Type=search" }, "geometry": { "type": "Point", "coordinates": [ 140.089528800000039, 36.5143252 ] } },
{ "type": "Feature", "properties": { "内容": "在宅介護支援センター　而今荘【通所介護】栃木県芳賀郡芳賀町稲毛田1887-4", "url2": "https://www.kaigokensaku.mhlw.go.jp/09/index.php?action_kouhyou_detail_004_kani=true&JigyosyoCd=0972700041-00&ServiceCd=150&Type=search" }, "geometry": { "type": "Point", "coordinates": [ 140.071831299999985, 36.5506206 ] } },
{ "type": "Feature", "properties": { "内容": "芳賀ケアセンターそよ風【通所介護】栃木県芳賀郡芳賀町祖母井８１２－１", "url2": "https://www.kaigokensaku.mhlw.go.jp/09/index.php?action_kouhyou_detail_004_kani=true&JigyosyoCd=0972700819-00&ServiceCd=150&Type=search" }, "geometry": { "type": "Point", "coordinates": [ 140.060179299999959, 36.5544033 ] } },
{ "type": "Feature", "properties": { "内容": "ＪＡはが野デイサービスセンターすこやか南高【通所介護】栃木県芳賀郡芳賀町上稲毛田８２５", "url2": "https://www.kaigokensaku.mhlw.go.jp/09/index.php?action_kouhyou_detail_004_kani=true&JigyosyoCd=0972700256-00&ServiceCd=150&Type=search" }, "geometry": { "type": "Point", "coordinates": [ 140.077782, 36.5934218 ] } },
{ "type": "Feature", "properties": { "内容": "デイサービス楽笑【通所介護】栃木県下都賀郡壬生町至宝三丁目9番地3号", "url2": "https://www.kaigokensaku.mhlw.go.jp/09/index.php?action_kouhyou_detail_004_kani=true&JigyosyoCd=0972301600-00&ServiceCd=150&Type=search" }, "geometry": { "type": "Point", "coordinates": [ 139.825898099999989, 36.4601089 ] } },
{ "type": "Feature", "properties": { "内容": "おもちゃのまち機能訓練デイサービスホーム【通所介護】栃木県下都賀郡壬生町安塚733-5", "url2": "https://www.kaigokensaku.mhlw.go.jp/09/index.php?action_kouhyou_detail_004_kani=true&JigyosyoCd=0972301501-00&ServiceCd=150&Type=search" }, "geometry": { "type": "Point", "coordinates": [ 139.832118076721116, 36.468645786030393 ] } },
{ "type": "Feature", "properties": { "内容": "老人デイサービスセンターしもつけ荘【通所介護】栃木県下都賀郡壬生町大字北小林812", "url2": "https://www.kaigokensaku.mhlw.go.jp/09/index.php?action_kouhyou_detail_004_kani=true&JigyosyoCd=0972300099-00&ServiceCd=150&Type=search" }, "geometry": { "type": "Point", "coordinates": [ 139.820687499999963, 36.4751034 ] } },
{ "type": "Feature", "properties": { "内容": "有限会社あゆむ【通所介護】栃木県下都賀郡壬生町壬生丁232-1", "url2": "https://www.kaigokensaku.mhlw.go.jp/09/index.php?action_kouhyou_detail_004_kani=true&JigyosyoCd=0972300248-00&ServiceCd=150&Type=search" }, "geometry": { "type": "Point", "coordinates": [ 139.837681, 36.4595222 ] } },
{ "type": "Feature", "properties": { "内容": "デイホームえがお【通所介護】栃木県下都賀郡壬生町藤井1672-4", "url2": "https://www.kaigokensaku.mhlw.go.jp/09/index.php?action_kouhyou_detail_004_kani=true&JigyosyoCd=0972300545-00&ServiceCd=150&Type=search" }, "geometry": { "type": "Point", "coordinates": [ 139.812139699999989, 36.4273468 ] } },
{ "type": "Feature", "properties": { "内容": "デイサービスセンターおもちゃのまちえがお【通所介護】栃木県下都賀郡壬生町大字安塚字拓生3344番地10", "url2": "https://www.kaigokensaku.mhlw.go.jp/09/index.php?action_kouhyou_detail_004_kani=true&JigyosyoCd=0972301162-00&ServiceCd=150&Type=search" }, "geometry": { "type": "Point", "coordinates": [ 139.8039321, 36.4270577 ] } },
{ "type": "Feature", "properties": { "内容": "星風会デイサービスセンター　みぶ例幣使【通所介護】栃木県下都賀郡壬生町大字壬生甲2620番地", "url2": "https://www.kaigokensaku.mhlw.go.jp/09/index.php?action_kouhyou_detail_004_kani=true&JigyosyoCd=0972301386-00&ServiceCd=150&Type=search" }, "geometry": { "type": "Point", "coordinates": [ 139.787095856053156, 36.440604548348411 ] } },
{ "type": "Feature", "properties": { "内容": "リハビリ特化型デイサービス　あいケアステーションワザリハ【通所介護】栃木県下都賀郡壬生町中央町11-21", "url2": "https://www.kaigokensaku.mhlw.go.jp/09/index.php?action_kouhyou_detail_004_kani=true&JigyosyoCd=0972301584-00&ServiceCd=150&Type=search" }, "geometry": { "type": "Point", "coordinates": [ 139.801164077771006, 36.423764735629469 ] } },
{ "type": "Feature", "properties": { "内容": "株式会社　光星電機　みぶケアーズ【通所介護】栃木県下都賀郡壬生町大字安塚888", "url2": "https://www.kaigokensaku.mhlw.go.jp/09/index.php?action_kouhyou_detail_004_kani=true&JigyosyoCd=0972300966-00&ServiceCd=150&Type=search" }, "geometry": { "type": "Point", "coordinates": [ 139.828217, 36.4856774 ] } },
{ "type": "Feature", "properties": { "内容": "ケアステーションあさひ　壬生【通所介護】栃木県下都賀郡壬生町中央町6番26号", "url2": "https://www.kaigokensaku.mhlw.go.jp/09/index.php?action_kouhyou_detail_004_kani=true&JigyosyoCd=0972301428-00&ServiceCd=150&Type=search" }, "geometry": { "type": "Point", "coordinates": [ 139.803559899999982, 36.4255523 ] } },
{ "type": "Feature", "properties": { "内容": "ケアステーションあさひ野木【通所介護】栃木県下都賀郡野木町丸林647番地3", "url2": "https://www.kaigokensaku.mhlw.go.jp/09/index.php?action_kouhyou_detail_004_kani=true&JigyosyoCd=0972301519-00&ServiceCd=150&Type=search" }, "geometry": { "type": "Point", "coordinates": [ 139.733653900000036, 36.2266796 ] } },
{ "type": "Feature", "properties": { "内容": "令和ケアプランセンター【通所介護】栃木県下都賀郡野木町丸林670-2", "url2": "https://www.kaigokensaku.mhlw.go.jp/09/index.php?action_kouhyou_detail_004_kani=true&JigyosyoCd=0972301592-00&ServiceCd=150&Type=search" }, "geometry": { "type": "Point", "coordinates": [ 139.735022218385325, 36.225693951103082 ] } },
{ "type": "Feature", "properties": { "内容": "デイサービスセンター　せせらぎ【通所介護】栃木県塩谷郡塩谷町大字上沢９６８番地", "url2": "https://www.kaigokensaku.mhlw.go.jp/09/index.php?action_kouhyou_detail_004_kani=true&JigyosyoCd=0972600282-00&ServiceCd=150&Type=search" }, "geometry": { "type": "Point", "coordinates": [ 139.8173124, 36.7567678 ] } },
{ "type": "Feature", "properties": { "内容": "通所介護事業所孔雀【通所介護】栃木県塩谷郡塩谷町玉生915", "url2": "https://www.kaigokensaku.mhlw.go.jp/09/index.php?action_kouhyou_detail_004_kani=true&JigyosyoCd=0972600928-00&ServiceCd=150&Type=search" }, "geometry": { "type": "Point", "coordinates": [ 139.847048300000012, 36.7750138 ] } },
{ "type": "Feature", "properties": { "内容": "家族の家ひまわり宝積寺通所介護事業所【通所介護】栃木県塩谷郡高根沢町光陽台6-1-2", "url2": "https://www.kaigokensaku.mhlw.go.jp/09/index.php?action_kouhyou_detail_004_kani=true&JigyosyoCd=0972600746-00&ServiceCd=150&Type=search" }, "geometry": { "type": "Point", "coordinates": [ 139.981200899999976, 36.622574 ] } },
{ "type": "Feature", "properties": { "内容": "ケアハウス　フローラ【通所介護】栃木県塩谷郡高根沢町大字上柏崎５５１－１", "url2": "https://www.kaigokensaku.mhlw.go.jp/09/index.php?action_kouhyou_detail_004_kani=true&JigyosyoCd=0972600050-00&ServiceCd=150&Type=search" }, "geometry": { "type": "Point", "coordinates": [ 140.053785699999906, 36.6348607 ] } },
{ "type": "Feature", "properties": { "内容": "老人デイサービスセンター　のぞみ【通所介護】栃木県塩谷郡高根沢町大字花岡２１５８－１０", "url2": "https://www.kaigokensaku.mhlw.go.jp/09/index.php?action_kouhyou_detail_004_kani=true&JigyosyoCd=0972600209-00&ServiceCd=150&Type=search" }, "geometry": { "type": "Point", "coordinates": [ 140.005520299999944, 36.6408251 ] } },
{ "type": "Feature", "properties": { "内容": "かなうホーム照和【通所介護】栃木県塩谷郡高根沢町大字石末2859番地1", "url2": "https://www.kaigokensaku.mhlw.go.jp/09/index.php?action_kouhyou_detail_004_kani=true&JigyosyoCd=0972600753-00&ServiceCd=150&Type=search" }, "geometry": { "type": "Point", "coordinates": [ 139.982508700000039, 36.6367667 ] } },
{ "type": "Feature", "properties": { "内容": "ツクイ高根沢【通所介護】宝石台3-10-5", "url2": "https://www.kaigokensaku.mhlw.go.jp/09/index.php?action_kouhyou_detail_004_kani=true&JigyosyoCd=0972600811-00&ServiceCd=150&Type=search" }, "geometry": { "type": "Point", "coordinates": [ 139.99088, 36.6185393 ] } },
{ "type": "Feature", "properties": { "内容": "ＪＡなすのなごやかデイサービスセンター【通所介護】栃木県那須郡那須町大字伊王野1570-1", "url2": "https://www.kaigokensaku.mhlw.go.jp/09/index.php?action_kouhyou_detail_004_kani=true&JigyosyoCd=0972500177-00&ServiceCd=150&Type=search" }, "geometry": { "type": "Point", "coordinates": [ 140.157298, 36.9584981 ] } },
{ "type": "Feature", "properties": { "内容": "デイサービスセンター　なすの苑【通所介護】栃木県那須郡那須町大字寺子乙３９１２－５", "url2": "https://www.kaigokensaku.mhlw.go.jp/09/index.php?action_kouhyou_detail_004_kani=true&JigyosyoCd=0972501027-00&ServiceCd=150&Type=search" }, "geometry": { "type": "Point", "coordinates": [ 140.12546969999994, 37.009805 ] } },
{ "type": "Feature", "properties": { "内容": "デイサービスセンター　りんどう【通所介護】栃木県那須郡那須町大字高久丙１７７７-４３４", "url2": "https://www.kaigokensaku.mhlw.go.jp/09/index.php?action_kouhyou_detail_004_kani=true&JigyosyoCd=0972500805-00&ServiceCd=150&Type=search" }, "geometry": { "type": "Point", "coordinates": [ 140.041442600691227, 37.064866866401374 ] } },
{ "type": "Feature", "properties": { "内容": "デイサービスわたしン家【通所介護】栃木県那須郡那須町高久丙4406番地14", "url2": "https://www.kaigokensaku.mhlw.go.jp/09/index.php?action_kouhyou_detail_004_kani=true&JigyosyoCd=0972501506-00&ServiceCd=150&Type=search" }, "geometry": { "type": "Point", "coordinates": [ 140.03690180000001, 37.0565737 ] } },
{ "type": "Feature", "properties": { "内容": "多笑デイサービス【通所介護】栃木県那須郡那須町高久甲１６４８番地１9", "url2": "https://www.kaigokensaku.mhlw.go.jp/09/index.php?action_kouhyou_detail_004_kani=true&JigyosyoCd=0972501597-00&ServiceCd=150&Type=search" }, "geometry": { "type": "Point", "coordinates": [ 140.0845051, 36.9949292 ] } },
{ "type": "Feature", "properties": { "内容": "ケアステーション「あけぼの」【通所介護】栃木県那須郡那須町高久甲西山６１１８", "url2": "https://www.kaigokensaku.mhlw.go.jp/09/index.php?action_kouhyou_detail_004_kani=true&JigyosyoCd=0972500763-00&ServiceCd=150&Type=search" }, "geometry": { "type": "Point", "coordinates": [ 140.049312699999973, 36.9901088 ] } },
{ "type": "Feature", "properties": { "内容": "八溝の里　デイサービスセンター【通所介護】栃木県那須郡那珂川町久那瀬５４４－１", "url2": "https://www.kaigokensaku.mhlw.go.jp/09/index.php?action_kouhyou_detail_004_kani=true&JigyosyoCd=0972500227-00&ServiceCd=150&Type=search" }, "geometry": { "type": "Point", "coordinates": [ 140.1514029, 36.7262544 ] } },
{ "type": "Feature", "properties": { "内容": "老人デイサービスセンター　リヴレット【通所介護】栃木県那須郡那珂川町芳井８４０－４", "url2": "https://www.kaigokensaku.mhlw.go.jp/09/index.php?action_kouhyou_detail_004_kani=true&JigyosyoCd=0972500334-00&ServiceCd=150&Type=search" }, "geometry": { "type": "Point", "coordinates": [ 140.070107600000028, 36.77546 ] } },
{ "type": "Feature", "properties": { "内容": "那珂川町社協介護サービス事業所【通所介護】栃木県那須郡那珂川町馬頭５６０－１", "url2": "https://www.kaigokensaku.mhlw.go.jp/09/index.php?action_kouhyou_detail_004_kani=true&JigyosyoCd=0972501076-00&ServiceCd=150&Type=search" }, "geometry": { "type": "Point", "coordinates": [ 140.173623200000065, 36.7361756 ] } },
{ "type": "Feature", "properties": { "内容": "JAなす南デイサービスセンターえがお【通所介護】栃木県那須郡那珂川町大山田下郷1275番地１", "url2": "https://www.kaigokensaku.mhlw.go.jp/09/index.php?action_kouhyou_detail_004_kani=true&JigyosyoCd=0972501340-00&ServiceCd=150&Type=search" }, "geometry": { "type": "Point", "coordinates": [ 140.217311600000016, 36.7889541 ] } },
{ "type": "Feature", "properties": { "内容": "老人デイサービスセンター　まほろば【通所介護】栃木県那須郡那珂川町小川2958－2", "url2": "https://www.kaigokensaku.mhlw.go.jp/09/index.php?action_kouhyou_detail_004_kani=true&JigyosyoCd=0972501407-00&ServiceCd=150&Type=search" }, "geometry": { "type": "Point", "coordinates": [ 140.119761899999958, 36.7607799 ] } }
]
}
