{
"type": "FeatureCollection",
"name": "geo_09_居宅介護支援",
"crs": { "type": "name", "properties": { "name": "urn:ogc:def:crs:OGC:1.3:CRS84" } },
"features": [
{ "type": "Feature", "properties": { "内容": "今泉ケアセンター　そよ風【居宅介護支援】栃木県宇都宮市中今泉四丁目22番1号", "url2": "https://www.kaigokensaku.mhlw.go.jp/09/index.php?action_kouhyou_detail_004_kani=true&JigyosyoCd=0970101861-00&ServiceCd=430&Type=search" }, "geometry": { "type": "Point", "coordinates": [ 139.90994539999997, 36.5685539 ] } },
{ "type": "Feature", "properties": { "内容": "居宅介護支援事業所やすらぎ【居宅介護支援】栃木県宇都宮市富士見が丘3丁目19番20号", "url2": "https://www.kaigokensaku.mhlw.go.jp/09/index.php?action_kouhyou_detail_004_kani=true&JigyosyoCd=0970104303-00&ServiceCd=430&Type=search" }, "geometry": { "type": "Point", "coordinates": [ 139.8866554, 36.5867953 ] } },
{ "type": "Feature", "properties": { "内容": "有限会社ケアメイトやまぐち居宅介護支援事業所【居宅介護支援】宇都宮市伝馬町3-2", "url2": "https://www.kaigokensaku.mhlw.go.jp/09/index.php?action_kouhyou_detail_004_kani=true&JigyosyoCd=0970100582-00&ServiceCd=430&Type=search" }, "geometry": { "type": "Point", "coordinates": [ 139.87740180000003, 36.5614448 ] } },
{ "type": "Feature", "properties": { "内容": "居宅介護支援事業所　すみれ【居宅介護支援】栃木県宇都宮市京町12-14105号", "url2": "https://www.kaigokensaku.mhlw.go.jp/09/index.php?action_kouhyou_detail_004_kani=true&JigyosyoCd=0970106670-00&ServiceCd=430&Type=search" }, "geometry": { "type": "Point", "coordinates": [ 139.870711, 36.5508264 ] } },
{ "type": "Feature", "properties": { "内容": "ケアサポートとちの花合同会社【居宅介護支援】栃木県宇都宮市下岡本町４５４１－１２", "url2": "https://www.kaigokensaku.mhlw.go.jp/09/index.php?action_kouhyou_detail_004_kani=true&JigyosyoCd=0970106357-00&ServiceCd=430&Type=search" }, "geometry": { "type": "Point", "coordinates": [ 139.931011200000057, 36.5964182 ] } },
{ "type": "Feature", "properties": { "内容": "ライフサポート宮の原【居宅介護支援】栃木県宇都宮市宮原4-2-3", "url2": "https://www.kaigokensaku.mhlw.go.jp/09/index.php?action_kouhyou_detail_004_kani=true&JigyosyoCd=0970101283-00&ServiceCd=430&Type=search" }, "geometry": { "type": "Point", "coordinates": [ 139.873736199999939, 36.5413665 ] } },
{ "type": "Feature", "properties": { "内容": "アドバンスケア居宅介護支援事業所【居宅介護支援】栃木県宇都宮市御幸ヶ原町１３６－６９", "url2": "https://www.kaigokensaku.mhlw.go.jp/09/index.php?action_kouhyou_detail_004_kani=true&JigyosyoCd=0970103024-00&ServiceCd=430&Type=search" }, "geometry": { "type": "Point", "coordinates": [ 139.923717500000066, 36.5920018 ] } },
{ "type": "Feature", "properties": { "内容": "居宅介護支援事業者　あおぞら【居宅介護支援】栃木県宇都宮市清原台4-937-5", "url2": "https://www.kaigokensaku.mhlw.go.jp/09/index.php?action_kouhyou_detail_004_kani=true&JigyosyoCd=0970102448-00&ServiceCd=430&Type=search" }, "geometry": { "type": "Point", "coordinates": [ 139.994020413491882, 36.554111940656689 ] } },
{ "type": "Feature", "properties": { "内容": "居宅介護支援事業所　春心【居宅介護支援】栃木県宇都宮市上戸祭1丁目1番16号", "url2": "https://www.kaigokensaku.mhlw.go.jp/09/index.php?action_kouhyou_detail_004_kani=true&JigyosyoCd=0970106944-00&ServiceCd=430&Type=search" }, "geometry": { "type": "Point", "coordinates": [ 139.8663848, 36.5848001 ] } },
{ "type": "Feature", "properties": { "内容": "心笑【居宅介護支援】栃木県宇都宮市平松本町756", "url2": "https://www.kaigokensaku.mhlw.go.jp/09/index.php?action_kouhyou_detail_004_kani=true&JigyosyoCd=0970106977-00&ServiceCd=430&Type=search" }, "geometry": { "type": "Point", "coordinates": [ 139.914302099999986, 36.5389348 ] } },
{ "type": "Feature", "properties": { "内容": "居宅介護支援事業所　おおぞ【居宅介護支援】大曽4丁目10番19号", "url2": "https://www.kaigokensaku.mhlw.go.jp/09/index.php?action_kouhyou_detail_004_kani=true&JigyosyoCd=0970106183-00&ServiceCd=430&Type=search" }, "geometry": { "type": "Point", "coordinates": [ 139.890553299999965, 36.5696415 ] } },
{ "type": "Feature", "properties": { "内容": "宇都宮東介護相談センター【居宅介護支援】栃木県宇都宮市平出町368-8", "url2": "https://www.kaigokensaku.mhlw.go.jp/09/index.php?action_kouhyou_detail_004_kani=true&JigyosyoCd=0970100046-00&ServiceCd=430&Type=search" }, "geometry": { "type": "Point", "coordinates": [ 139.946873549073729, 36.570697879421971 ] } },
{ "type": "Feature", "properties": { "内容": "宇都宮ケアプランニングセンター【居宅介護支援】栃木県宇都宮市上籠谷町3566番2", "url2": "https://www.kaigokensaku.mhlw.go.jp/09/index.php?action_kouhyou_detail_004_kani=true&JigyosyoCd=0970100160-00&ServiceCd=430&Type=search" }, "geometry": { "type": "Point", "coordinates": [ 139.963986152639762, 36.531157147560926 ] } },
{ "type": "Feature", "properties": { "内容": "ＪＡうつのみや居宅介護支援サービス【居宅介護支援】栃木県宇都宮市戸祭元町３番１０号", "url2": "https://www.kaigokensaku.mhlw.go.jp/09/index.php?action_kouhyou_detail_004_kani=true&JigyosyoCd=0970100541-00&ServiceCd=430&Type=search" }, "geometry": { "type": "Point", "coordinates": [ 139.8814122, 36.5707632 ] } },
{ "type": "Feature", "properties": { "内容": "居宅介護支援事業所うつのみや【居宅介護支援】栃木県宇都宮市下砥上町643番地1", "url2": "https://www.kaigokensaku.mhlw.go.jp/09/index.php?action_kouhyou_detail_004_kani=true&JigyosyoCd=0970100822-00&ServiceCd=430&Type=search" }, "geometry": { "type": "Point", "coordinates": [ 139.849727751823394, 36.53215530503175 ] } },
{ "type": "Feature", "properties": { "内容": "ケアメイトてまり【居宅介護支援】栃木県宇都宮市細谷町574-5サンハイツアーデルⅡ101", "url2": "https://www.kaigokensaku.mhlw.go.jp/09/index.php?action_kouhyou_detail_004_kani=true&JigyosyoCd=0970105730-00&ServiceCd=430&Type=search" }, "geometry": { "type": "Point", "coordinates": [ 139.838449800000035, 36.6063054 ] } },
{ "type": "Feature", "properties": { "内容": "向福【居宅介護支援】塙田３丁目２番３号　日章機械ビル401日章機械ビル４０１号", "url2": "https://www.kaigokensaku.mhlw.go.jp/09/index.php?action_kouhyou_detail_004_kani=true&JigyosyoCd=0970107975-00&ServiceCd=430&Type=search" }, "geometry": { "type": "Point", "coordinates": [ 139.8887813, 36.5639599 ] } },
{ "type": "Feature", "properties": { "内容": "敬祥苑居宅介護支援事業所【居宅介護支援】栃木県宇都宮市宝木本町2141番地", "url2": "https://www.kaigokensaku.mhlw.go.jp/09/index.php?action_kouhyou_detail_004_kani=true&JigyosyoCd=0970100657-00&ServiceCd=430&Type=search" }, "geometry": { "type": "Point", "coordinates": [ 139.843198600000051, 36.6296692 ] } },
{ "type": "Feature", "properties": { "内容": "ケアプランハート【居宅介護支援】栃木県宇都宮市石井町３２６１－４", "url2": "https://www.kaigokensaku.mhlw.go.jp/09/index.php?action_kouhyou_detail_004_kani=true&JigyosyoCd=0970101796-00&ServiceCd=430&Type=search" }, "geometry": { "type": "Point", "coordinates": [ 139.927798199999984, 36.537352 ] } },
{ "type": "Feature", "properties": { "内容": "ケアプランかすみ【居宅介護支援】栃木県宇都宮市駒生町792コートヴィアーレ202", "url2": "https://www.kaigokensaku.mhlw.go.jp/09/index.php?action_kouhyou_detail_004_kani=true&JigyosyoCd=0970108148-00&ServiceCd=430&Type=search" }, "geometry": { "type": "Point", "coordinates": [ 139.8490627, 36.5761765 ] } },
{ "type": "Feature", "properties": { "内容": "老人保健施設　白楽園　居宅介護支援事業者【居宅介護支援】栃木県宇都宮市宝木本町２１４０番地２", "url2": "https://www.kaigokensaku.mhlw.go.jp/09/index.php?action_kouhyou_detail_004_kani=true&JigyosyoCd=0950180026-00&ServiceCd=430&Type=search" }, "geometry": { "type": "Point", "coordinates": [ 139.843942483879317, 36.629999263002723 ] } },
{ "type": "Feature", "properties": { "内容": "居宅介護支援事業所とよさと【居宅介護支援】栃木県宇都宮市川俣町897－8", "url2": "https://www.kaigokensaku.mhlw.go.jp/09/index.php?action_kouhyou_detail_004_kani=true&JigyosyoCd=0970102265-00&ServiceCd=430&Type=search" }, "geometry": { "type": "Point", "coordinates": [ 139.90392769999994, 36.5988254 ] } },
{ "type": "Feature", "properties": { "内容": "ケアプランみやの杜【居宅介護支援】栃木県宇都宮市陽東２丁目４－５", "url2": "https://www.kaigokensaku.mhlw.go.jp/09/index.php?action_kouhyou_detail_004_kani=true&JigyosyoCd=0970102596-00&ServiceCd=430&Type=search" }, "geometry": { "type": "Point", "coordinates": [ 139.924383600000027, 36.553431 ] } },
{ "type": "Feature", "properties": { "内容": "エフビー居宅介護支援事業所宇都宮【居宅介護支援】栃木県宇都宮市野ゆいの杜6－29-18", "url2": "https://www.kaigokensaku.mhlw.go.jp/09/index.php?action_kouhyou_detail_004_kani=true&JigyosyoCd=0970102851-00&ServiceCd=430&Type=search" }, "geometry": { "type": "Point", "coordinates": [ 139.998854400000027, 36.5703841 ] } },
{ "type": "Feature", "properties": { "内容": "べすとらいふ陽東【居宅介護支援】栃木県宇都宮市陽東７丁目8番16号", "url2": "https://www.kaigokensaku.mhlw.go.jp/09/index.php?action_kouhyou_detail_004_kani=true&JigyosyoCd=0970103271-00&ServiceCd=430&Type=search" }, "geometry": { "type": "Point", "coordinates": [ 139.930986100000041, 36.5477817 ] } },
{ "type": "Feature", "properties": { "内容": "宇都宮ケアマネジメント【居宅介護支援】栃木県宇都宮市西川田３丁目２３－１４", "url2": "https://www.kaigokensaku.mhlw.go.jp/09/index.php?action_kouhyou_detail_004_kani=true&JigyosyoCd=0970104063-00&ServiceCd=430&Type=search" }, "geometry": { "type": "Point", "coordinates": [ 139.856838700000054, 36.5127444 ] } },
{ "type": "Feature", "properties": { "内容": "居宅介護支援事業所　ケアプラン　アソシエ【居宅介護支援】栃木県宇都宮市東塙田1丁目６－２７アソシエビル1階", "url2": "https://www.kaigokensaku.mhlw.go.jp/09/index.php?action_kouhyou_detail_004_kani=true&JigyosyoCd=0970104477-00&ServiceCd=430&Type=search" }, "geometry": { "type": "Point", "coordinates": [ 139.8902951, 36.5641721 ] } },
{ "type": "Feature", "properties": { "内容": "宇都宮中央ケアプランセンター【居宅介護支援】栃木県宇都宮市今泉3-13-1　喜多川マンション101", "url2": "https://www.kaigokensaku.mhlw.go.jp/09/index.php?action_kouhyou_detail_004_kani=true&JigyosyoCd=0970105037-00&ServiceCd=430&Type=search" }, "geometry": { "type": "Point", "coordinates": [ 139.89422568092499, 36.566962382290896 ] } },
{ "type": "Feature", "properties": { "内容": "居宅介護支援事業所　ミント（平成22年度新規指定事業所）【居宅介護支援】宇都宮市宝木町1丁目722番地７", "url2": "https://www.kaigokensaku.mhlw.go.jp/09/index.php?action_kouhyou_detail_004_kani=true&JigyosyoCd=0970105193-00&ServiceCd=430&Type=search" }, "geometry": { "type": "Point", "coordinates": [ 139.851195038587491, 36.582011020736353 ] } },
{ "type": "Feature", "properties": { "内容": "居宅介護支援事業所　花音【居宅介護支援】栃木県宇都宮市野沢町310-1野沢町貸事務所16棟2階18号室", "url2": "https://www.kaigokensaku.mhlw.go.jp/09/index.php?action_kouhyou_detail_004_kani=true&JigyosyoCd=0970105847-00&ServiceCd=430&Type=search" }, "geometry": { "type": "Point", "coordinates": [ 139.855911683467099, 36.610674271368403 ] } },
{ "type": "Feature", "properties": { "内容": "ケアプラン・まりも【居宅介護支援】栃木県宇都宮市竹下町４３５－８８", "url2": "https://www.kaigokensaku.mhlw.go.jp/09/index.php?action_kouhyou_detail_004_kani=true&JigyosyoCd=0970107512-00&ServiceCd=430&Type=search" }, "geometry": { "type": "Point", "coordinates": [ 139.966580099999987, 36.5520296 ] } },
{ "type": "Feature", "properties": { "内容": "居宅介護支援ひかり【居宅介護支援】栃木県宇都宮市竹林町４５６番地３", "url2": "https://www.kaigokensaku.mhlw.go.jp/09/index.php?action_kouhyou_detail_004_kani=true&JigyosyoCd=0970108262-00&ServiceCd=430&Type=search" }, "geometry": { "type": "Point", "coordinates": [ 139.91259010674591, 36.580869107716367 ] } },
{ "type": "Feature", "properties": { "内容": "ケアプランメルシー【居宅介護支援】栃木県宇都宮市六道町3-19ﾓﾝｼｪﾘｰﾃﾞﾝｽｸﾏﾓﾄ206", "url2": "https://www.kaigokensaku.mhlw.go.jp/09/index.php?action_kouhyou_detail_004_kani=true&JigyosyoCd=0970108304-00&ServiceCd=430&Type=search" }, "geometry": { "type": "Point", "coordinates": [ 139.8683665, 36.555512700000016 ] } },
{ "type": "Feature", "properties": { "内容": "ケアマネらっかせい【居宅介護支援】栃木県宇都宮市平松本町428-2", "url2": "https://www.kaigokensaku.mhlw.go.jp/09/index.php?action_kouhyou_detail_004_kani=true&JigyosyoCd=0970108635-00&ServiceCd=430&Type=search" }, "geometry": { "type": "Point", "coordinates": [ 139.907986200000011, 36.546911 ] } },
{ "type": "Feature", "properties": { "内容": "特別養護老人ホームさくらの杜【居宅介護支援】栃木県宇都宮市逆面町261-1", "url2": "https://www.kaigokensaku.mhlw.go.jp/09/index.php?action_kouhyou_detail_004_kani=true&JigyosyoCd=0972100093-00&ServiceCd=430&Type=search" }, "geometry": { "type": "Point", "coordinates": [ 139.898820900000032, 36.6579981 ] } },
{ "type": "Feature", "properties": { "内容": "居宅介護支援事業所ほさな【居宅介護支援】宇都宮市砥上町1140-1", "url2": "https://www.kaigokensaku.mhlw.go.jp/09/index.php?action_kouhyou_detail_004_kani=true&JigyosyoCd=0970104071-00&ServiceCd=430&Type=search" }, "geometry": { "type": "Point", "coordinates": [ 139.838544805274296, 36.560881156500834 ] } },
{ "type": "Feature", "properties": { "内容": "ライフサポート明和【居宅介護支援】栃木県宇都宮市台新田1丁目9-9", "url2": "https://www.kaigokensaku.mhlw.go.jp/09/index.php?action_kouhyou_detail_004_kani=true&JigyosyoCd=0970107389-00&ServiceCd=430&Type=search" }, "geometry": { "type": "Point", "coordinates": [ 139.879603475640806, 36.51675448012957 ] } },
{ "type": "Feature", "properties": { "内容": "ケア・サファイア【居宅介護支援】栃木県宇都宮市中戸祭１丁目９番２５号", "url2": "https://www.kaigokensaku.mhlw.go.jp/09/index.php?action_kouhyou_detail_004_kani=true&JigyosyoCd=0970106951-00&ServiceCd=430&Type=search" }, "geometry": { "type": "Point", "coordinates": [ 139.867696, 36.580784 ] } },
{ "type": "Feature", "properties": { "内容": "訪問看護ステーションほっと【居宅介護支援】栃木県宇都宮市竹林町958", "url2": "https://www.kaigokensaku.mhlw.go.jp/09/index.php?action_kouhyou_detail_004_kani=true&JigyosyoCd=0960190072-00&ServiceCd=430&Type=search" }, "geometry": { "type": "Point", "coordinates": [ 139.893976455819711, 36.577827674510232 ] } },
{ "type": "Feature", "properties": { "内容": "居宅介護支援事業宮の里【居宅介護支援】栃木県宇都宮市田野町６６６－２", "url2": "https://www.kaigokensaku.mhlw.go.jp/09/index.php?action_kouhyou_detail_004_kani=true&JigyosyoCd=0970100079-00&ServiceCd=430&Type=search" }, "geometry": { "type": "Point", "coordinates": [ 139.807019299999979, 36.5953813 ] } },
{ "type": "Feature", "properties": { "内容": "アール居宅介護支援サービス【居宅介護支援】栃木県宇都宮市大通り3丁目1番２４号MTビル2階", "url2": "https://www.kaigokensaku.mhlw.go.jp/09/index.php?action_kouhyou_detail_004_kani=true&JigyosyoCd=0970100095-00&ServiceCd=430&Type=search" }, "geometry": { "type": "Point", "coordinates": [ 139.892925600000012, 36.55924 ] } },
{ "type": "Feature", "properties": { "内容": "ｹｱﾌﾟﾗﾝｾﾝﾀｰ青い鳥【居宅介護支援】栃木県宇都宮市宝木本町1785-12", "url2": "https://www.kaigokensaku.mhlw.go.jp/09/index.php?action_kouhyou_detail_004_kani=true&JigyosyoCd=0970100129-00&ServiceCd=430&Type=search" }, "geometry": { "type": "Point", "coordinates": [ 139.837949282031218, 36.610453667695346 ] } },
{ "type": "Feature", "properties": { "内容": "宇都宮市社会福祉協議会【居宅介護支援】栃木県宇都宮市中央1丁目1番15号", "url2": "https://www.kaigokensaku.mhlw.go.jp/09/index.php?action_kouhyou_detail_004_kani=true&JigyosyoCd=0970100137-00&ServiceCd=430&Type=search" }, "geometry": { "type": "Point", "coordinates": [ 139.8822126, 36.5591813 ] } },
{ "type": "Feature", "properties": { "内容": "社会福祉法人美のりの里　のん美里ホームながおか【居宅介護支援】栃木県宇都宮市長岡町１６７－５", "url2": "https://www.kaigokensaku.mhlw.go.jp/09/index.php?action_kouhyou_detail_004_kani=true&JigyosyoCd=0970100145-00&ServiceCd=430&Type=search" }, "geometry": { "type": "Point", "coordinates": [ 139.876897099999951, 36.600949 ] } },
{ "type": "Feature", "properties": { "内容": "うつのみや病院附属居宅介護支援センター【居宅介護支援】栃木県宇都宮市南高砂町11番17号", "url2": "https://www.kaigokensaku.mhlw.go.jp/09/index.php?action_kouhyou_detail_004_kani=true&JigyosyoCd=0970100152-00&ServiceCd=430&Type=search" }, "geometry": { "type": "Point", "coordinates": [ 139.870780400000058, 36.4833424 ] } },
{ "type": "Feature", "properties": { "内容": "居宅介護支援ふたば【居宅介護支援】栃木県宇都宮市双葉１丁目13-56", "url2": "https://www.kaigokensaku.mhlw.go.jp/09/index.php?action_kouhyou_detail_004_kani=true&JigyosyoCd=0970100210-00&ServiceCd=430&Type=search" }, "geometry": { "type": "Point", "coordinates": [ 139.860479599999962, 36.5257818 ] } },
{ "type": "Feature", "properties": { "内容": "徳次郎居宅介護支援センター【居宅介護支援】栃木県宇都宮市徳次郎町６５－８", "url2": "https://www.kaigokensaku.mhlw.go.jp/09/index.php?action_kouhyou_detail_004_kani=true&JigyosyoCd=0970100236-00&ServiceCd=430&Type=search" }, "geometry": { "type": "Point", "coordinates": [ 139.848792399999979, 36.6433428 ] } },
{ "type": "Feature", "properties": { "内容": "ケア工房　野の花【居宅介護支援】栃木県宇都宮市星が丘1-7-38", "url2": "https://www.kaigokensaku.mhlw.go.jp/09/index.php?action_kouhyou_detail_004_kani=true&JigyosyoCd=0970100244-00&ServiceCd=430&Type=search" }, "geometry": { "type": "Point", "coordinates": [ 139.875257199999965, 36.568005 ] } },
{ "type": "Feature", "properties": { "内容": "支援センター　きよはら【居宅介護支援】栃木県宇都宮市鐺山町1983番地", "url2": "https://www.kaigokensaku.mhlw.go.jp/09/index.php?action_kouhyou_detail_004_kani=true&JigyosyoCd=0970100277-00&ServiceCd=430&Type=search" }, "geometry": { "type": "Point", "coordinates": [ 139.975927100000035, 36.5387033 ] } },
{ "type": "Feature", "properties": { "内容": "在宅介護支援センター元気の里【居宅介護支援】栃木県宇都宮市幕田町1456-1", "url2": "https://www.kaigokensaku.mhlw.go.jp/09/index.php?action_kouhyou_detail_004_kani=true&JigyosyoCd=0970100285-00&ServiceCd=430&Type=search" }, "geometry": { "type": "Point", "coordinates": [ 139.851895099999979, 36.4965601 ] } },
{ "type": "Feature", "properties": { "内容": "居宅介護支援センター瑞寿苑【居宅介護支援】栃木県宇都宮市上桑島町1476番地2", "url2": "https://www.kaigokensaku.mhlw.go.jp/09/index.php?action_kouhyou_detail_004_kani=true&JigyosyoCd=0970100293-00&ServiceCd=430&Type=search" }, "geometry": { "type": "Point", "coordinates": [ 139.927668199999971, 36.5190286 ] } },
{ "type": "Feature", "properties": { "内容": "在宅介護支援センターはりがや【居宅介護支援】栃木県宇都宮市針ヶ谷町６５５", "url2": "https://www.kaigokensaku.mhlw.go.jp/09/index.php?action_kouhyou_detail_004_kani=true&JigyosyoCd=0970100343-00&ServiceCd=430&Type=search" }, "geometry": { "type": "Point", "coordinates": [ 139.851800899999944, 36.4897915 ] } },
{ "type": "Feature", "properties": { "内容": "飯田福祉会高砂荘【居宅介護支援】栃木県宇都宮市平出町1510-1", "url2": "https://www.kaigokensaku.mhlw.go.jp/09/index.php?action_kouhyou_detail_004_kani=true&JigyosyoCd=0970100624-00&ServiceCd=430&Type=search" }, "geometry": { "type": "Point", "coordinates": [ 139.945086, 36.5783208 ] } },
{ "type": "Feature", "properties": { "内容": "在宅介護支援センター陽南【居宅介護支援】栃木県宇都宮市陽南4-6-34", "url2": "https://www.kaigokensaku.mhlw.go.jp/09/index.php?action_kouhyou_detail_004_kani=true&JigyosyoCd=0970100665-00&ServiceCd=430&Type=search" }, "geometry": { "type": "Point", "coordinates": [ 139.867425799999978, 36.5371529 ] } },
{ "type": "Feature", "properties": { "内容": "社会福祉法人　梨一会　豊幸の郷石井【居宅介護支援】栃木県宇都宮市石井町2580-1", "url2": "https://www.kaigokensaku.mhlw.go.jp/09/index.php?action_kouhyou_detail_004_kani=true&JigyosyoCd=0970100681-00&ServiceCd=430&Type=search" }, "geometry": { "type": "Point", "coordinates": [ 139.939146700000038, 36.5443184 ] } },
{ "type": "Feature", "properties": { "内容": "居宅介護支援事業所なでしこ【居宅介護支援】栃木県宇都宮市徳次郎町２４７９－１", "url2": "https://www.kaigokensaku.mhlw.go.jp/09/index.php?action_kouhyou_detail_004_kani=true&JigyosyoCd=0970100921-00&ServiceCd=430&Type=search" }, "geometry": { "type": "Point", "coordinates": [ 139.840545, 36.6582579 ] } },
{ "type": "Feature", "properties": { "内容": "居宅介護支援　虹【居宅介護支援】栃木県宇都宮市宝木町2丁目1028番地17", "url2": "https://www.kaigokensaku.mhlw.go.jp/09/index.php?action_kouhyou_detail_004_kani=true&JigyosyoCd=0970101085-00&ServiceCd=430&Type=search" }, "geometry": { "type": "Point", "coordinates": [ 139.845547403704813, 36.592477488483723 ] } },
{ "type": "Feature", "properties": { "内容": "居宅介護支援事業所あざみ【居宅介護支援】栃木県宇都宮市川俣町61－3", "url2": "https://www.kaigokensaku.mhlw.go.jp/09/index.php?action_kouhyou_detail_004_kani=true&JigyosyoCd=0970102323-00&ServiceCd=430&Type=search" }, "geometry": { "type": "Point", "coordinates": [ 139.917709100000025, 36.6046724 ] } },
{ "type": "Feature", "properties": { "内容": "在宅サポートこころ【居宅介護支援】栃木県宇都宮市材木町４－２４", "url2": "https://www.kaigokensaku.mhlw.go.jp/09/index.php?action_kouhyou_detail_004_kani=true&JigyosyoCd=0970102463-00&ServiceCd=430&Type=search" }, "geometry": { "type": "Point", "coordinates": [ 139.873244140285124, 36.561796834622882 ] } },
{ "type": "Feature", "properties": { "内容": "あおば居宅介護支援事業所【居宅介護支援】栃木県宇都宮市中戸祭町851番地", "url2": "https://www.kaigokensaku.mhlw.go.jp/09/index.php?action_kouhyou_detail_004_kani=true&JigyosyoCd=0970103016-00&ServiceCd=430&Type=search" }, "geometry": { "type": "Point", "coordinates": [ 139.8690987, 36.5807618 ] } },
{ "type": "Feature", "properties": { "内容": "コープ福祉介護相談センター江曽島【居宅介護支援】宇都宮市江曽島２－１１－２１", "url2": "https://www.kaigokensaku.mhlw.go.jp/09/index.php?action_kouhyou_detail_004_kani=true&JigyosyoCd=0970103867-00&ServiceCd=430&Type=search" }, "geometry": { "type": "Point", "coordinates": [ 139.862640599999963, 36.5250486 ] } },
{ "type": "Feature", "properties": { "内容": "居宅介護支援事業所キガ【居宅介護支援】栃木県宇都宮市平出町1043-3", "url2": "https://www.kaigokensaku.mhlw.go.jp/09/index.php?action_kouhyou_detail_004_kani=true&JigyosyoCd=0970103925-00&ServiceCd=430&Type=search" }, "geometry": { "type": "Point", "coordinates": [ 139.947238563229348, 36.568081703069971 ] } },
{ "type": "Feature", "properties": { "内容": "ハートフルサポートとちぎ【居宅介護支援】栃木県宇都宮市柳田町1771-1", "url2": "https://www.kaigokensaku.mhlw.go.jp/09/index.php?action_kouhyou_detail_004_kani=true&JigyosyoCd=0970104279-00&ServiceCd=430&Type=search" }, "geometry": { "type": "Point", "coordinates": [ 139.957849723231476, 36.56896336612165 ] } },
{ "type": "Feature", "properties": { "内容": "ケアプラン　春【居宅介護支援】栃木県宇都宮市御幸本町４８７１－１６４", "url2": "https://www.kaigokensaku.mhlw.go.jp/09/index.php?action_kouhyou_detail_004_kani=true&JigyosyoCd=0970104543-00&ServiceCd=430&Type=search" }, "geometry": { "type": "Point", "coordinates": [ 139.925959700000021, 36.5795006 ] } },
{ "type": "Feature", "properties": { "内容": "らいとケア上戸祭（平成22年度新規指定事業所）【居宅介護支援】栃木県宇都宮市上戸祭町3004-2", "url2": "https://www.kaigokensaku.mhlw.go.jp/09/index.php?action_kouhyou_detail_004_kani=true&JigyosyoCd=0970104915-00&ServiceCd=430&Type=search" }, "geometry": { "type": "Point", "coordinates": [ 139.868539899999973, 36.5916189 ] } },
{ "type": "Feature", "properties": { "内容": "ケアプラン咲さく【居宅介護支援】栃木県宇都宮市宝木町１丁目3402番地1", "url2": "https://www.kaigokensaku.mhlw.go.jp/09/index.php?action_kouhyou_detail_004_kani=true&JigyosyoCd=0970105011-00&ServiceCd=430&Type=search" }, "geometry": { "type": "Point", "coordinates": [ 139.8494277, 36.5998215 ] } },
{ "type": "Feature", "properties": { "内容": "ケアプラン　一条（平成22年度新規指定事業所）【居宅介護支援】栃木県宇都宮市一条２丁目４－７一条シティハイツ１０１号室", "url2": "https://www.kaigokensaku.mhlw.go.jp/09/index.php?action_kouhyou_detail_004_kani=true&JigyosyoCd=0970105110-00&ServiceCd=430&Type=search" }, "geometry": { "type": "Point", "coordinates": [ 139.881976799999961, 36.5527126 ] } },
{ "type": "Feature", "properties": { "内容": "サニーライフ宇都宮　居宅介護支援事業所【居宅介護支援】栃木県宇都宮市今泉町395番地", "url2": "https://www.kaigokensaku.mhlw.go.jp/09/index.php?action_kouhyou_detail_004_kani=true&JigyosyoCd=0970105136-00&ServiceCd=430&Type=search" }, "geometry": { "type": "Point", "coordinates": [ 139.904818, 36.5731281 ] } },
{ "type": "Feature", "properties": { "内容": "サニーライフ宇都宮元今泉居宅介護支援事業所【居宅介護支援】栃木県宇都宮市元今泉7-1-16", "url2": "https://www.kaigokensaku.mhlw.go.jp/09/index.php?action_kouhyou_detail_004_kani=true&JigyosyoCd=0970105482-00&ServiceCd=430&Type=search" }, "geometry": { "type": "Point", "coordinates": [ 139.91297869999994, 36.5630185 ] } },
{ "type": "Feature", "properties": { "内容": "在宅支援おおすが【居宅介護支援】栃木県宇都宮市駒生町1303番地41", "url2": "https://www.kaigokensaku.mhlw.go.jp/09/index.php?action_kouhyou_detail_004_kani=true&JigyosyoCd=0970106449-00&ServiceCd=430&Type=search" }, "geometry": { "type": "Point", "coordinates": [ 139.843608817790937, 36.579821323056443 ] } },
{ "type": "Feature", "properties": { "内容": "ケアプラン　あおい【居宅介護支援】御幸ヶ原町2-12カクニシエコス105号室", "url2": "https://www.kaigokensaku.mhlw.go.jp/09/index.php?action_kouhyou_detail_004_kani=true&JigyosyoCd=0970106555-00&ServiceCd=430&Type=search" }, "geometry": { "type": "Point", "coordinates": [ 139.929058299999951, 36.602273 ] } },
{ "type": "Feature", "properties": { "内容": "居宅介護支援センターあかり【居宅介護支援】栃木県宇都宮市駒生町1224", "url2": "https://www.kaigokensaku.mhlw.go.jp/09/index.php?action_kouhyou_detail_004_kani=true&JigyosyoCd=0970106654-00&ServiceCd=430&Type=search" }, "geometry": { "type": "Point", "coordinates": [ 139.841040528293746, 36.575483999973791 ] } },
{ "type": "Feature", "properties": { "内容": "居宅介護支援事業所　みなみ【居宅介護支援】栃木県宇都宮市西原町435番地1", "url2": "https://www.kaigokensaku.mhlw.go.jp/09/index.php?action_kouhyou_detail_004_kani=true&JigyosyoCd=0970106738-00&ServiceCd=430&Type=search" }, "geometry": { "type": "Point", "coordinates": [ 139.88146789137113, 36.540129054071535 ] } },
{ "type": "Feature", "properties": { "内容": "ふれんど岡本居宅介護支援センター【居宅介護支援】栃木県宇都宮市下岡本町2175-10", "url2": "https://www.kaigokensaku.mhlw.go.jp/09/index.php?action_kouhyou_detail_004_kani=true&JigyosyoCd=0970107017-00&ServiceCd=430&Type=search" }, "geometry": { "type": "Point", "coordinates": [ 139.939068268122895, 36.597723090133435 ] } },
{ "type": "Feature", "properties": { "内容": "あおぞらの里御幸ヶ原ケアプランセンター【居宅介護支援】栃木県宇都宮市御幸ヶ原町84-4", "url2": "https://www.kaigokensaku.mhlw.go.jp/09/index.php?action_kouhyou_detail_004_kani=true&JigyosyoCd=0970107041-00&ServiceCd=430&Type=search" }, "geometry": { "type": "Point", "coordinates": [ 139.9261229, 36.5910548 ] } },
{ "type": "Feature", "properties": { "内容": "介護の相談窓口　きみはな【居宅介護支援】栃木県宇都宮市御幸ヶ原91-6オータニ御幸ヶ原店テナント棟", "url2": "https://www.kaigokensaku.mhlw.go.jp/09/index.php?action_kouhyou_detail_004_kani=true&JigyosyoCd=0970107132-00&ServiceCd=430&Type=search" }, "geometry": { "type": "Point", "coordinates": [ 139.922332798286476, 36.589203577989039 ] } },
{ "type": "Feature", "properties": { "内容": "在宅介護支援　さくら星の宮【居宅介護支援】栃木県宇都宮市屋板町1112-3地域交流センターさくら星の宮", "url2": "https://www.kaigokensaku.mhlw.go.jp/09/index.php?action_kouhyou_detail_004_kani=true&JigyosyoCd=0970107157-00&ServiceCd=430&Type=search" }, "geometry": { "type": "Point", "coordinates": [ 139.892573941781222, 36.518507462884656 ] } },
{ "type": "Feature", "properties": { "内容": "ケアプランこあら【居宅介護支援】栃木県宇都宮市清原台3丁目30番24号", "url2": "https://www.kaigokensaku.mhlw.go.jp/09/index.php?action_kouhyou_detail_004_kani=true&JigyosyoCd=0970107322-00&ServiceCd=430&Type=search" }, "geometry": { "type": "Point", "coordinates": [ 139.992677622352943, 36.558469398920387 ] } },
{ "type": "Feature", "properties": { "内容": "居宅介護支援事業所明日向【居宅介護支援】栃木県宇都宮市今泉町847-21丸田ビル3F-A", "url2": "https://www.kaigokensaku.mhlw.go.jp/09/index.php?action_kouhyou_detail_004_kani=true&JigyosyoCd=0970107488-00&ServiceCd=430&Type=search" }, "geometry": { "type": "Point", "coordinates": [ 139.899792959326248, 36.567559716117984 ] } },
{ "type": "Feature", "properties": { "内容": "介護相談センターうつのみや【居宅介護支援】栃木県宇都宮市元今泉6丁目８番７号エーデルハイツ103号", "url2": "https://www.kaigokensaku.mhlw.go.jp/09/index.php?action_kouhyou_detail_004_kani=true&JigyosyoCd=0970107579-00&ServiceCd=430&Type=search" }, "geometry": { "type": "Point", "coordinates": [ 139.914077600000013, 36.5612717 ] } },
{ "type": "Feature", "properties": { "内容": "居宅介護支援事業所　花みずき【居宅介護支援】栃木県宇都宮市上戸祭3-3-24KSハイツⅢ101", "url2": "https://www.kaigokensaku.mhlw.go.jp/09/index.php?action_kouhyou_detail_004_kani=true&JigyosyoCd=0970107645-00&ServiceCd=430&Type=search" }, "geometry": { "type": "Point", "coordinates": [ 139.861411838525555, 36.592756556083344 ] } },
{ "type": "Feature", "properties": { "内容": "ライフサポートつるた【居宅介護支援】栃木県宇都宮市鶴田町97番地40", "url2": "https://www.kaigokensaku.mhlw.go.jp/09/index.php?action_kouhyou_detail_004_kani=true&JigyosyoCd=0970107678-00&ServiceCd=430&Type=search" }, "geometry": { "type": "Point", "coordinates": [ 139.851704700000028, 36.5413659 ] } },
{ "type": "Feature", "properties": { "内容": "合同会社ケアプランクッキ-【居宅介護支援】栃木県宇都宮市今泉5丁目1番3号", "url2": "https://www.kaigokensaku.mhlw.go.jp/09/index.php?action_kouhyou_detail_004_kani=true&JigyosyoCd=0970107702-00&ServiceCd=430&Type=search" }, "geometry": { "type": "Point", "coordinates": [ 139.897547, 36.5669866 ] } },
{ "type": "Feature", "properties": { "内容": "医心館居宅介護支援事業所宇都宮Ⅱ【居宅介護支援】栃木県宇都宮市鶴田町552", "url2": "https://www.kaigokensaku.mhlw.go.jp/09/index.php?action_kouhyou_detail_004_kani=true&JigyosyoCd=0970107710-00&ServiceCd=430&Type=search" }, "geometry": { "type": "Point", "coordinates": [ 139.85907229999998, 36.5639245 ] } },
{ "type": "Feature", "properties": { "内容": "SOMPOケア　雀宮　居宅介護支援【居宅介護支援】栃木県宇都宮市雀の宮四丁目26-19百目鬼事務所103", "url2": "https://www.kaigokensaku.mhlw.go.jp/09/index.php?action_kouhyou_detail_004_kani=true&JigyosyoCd=0970107801-00&ServiceCd=430&Type=search" }, "geometry": { "type": "Point", "coordinates": [ 139.870566199999985, 36.4959131 ] } },
{ "type": "Feature", "properties": { "内容": "ケアパートナー宇都宮南【居宅介護支援】栃木県宇都宮市簗瀬町２５６３－５", "url2": "https://www.kaigokensaku.mhlw.go.jp/09/index.php?action_kouhyou_detail_004_kani=true&JigyosyoCd=0970107876-00&ServiceCd=430&Type=search" }, "geometry": { "type": "Point", "coordinates": [ 139.897889699999951, 36.5400952 ] } },
{ "type": "Feature", "properties": { "内容": "うつのみや居宅介護支援事業所にこっと【居宅介護支援】栃木県宇都宮市平出町1777-3", "url2": "https://www.kaigokensaku.mhlw.go.jp/09/index.php?action_kouhyou_detail_004_kani=true&JigyosyoCd=0970107918-00&ServiceCd=430&Type=search" }, "geometry": { "type": "Point", "coordinates": [ 139.9433383, 36.5595188 ] } },
{ "type": "Feature", "properties": { "内容": "居宅介護支援事業所あじさい【居宅介護支援】中岡本町3720-67地域密着型特別養護老人ホームなつぼ内", "url2": "https://www.kaigokensaku.mhlw.go.jp/09/index.php?action_kouhyou_detail_004_kani=true&JigyosyoCd=0970107926-00&ServiceCd=430&Type=search" }, "geometry": { "type": "Point", "coordinates": [ 139.934041733578937, 36.60981604766112 ] } },
{ "type": "Feature", "properties": { "内容": "居宅介護支援おひさま【居宅介護支援】栃木県宇都宮市岩曽町1392-45", "url2": "https://www.kaigokensaku.mhlw.go.jp/09/index.php?action_kouhyou_detail_004_kani=true&JigyosyoCd=0970107959-00&ServiceCd=430&Type=search" }, "geometry": { "type": "Point", "coordinates": [ 139.913006730475587, 36.585905578435423 ] } },
{ "type": "Feature", "properties": { "内容": "ケアプラン良心【居宅介護支援】栃木県宇都宮市御幸ヶ原町62-20", "url2": "https://www.kaigokensaku.mhlw.go.jp/09/index.php?action_kouhyou_detail_004_kani=true&JigyosyoCd=0970107991-00&ServiceCd=430&Type=search" }, "geometry": { "type": "Point", "coordinates": [ 139.926418399999989, 36.593853 ] } },
{ "type": "Feature", "properties": { "内容": "ケアプラン花房【居宅介護支援】栃木県宇都宮市花房2-6-13えむ・ふらっと201号室", "url2": "https://www.kaigokensaku.mhlw.go.jp/09/index.php?action_kouhyou_detail_004_kani=true&JigyosyoCd=0970108031-00&ServiceCd=430&Type=search" }, "geometry": { "type": "Point", "coordinates": [ 139.8780375, 36.549259 ] } },
{ "type": "Feature", "properties": { "内容": "ケアプランソレイユ【居宅介護支援】栃木県宇都宮市天神２丁目９番７号", "url2": "https://www.kaigokensaku.mhlw.go.jp/09/index.php?action_kouhyou_detail_004_kani=true&JigyosyoCd=0970108106-00&ServiceCd=430&Type=search" }, "geometry": { "type": "Point", "coordinates": [ 139.887904234117173, 36.552225177804338 ] } },
{ "type": "Feature", "properties": { "内容": "居宅介護支援事務所　Fullness+【居宅介護支援】栃木県宇都宮市陽南2丁目14-14", "url2": "https://www.kaigokensaku.mhlw.go.jp/09/index.php?action_kouhyou_detail_004_kani=true&JigyosyoCd=0970108205-00&ServiceCd=430&Type=search" }, "geometry": { "type": "Point", "coordinates": [ 139.8749583, 36.534505 ] } },
{ "type": "Feature", "properties": { "内容": "ツクイ宇都宮東【居宅介護支援】栃木県宇都宮市元今泉6-14-30", "url2": "https://www.kaigokensaku.mhlw.go.jp/09/index.php?action_kouhyou_detail_004_kani=true&JigyosyoCd=0970108320-00&ServiceCd=430&Type=search" }, "geometry": { "type": "Point", "coordinates": [ 139.9137226, 36.5602277 ] } },
{ "type": "Feature", "properties": { "内容": "ツクイ・サンフォレスト宇都宮【居宅介護支援】簗瀬4-4-7", "url2": "https://www.kaigokensaku.mhlw.go.jp/09/index.php?action_kouhyou_detail_004_kani=true&JigyosyoCd=0970108361-00&ServiceCd=430&Type=search" }, "geometry": { "type": "Point", "coordinates": [ 139.899547, 36.5536934 ] } },
{ "type": "Feature", "properties": { "内容": "ソーシャルワークきずな【居宅介護支援】栃木県宇都宮市川田町１００８番地６リジェール２１　１０５号", "url2": "https://www.kaigokensaku.mhlw.go.jp/09/index.php?action_kouhyou_detail_004_kani=true&JigyosyoCd=0970108544-00&ServiceCd=430&Type=search" }, "geometry": { "type": "Point", "coordinates": [ 139.88780460000001, 36.535572300000034 ] } },
{ "type": "Feature", "properties": { "内容": "居宅介護支援事業所きりん【居宅介護支援】栃木県宇都宮市宝木町2-2572-11", "url2": "https://www.kaigokensaku.mhlw.go.jp/09/index.php?action_kouhyou_detail_004_kani=true&JigyosyoCd=0970108643-00&ServiceCd=430&Type=search" }, "geometry": { "type": "Point", "coordinates": [ 139.8487054, 36.585367 ] } },
{ "type": "Feature", "properties": { "内容": "ソーシャルワーク和【居宅介護支援】栃木県宇都宮市駒生１－６－６", "url2": "https://www.kaigokensaku.mhlw.go.jp/09/index.php?action_kouhyou_detail_004_kani=true&JigyosyoCd=0970108700-00&ServiceCd=430&Type=search" }, "geometry": { "type": "Point", "coordinates": [ 139.853666799999985, 36.571613672937765 ] } },
{ "type": "Feature", "properties": { "内容": "ケアプランストーリィ【居宅介護支援】今泉町3020-1", "url2": "https://www.kaigokensaku.mhlw.go.jp/09/index.php?action_kouhyou_detail_004_kani=true&JigyosyoCd=0970108734-00&ServiceCd=430&Type=search" }, "geometry": { "type": "Point", "coordinates": [ 139.919137400000011, 36.5719384 ] } },
{ "type": "Feature", "properties": { "内容": "おうちでケアこざくら【居宅介護支援】栃木県宇都宮市野沢町451番地17", "url2": "https://www.kaigokensaku.mhlw.go.jp/09/index.php?action_kouhyou_detail_004_kani=true&JigyosyoCd=0970108775-00&ServiceCd=430&Type=search" }, "geometry": { "type": "Point", "coordinates": [ 139.861251350015266, 36.611966478270205 ] } },
{ "type": "Feature", "properties": { "内容": "居宅介護支援事業所なづな【居宅介護支援】栃木県宇都宮市上戸祭4丁目10番27号", "url2": "https://www.kaigokensaku.mhlw.go.jp/09/index.php?action_kouhyou_detail_004_kani=true&JigyosyoCd=0970108916-00&ServiceCd=430&Type=search" }, "geometry": { "type": "Point", "coordinates": [ 139.856986299999988, 36.5993933 ] } },
{ "type": "Feature", "properties": { "内容": "介護相談センターみずほの【居宅介護支援】瑞穂2-1-1", "url2": "https://www.kaigokensaku.mhlw.go.jp/09/index.php?action_kouhyou_detail_004_kani=true&JigyosyoCd=0970108981-00&ServiceCd=430&Type=search" }, "geometry": { "type": "Point", "coordinates": [ 140.0702991, 35.6639509 ] } },
{ "type": "Feature", "properties": { "内容": "ウエルスタイル宇都宮居宅介護支援事業所【居宅介護支援】栃木県宇都宮市花房一丁目１５番２号アッサンブラージュ１階", "url2": "https://www.kaigokensaku.mhlw.go.jp/09/index.php?action_kouhyou_detail_004_kani=true&JigyosyoCd=0970108999-00&ServiceCd=430&Type=search" }, "geometry": { "type": "Point", "coordinates": [ 139.880876300000011, 36.5468333 ] } },
{ "type": "Feature", "properties": { "内容": "居宅介護支援事業所とよさと【居宅介護支援】栃木県宇都宮市川俣町900-1", "url2": "https://www.kaigokensaku.mhlw.go.jp/09/index.php?action_kouhyou_detail_004_kani=true&JigyosyoCd=0970109286-00&ServiceCd=430&Type=search" }, "geometry": { "type": "Point", "coordinates": [ 139.9085024, 36.604561 ] } },
{ "type": "Feature", "properties": { "内容": "今泉ケアセンターそよ風【居宅介護支援】栃木県宇都宮市中今泉四丁目22番1号", "url2": "https://www.kaigokensaku.mhlw.go.jp/09/index.php?action_kouhyou_detail_004_kani=true&JigyosyoCd=0970109294-00&ServiceCd=430&Type=search" }, "geometry": { "type": "Point", "coordinates": [ 139.909912599999984, 36.568564900000013 ] } },
{ "type": "Feature", "properties": { "内容": "居宅介護支援事業所うつのみや【居宅介護支援】栃木県宇都宮市下砥上町643-1", "url2": "https://www.kaigokensaku.mhlw.go.jp/09/index.php?action_kouhyou_detail_004_kani=true&JigyosyoCd=0970109336-00&ServiceCd=430&Type=search" }, "geometry": { "type": "Point", "coordinates": [ 139.849726299999986, 36.5322039 ] } },
{ "type": "Feature", "properties": { "内容": "ケアプランセンター辻が幸【居宅介護支援】栃木県宇都宮市富士見が丘三丁目２３番６号", "url2": "https://www.kaigokensaku.mhlw.go.jp/09/index.php?action_kouhyou_detail_004_kani=true&JigyosyoCd=0970109419-00&ServiceCd=430&Type=search" }, "geometry": { "type": "Point", "coordinates": [ 139.888696708304764, 36.587367731756522 ] } },
{ "type": "Feature", "properties": { "内容": "指定居宅介護支援事業者居宅介護支援センターしらさぎ【居宅介護支援】栃木県宇都宮市白沢町１１６番地３鈴蘭荘２０２号室", "url2": "https://www.kaigokensaku.mhlw.go.jp/09/index.php?action_kouhyou_detail_004_kani=true&JigyosyoCd=0972100044-00&ServiceCd=430&Type=search" }, "geometry": { "type": "Point", "coordinates": [ 139.945280899999943, 36.6304755 ] } },
{ "type": "Feature", "properties": { "内容": "上河内在宅介護支援センター【居宅介護支援】栃木県宇都宮市下小倉町１３１３－２６", "url2": "https://www.kaigokensaku.mhlw.go.jp/09/index.php?action_kouhyou_detail_004_kani=true&JigyosyoCd=0972100325-00&ServiceCd=430&Type=search" }, "geometry": { "type": "Point", "coordinates": [ 139.916268811639384, 36.686827168465896 ] } },
{ "type": "Feature", "properties": { "内容": "ライフプランRose【居宅介護支援】栃木県宇都宮市中戸祭町768-1クリーンハイツ中妻201", "url2": "https://www.kaigokensaku.mhlw.go.jp/09/index.php?action_kouhyou_detail_004_kani=true&JigyosyoCd=0970107033-00&ServiceCd=430&Type=search" }, "geometry": { "type": "Point", "coordinates": [ 139.873181700000032, 36.5821424 ] } },
{ "type": "Feature", "properties": { "内容": "ハートポイント宇都宮【居宅介護支援】栃木県宇都宮市今泉町134番地３", "url2": "https://www.kaigokensaku.mhlw.go.jp/09/index.php?action_kouhyou_detail_004_kani=true&JigyosyoCd=0970100327-00&ServiceCd=430&Type=search" }, "geometry": { "type": "Point", "coordinates": [ 139.898685699999987, 36.567595 ] } },
{ "type": "Feature", "properties": { "内容": "ニチイケアセンター宇都宮【居宅介護支援】栃木県宇都宮市東簗瀬1-8-3", "url2": "https://www.kaigokensaku.mhlw.go.jp/09/index.php?action_kouhyou_detail_004_kani=true&JigyosyoCd=0970100020-00&ServiceCd=430&Type=search" }, "geometry": { "type": "Point", "coordinates": [ 139.896968500000014, 36.5447529 ] } },
{ "type": "Feature", "properties": { "内容": "みやフレンド【居宅介護支援】栃木県宇都宮市西川田町906", "url2": "https://www.kaigokensaku.mhlw.go.jp/09/index.php?action_kouhyou_detail_004_kani=true&JigyosyoCd=0970105490-00&ServiceCd=430&Type=search" }, "geometry": { "type": "Point", "coordinates": [ 139.850602365081841, 36.523605218870451 ] } },
{ "type": "Feature", "properties": { "内容": "さつきcare【居宅介護支援】栃木県宇都宮市花園町2-2リリー花園ビル１階", "url2": "https://www.kaigokensaku.mhlw.go.jp/09/index.php?action_kouhyou_detail_004_kani=true&JigyosyoCd=0970108049-00&ServiceCd=430&Type=search" }, "geometry": { "type": "Point", "coordinates": [ 139.8732448, 36.5489538 ] } },
{ "type": "Feature", "properties": { "内容": "ＳＯＭＰＯケア　宇都宮　居宅介護支援【居宅介護支援】栃木県宇都宮市中今泉五丁目２３番１２　ＫＹ事務所Ｃ号室", "url2": "https://www.kaigokensaku.mhlw.go.jp/09/index.php?action_kouhyou_detail_004_kani=true&JigyosyoCd=0970108866-00&ServiceCd=430&Type=search" }, "geometry": { "type": "Point", "coordinates": [ 139.915368300000011, 36.5706986 ] } },
{ "type": "Feature", "properties": { "内容": "在宅介護支援センター　ケアプラザ而今【居宅介護支援】栃木県宇都宮市砥上町５４－１", "url2": "https://www.kaigokensaku.mhlw.go.jp/09/index.php?action_kouhyou_detail_004_kani=true&JigyosyoCd=0970100111-00&ServiceCd=430&Type=search" }, "geometry": { "type": "Point", "coordinates": [ 139.845296599999983, 36.544146 ] } },
{ "type": "Feature", "properties": { "内容": "ケアプランあいはら【居宅介護支援】栃木県宇都宮市新富町13-7", "url2": "https://www.kaigokensaku.mhlw.go.jp/09/index.php?action_kouhyou_detail_004_kani=true&JigyosyoCd=0970109435-00&ServiceCd=430&Type=search" }, "geometry": { "type": "Point", "coordinates": [ 139.873964946536063, 36.48521518116636 ] } },
{ "type": "Feature", "properties": { "内容": "すずの音【居宅介護支援】葉鹿町1丁目8番地37", "url2": "https://www.kaigokensaku.mhlw.go.jp/09/index.php?action_kouhyou_detail_004_kani=true&JigyosyoCd=0970203600-00&ServiceCd=430&Type=search" }, "geometry": { "type": "Point", "coordinates": [ 139.390992427751684, 36.363390045359672 ] } },
{ "type": "Feature", "properties": { "内容": "居宅介護支援事業所マーガレットヒルズ【居宅介護支援】栃木県足利市五十部町１７４９番地５", "url2": "https://www.kaigokensaku.mhlw.go.jp/09/index.php?action_kouhyou_detail_004_kani=true&JigyosyoCd=0970201794-00&ServiceCd=430&Type=search" }, "geometry": { "type": "Point", "coordinates": [ 139.422654400000056, 36.3518244 ] } },
{ "type": "Feature", "properties": { "内容": "特定非営利活動法人　両毛ケアサービス【居宅介護支援】栃木県足利市駒場町568-1", "url2": "https://www.kaigokensaku.mhlw.go.jp/09/index.php?action_kouhyou_detail_004_kani=true&JigyosyoCd=0970200135-00&ServiceCd=430&Type=search" }, "geometry": { "type": "Point", "coordinates": [ 139.528522400000043, 36.3166507 ] } },
{ "type": "Feature", "properties": { "内容": "足利・あおいホームケアサービス【居宅介護支援】栃木県足利市常見町二丁目１０－１", "url2": "https://www.kaigokensaku.mhlw.go.jp/09/index.php?action_kouhyou_detail_004_kani=true&JigyosyoCd=0970202842-00&ServiceCd=430&Type=search" }, "geometry": { "type": "Point", "coordinates": [ 139.486084395106474, 36.318251998201298 ] } },
{ "type": "Feature", "properties": { "内容": "介護保険プラン・足利【居宅介護支援】上渋垂町９１５－１０TSビル１F－D", "url2": "https://www.kaigokensaku.mhlw.go.jp/09/index.php?action_kouhyou_detail_004_kani=true&JigyosyoCd=0970203196-00&ServiceCd=430&Type=search" }, "geometry": { "type": "Point", "coordinates": [ 139.4720972, 36.3028003 ] } },
{ "type": "Feature", "properties": { "内容": "デイホームわかば【居宅介護支援】栃木県足利市小俣町１５５４番地４", "url2": "https://www.kaigokensaku.mhlw.go.jp/09/index.php?action_kouhyou_detail_004_kani=true&JigyosyoCd=0970200127-00&ServiceCd=430&Type=search" }, "geometry": { "type": "Point", "coordinates": [ 139.3757855, 36.3790237 ] } },
{ "type": "Feature", "properties": { "内容": "すみれケアサービス【居宅介護支援】栃木県足利市鹿島町７１４－６", "url2": "https://www.kaigokensaku.mhlw.go.jp/09/index.php?action_kouhyou_detail_004_kani=true&JigyosyoCd=0970201125-00&ServiceCd=430&Type=search" }, "geometry": { "type": "Point", "coordinates": [ 139.413258300000052, 36.3434445 ] } },
{ "type": "Feature", "properties": { "内容": "デイサービスセンターひなたぼっこ【居宅介護支援】栃木県足利市借宿町391-2", "url2": "https://www.kaigokensaku.mhlw.go.jp/09/index.php?action_kouhyou_detail_004_kani=true&JigyosyoCd=0970200804-00&ServiceCd=430&Type=search" }, "geometry": { "type": "Point", "coordinates": [ 139.435461300000043, 36.3295464 ] } },
{ "type": "Feature", "properties": { "内容": "居宅介護支援事業所プロムナードひこや【居宅介護支援】栃木県足利市葉鹿町２０１９－１", "url2": "https://www.kaigokensaku.mhlw.go.jp/09/index.php?action_kouhyou_detail_004_kani=true&JigyosyoCd=0970200010-00&ServiceCd=430&Type=search" }, "geometry": { "type": "Point", "coordinates": [ 139.385179699999981, 36.3742186 ] } },
{ "type": "Feature", "properties": { "内容": "居宅介護サービス　すみれ会【居宅介護支援】栃木県足利市借宿町６１０番地１", "url2": "https://www.kaigokensaku.mhlw.go.jp/09/index.php?action_kouhyou_detail_004_kani=true&JigyosyoCd=0970201018-00&ServiceCd=430&Type=search" }, "geometry": { "type": "Point", "coordinates": [ 139.426070699999968, 36.3250189 ] } },
{ "type": "Feature", "properties": { "内容": "ケアプランセンター穂のか【居宅介護支援】栃木県足利市鹿島町282-5", "url2": "https://www.kaigokensaku.mhlw.go.jp/09/index.php?action_kouhyou_detail_004_kani=true&JigyosyoCd=0970203634-00&ServiceCd=430&Type=search" }, "geometry": { "type": "Point", "coordinates": [ 139.4127904, 36.34324 ] } },
{ "type": "Feature", "properties": { "内容": "伏島医院居宅介護支援事業所【居宅介護支援】栃木県足利市里矢場町1985番地2", "url2": "https://www.kaigokensaku.mhlw.go.jp/09/index.php?action_kouhyou_detail_004_kani=true&JigyosyoCd=0970203527-00&ServiceCd=430&Type=search" }, "geometry": { "type": "Point", "coordinates": [ 139.4264669, 36.3104196 ] } },
{ "type": "Feature", "properties": { "内容": "特別養護老人ホーム義明苑　在宅介護支援センター【居宅介護支援】栃木県足利市久保田町1223", "url2": "https://www.kaigokensaku.mhlw.go.jp/09/index.php?action_kouhyou_detail_004_kani=true&JigyosyoCd=0970200044-00&ServiceCd=430&Type=search" }, "geometry": { "type": "Point", "coordinates": [ 139.494951, 36.2956188 ] } },
{ "type": "Feature", "properties": { "内容": "居宅介護支援事業所わみやま【居宅介護支援】栃木県足利市稲岡町1083-1", "url2": "https://www.kaigokensaku.mhlw.go.jp/09/index.php?action_kouhyou_detail_004_kani=true&JigyosyoCd=0970200069-00&ServiceCd=430&Type=search" }, "geometry": { "type": "Point", "coordinates": [ 139.532643600000029, 36.3342877 ] } },
{ "type": "Feature", "properties": { "内容": "特別養護老人ホーム　清明苑【居宅介護支援】栃木県足利市大月町１０４２－２", "url2": "https://www.kaigokensaku.mhlw.go.jp/09/index.php?action_kouhyou_detail_004_kani=true&JigyosyoCd=0970200077-00&ServiceCd=430&Type=search" }, "geometry": { "type": "Point", "coordinates": [ 139.4755168, 36.3497236 ] } },
{ "type": "Feature", "properties": { "内容": "麗日荘在宅介護支援センター【居宅介護支援】栃木県足利市田中町１００", "url2": "https://www.kaigokensaku.mhlw.go.jp/09/index.php?action_kouhyou_detail_004_kani=true&JigyosyoCd=0970200093-00&ServiceCd=430&Type=search" }, "geometry": { "type": "Point", "coordinates": [ 139.4511708, 36.3243695 ] } },
{ "type": "Feature", "properties": { "内容": "ニチイケアセンター足利【居宅介護支援】栃木県足利市田中町946-5高雄ハイツ101～102", "url2": "https://www.kaigokensaku.mhlw.go.jp/09/index.php?action_kouhyou_detail_004_kani=true&JigyosyoCd=0970200143-00&ServiceCd=430&Type=search" }, "geometry": { "type": "Point", "coordinates": [ 139.447157299999958, 36.3247554 ] } },
{ "type": "Feature", "properties": { "内容": "在宅介護支援センターたすけあい【居宅介護支援】栃木県足利市花園町１－２", "url2": "https://www.kaigokensaku.mhlw.go.jp/09/index.php?action_kouhyou_detail_004_kani=true&JigyosyoCd=0970200432-00&ServiceCd=430&Type=search" }, "geometry": { "type": "Point", "coordinates": [ 139.474477200000024, 36.3359996 ] } },
{ "type": "Feature", "properties": { "内容": "足利ケアサービス【居宅介護支援】栃木県足利市五十部町８０９番地３", "url2": "https://www.kaigokensaku.mhlw.go.jp/09/index.php?action_kouhyou_detail_004_kani=true&JigyosyoCd=0970200440-00&ServiceCd=430&Type=search" }, "geometry": { "type": "Point", "coordinates": [ 139.423690399999941, 36.3463333 ] } },
{ "type": "Feature", "properties": { "内容": "居宅介護支援事業所あしかが【居宅介護支援】栃木県足利市福居町977-4", "url2": "https://www.kaigokensaku.mhlw.go.jp/09/index.php?action_kouhyou_detail_004_kani=true&JigyosyoCd=0970200507-00&ServiceCd=430&Type=search" }, "geometry": { "type": "Point", "coordinates": [ 139.452989698641971, 36.314040834599126 ] } },
{ "type": "Feature", "properties": { "内容": "居宅介護支援事業所たんぽぽ【居宅介護支援】栃木県足利市通5丁目3435番地3", "url2": "https://www.kaigokensaku.mhlw.go.jp/09/index.php?action_kouhyou_detail_004_kani=true&JigyosyoCd=0970200747-00&ServiceCd=430&Type=search" }, "geometry": { "type": "Point", "coordinates": [ 139.442088199999944, 36.3360125 ] } },
{ "type": "Feature", "properties": { "内容": "湯の里長寿苑居宅介護支援サービスセンター【居宅介護支援】栃木県足利市大沼田町2163番地1", "url2": "https://www.kaigokensaku.mhlw.go.jp/09/index.php?action_kouhyou_detail_004_kani=true&JigyosyoCd=0970200861-00&ServiceCd=430&Type=search" }, "geometry": { "type": "Point", "coordinates": [ 139.492667500000039, 36.3352003 ] } },
{ "type": "Feature", "properties": { "内容": "居宅介護支援センターにしだ【居宅介護支援】栃木県足利市小俣町1789番地1", "url2": "https://www.kaigokensaku.mhlw.go.jp/09/index.php?action_kouhyou_detail_004_kani=true&JigyosyoCd=0970200986-00&ServiceCd=430&Type=search" }, "geometry": { "type": "Point", "coordinates": [ 139.379407899999933, 36.3735936 ] } },
{ "type": "Feature", "properties": { "内容": "家族介護相談センターたんぽぽ北【居宅介護支援】栃木県足利市利保町１丁目43番地2", "url2": "https://www.kaigokensaku.mhlw.go.jp/09/index.php?action_kouhyou_detail_004_kani=true&JigyosyoCd=0970201158-00&ServiceCd=430&Type=search" }, "geometry": { "type": "Point", "coordinates": [ 139.471004900000025, 36.352623 ] } },
{ "type": "Feature", "properties": { "内容": "ケアプランふくべ【居宅介護支援】栃木県足利市福居町884-1", "url2": "https://www.kaigokensaku.mhlw.go.jp/09/index.php?action_kouhyou_detail_004_kani=true&JigyosyoCd=0970201471-00&ServiceCd=430&Type=search" }, "geometry": { "type": "Point", "coordinates": [ 139.447200241716246, 36.315815830147109 ] } },
{ "type": "Feature", "properties": { "内容": "こはく苑【居宅介護支援】栃木県足利市堀込町2006-1", "url2": "https://www.kaigokensaku.mhlw.go.jp/09/index.php?action_kouhyou_detail_004_kani=true&JigyosyoCd=0970201521-00&ServiceCd=430&Type=search" }, "geometry": { "type": "Point", "coordinates": [ 139.437225300000023, 36.3078265 ] } },
{ "type": "Feature", "properties": { "内容": "愛・ケアプランセンター【居宅介護支援】栃木県足利市鹿島町７０６番地", "url2": "https://www.kaigokensaku.mhlw.go.jp/09/index.php?action_kouhyou_detail_004_kani=true&JigyosyoCd=0970201679-00&ServiceCd=430&Type=search" }, "geometry": { "type": "Point", "coordinates": [ 139.412216171142148, 36.343891190198512 ] } },
{ "type": "Feature", "properties": { "内容": "ケアプランセンター青空【居宅介護支援】足利市島田町８０１", "url2": "https://www.kaigokensaku.mhlw.go.jp/09/index.php?action_kouhyou_detail_004_kani=true&JigyosyoCd=0970201737-00&ServiceCd=430&Type=search" }, "geometry": { "type": "Point", "coordinates": [ 139.449740900000052, 36.304313 ] } },
{ "type": "Feature", "properties": { "内容": "ほほえみ介護【居宅介護支援】栃木県足利市大前町1398番地6", "url2": "https://www.kaigokensaku.mhlw.go.jp/09/index.php?action_kouhyou_detail_004_kani=true&JigyosyoCd=0970201935-00&ServiceCd=430&Type=search" }, "geometry": { "type": "Point", "coordinates": [ 139.394578364031986, 36.359982796414009 ] } },
{ "type": "Feature", "properties": { "内容": "足利介護センターＫ＆Ｋ【居宅介護支援】栃木県足利市名草上町３２０４番地１", "url2": "https://www.kaigokensaku.mhlw.go.jp/09/index.php?action_kouhyou_detail_004_kani=true&JigyosyoCd=0970201984-00&ServiceCd=430&Type=search" }, "geometry": { "type": "Point", "coordinates": [ 139.471723099999963, 36.4020065 ] } },
{ "type": "Feature", "properties": { "内容": "さつきケアサービス【居宅介護支援】栃木県足利市板倉町214-3", "url2": "https://www.kaigokensaku.mhlw.go.jp/09/index.php?action_kouhyou_detail_004_kani=true&JigyosyoCd=0970202206-00&ServiceCd=430&Type=search" }, "geometry": { "type": "Point", "coordinates": [ 139.39938410000002, 36.373705 ] } },
{ "type": "Feature", "properties": { "内容": "居宅介護支援事業所　いまふく【居宅介護支援】栃木県足利市今福町３９７番地１", "url2": "https://www.kaigokensaku.mhlw.go.jp/09/index.php?action_kouhyou_detail_004_kani=true&JigyosyoCd=0970202370-00&ServiceCd=430&Type=search" }, "geometry": { "type": "Point", "coordinates": [ 139.4306101, 36.3396881 ] } },
{ "type": "Feature", "properties": { "内容": "かずぶらんち【居宅介護支援】栃木県足利市五十部町670番地１", "url2": "https://www.kaigokensaku.mhlw.go.jp/09/index.php?action_kouhyou_detail_004_kani=true&JigyosyoCd=0970202685-00&ServiceCd=430&Type=search" }, "geometry": { "type": "Point", "coordinates": [ 139.420263, 36.344844400000014 ] } },
{ "type": "Feature", "properties": { "内容": "居宅介護支援事業所きらら【居宅介護支援】栃木県足利市福居町2188番地2シャルマンYM101号", "url2": "https://www.kaigokensaku.mhlw.go.jp/09/index.php?action_kouhyou_detail_004_kani=true&JigyosyoCd=0970203139-00&ServiceCd=430&Type=search" }, "geometry": { "type": "Point", "coordinates": [ 139.460398, 36.3155317 ] } },
{ "type": "Feature", "properties": { "内容": "ケアサポートわくわく【居宅介護支援】栃木県足利市上渋垂町532番地2", "url2": "https://www.kaigokensaku.mhlw.go.jp/09/index.php?action_kouhyou_detail_004_kani=true&JigyosyoCd=0970203220-00&ServiceCd=430&Type=search" }, "geometry": { "type": "Point", "coordinates": [ 139.463393599999989, 36.3008153 ] } },
{ "type": "Feature", "properties": { "内容": "ケアサービス　ムラタ【居宅介護支援】栃木県足利市福居町1633-1　b-7号室メゾネットヤマグチⅢB-7", "url2": "https://www.kaigokensaku.mhlw.go.jp/09/index.php?action_kouhyou_detail_004_kani=true&JigyosyoCd=0970203246-00&ServiceCd=430&Type=search" }, "geometry": { "type": "Point", "coordinates": [ 139.462103500000012, 36.3093102 ] } },
{ "type": "Feature", "properties": { "内容": "ＳＯＭＰＯケア　足利　居宅介護支援【居宅介護支援】栃木県足利市有楽町841番地3岩崎ビル2階", "url2": "https://www.kaigokensaku.mhlw.go.jp/09/index.php?action_kouhyou_detail_004_kani=true&JigyosyoCd=0970203337-00&ServiceCd=430&Type=search" }, "geometry": { "type": "Point", "coordinates": [ 139.4560755, 36.3416958 ] } },
{ "type": "Feature", "properties": { "内容": "ケアプラン　さら紗【居宅介護支援】栃木県足利市本城丁目１４７９番地", "url2": "https://www.kaigokensaku.mhlw.go.jp/09/index.php?action_kouhyou_detail_004_kani=true&JigyosyoCd=0970203451-00&ServiceCd=430&Type=search" }, "geometry": { "type": "Point", "coordinates": [ 139.456520899999987, 36.3471573 ] } },
{ "type": "Feature", "properties": { "内容": "居宅介護支援事業所　四季【居宅介護支援】栃木県足利市伊勢町2丁目10番地23", "url2": "https://www.kaigokensaku.mhlw.go.jp/09/index.php?action_kouhyou_detail_004_kani=true&JigyosyoCd=0970203568-00&ServiceCd=430&Type=search" }, "geometry": { "type": "Point", "coordinates": [ 139.46031542580036, 36.332782535382478 ] } },
{ "type": "Feature", "properties": { "内容": "にっこりケア居宅介護支援事業所【居宅介護支援】栃木県足利市朝倉町3-3-14", "url2": "https://www.kaigokensaku.mhlw.go.jp/09/index.php?action_kouhyou_detail_004_kani=true&JigyosyoCd=0970203824-00&ServiceCd=430&Type=search" }, "geometry": { "type": "Point", "coordinates": [ 139.443979500000012, 36.3219386 ] } },
{ "type": "Feature", "properties": { "内容": "あおい訪問看護ステーション居宅支援事業所【居宅介護支援】栃木県足利市八幡町２４７－２８", "url2": "https://www.kaigokensaku.mhlw.go.jp/09/index.php?action_kouhyou_detail_004_kani=true&JigyosyoCd=0970202727-00&ServiceCd=430&Type=search" }, "geometry": { "type": "Point", "coordinates": [ 139.439868700000034, 36.3261697 ] } },
{ "type": "Feature", "properties": { "内容": "グリーンホームケアプランセンター【居宅介護支援】栃木県足利市福居町１２１０番地", "url2": "https://www.kaigokensaku.mhlw.go.jp/09/index.php?action_kouhyou_detail_004_kani=true&JigyosyoCd=0970200028-00&ServiceCd=430&Type=search" }, "geometry": { "type": "Point", "coordinates": [ 139.460231499999963, 36.3067186 ] } },
{ "type": "Feature", "properties": { "内容": "盛雄苑在宅介護支援センター【居宅介護支援】栃木県足利市山下町2753番地の1", "url2": "https://www.kaigokensaku.mhlw.go.jp/09/index.php?action_kouhyou_detail_004_kani=true&JigyosyoCd=0970200101-00&ServiceCd=430&Type=search" }, "geometry": { "type": "Point", "coordinates": [ 139.409877899999969, 36.3596873 ] } },
{ "type": "Feature", "properties": { "内容": "居宅介護支援事業所はっち【居宅介護支援】栃木県足利市八幡町2丁目11-5", "url2": "https://www.kaigokensaku.mhlw.go.jp/09/index.php?action_kouhyou_detail_004_kani=true&JigyosyoCd=0970203089-00&ServiceCd=430&Type=search" }, "geometry": { "type": "Point", "coordinates": [ 139.438195700000023, 36.322193 ] } },
{ "type": "Feature", "properties": { "内容": "居宅介護支援事業所　みながわの森【居宅介護支援】栃木県栃木市皆川城内町520番地", "url2": "https://www.kaigokensaku.mhlw.go.jp/09/index.php?action_kouhyou_detail_004_kani=true&JigyosyoCd=0970301107-00&ServiceCd=430&Type=search" }, "geometry": { "type": "Point", "coordinates": [ 139.6895442, 36.3977245 ] } },
{ "type": "Feature", "properties": { "内容": "オアシス通所介護事業所【居宅介護支援】栃木県栃木市薗部町四丁目２番３２号", "url2": "https://www.kaigokensaku.mhlw.go.jp/09/index.php?action_kouhyou_detail_004_kani=true&JigyosyoCd=0970300513-00&ServiceCd=430&Type=search" }, "geometry": { "type": "Point", "coordinates": [ 139.710861600000044, 36.3761388 ] } },
{ "type": "Feature", "properties": { "内容": "居宅介護支援事業所　みどり【居宅介護支援】栃木県栃木市平柳町３－４２－１３", "url2": "https://www.kaigokensaku.mhlw.go.jp/09/index.php?action_kouhyou_detail_004_kani=true&JigyosyoCd=0970301040-00&ServiceCd=430&Type=search" }, "geometry": { "type": "Point", "coordinates": [ 139.744707100000028, 36.3944904 ] } },
{ "type": "Feature", "properties": { "内容": "居宅介護支援事業所　げんき【居宅介護支援】栃木県栃木市藤岡町藤岡26-3", "url2": "https://www.kaigokensaku.mhlw.go.jp/09/index.php?action_kouhyou_detail_004_kani=true&JigyosyoCd=0972300917-00&ServiceCd=430&Type=search" }, "geometry": { "type": "Point", "coordinates": [ 139.652482, 36.2711683 ] } },
{ "type": "Feature", "properties": { "内容": "Lumirise小径【居宅介護支援】栃木県栃木市大平町新９４４番地１５", "url2": "https://www.kaigokensaku.mhlw.go.jp/09/index.php?action_kouhyou_detail_004_kani=true&JigyosyoCd=0970302311-00&ServiceCd=430&Type=search" }, "geometry": { "type": "Point", "coordinates": [ 139.7100254, 36.3279734 ] } },
{ "type": "Feature", "properties": { "内容": "コープ福祉介護相談センター今泉【居宅介護支援】栃木県栃木市今泉町1-17-29", "url2": "https://www.kaigokensaku.mhlw.go.jp/09/index.php?action_kouhyou_detail_004_kani=true&JigyosyoCd=0970301917-00&ServiceCd=430&Type=search" }, "geometry": { "type": "Point", "coordinates": [ 139.7490805, 36.3868801 ] } },
{ "type": "Feature", "properties": { "内容": "栃木ケアセンターそよ風【居宅介護支援】栃木県栃木市沼和田町　9-27", "url2": "https://www.kaigokensaku.mhlw.go.jp/09/index.php?action_kouhyou_detail_004_kani=true&JigyosyoCd=0970300398-00&ServiceCd=430&Type=search" }, "geometry": { "type": "Point", "coordinates": [ 139.729493300000058, 36.3692846 ] } },
{ "type": "Feature", "properties": { "内容": "指定居宅介護支援事業所　レユーナ【居宅介護支援】栃木県栃木市箱森町１－１４", "url2": "https://www.kaigokensaku.mhlw.go.jp/09/index.php?action_kouhyou_detail_004_kani=true&JigyosyoCd=0970300018-00&ServiceCd=430&Type=search" }, "geometry": { "type": "Point", "coordinates": [ 139.72739260000003, 36.3850493 ] } },
{ "type": "Feature", "properties": { "内容": "たのし荘【居宅介護支援】栃木県栃木市泉川町４７９", "url2": "https://www.kaigokensaku.mhlw.go.jp/09/index.php?action_kouhyou_detail_004_kani=true&JigyosyoCd=0970300224-00&ServiceCd=430&Type=search" }, "geometry": { "type": "Point", "coordinates": [ 139.705008799999973, 36.3934782 ] } },
{ "type": "Feature", "properties": { "内容": "丸光ケアプランとちぎ【居宅介護支援】栃木市箱森町50-15", "url2": "https://www.kaigokensaku.mhlw.go.jp/09/index.php?action_kouhyou_detail_004_kani=true&JigyosyoCd=0970300307-00&ServiceCd=430&Type=search" }, "geometry": { "type": "Point", "coordinates": [ 139.727156299136368, 36.397107472079767 ] } },
{ "type": "Feature", "properties": { "内容": "有限会社　栃木ケアーズ居宅介護支援事業所【居宅介護支援】栃木県栃木市箱森町19-34", "url2": "https://www.kaigokensaku.mhlw.go.jp/09/index.php?action_kouhyou_detail_004_kani=true&JigyosyoCd=0970300414-00&ServiceCd=430&Type=search" }, "geometry": { "type": "Point", "coordinates": [ 139.7205391, 36.390008 ] } },
{ "type": "Feature", "properties": { "内容": "居宅介護支援事業所　まろにえ四季の里【居宅介護支援】栃木県栃木市大宮町2023-3", "url2": "https://www.kaigokensaku.mhlw.go.jp/09/index.php?action_kouhyou_detail_004_kani=true&JigyosyoCd=0970300588-00&ServiceCd=430&Type=search" }, "geometry": { "type": "Point", "coordinates": [ 139.756347900000037, 36.3926993 ] } },
{ "type": "Feature", "properties": { "内容": "あいケアステーション【居宅介護支援】栃木県栃木市薗部町二丁目5番9号", "url2": "https://www.kaigokensaku.mhlw.go.jp/09/index.php?action_kouhyou_detail_004_kani=true&JigyosyoCd=0970300679-00&ServiceCd=430&Type=search" }, "geometry": { "type": "Point", "coordinates": [ 139.716349900000068, 36.3745503 ] } },
{ "type": "Feature", "properties": { "内容": "栃木市社協ケアプランセンター（平成22年度新規指定事業所）【居宅介護支援】栃木県栃木市大平町真弓1396", "url2": "https://www.kaigokensaku.mhlw.go.jp/09/index.php?action_kouhyou_detail_004_kani=true&JigyosyoCd=0970301008-00&ServiceCd=430&Type=search" }, "geometry": { "type": "Point", "coordinates": [ 139.719172396434033, 36.336377319681354 ] } },
{ "type": "Feature", "properties": { "内容": "居宅介護支援事業所　オリーブ【居宅介護支援】栃木県栃木市今泉町1-17-29", "url2": "https://www.kaigokensaku.mhlw.go.jp/09/index.php?action_kouhyou_detail_004_kani=true&JigyosyoCd=0970301164-00&ServiceCd=430&Type=search" }, "geometry": { "type": "Point", "coordinates": [ 139.7491099, 36.386877499999983 ] } },
{ "type": "Feature", "properties": { "内容": "ケアプランすぎのこ【居宅介護支援】栃木県栃木市大平町西山田1197", "url2": "https://www.kaigokensaku.mhlw.go.jp/09/index.php?action_kouhyou_detail_004_kani=true&JigyosyoCd=0970301206-00&ServiceCd=430&Type=search" }, "geometry": { "type": "Point", "coordinates": [ 139.677028675271742, 36.33948887185776 ] } },
{ "type": "Feature", "properties": { "内容": "とちぎメディカルセンター居宅介護支援事業所【居宅介護支援】栃木県栃木市境町　27番21号", "url2": "https://www.kaigokensaku.mhlw.go.jp/09/index.php?action_kouhyou_detail_004_kani=true&JigyosyoCd=0970301438-00&ServiceCd=430&Type=search" }, "geometry": { "type": "Point", "coordinates": [ 139.726359824467409, 36.368521402316254 ] } },
{ "type": "Feature", "properties": { "内容": "居宅介護支援事業所メモリー【居宅介護支援】栃木県栃木市城内町2-51-51", "url2": "https://www.kaigokensaku.mhlw.go.jp/09/index.php?action_kouhyou_detail_004_kani=true&JigyosyoCd=0970301487-00&ServiceCd=430&Type=search" }, "geometry": { "type": "Point", "coordinates": [ 139.744967203704846, 36.367298061377639 ] } },
{ "type": "Feature", "properties": { "内容": "モンテ株式会社ベッキオ居宅介護支援事業所【居宅介護支援】栃木県栃木市大平町西水代1946-2", "url2": "https://www.kaigokensaku.mhlw.go.jp/09/index.php?action_kouhyou_detail_004_kani=true&JigyosyoCd=0970301503-00&ServiceCd=430&Type=search" }, "geometry": { "type": "Point", "coordinates": [ 139.711499900000035, 36.3190491 ] } },
{ "type": "Feature", "properties": { "内容": "在宅介護ケアプランセンターかりん【居宅介護支援】栃木県栃木市沼和田町42番28号", "url2": "https://www.kaigokensaku.mhlw.go.jp/09/index.php?action_kouhyou_detail_004_kani=true&JigyosyoCd=0970301529-00&ServiceCd=430&Type=search" }, "geometry": { "type": "Point", "coordinates": [ 139.73298372023774, 36.365683612089789 ] } },
{ "type": "Feature", "properties": { "内容": "スイートホーム居宅介護支援事業所【居宅介護支援】栃木県栃木市城内町2丁目17番23号", "url2": "https://www.kaigokensaku.mhlw.go.jp/09/index.php?action_kouhyou_detail_004_kani=true&JigyosyoCd=0970301628-00&ServiceCd=430&Type=search" }, "geometry": { "type": "Point", "coordinates": [ 139.752127605557234, 36.370851594994896 ] } },
{ "type": "Feature", "properties": { "内容": "大平医療福祉モール介護の総合相談窓口【居宅介護支援】栃木県栃木市大平町富田5-230", "url2": "https://www.kaigokensaku.mhlw.go.jp/09/index.php?action_kouhyou_detail_004_kani=true&JigyosyoCd=0970302048-00&ServiceCd=430&Type=search" }, "geometry": { "type": "Point", "coordinates": [ 139.704097745507852, 36.336323760041751 ] } },
{ "type": "Feature", "properties": { "内容": "株式会社平成会館　居宅介護支援事業所湯っくり【居宅介護支援】栃木県栃木市川原田町238-2", "url2": "https://www.kaigokensaku.mhlw.go.jp/09/index.php?action_kouhyou_detail_004_kani=true&JigyosyoCd=0970302204-00&ServiceCd=430&Type=search" }, "geometry": { "type": "Point", "coordinates": [ 139.734714700000012, 36.4026882 ] } },
{ "type": "Feature", "properties": { "内容": "OWL居宅介護支援事業所【居宅介護支援】栃木県栃木市柳橋町3-22", "url2": "https://www.kaigokensaku.mhlw.go.jp/09/index.php?action_kouhyou_detail_004_kani=true&JigyosyoCd=0970302220-00&ServiceCd=430&Type=search" }, "geometry": { "type": "Point", "coordinates": [ 139.7262356, 36.380392 ] } },
{ "type": "Feature", "properties": { "内容": "はまリハケアプランセンター大平【居宅介護支援】栃木県栃木市大平町西野田202-1", "url2": "https://www.kaigokensaku.mhlw.go.jp/09/index.php?action_kouhyou_detail_004_kani=true&JigyosyoCd=0970302287-00&ServiceCd=430&Type=search" }, "geometry": { "type": "Point", "coordinates": [ 139.7133569, 36.3254252 ] } },
{ "type": "Feature", "properties": { "内容": "ケアプランセンターアイビー【居宅介護支援】栃木県栃木市大宮町2575番地8", "url2": "https://www.kaigokensaku.mhlw.go.jp/09/index.php?action_kouhyou_detail_004_kani=true&JigyosyoCd=0970302303-00&ServiceCd=430&Type=search" }, "geometry": { "type": "Point", "coordinates": [ 139.7529407509262, 36.399727164396566 ] } },
{ "type": "Feature", "properties": { "内容": "あおい屋根ケアプランセンター【居宅介護支援】栃木県栃木市薗部町３－１６－９", "url2": "https://www.kaigokensaku.mhlw.go.jp/09/index.php?action_kouhyou_detail_004_kani=true&JigyosyoCd=0970302378-00&ServiceCd=430&Type=search" }, "geometry": { "type": "Point", "coordinates": [ 139.71609, 36.3828915 ] } },
{ "type": "Feature", "properties": { "内容": "居宅介護支援事業所　みどり【居宅介護支援】栃木県栃木市平柳町3-42-13", "url2": "https://www.kaigokensaku.mhlw.go.jp/09/index.php?action_kouhyou_detail_004_kani=true&JigyosyoCd=0970302402-00&ServiceCd=430&Type=search" }, "geometry": { "type": "Point", "coordinates": [ 139.7447642, 36.3944426 ] } },
{ "type": "Feature", "properties": { "内容": "居宅介護支援事業所孫の手・とちぎ【居宅介護支援】栃木県栃木市柳橋町22－7", "url2": "https://www.kaigokensaku.mhlw.go.jp/09/index.php?action_kouhyou_detail_004_kani=true&JigyosyoCd=0970302451-00&ServiceCd=430&Type=search" }, "geometry": { "type": "Point", "coordinates": [ 139.7206051, 36.3832402 ] } },
{ "type": "Feature", "properties": { "内容": "居宅介護支援事業所　安純の里【居宅介護支援】栃木県栃木市岩舟町古江405", "url2": "https://www.kaigokensaku.mhlw.go.jp/09/index.php?action_kouhyou_detail_004_kani=true&JigyosyoCd=0970302493-00&ServiceCd=430&Type=search" }, "geometry": { "type": "Point", "coordinates": [ 139.6197886, 36.327805 ] } },
{ "type": "Feature", "properties": { "内容": "在宅介護支援センター・にしかた【居宅介護支援】栃木県栃木市西方町金崎273番地", "url2": "https://www.kaigokensaku.mhlw.go.jp/09/index.php?action_kouhyou_detail_004_kani=true&JigyosyoCd=0972200042-00&ServiceCd=430&Type=search" }, "geometry": { "type": "Point", "coordinates": [ 139.745951699999978, 36.468929 ] } },
{ "type": "Feature", "properties": { "内容": "雅の風ケアプランセンター【居宅介護支援】栃木県栃木市西方町金崎403-1", "url2": "https://www.kaigokensaku.mhlw.go.jp/09/index.php?action_kouhyou_detail_004_kani=true&JigyosyoCd=0972200174-00&ServiceCd=430&Type=search" }, "geometry": { "type": "Point", "coordinates": [ 139.74518230000001, 36.4691706 ] } },
{ "type": "Feature", "properties": { "内容": "在宅介護支援センター八州苑【居宅介護支援】栃木県栃木市藤岡町太田1394番地1", "url2": "https://www.kaigokensaku.mhlw.go.jp/09/index.php?action_kouhyou_detail_004_kani=true&JigyosyoCd=0972300073-00&ServiceCd=430&Type=search" }, "geometry": { "type": "Point", "coordinates": [ 139.6491757, 36.3078276 ] } },
{ "type": "Feature", "properties": { "内容": "特別養護老人ホーム清松園【居宅介護支援】栃木県栃木市岩舟町和泉８１６", "url2": "https://www.kaigokensaku.mhlw.go.jp/09/index.php?action_kouhyou_detail_004_kani=true&JigyosyoCd=0972300172-00&ServiceCd=430&Type=search" }, "geometry": { "type": "Point", "coordinates": [ 139.671775900000057, 36.323917300000019 ] } },
{ "type": "Feature", "properties": { "内容": "藤岡町在宅介護支援センター緑風苑【居宅介護支援】栃木県栃木市藤岡町中根355-2", "url2": "https://www.kaigokensaku.mhlw.go.jp/09/index.php?action_kouhyou_detail_004_kani=true&JigyosyoCd=0972300222-00&ServiceCd=430&Type=search" }, "geometry": { "type": "Point", "coordinates": [ 139.689069764418008, 36.284582188793934 ] } },
{ "type": "Feature", "properties": { "内容": "居宅介護支援事業所幸寿苑【居宅介護支援】栃木県栃木市大平町上高島７７４", "url2": "https://www.kaigokensaku.mhlw.go.jp/09/index.php?action_kouhyou_detail_004_kani=true&JigyosyoCd=0972300263-00&ServiceCd=430&Type=search" }, "geometry": { "type": "Point", "coordinates": [ 139.732416100000023, 36.347429 ] } },
{ "type": "Feature", "properties": { "内容": "腰塚ケアプランセンターなごみ【居宅介護支援】栃木県栃木市藤岡町藤岡1822番地1", "url2": "https://www.kaigokensaku.mhlw.go.jp/09/index.php?action_kouhyou_detail_004_kani=true&JigyosyoCd=0972301139-00&ServiceCd=430&Type=search" }, "geometry": { "type": "Point", "coordinates": [ 139.648591200000027, 36.2519672 ] } },
{ "type": "Feature", "properties": { "内容": "特定非営利活動法人みどりの杜【居宅介護支援】栃木県栃木市大平町下皆川１３２－３", "url2": "https://www.kaigokensaku.mhlw.go.jp/09/index.php?action_kouhyou_detail_004_kani=true&JigyosyoCd=0972301196-00&ServiceCd=430&Type=search" }, "geometry": { "type": "Point", "coordinates": [ 139.702077499999973, 36.3507586 ] } },
{ "type": "Feature", "properties": { "内容": "星風会居宅介護支援事業所おおひら【居宅介護支援】栃木県栃木市大平町西水代1930-1", "url2": "https://www.kaigokensaku.mhlw.go.jp/09/index.php?action_kouhyou_detail_004_kani=true&JigyosyoCd=0970301230-00&ServiceCd=430&Type=search" }, "geometry": { "type": "Point", "coordinates": [ 139.71061659999998, 36.3201934 ] } },
{ "type": "Feature", "properties": { "内容": "以心　在宅ケア【居宅介護支援】栃木県栃木市大宮町2544番地7", "url2": "https://www.kaigokensaku.mhlw.go.jp/09/index.php?action_kouhyou_detail_004_kani=true&JigyosyoCd=0970302147-00&ServiceCd=430&Type=search" }, "geometry": { "type": "Point", "coordinates": [ 139.7515323, 36.4015679 ] } },
{ "type": "Feature", "properties": { "内容": "栃木ケアサポートひまわり　居宅介護支援事業所【居宅介護支援】栃木県栃木市川原田町　２５４－１０", "url2": "https://www.kaigokensaku.mhlw.go.jp/09/index.php?action_kouhyou_detail_004_kani=true&JigyosyoCd=0970301586-00&ServiceCd=430&Type=search" }, "geometry": { "type": "Point", "coordinates": [ 139.733190899999954, 36.40470830000001 ] } },
{ "type": "Feature", "properties": { "内容": "ぶどうの舎居宅介護支援事業所【居宅介護支援】栃木県栃木市大平町富田5-232", "url2": "https://www.kaigokensaku.mhlw.go.jp/09/index.php?action_kouhyou_detail_004_kani=true&JigyosyoCd=0970302071-00&ServiceCd=430&Type=search" }, "geometry": { "type": "Point", "coordinates": [ 139.705149799999958, 36.3357829 ] } },
{ "type": "Feature", "properties": { "内容": "居宅介護支援事業所　ふじいと【居宅介護支援】栃木県栃木市都賀町臼久保301-1", "url2": "https://www.kaigokensaku.mhlw.go.jp/09/index.php?action_kouhyou_detail_004_kani=true&JigyosyoCd=0972300396-00&ServiceCd=430&Type=search" }, "geometry": { "type": "Point", "coordinates": [ 139.7084231, 36.4359843 ] } },
{ "type": "Feature", "properties": { "内容": "いづるの里【居宅介護支援】栃木県栃木市錦町5-26", "url2": "https://www.kaigokensaku.mhlw.go.jp/09/index.php?action_kouhyou_detail_004_kani=true&JigyosyoCd=0970300356-00&ServiceCd=430&Type=search" }, "geometry": { "type": "Point", "coordinates": [ 139.729664599999978, 36.3853494 ] } },
{ "type": "Feature", "properties": { "内容": "星風会居宅介護支援センター【居宅介護支援】栃木県栃木市惣社町９４番地", "url2": "https://www.kaigokensaku.mhlw.go.jp/09/index.php?action_kouhyou_detail_004_kani=true&JigyosyoCd=0970300067-00&ServiceCd=430&Type=search" }, "geometry": { "type": "Point", "coordinates": [ 139.78202639999995, 36.4000631 ] } },
{ "type": "Feature", "properties": { "内容": "居宅介護支援事業所　うづま【居宅介護支援】栃木県栃木市川原田町1610-2", "url2": "https://www.kaigokensaku.mhlw.go.jp/09/index.php?action_kouhyou_detail_004_kani=true&JigyosyoCd=0970300166-00&ServiceCd=430&Type=search" }, "geometry": { "type": "Point", "coordinates": [ 139.738337600000023, 36.4067026 ] } },
{ "type": "Feature", "properties": { "内容": "藤沼医院　居宅介護支援事業所【居宅介護支援】栃木県栃木市大平町富田5212-7", "url2": "https://www.kaigokensaku.mhlw.go.jp/09/index.php?action_kouhyou_detail_004_kani=true&JigyosyoCd=0912310315-00&ServiceCd=430&Type=search" }, "geometry": { "type": "Point", "coordinates": [ 139.6996365, 36.3379548 ] } },
{ "type": "Feature", "properties": { "内容": "居宅介護支援事業所ファイト【居宅介護支援】栃木県栃木市岩舟町新里210-1", "url2": "https://www.kaigokensaku.mhlw.go.jp/09/index.php?action_kouhyou_detail_004_kani=true&JigyosyoCd=0972301006-00&ServiceCd=430&Type=search" }, "geometry": { "type": "Point", "coordinates": [ 139.637219614805616, 36.327727993787754 ] } },
{ "type": "Feature", "properties": { "内容": "ケアプランセンターひまわり【居宅介護支援】栃木県佐野市田沼町1242番地2", "url2": "https://www.kaigokensaku.mhlw.go.jp/09/index.php?action_kouhyou_detail_004_kani=true&JigyosyoCd=0970401493-00&ServiceCd=430&Type=search" }, "geometry": { "type": "Point", "coordinates": [ 139.577871800000025, 36.3694682 ] } },
{ "type": "Feature", "properties": { "内容": "エフビー居宅介護支援事業所　佐野【居宅介護支援】栃木県佐野市富岡町1509-1", "url2": "https://www.kaigokensaku.mhlw.go.jp/09/index.php?action_kouhyou_detail_004_kani=true&JigyosyoCd=0970402376-00&ServiceCd=430&Type=search" }, "geometry": { "type": "Point", "coordinates": [ 139.5959551, 36.3148472 ] } },
{ "type": "Feature", "properties": { "内容": "いちごの里　居宅介護支援事業所【居宅介護支援】栃木県佐野市田島町213番地ケアハウスいちごの里", "url2": "https://www.kaigokensaku.mhlw.go.jp/09/index.php?action_kouhyou_detail_004_kani=true&JigyosyoCd=0970400412-00&ServiceCd=430&Type=search" }, "geometry": { "type": "Point", "coordinates": [ 139.5646041, 36.294148 ] } },
{ "type": "Feature", "properties": { "内容": "在宅介護支援センター　丹頂【居宅介護支援】栃木県佐野市栃本町3255", "url2": "https://www.kaigokensaku.mhlw.go.jp/09/index.php?action_kouhyou_detail_004_kani=true&JigyosyoCd=0970400818-00&ServiceCd=430&Type=search" }, "geometry": { "type": "Point", "coordinates": [ 139.584244799999965, 36.34661830000001 ] } },
{ "type": "Feature", "properties": { "内容": "ほっとステイ万葉の里居宅介護支援事業所【居宅介護支援】栃木県佐野市栃本町３１２８－５", "url2": "https://www.kaigokensaku.mhlw.go.jp/09/index.php?action_kouhyou_detail_004_kani=true&JigyosyoCd=0970400941-00&ServiceCd=430&Type=search" }, "geometry": { "type": "Point", "coordinates": [ 139.583630800000037, 36.349218 ] } },
{ "type": "Feature", "properties": { "内容": "フォーチュン・サークル　ケアプラン佐野【居宅介護支援】栃木県佐野市天神町774‐22メープルハイツ101号室", "url2": "https://www.kaigokensaku.mhlw.go.jp/09/index.php?action_kouhyou_detail_004_kani=true&JigyosyoCd=0970402442-00&ServiceCd=430&Type=search" }, "geometry": { "type": "Point", "coordinates": [ 139.5718119, 36.3238608 ] } },
{ "type": "Feature", "properties": { "内容": "特定非営利活動法人風の詩　ケアプランセンター南風【居宅介護支援】栃木県佐野市田沼町４９８番地８", "url2": "https://www.kaigokensaku.mhlw.go.jp/09/index.php?action_kouhyou_detail_004_kani=true&JigyosyoCd=0972400238-00&ServiceCd=430&Type=search" }, "geometry": { "type": "Point", "coordinates": [ 139.575947300000053, 36.3632883 ] } },
{ "type": "Feature", "properties": { "内容": "亀田医院【居宅介護支援】栃木県佐野市村上町１１１－１", "url2": "https://www.kaigokensaku.mhlw.go.jp/09/index.php?action_kouhyou_detail_004_kani=true&JigyosyoCd=0910410372-00&ServiceCd=430&Type=search" }, "geometry": { "type": "Point", "coordinates": [ 139.540947299999971, 36.2994359 ] } },
{ "type": "Feature", "properties": { "内容": "ゆうゆう【居宅介護支援】栃木県佐野市高砂町2800-1", "url2": "https://www.kaigokensaku.mhlw.go.jp/09/index.php?action_kouhyou_detail_004_kani=true&JigyosyoCd=0970400099-00&ServiceCd=430&Type=search" }, "geometry": { "type": "Point", "coordinates": [ 139.5792993, 36.3130548 ] } },
{ "type": "Feature", "properties": { "内容": "在宅介護支援センタークワサキ【居宅介護支援】栃木県佐野市免鳥町472番地1", "url2": "https://www.kaigokensaku.mhlw.go.jp/09/index.php?action_kouhyou_detail_004_kani=true&JigyosyoCd=0970400115-00&ServiceCd=430&Type=search" }, "geometry": { "type": "Point", "coordinates": [ 139.546843699999954, 36.3104321 ] } },
{ "type": "Feature", "properties": { "内容": "在宅介護支援センター　さくらの里【居宅介護支援】栃木県佐野市寺久保町248-1", "url2": "https://www.kaigokensaku.mhlw.go.jp/09/index.php?action_kouhyou_detail_004_kani=true&JigyosyoCd=0970400123-00&ServiceCd=430&Type=search" }, "geometry": { "type": "Point", "coordinates": [ 139.5267735, 36.3758804 ] } },
{ "type": "Feature", "properties": { "内容": "ＪA佐野厚　居宅介護支援事業所菜のはな【居宅介護支援】栃木県佐野市堀米町１７２８番地", "url2": "https://www.kaigokensaku.mhlw.go.jp/09/index.php?action_kouhyou_detail_004_kani=true&JigyosyoCd=0970400149-00&ServiceCd=430&Type=search" }, "geometry": { "type": "Point", "coordinates": [ 139.573485399999981, 36.3252563 ] } },
{ "type": "Feature", "properties": { "内容": "丸光ケアプランさの【居宅介護支援】栃木県佐野市富岡町229番地12", "url2": "https://www.kaigokensaku.mhlw.go.jp/09/index.php?action_kouhyou_detail_004_kani=true&JigyosyoCd=0970400297-00&ServiceCd=430&Type=search" }, "geometry": { "type": "Point", "coordinates": [ 139.589984400000048, 36.3174742 ] } },
{ "type": "Feature", "properties": { "内容": "ＪＡ佐野居宅介護支援センター【居宅介護支援】栃木県佐野市栃本町1743-5", "url2": "https://www.kaigokensaku.mhlw.go.jp/09/index.php?action_kouhyou_detail_004_kani=true&JigyosyoCd=0970400347-00&ServiceCd=430&Type=search" }, "geometry": { "type": "Point", "coordinates": [ 139.581777899999963, 36.3677437 ] } },
{ "type": "Feature", "properties": { "内容": "在宅介護支援センター　　大栗の里【居宅介護支援】栃木県佐野市犬伏中町２４４１－１", "url2": "https://www.kaigokensaku.mhlw.go.jp/09/index.php?action_kouhyou_detail_004_kani=true&JigyosyoCd=0970400438-00&ServiceCd=430&Type=search" }, "geometry": { "type": "Point", "coordinates": [ 139.597694199999978, 36.3298428 ] } },
{ "type": "Feature", "properties": { "内容": "ヘルパーステーションももの里【居宅介護支援】栃木県佐野市村上町337番地1", "url2": "https://www.kaigokensaku.mhlw.go.jp/09/index.php?action_kouhyou_detail_004_kani=true&JigyosyoCd=0970400487-00&ServiceCd=430&Type=search" }, "geometry": { "type": "Point", "coordinates": [ 139.542771899999906, 36.3053909 ] } },
{ "type": "Feature", "properties": { "内容": "介護サービスすずらん【居宅介護支援】栃木県佐野市小中町1249番地2", "url2": "https://www.kaigokensaku.mhlw.go.jp/09/index.php?action_kouhyou_detail_004_kani=true&JigyosyoCd=0970400503-00&ServiceCd=430&Type=search" }, "geometry": { "type": "Point", "coordinates": [ 139.559368129874798, 36.343108506785754 ] } },
{ "type": "Feature", "properties": { "内容": "社協ケアプランセンター佐野【居宅介護支援】栃木県佐野市大橋町３２１２番地２７佐野市総合福祉センター", "url2": "https://www.kaigokensaku.mhlw.go.jp/09/index.php?action_kouhyou_detail_004_kani=true&JigyosyoCd=0970400628-00&ServiceCd=430&Type=search" }, "geometry": { "type": "Point", "coordinates": [ 139.564903299999969, 36.3123239 ] } },
{ "type": "Feature", "properties": { "内容": "ほのぼの居宅介護支援事業所【居宅介護支援】栃木県佐野市戸室町229-9", "url2": "https://www.kaigokensaku.mhlw.go.jp/09/index.php?action_kouhyou_detail_004_kani=true&JigyosyoCd=0970400669-00&ServiceCd=430&Type=search" }, "geometry": { "type": "Point", "coordinates": [ 139.5733831, 36.3775725 ] } },
{ "type": "Feature", "properties": { "内容": "居宅介護支援事業所万葉【居宅介護支援】佐野市堀米町１３３６－１", "url2": "https://www.kaigokensaku.mhlw.go.jp/09/index.php?action_kouhyou_detail_004_kani=true&JigyosyoCd=0970400719-00&ServiceCd=430&Type=search" }, "geometry": { "type": "Point", "coordinates": [ 139.579514288360542, 36.330470395291407 ] } },
{ "type": "Feature", "properties": { "内容": "ケアプランセンターほほえみ【居宅介護支援】栃木県佐野市冨岡町１４５４番地", "url2": "https://www.kaigokensaku.mhlw.go.jp/09/index.php?action_kouhyou_detail_004_kani=true&JigyosyoCd=0970401048-00&ServiceCd=430&Type=search" }, "geometry": { "type": "Point", "coordinates": [ 139.592864252093904, 36.316078230487314 ] } },
{ "type": "Feature", "properties": { "内容": "居宅介護支援センター蓬莱荘【居宅介護支援】栃木県佐野市長谷場町１７９８番地１", "url2": "https://www.kaigokensaku.mhlw.go.jp/09/index.php?action_kouhyou_detail_004_kani=true&JigyosyoCd=0970401394-00&ServiceCd=430&Type=search" }, "geometry": { "type": "Point", "coordinates": [ 139.550224500000013, 36.4298658 ] } },
{ "type": "Feature", "properties": { "内容": "居宅介護支援センター温寿苑【居宅介護支援】栃木県佐野市馬門町1470", "url2": "https://www.kaigokensaku.mhlw.go.jp/09/index.php?action_kouhyou_detail_004_kani=true&JigyosyoCd=0970401709-00&ServiceCd=430&Type=search" }, "geometry": { "type": "Point", "coordinates": [ 139.602911799999987, 36.2824899 ] } },
{ "type": "Feature", "properties": { "内容": "居宅介護支援事業所　ふわり【居宅介護支援】栃木県佐野市小中町1255-1", "url2": "https://www.kaigokensaku.mhlw.go.jp/09/index.php?action_kouhyou_detail_004_kani=true&JigyosyoCd=0970401824-00&ServiceCd=430&Type=search" }, "geometry": { "type": "Point", "coordinates": [ 139.558034506815346, 36.341888923332881 ] } },
{ "type": "Feature", "properties": { "内容": "マザーの家【居宅介護支援】中町942-1", "url2": "https://www.kaigokensaku.mhlw.go.jp/09/index.php?action_kouhyou_detail_004_kani=true&JigyosyoCd=0970402061-00&ServiceCd=430&Type=search" }, "geometry": { "type": "Point", "coordinates": [ 139.609622955322294, 36.390120001942194 ] } },
{ "type": "Feature", "properties": { "内容": "居宅介護支援事業所　美と健康【居宅介護支援】栃木県佐野市赤見町3109-1", "url2": "https://www.kaigokensaku.mhlw.go.jp/09/index.php?action_kouhyou_detail_004_kani=true&JigyosyoCd=0970402178-00&ServiceCd=430&Type=search" }, "geometry": { "type": "Point", "coordinates": [ 139.53787556549122, 36.350725354758957 ] } },
{ "type": "Feature", "properties": { "内容": "ケアプランセンター　ゆずりは【居宅介護支援】栃木県佐野市山形町２５５－１特別養護老人ホーム山形ゆずりは", "url2": "https://www.kaigokensaku.mhlw.go.jp/09/index.php?action_kouhyou_detail_004_kani=true&JigyosyoCd=0970402202-00&ServiceCd=430&Type=search" }, "geometry": { "type": "Point", "coordinates": [ 139.546102099999985, 36.3830296 ] } },
{ "type": "Feature", "properties": { "内容": "ケアプランセンターかえで佐野【居宅介護支援】栃木県佐野市山越町238-1", "url2": "https://www.kaigokensaku.mhlw.go.jp/09/index.php?action_kouhyou_detail_004_kani=true&JigyosyoCd=0970402491-00&ServiceCd=430&Type=search" }, "geometry": { "type": "Point", "coordinates": [ 139.589499496193696, 36.375899971457123 ] } },
{ "type": "Feature", "properties": { "内容": "七彩ケアプランセンター【居宅介護支援】栃木県佐野市赤見町3052-3エイコーハイツⅠ-101", "url2": "https://www.kaigokensaku.mhlw.go.jp/09/index.php?action_kouhyou_detail_004_kani=true&JigyosyoCd=0970402640-00&ServiceCd=430&Type=search" }, "geometry": { "type": "Point", "coordinates": [ 139.5411249, 36.3518203 ] } },
{ "type": "Feature", "properties": { "内容": "ふれんど田沼居宅介護支援センター【居宅介護支援】栃木県佐野市吉水駅前１－１４－４", "url2": "https://www.kaigokensaku.mhlw.go.jp/09/index.php?action_kouhyou_detail_004_kani=true&JigyosyoCd=0972400212-00&ServiceCd=430&Type=search" }, "geometry": { "type": "Point", "coordinates": [ 139.580022800000052, 36.3482958 ] } },
{ "type": "Feature", "properties": { "内容": "居宅介護支援事業所　あさひ【居宅介護支援】栃木県佐野市葛生東1丁目15番7号", "url2": "https://www.kaigokensaku.mhlw.go.jp/09/index.php?action_kouhyou_detail_004_kani=true&JigyosyoCd=0972400287-00&ServiceCd=430&Type=search" }, "geometry": { "type": "Point", "coordinates": [ 139.61343080000006, 36.4019477 ] } },
{ "type": "Feature", "properties": { "内容": "ケアプランセンターなごみ【居宅介護支援】佐野市田沼町565番地2", "url2": "https://www.kaigokensaku.mhlw.go.jp/09/index.php?action_kouhyou_detail_004_kani=true&JigyosyoCd=0972400311-00&ServiceCd=430&Type=search" }, "geometry": { "type": "Point", "coordinates": [ 139.5781581, 36.3662602 ] } },
{ "type": "Feature", "properties": { "内容": "あずみ苑関川【居宅介護支援】栃木県佐野市関川町325-2", "url2": "https://www.kaigokensaku.mhlw.go.jp/09/index.php?action_kouhyou_detail_004_kani=true&JigyosyoCd=0970402558-00&ServiceCd=430&Type=search" }, "geometry": { "type": "Point", "coordinates": [ 139.6229887, 36.3232154 ] } },
{ "type": "Feature", "properties": { "内容": "居宅介護支援事業所　結【居宅介護支援】栃木県佐野市葛生西3-11-4", "url2": "https://www.kaigokensaku.mhlw.go.jp/09/index.php?action_kouhyou_detail_004_kani=true&JigyosyoCd=0970401980-00&ServiceCd=430&Type=search" }, "geometry": { "type": "Point", "coordinates": [ 139.609100399999988, 36.4090522 ] } },
{ "type": "Feature", "properties": { "内容": "花の器【居宅介護支援】栃木県佐野市堀米町617番地6", "url2": "https://www.kaigokensaku.mhlw.go.jp/09/index.php?action_kouhyou_detail_004_kani=true&JigyosyoCd=0970402038-00&ServiceCd=430&Type=search" }, "geometry": { "type": "Point", "coordinates": [ 139.5822954, 36.3333504 ] } },
{ "type": "Feature", "properties": { "内容": "ココロオフィス【居宅介護支援】戸室町425-1", "url2": "https://www.kaigokensaku.mhlw.go.jp/09/index.php?action_kouhyou_detail_004_kani=true&JigyosyoCd=0970402749-00&ServiceCd=430&Type=search" }, "geometry": { "type": "Point", "coordinates": [ 139.576242900000011, 36.3817931 ] } },
{ "type": "Feature", "properties": { "内容": "緑の屋根診療所【居宅介護支援】栃木県佐野市堀米町1348-5", "url2": "https://www.kaigokensaku.mhlw.go.jp/09/index.php?action_kouhyou_detail_004_kani=true&JigyosyoCd=0970402095-00&ServiceCd=430&Type=search" }, "geometry": { "type": "Point", "coordinates": [ 139.579412600000069, 36.3292506 ] } },
{ "type": "Feature", "properties": { "内容": "鹿沼脳神経外科【居宅介護支援】栃木県鹿沼市茂呂2027", "url2": "https://www.kaigokensaku.mhlw.go.jp/09/index.php?action_kouhyou_detail_004_kani=true&JigyosyoCd=0910510437-00&ServiceCd=430&Type=search" }, "geometry": { "type": "Point", "coordinates": [ 139.771527699999979, 36.5444419 ] } },
{ "type": "Feature", "properties": { "内容": "居宅介護支援事業所かのん【居宅介護支援】栃木県鹿沼市口粟野８６２－１", "url2": "https://www.kaigokensaku.mhlw.go.jp/09/index.php?action_kouhyou_detail_004_kani=true&JigyosyoCd=0970501482-00&ServiceCd=430&Type=search" }, "geometry": { "type": "Point", "coordinates": [ 139.673934199999962, 36.5150778 ] } },
{ "type": "Feature", "properties": { "内容": "社会福祉法人　鹿沼市社会福祉協議会【居宅介護支援】栃木県鹿沼市万町931番地1鹿沼市総合福祉センター", "url2": "https://www.kaigokensaku.mhlw.go.jp/09/index.php?action_kouhyou_detail_004_kani=true&JigyosyoCd=0970500112-00&ServiceCd=430&Type=search" }, "geometry": { "type": "Point", "coordinates": [ 139.748355078573582, 36.558189222390418 ] } },
{ "type": "Feature", "properties": { "内容": "ソーシャルワーク鹿沼【居宅介護支援】栃木県鹿沼市千渡1110-1", "url2": "https://www.kaigokensaku.mhlw.go.jp/09/index.php?action_kouhyou_detail_004_kani=true&JigyosyoCd=0970501011-00&ServiceCd=430&Type=search" }, "geometry": { "type": "Point", "coordinates": [ 139.782766143884373, 36.566933838246641 ] } },
{ "type": "Feature", "properties": { "内容": "居宅介護支援事業所　At　Home　こころ【居宅介護支援】栃木県鹿沼市下田町2丁目1050-2", "url2": "https://www.kaigokensaku.mhlw.go.jp/09/index.php?action_kouhyou_detail_004_kani=true&JigyosyoCd=0970501078-00&ServiceCd=430&Type=search" }, "geometry": { "type": "Point", "coordinates": [ 139.750773500000037, 36.5624335 ] } },
{ "type": "Feature", "properties": { "内容": "さつき荘在宅介護支援センター【居宅介護支援】栃木県鹿沼市白桑田２５４－７", "url2": "https://www.kaigokensaku.mhlw.go.jp/09/index.php?action_kouhyou_detail_004_kani=true&JigyosyoCd=0970500021-00&ServiceCd=430&Type=search" }, "geometry": { "type": "Point", "coordinates": [ 139.813059599999974, 36.5501948 ] } },
{ "type": "Feature", "properties": { "内容": "無量荘【居宅介護支援】栃木県鹿沼市板荷2971-3", "url2": "https://www.kaigokensaku.mhlw.go.jp/09/index.php?action_kouhyou_detail_004_kani=true&JigyosyoCd=0970500062-00&ServiceCd=430&Type=search" }, "geometry": { "type": "Point", "coordinates": [ 139.698770200000013, 36.6433031 ] } },
{ "type": "Feature", "properties": { "内容": "在宅介護支援センターかみつが【居宅介護支援】栃木県鹿沼市上殿町９６０－２", "url2": "https://www.kaigokensaku.mhlw.go.jp/09/index.php?action_kouhyou_detail_004_kani=true&JigyosyoCd=0970500088-00&ServiceCd=430&Type=search" }, "geometry": { "type": "Point", "coordinates": [ 139.752012667459098, 36.554489228651477 ] } },
{ "type": "Feature", "properties": { "内容": "居宅介護支援事業　おりづる【居宅介護支援】栃木県鹿沼市茂呂1090番地25", "url2": "https://www.kaigokensaku.mhlw.go.jp/09/index.php?action_kouhyou_detail_004_kani=true&JigyosyoCd=0970500591-00&ServiceCd=430&Type=search" }, "geometry": { "type": "Point", "coordinates": [ 139.779721906887829, 36.549157994208919 ] } },
{ "type": "Feature", "properties": { "内容": "デイサービスかぞく【居宅介護支援】栃木県鹿沼市上石川568-10", "url2": "https://www.kaigokensaku.mhlw.go.jp/09/index.php?action_kouhyou_detail_004_kani=true&JigyosyoCd=0970500666-00&ServiceCd=430&Type=search" }, "geometry": { "type": "Point", "coordinates": [ 139.803850900000043, 36.5221059 ] } },
{ "type": "Feature", "properties": { "内容": "医療法人ヒポクラテス　介護ステーションたけむら【居宅介護支援】栃木県鹿沼市西茂呂四丁目４６番３", "url2": "https://www.kaigokensaku.mhlw.go.jp/09/index.php?action_kouhyou_detail_004_kani=true&JigyosyoCd=0970500740-00&ServiceCd=430&Type=search" }, "geometry": { "type": "Point", "coordinates": [ 139.767380900000035, 36.5430641 ] } },
{ "type": "Feature", "properties": { "内容": "ケアプラン　あゆみ【居宅介護支援】栃木県鹿沼市樅山町300-5", "url2": "https://www.kaigokensaku.mhlw.go.jp/09/index.php?action_kouhyou_detail_004_kani=true&JigyosyoCd=0970500765-00&ServiceCd=430&Type=search" }, "geometry": { "type": "Point", "coordinates": [ 139.753004199999964, 36.5486519 ] } },
{ "type": "Feature", "properties": { "内容": "居宅介護支援事業所　かぬま四季の里【居宅介護支援】栃木県鹿沼市西沢町209", "url2": "https://www.kaigokensaku.mhlw.go.jp/09/index.php?action_kouhyou_detail_004_kani=true&JigyosyoCd=0970500872-00&ServiceCd=430&Type=search" }, "geometry": { "type": "Point", "coordinates": [ 139.70848639999997, 36.5169034 ] } },
{ "type": "Feature", "properties": { "内容": "居宅介護支援事業所ハミング【居宅介護支援】栃木県鹿沼市下永野246-2", "url2": "https://www.kaigokensaku.mhlw.go.jp/09/index.php?action_kouhyou_detail_004_kani=true&JigyosyoCd=0970500914-00&ServiceCd=430&Type=search" }, "geometry": { "type": "Point", "coordinates": [ 139.619981300000063, 36.478097300000016 ] } },
{ "type": "Feature", "properties": { "内容": "在宅介護支援センターたけむらクローバー館【居宅介護支援】栃木県鹿沼市茂呂1858-147", "url2": "https://www.kaigokensaku.mhlw.go.jp/09/index.php?action_kouhyou_detail_004_kani=true&JigyosyoCd=0970501110-00&ServiceCd=430&Type=search" }, "geometry": { "type": "Point", "coordinates": [ 139.771675100000067, 36.53669 ] } },
{ "type": "Feature", "properties": { "内容": "やさしい手かぬま居宅介護支援事業所【居宅介護支援】栃木県鹿沼市上野町410－1", "url2": "https://www.kaigokensaku.mhlw.go.jp/09/index.php?action_kouhyou_detail_004_kani=true&JigyosyoCd=0970501326-00&ServiceCd=430&Type=search" }, "geometry": { "type": "Point", "coordinates": [ 139.764125101852386, 36.564727393107795 ] } },
{ "type": "Feature", "properties": { "内容": "シンシアハート居宅介護支援事業所【居宅介護支援】栃木県鹿沼市北半田1302番地13", "url2": "https://www.kaigokensaku.mhlw.go.jp/09/index.php?action_kouhyou_detail_004_kani=true&JigyosyoCd=0970501516-00&ServiceCd=430&Type=search" }, "geometry": { "type": "Point", "coordinates": [ 139.735123299999941, 36.49692350000003 ] } },
{ "type": "Feature", "properties": { "内容": "すまいる鹿沼【居宅介護支援】栃木県鹿沼市茂呂2525-6すまいる鹿沼", "url2": "https://www.kaigokensaku.mhlw.go.jp/09/index.php?action_kouhyou_detail_004_kani=true&JigyosyoCd=0970501565-00&ServiceCd=430&Type=search" }, "geometry": { "type": "Point", "coordinates": [ 139.7938117, 36.5496153 ] } },
{ "type": "Feature", "properties": { "内容": "介護相談センターかぬま【居宅介護支援】栃木県鹿沼市緑町2丁目3番２３号", "url2": "https://www.kaigokensaku.mhlw.go.jp/09/index.php?action_kouhyou_detail_004_kani=true&JigyosyoCd=0970501607-00&ServiceCd=430&Type=search" }, "geometry": { "type": "Point", "coordinates": [ 139.77588, 36.557871 ] } },
{ "type": "Feature", "properties": { "内容": "ケアプランいちご【居宅介護支援】栃木県鹿沼市万町754番地1", "url2": "https://www.kaigokensaku.mhlw.go.jp/09/index.php?action_kouhyou_detail_004_kani=true&JigyosyoCd=0970501680-00&ServiceCd=430&Type=search" }, "geometry": { "type": "Point", "coordinates": [ 139.752470561376924, 36.556466382691326 ] } },
{ "type": "Feature", "properties": { "内容": "居宅介護支援ケアガーデン【居宅介護支援】栃木県鹿沼市千渡1963-36", "url2": "https://www.kaigokensaku.mhlw.go.jp/09/index.php?action_kouhyou_detail_004_kani=true&JigyosyoCd=0970501698-00&ServiceCd=430&Type=search" }, "geometry": { "type": "Point", "coordinates": [ 139.7685046, 36.5708666 ] } },
{ "type": "Feature", "properties": { "内容": "在宅介護支援センター　粟野荘【居宅介護支援】栃木県鹿沼市深程1521-1", "url2": "https://www.kaigokensaku.mhlw.go.jp/09/index.php?action_kouhyou_detail_004_kani=true&JigyosyoCd=0972200034-00&ServiceCd=430&Type=search" }, "geometry": { "type": "Point", "coordinates": [ 139.698049399999945, 36.4960138 ] } },
{ "type": "Feature", "properties": { "内容": "あずみ苑鹿沼【居宅介護支援】栃木県鹿沼市貝島町595-5", "url2": "https://www.kaigokensaku.mhlw.go.jp/09/index.php?action_kouhyou_detail_004_kani=true&JigyosyoCd=0970501615-00&ServiceCd=430&Type=search" }, "geometry": { "type": "Point", "coordinates": [ 139.763711943096581, 36.558044510096046 ] } },
{ "type": "Feature", "properties": { "内容": "居宅介護支援事業所「暖らいふ」【居宅介護支援】栃木県鹿沼市北半田1489-1", "url2": "https://www.kaigokensaku.mhlw.go.jp/09/index.php?action_kouhyou_detail_004_kani=true&JigyosyoCd=0970501060-00&ServiceCd=430&Type=search" }, "geometry": { "type": "Point", "coordinates": [ 139.720107723803693, 36.496040149780974 ] } },
{ "type": "Feature", "properties": { "内容": "居宅介護支援事業所　るりの里【居宅介護支援】栃木県鹿沼市麻苧町1559-1", "url2": "https://www.kaigokensaku.mhlw.go.jp/09/index.php?action_kouhyou_detail_004_kani=true&JigyosyoCd=0970501458-00&ServiceCd=430&Type=search" }, "geometry": { "type": "Point", "coordinates": [ 139.74458580000001, 36.5628481 ] } },
{ "type": "Feature", "properties": { "内容": "ハーモニー在宅介護支援センター【居宅介護支援】栃木県鹿沼市村井町１４６－６", "url2": "https://www.kaigokensaku.mhlw.go.jp/09/index.php?action_kouhyou_detail_004_kani=true&JigyosyoCd=0970500013-00&ServiceCd=430&Type=search" }, "geometry": { "type": "Point", "coordinates": [ 139.746004699999958, 36.5483071 ] } },
{ "type": "Feature", "properties": { "内容": "在宅介護支援センターグリーンホーム【居宅介護支援】栃木県鹿沼市下日向４３８－１", "url2": "https://www.kaigokensaku.mhlw.go.jp/09/index.php?action_kouhyou_detail_004_kani=true&JigyosyoCd=0970500047-00&ServiceCd=430&Type=search" }, "geometry": { "type": "Point", "coordinates": [ 139.717359699999946, 36.5504111 ] } },
{ "type": "Feature", "properties": { "内容": "ケアプラン智光薬湯【居宅介護支援】栃木県鹿沼市加園2520番地", "url2": "https://www.kaigokensaku.mhlw.go.jp/09/index.php?action_kouhyou_detail_004_kani=true&JigyosyoCd=0970501375-00&ServiceCd=430&Type=search" }, "geometry": { "type": "Point", "coordinates": [ 139.676115900000013, 36.562655300000017 ] } },
{ "type": "Feature", "properties": { "内容": "居宅介護支援事業所　さんらいず【居宅介護支援】栃木県日光市塩野室町1504-2特別養護老人ホーム　さんらいず", "url2": "https://www.kaigokensaku.mhlw.go.jp/09/index.php?action_kouhyou_detail_004_kani=true&JigyosyoCd=0970600649-00&ServiceCd=430&Type=search" }, "geometry": { "type": "Point", "coordinates": [ 139.79726731904907, 36.735158372858479 ] } },
{ "type": "Feature", "properties": { "内容": "ケアマネみんなリハ【居宅介護支援】栃木県日光市藤原296番地", "url2": "https://www.kaigokensaku.mhlw.go.jp/09/index.php?action_kouhyou_detail_004_kani=true&JigyosyoCd=0970600912-00&ServiceCd=430&Type=search" }, "geometry": { "type": "Point", "coordinates": [ 139.7315865, 36.852649 ] } },
{ "type": "Feature", "properties": { "内容": "ケアプランセンターきびたき荘【居宅介護支援】栃木県日光市細尾町８２番地１", "url2": "https://www.kaigokensaku.mhlw.go.jp/09/index.php?action_kouhyou_detail_004_kani=true&JigyosyoCd=0970600029-00&ServiceCd=430&Type=search" }, "geometry": { "type": "Point", "coordinates": [ 139.551532152114845, 36.729572773200161 ] } },
{ "type": "Feature", "properties": { "内容": "介護保険事業所ふじの郷【居宅介護支援】栃木県日光市鬼怒川温泉大原2番地6", "url2": "https://www.kaigokensaku.mhlw.go.jp/09/index.php?action_kouhyou_detail_004_kani=true&JigyosyoCd=0970600151-00&ServiceCd=430&Type=search" }, "geometry": { "type": "Point", "coordinates": [ 139.704751399999964, 36.7990686 ] } },
{ "type": "Feature", "properties": { "内容": "ひかりの里【居宅介護支援】栃木県日光市今市1086-2", "url2": "https://www.kaigokensaku.mhlw.go.jp/09/index.php?action_kouhyou_detail_004_kani=true&JigyosyoCd=0970600193-00&ServiceCd=430&Type=search" }, "geometry": { "type": "Point", "coordinates": [ 139.697757499999966, 36.7248243 ] } },
{ "type": "Feature", "properties": { "内容": "ケアプランやしお【居宅介護支援】栃木県日光市細尾町442", "url2": "https://www.kaigokensaku.mhlw.go.jp/09/index.php?action_kouhyou_detail_004_kani=true&JigyosyoCd=0970600292-00&ServiceCd=430&Type=search" }, "geometry": { "type": "Point", "coordinates": [ 139.546558201852349, 36.729566331883646 ] } },
{ "type": "Feature", "properties": { "内容": "けあぷらんえにし【居宅介護支援】栃木県日光市高徳415-1ﾄﾞｩ･ｱﾍﾞﾆｰﾙB棟１０１号室", "url2": "https://www.kaigokensaku.mhlw.go.jp/09/index.php?action_kouhyou_detail_004_kani=true&JigyosyoCd=0970600805-00&ServiceCd=430&Type=search" }, "geometry": { "type": "Point", "coordinates": [ 139.7126586, 36.7792002 ] } },
{ "type": "Feature", "properties": { "内容": "居宅介護支援事業所　すかいの郷【居宅介護支援】栃木県日光市倉ヶ崎新田143-1", "url2": "https://www.kaigokensaku.mhlw.go.jp/09/index.php?action_kouhyou_detail_004_kani=true&JigyosyoCd=0970600813-00&ServiceCd=430&Type=search" }, "geometry": { "type": "Point", "coordinates": [ 139.7016355, 36.7370111 ] } },
{ "type": "Feature", "properties": { "内容": "合同会社ケアプランつむぎ【居宅介護支援】栃木県日光市和泉873-1", "url2": "https://www.kaigokensaku.mhlw.go.jp/09/index.php?action_kouhyou_detail_004_kani=true&JigyosyoCd=0970600920-00&ServiceCd=430&Type=search" }, "geometry": { "type": "Point", "coordinates": [ 139.662697, 36.7267421 ] } },
{ "type": "Feature", "properties": { "内容": "在宅介護支援センターおちあい【居宅介護支援】栃木県日光市板橋2190-2", "url2": "https://www.kaigokensaku.mhlw.go.jp/09/index.php?action_kouhyou_detail_004_kani=true&JigyosyoCd=0970700019-00&ServiceCd=430&Type=search" }, "geometry": { "type": "Point", "coordinates": [ 139.73511869999993, 36.6492286 ] } },
{ "type": "Feature", "properties": { "内容": "特定非営利活動法人　毎日クリスマス【居宅介護支援】栃木県日光市佐下部305", "url2": "https://www.kaigokensaku.mhlw.go.jp/09/index.php?action_kouhyou_detail_004_kani=true&JigyosyoCd=0970700035-00&ServiceCd=430&Type=search" }, "geometry": { "type": "Point", "coordinates": [ 139.691184300000032, 36.7750933 ] } },
{ "type": "Feature", "properties": { "内容": "在宅介護支援センター　誠心園【居宅介護支援】栃木県日光市倉ケ崎６０５番地７", "url2": "https://www.kaigokensaku.mhlw.go.jp/09/index.php?action_kouhyou_detail_004_kani=true&JigyosyoCd=0970700068-00&ServiceCd=430&Type=search" }, "geometry": { "type": "Point", "coordinates": [ 139.712559700000043, 36.7549847 ] } },
{ "type": "Feature", "properties": { "内容": "特定非営利活動法人ウエーブ【居宅介護支援】栃木県日光市瀬川95番地1", "url2": "https://www.kaigokensaku.mhlw.go.jp/09/index.php?action_kouhyou_detail_004_kani=true&JigyosyoCd=0970700126-00&ServiceCd=430&Type=search" }, "geometry": { "type": "Point", "coordinates": [ 139.689583399999947, 36.7277404 ] } },
{ "type": "Feature", "properties": { "内容": "JAかみつが日光居宅介護支援センターひまわり【居宅介護支援】栃木県日光市森友923番地3", "url2": "https://www.kaigokensaku.mhlw.go.jp/09/index.php?action_kouhyou_detail_004_kani=true&JigyosyoCd=0970700217-00&ServiceCd=430&Type=search" }, "geometry": { "type": "Point", "coordinates": [ 139.717062917633854, 36.722028846397571 ] } },
{ "type": "Feature", "properties": { "内容": "ケアプランセンターもりのいえ【居宅介護支援】栃木県日光市根室６０７－５", "url2": "https://www.kaigokensaku.mhlw.go.jp/09/index.php?action_kouhyou_detail_004_kani=true&JigyosyoCd=0970700233-00&ServiceCd=430&Type=search" }, "geometry": { "type": "Point", "coordinates": [ 139.779072, 36.7084002 ] } },
{ "type": "Feature", "properties": { "内容": "居宅介護支援事業所あかね【居宅介護支援】栃木県日光市森友1578", "url2": "https://www.kaigokensaku.mhlw.go.jp/09/index.php?action_kouhyou_detail_004_kani=true&JigyosyoCd=0970700316-00&ServiceCd=430&Type=search" }, "geometry": { "type": "Point", "coordinates": [ 139.72605980000003, 36.7245809 ] } },
{ "type": "Feature", "properties": { "内容": "ケアマネこころ【居宅介護支援】栃木県日光市土沢４５－５０", "url2": "https://www.kaigokensaku.mhlw.go.jp/09/index.php?action_kouhyou_detail_004_kani=true&JigyosyoCd=0970700373-00&ServiceCd=430&Type=search" }, "geometry": { "type": "Point", "coordinates": [ 139.732933399999979, 36.690368 ] } },
{ "type": "Feature", "properties": { "内容": "居宅介護支援事業所　さくら苑【居宅介護支援】栃木県日光市大室863-7", "url2": "https://www.kaigokensaku.mhlw.go.jp/09/index.php?action_kouhyou_detail_004_kani=true&JigyosyoCd=0970700407-00&ServiceCd=430&Type=search" }, "geometry": { "type": "Point", "coordinates": [ 139.7501241, 36.722931100000018 ] } },
{ "type": "Feature", "properties": { "内容": "ケアプランセンター愛泉【居宅介護支援】栃木県日光市高徳６１９番地３", "url2": "https://www.kaigokensaku.mhlw.go.jp/09/index.php?action_kouhyou_detail_004_kani=true&JigyosyoCd=0972600365-00&ServiceCd=430&Type=search" }, "geometry": { "type": "Point", "coordinates": [ 139.706726600000025, 36.7826068 ] } },
{ "type": "Feature", "properties": { "内容": "ケアプランきぼう【居宅介護支援】今市本町25-1", "url2": "https://www.kaigokensaku.mhlw.go.jp/09/index.php?action_kouhyou_detail_004_kani=true&JigyosyoCd=0970600821-00&ServiceCd=430&Type=search" }, "geometry": { "type": "Point", "coordinates": [ 139.6974793, 36.716947 ] } },
{ "type": "Feature", "properties": { "内容": "メイ・とちぎ【居宅介護支援】栃木県日光市並木町15番地14並木町メゾネット", "url2": "https://www.kaigokensaku.mhlw.go.jp/09/index.php?action_kouhyou_detail_004_kani=true&JigyosyoCd=0970600938-00&ServiceCd=430&Type=search" }, "geometry": { "type": "Point", "coordinates": [ 139.6926334, 36.7194332 ] } },
{ "type": "Feature", "properties": { "内容": "居宅介護支援事業所かわせみ【居宅介護支援】栃木県日光市平ヶ崎６０５－１", "url2": "https://www.kaigokensaku.mhlw.go.jp/09/index.php?action_kouhyou_detail_004_kani=true&JigyosyoCd=0970700027-00&ServiceCd=430&Type=search" }, "geometry": { "type": "Point", "coordinates": [ 139.681820799999969, 36.7158745 ] } },
{ "type": "Feature", "properties": { "内容": "居宅介護支援事業所きみぼ（王望）【居宅介護支援】栃木県小山市暁3-1-13", "url2": "https://www.kaigokensaku.mhlw.go.jp/09/index.php?action_kouhyou_detail_004_kani=true&JigyosyoCd=0970801098-00&ServiceCd=430&Type=search" }, "geometry": { "type": "Point", "coordinates": [ 139.760525499999972, 36.2565852 ] } },
{ "type": "Feature", "properties": { "内容": "株式会社Ｎａｎｔｅｎ　はつらつサロン南天居宅介護支援事業所【居宅介護支援】栃木県小山市花垣町２丁目３番１９号松島ビル１０１号室", "url2": "https://www.kaigokensaku.mhlw.go.jp/09/index.php?action_kouhyou_detail_004_kani=true&JigyosyoCd=0970801601-00&ServiceCd=430&Type=search" }, "geometry": { "type": "Point", "coordinates": [ 139.808246700000041, 36.3217683 ] } },
{ "type": "Feature", "properties": { "内容": "小山市在宅介護支援センター博愛【居宅介護支援】栃木県小山市城山町２丁目7番18号", "url2": "https://www.kaigokensaku.mhlw.go.jp/09/index.php?action_kouhyou_detail_004_kani=true&JigyosyoCd=0970800140-00&ServiceCd=430&Type=search" }, "geometry": { "type": "Point", "coordinates": [ 139.803411200000028, 36.3150133 ] } },
{ "type": "Feature", "properties": { "内容": "ゆうゆうケアステーションびわの里ケアプランセンター【居宅介護支援】栃木県小山市立木710-1", "url2": "https://www.kaigokensaku.mhlw.go.jp/09/index.php?action_kouhyou_detail_004_kani=true&JigyosyoCd=0970801544-00&ServiceCd=430&Type=search" }, "geometry": { "type": "Point", "coordinates": [ 139.781985100000043, 36.334565399999981 ] } },
{ "type": "Feature", "properties": { "内容": "居宅介護支援事業所　なんでも相談室【居宅介護支援】栃木県小山市中央町２丁目10番１８号グリーンミユキ小山101", "url2": "https://www.kaigokensaku.mhlw.go.jp/09/index.php?action_kouhyou_detail_004_kani=true&JigyosyoCd=0970802344-00&ServiceCd=430&Type=search" }, "geometry": { "type": "Point", "coordinates": [ 139.803197, 36.31301 ] } },
{ "type": "Feature", "properties": { "内容": "サンフレンズ小山【居宅介護支援】羽川76番地", "url2": "https://www.kaigokensaku.mhlw.go.jp/09/index.php?action_kouhyou_detail_004_kani=true&JigyosyoCd=0970802674-00&ServiceCd=430&Type=search" }, "geometry": { "type": "Point", "coordinates": [ 139.826639, 36.3518184 ] } },
{ "type": "Feature", "properties": { "内容": "介護老人保健施設　さくら野　居宅介護支援事業所【居宅介護支援】栃木県小山市大字卒島１１０番地", "url2": "https://www.kaigokensaku.mhlw.go.jp/09/index.php?action_kouhyou_detail_004_kani=true&JigyosyoCd=0950880039-00&ServiceCd=430&Type=search" }, "geometry": { "type": "Point", "coordinates": [ 139.778082400000017, 36.3386926 ] } },
{ "type": "Feature", "properties": { "内容": "小山市在宅介護支援センター　紬【居宅介護支援】栃木県小山市犬塚６２-２", "url2": "https://www.kaigokensaku.mhlw.go.jp/09/index.php?action_kouhyou_detail_004_kani=true&JigyosyoCd=0970800108-00&ServiceCd=430&Type=search" }, "geometry": { "type": "Point", "coordinates": [ 139.832775199999986, 36.3226082 ] } },
{ "type": "Feature", "properties": { "内容": "ケアセンター銀の里【居宅介護支援】小山市横倉481-72", "url2": "https://www.kaigokensaku.mhlw.go.jp/09/index.php?action_kouhyou_detail_004_kani=true&JigyosyoCd=0970800843-00&ServiceCd=430&Type=search" }, "geometry": { "type": "Point", "coordinates": [ 139.826137499999959, 36.2774654 ] } },
{ "type": "Feature", "properties": { "内容": "ＳＯＭＰＯケア　小山　居宅介護支援【居宅介護支援】栃木県小山市天神町一丁目4番31号前沢第3ビル2階南室", "url2": "https://www.kaigokensaku.mhlw.go.jp/09/index.php?action_kouhyou_detail_004_kani=true&JigyosyoCd=0970802724-00&ServiceCd=430&Type=search" }, "geometry": { "type": "Point", "coordinates": [ 139.80010029999994, 36.3069351 ] } },
{ "type": "Feature", "properties": { "内容": "社会福祉法人　居宅介護支援事業所　スーパーデイみらい【居宅介護支援】栃木県小山市雨ヶ谷814-2", "url2": "https://www.kaigokensaku.mhlw.go.jp/09/index.php?action_kouhyou_detail_004_kani=true&JigyosyoCd=0970802971-00&ServiceCd=430&Type=search" }, "geometry": { "type": "Point", "coordinates": [ 139.8112293, 36.278449 ] } },
{ "type": "Feature", "properties": { "内容": "在宅介護支援センター栗林荘【居宅介護支援】栃木県小山市塚崎463－1", "url2": "https://www.kaigokensaku.mhlw.go.jp/09/index.php?action_kouhyou_detail_004_kani=true&JigyosyoCd=0970800124-00&ServiceCd=430&Type=search" }, "geometry": { "type": "Point", "coordinates": [ 139.815155799999957, 36.2634334 ] } },
{ "type": "Feature", "properties": { "内容": "居宅介護支援事業所わくわくおやま【居宅介護支援】栃木県小山市駅東通り3-9-6", "url2": "https://www.kaigokensaku.mhlw.go.jp/09/index.php?action_kouhyou_detail_004_kani=true&JigyosyoCd=0970800546-00&ServiceCd=430&Type=search" }, "geometry": { "type": "Point", "coordinates": [ 139.812040799999977, 36.3198715 ] } },
{ "type": "Feature", "properties": { "内容": "あじさい介護相談センター【居宅介護支援】栃木県小山市城東１－８－９", "url2": "https://www.kaigokensaku.mhlw.go.jp/09/index.php?action_kouhyou_detail_004_kani=true&JigyosyoCd=0970800017-00&ServiceCd=430&Type=search" }, "geometry": { "type": "Point", "coordinates": [ 139.812455618137562, 36.311408525798669 ] } },
{ "type": "Feature", "properties": { "内容": "ニチイケアセンターおやま【居宅介護支援】栃木県小山市神鳥谷2丁目13番14号", "url2": "https://www.kaigokensaku.mhlw.go.jp/09/index.php?action_kouhyou_detail_004_kani=true&JigyosyoCd=0970800025-00&ServiceCd=430&Type=search" }, "geometry": { "type": "Point", "coordinates": [ 139.794931899999938, 36.3010366 ] } },
{ "type": "Feature", "properties": { "内容": "在宅介護支援センター穂の香苑【居宅介護支援】栃木県小山市間々田１４４２", "url2": "https://www.kaigokensaku.mhlw.go.jp/09/index.php?action_kouhyou_detail_004_kani=true&JigyosyoCd=0970800041-00&ServiceCd=430&Type=search" }, "geometry": { "type": "Point", "coordinates": [ 139.762830500000064, 36.2679172 ] } },
{ "type": "Feature", "properties": { "内容": "しょうし苑　在宅介護支援センター【居宅介護支援】栃木県小山市中久喜1273-1", "url2": "https://www.kaigokensaku.mhlw.go.jp/09/index.php?action_kouhyou_detail_004_kani=true&JigyosyoCd=0970800066-00&ServiceCd=430&Type=search" }, "geometry": { "type": "Point", "coordinates": [ 139.834405699999934, 36.3236804 ] } },
{ "type": "Feature", "properties": { "内容": "在宅介護支援センター富士見荘【居宅介護支援】栃木県小山市大字上石塚5番地", "url2": "https://www.kaigokensaku.mhlw.go.jp/09/index.php?action_kouhyou_detail_004_kani=true&JigyosyoCd=0970800074-00&ServiceCd=430&Type=search" }, "geometry": { "type": "Point", "coordinates": [ 139.775936304229731, 36.332759874864003 ] } },
{ "type": "Feature", "properties": { "内容": "在宅介護支援センター晃南【居宅介護支援】栃木県小山市乙女７９５", "url2": "https://www.kaigokensaku.mhlw.go.jp/09/index.php?action_kouhyou_detail_004_kani=true&JigyosyoCd=0970800157-00&ServiceCd=430&Type=search" }, "geometry": { "type": "Point", "coordinates": [ 139.759233900000027, 36.258546 ] } },
{ "type": "Feature", "properties": { "内容": "ふれんど小山居宅介護支援センター【居宅介護支援】栃木県小山市羽川524-2", "url2": "https://www.kaigokensaku.mhlw.go.jp/09/index.php?action_kouhyou_detail_004_kani=true&JigyosyoCd=0970800348-00&ServiceCd=430&Type=search" }, "geometry": { "type": "Point", "coordinates": [ 139.836945630163541, 36.367101014330629 ] } },
{ "type": "Feature", "properties": { "内容": "ケアネット小山サービスセンター【居宅介護支援】栃木県小山市城東５丁目８番１０号", "url2": "https://www.kaigokensaku.mhlw.go.jp/09/index.php?action_kouhyou_detail_004_kani=true&JigyosyoCd=0970800579-00&ServiceCd=430&Type=search" }, "geometry": { "type": "Point", "coordinates": [ 139.8212509, 36.3149004 ] } },
{ "type": "Feature", "properties": { "内容": "サンフラワーライフ【居宅介護支援】栃木県小山市大字出井１９３８", "url2": "https://www.kaigokensaku.mhlw.go.jp/09/index.php?action_kouhyou_detail_004_kani=true&JigyosyoCd=0970800751-00&ServiceCd=430&Type=search" }, "geometry": { "type": "Point", "coordinates": [ 139.836983300000043, 36.3345264 ] } },
{ "type": "Feature", "properties": { "内容": "在宅介護支援センターあまがや【居宅介護支援】小山市大字雨ヶ谷824番地8", "url2": "https://www.kaigokensaku.mhlw.go.jp/09/index.php?action_kouhyou_detail_004_kani=true&JigyosyoCd=0970800934-00&ServiceCd=430&Type=search" }, "geometry": { "type": "Point", "coordinates": [ 139.817596399999957, 36.2818425 ] } },
{ "type": "Feature", "properties": { "内容": "県南サポートセンター【居宅介護支援】栃木県小山市神鳥谷1012-1", "url2": "https://www.kaigokensaku.mhlw.go.jp/09/index.php?action_kouhyou_detail_004_kani=true&JigyosyoCd=0970801007-00&ServiceCd=430&Type=search" }, "geometry": { "type": "Point", "coordinates": [ 139.796234499999969, 36.3029453 ] } },
{ "type": "Feature", "properties": { "内容": "居宅介護支援事業所　サンテーヌ【居宅介護支援】栃木県小山市八幡町２丁目７番２２号", "url2": "https://www.kaigokensaku.mhlw.go.jp/09/index.php?action_kouhyou_detail_004_kani=true&JigyosyoCd=0970801213-00&ServiceCd=430&Type=search" }, "geometry": { "type": "Point", "coordinates": [ 139.797806400000013, 36.3081082 ] } },
{ "type": "Feature", "properties": { "内容": "居宅介護支援センターほほえみ【居宅介護支援】栃木県小山市乙女3-27-12", "url2": "https://www.kaigokensaku.mhlw.go.jp/09/index.php?action_kouhyou_detail_004_kani=true&JigyosyoCd=0970801627-00&ServiceCd=430&Type=search" }, "geometry": { "type": "Point", "coordinates": [ 139.758155408003972, 36.255983706205107 ] } },
{ "type": "Feature", "properties": { "内容": "居宅介護支援事業所おやま【居宅介護支援】栃木県小山市神鳥谷2251-7健康医療介護総合支援センター", "url2": "https://www.kaigokensaku.mhlw.go.jp/09/index.php?action_kouhyou_detail_004_kani=true&JigyosyoCd=0970801841-00&ServiceCd=430&Type=search" }, "geometry": { "type": "Point", "coordinates": [ 139.817901300000017, 36.3145531 ] } },
{ "type": "Feature", "properties": { "内容": "ケアサービス大沼　居宅介護支援【居宅介護支援】栃木県小山市大字羽川11番地１", "url2": "https://www.kaigokensaku.mhlw.go.jp/09/index.php?action_kouhyou_detail_004_kani=true&JigyosyoCd=0970802021-00&ServiceCd=430&Type=search" }, "geometry": { "type": "Point", "coordinates": [ 139.823317, 36.3520905 ] } },
{ "type": "Feature", "properties": { "内容": "居宅介護支援事業所　にこにこ元気【居宅介護支援】栃木県小山市駅南町5-12-20", "url2": "https://www.kaigokensaku.mhlw.go.jp/09/index.php?action_kouhyou_detail_004_kani=true&JigyosyoCd=0970802351-00&ServiceCd=430&Type=search" }, "geometry": { "type": "Point", "coordinates": [ 139.8150705, 36.3029913 ] } },
{ "type": "Feature", "properties": { "内容": "コープ福祉介護相談センター喜沢【居宅介護支援】栃木県小山市大字喜沢1475-98", "url2": "https://www.kaigokensaku.mhlw.go.jp/09/index.php?action_kouhyou_detail_004_kani=true&JigyosyoCd=0970802518-00&ServiceCd=430&Type=search" }, "geometry": { "type": "Point", "coordinates": [ 139.8024249, 36.330100299999984 ] } },
{ "type": "Feature", "properties": { "内容": "サンスマイル小山【居宅介護支援】犬塚6-17-1", "url2": "https://www.kaigokensaku.mhlw.go.jp/09/index.php?action_kouhyou_detail_004_kani=true&JigyosyoCd=0970802682-00&ServiceCd=430&Type=search" }, "geometry": { "type": "Point", "coordinates": [ 139.834044700000049, 36.3004192 ] } },
{ "type": "Feature", "properties": { "内容": "居宅介護支援事業所アウスレーゼ西城南【居宅介護支援】栃木県小山市西城南5丁目8番地19", "url2": "https://www.kaigokensaku.mhlw.go.jp/09/index.php?action_kouhyou_detail_004_kani=true&JigyosyoCd=0970802807-00&ServiceCd=430&Type=search" }, "geometry": { "type": "Point", "coordinates": [ 139.79661980000003, 36.2958582 ] } },
{ "type": "Feature", "properties": { "内容": "居宅介護支援事業所このじ【居宅介護支援】栃木県小山市東城南4-20-8パークサイドアパートメント2101号室", "url2": "https://www.kaigokensaku.mhlw.go.jp/09/index.php?action_kouhyou_detail_004_kani=true&JigyosyoCd=0970802856-00&ServiceCd=430&Type=search" }, "geometry": { "type": "Point", "coordinates": [ 139.807823090956191, 36.291196387247602 ] } },
{ "type": "Feature", "properties": { "内容": "彩居宅介護支援事業所【居宅介護支援】大字間々田588-1", "url2": "https://www.kaigokensaku.mhlw.go.jp/09/index.php?action_kouhyou_detail_004_kani=true&JigyosyoCd=0970802906-00&ServiceCd=430&Type=search" }, "geometry": { "type": "Point", "coordinates": [ 139.780102906186755, 36.268848759669837 ] } },
{ "type": "Feature", "properties": { "内容": "ツクイ小山【居宅介護支援】栃木県小山市西城南四丁目１番１９号", "url2": "https://www.kaigokensaku.mhlw.go.jp/09/index.php?action_kouhyou_detail_004_kani=true&JigyosyoCd=0970802948-00&ServiceCd=430&Type=search" }, "geometry": { "type": "Point", "coordinates": [ 139.800520799999987, 36.294786 ] } },
{ "type": "Feature", "properties": { "内容": "居宅介護支援事業所花笑けあ【居宅介護支援】雨ヶ谷新田72-25サンハイツ103", "url2": "https://www.kaigokensaku.mhlw.go.jp/09/index.php?action_kouhyou_detail_004_kani=true&JigyosyoCd=0970803169-00&ServiceCd=430&Type=search" }, "geometry": { "type": "Point", "coordinates": [ 139.823561899999987, 36.2969364 ] } },
{ "type": "Feature", "properties": { "内容": "かいごの窓口フレンド【居宅介護支援】栃木県小山市若木町1丁目18-6", "url2": "https://www.kaigokensaku.mhlw.go.jp/09/index.php?action_kouhyou_detail_004_kani=true&JigyosyoCd=0970803243-00&ServiceCd=430&Type=search" }, "geometry": { "type": "Point", "coordinates": [ 139.8044016, 36.3277166 ] } },
{ "type": "Feature", "properties": { "内容": "居宅介護支援事業所みかた【居宅介護支援】栃木県小山市大字粟宮2383番地", "url2": "https://www.kaigokensaku.mhlw.go.jp/09/index.php?action_kouhyou_detail_004_kani=true&JigyosyoCd=0970803250-00&ServiceCd=430&Type=search" }, "geometry": { "type": "Point", "coordinates": [ 139.7784719, 36.2862506 ] } },
{ "type": "Feature", "properties": { "内容": "なないろ在宅ケアプラン【居宅介護支援】羽川313-21", "url2": "https://www.kaigokensaku.mhlw.go.jp/09/index.php?action_kouhyou_detail_004_kani=true&JigyosyoCd=0970803151-00&ServiceCd=430&Type=search" }, "geometry": { "type": "Point", "coordinates": [ 139.8309501, 36.3634717 ] } },
{ "type": "Feature", "properties": { "内容": "有限会社ニーズ【居宅介護支援】栃木県小山市神鳥谷６丁目８－２３", "url2": "https://www.kaigokensaku.mhlw.go.jp/09/index.php?action_kouhyou_detail_004_kani=true&JigyosyoCd=0970800256-00&ServiceCd=430&Type=search" }, "geometry": { "type": "Point", "coordinates": [ 139.792649, 36.295165 ] } },
{ "type": "Feature", "properties": { "内容": "きぬの里在宅介護支援センター【居宅介護支援】小山市高椅132番地1", "url2": "https://www.kaigokensaku.mhlw.go.jp/09/index.php?action_kouhyou_detail_004_kani=true&JigyosyoCd=0970800058-00&ServiceCd=430&Type=search" }, "geometry": { "type": "Point", "coordinates": [ 139.888123599999972, 36.3390051 ] } },
{ "type": "Feature", "properties": { "内容": "株式会社　アクセス【居宅介護支援】栃木県小山市千駄塚350-1", "url2": "https://www.kaigokensaku.mhlw.go.jp/09/index.php?action_kouhyou_detail_004_kani=true&JigyosyoCd=0970802757-00&ServiceCd=430&Type=search" }, "geometry": { "type": "Point", "coordinates": [ 139.775365100000045, 36.2802883 ] } },
{ "type": "Feature", "properties": { "内容": "医療法人朝日会　在宅介護支援センターおもいがわ【居宅介護支援】栃木県小山市喜沢660", "url2": "https://www.kaigokensaku.mhlw.go.jp/09/index.php?action_kouhyou_detail_004_kani=true&JigyosyoCd=0970800033-00&ServiceCd=430&Type=search" }, "geometry": { "type": "Point", "coordinates": [ 139.821600600000011, 36.3457718 ] } },
{ "type": "Feature", "properties": { "内容": "医療法人小山すぎの木クリニック居宅介護支援事業所WAKI愛愛【居宅介護支援】栃木県小山市中久喜1116", "url2": "https://www.kaigokensaku.mhlw.go.jp/09/index.php?action_kouhyou_detail_004_kani=true&JigyosyoCd=0970802070-00&ServiceCd=430&Type=search" }, "geometry": { "type": "Point", "coordinates": [ 139.836033400000019, 36.3206613 ] } },
{ "type": "Feature", "properties": { "内容": "小山市社会福祉協議会　小山市在宅介護支援センター【居宅介護支援】栃木県小山市中央町2丁目2番21号", "url2": "https://www.kaigokensaku.mhlw.go.jp/09/index.php?action_kouhyou_detail_004_kani=true&JigyosyoCd=0970800090-00&ServiceCd=430&Type=search" }, "geometry": { "type": "Point", "coordinates": [ 139.801633853777133, 36.313902067637407 ] } },
{ "type": "Feature", "properties": { "内容": "居宅介護支援事業所　春風【居宅介護支援】栃木県小山市若木町1丁目1-2", "url2": "https://www.kaigokensaku.mhlw.go.jp/09/index.php?action_kouhyou_detail_004_kani=true&JigyosyoCd=0970801999-00&ServiceCd=430&Type=search" }, "geometry": { "type": "Point", "coordinates": [ 139.800714520454306, 36.322599947910433 ] } },
{ "type": "Feature", "properties": { "内容": "特別養護老人ホーム　やまさわの里【居宅介護支援】栃木県真岡市熊倉町3435番地1", "url2": "https://www.kaigokensaku.mhlw.go.jp/09/index.php?action_kouhyou_detail_004_kani=true&JigyosyoCd=0970900379-00&ServiceCd=430&Type=search" }, "geometry": { "type": "Point", "coordinates": [ 139.996468400000026, 36.4329276 ] } },
{ "type": "Feature", "properties": { "内容": "居宅介護支援センター　せいぶ【居宅介護支援】栃木県真岡市長田5丁目8-1", "url2": "https://www.kaigokensaku.mhlw.go.jp/09/index.php?action_kouhyou_detail_004_kani=true&JigyosyoCd=0970900452-00&ServiceCd=430&Type=search" }, "geometry": { "type": "Point", "coordinates": [ 139.9614881, 36.4366004 ] } },
{ "type": "Feature", "properties": { "内容": "はが野農業協同組合【居宅介護支援】栃木県真岡市飯貝５５９番地２", "url2": "https://www.kaigokensaku.mhlw.go.jp/09/index.php?action_kouhyou_detail_004_kani=true&JigyosyoCd=0970900023-00&ServiceCd=430&Type=search" }, "geometry": { "type": "Point", "coordinates": [ 140.018665, 36.4775674 ] } },
{ "type": "Feature", "properties": { "内容": "居宅介護支援センター　ひばり【居宅介護支援】栃木県真岡市上高間木2-24-4", "url2": "https://www.kaigokensaku.mhlw.go.jp/09/index.php?action_kouhyou_detail_004_kani=true&JigyosyoCd=0970900031-00&ServiceCd=430&Type=search" }, "geometry": { "type": "Point", "coordinates": [ 139.985813499999949, 36.441604 ] } },
{ "type": "Feature", "properties": { "内容": "在宅介護支援センターあおば【居宅介護支援】栃木県真岡市高勢町１丁目２０９－１", "url2": "https://www.kaigokensaku.mhlw.go.jp/09/index.php?action_kouhyou_detail_004_kani=true&JigyosyoCd=0970900049-00&ServiceCd=430&Type=search" }, "geometry": { "type": "Point", "coordinates": [ 139.978714299999979, 36.4368541 ] } },
{ "type": "Feature", "properties": { "内容": "在宅介護支援センターわたのみ荘【居宅介護支援】栃木県真岡市荒町３-４６-９", "url2": "https://www.kaigokensaku.mhlw.go.jp/09/index.php?action_kouhyou_detail_004_kani=true&JigyosyoCd=0970900056-00&ServiceCd=430&Type=search" }, "geometry": { "type": "Point", "coordinates": [ 140.01698, 36.4457295 ] } },
{ "type": "Feature", "properties": { "内容": "在宅介護支援センター　きたはら【居宅介護支援】栃木県真岡市若旅656番地", "url2": "https://www.kaigokensaku.mhlw.go.jp/09/index.php?action_kouhyou_detail_004_kani=true&JigyosyoCd=0970900064-00&ServiceCd=430&Type=search" }, "geometry": { "type": "Point", "coordinates": [ 139.948432700000012, 36.4023594 ] } },
{ "type": "Feature", "properties": { "内容": "居宅介護支援事業所芳賀赤十字病院【居宅介護支援】栃木県真岡市中萩二丁目10番地1", "url2": "https://www.kaigokensaku.mhlw.go.jp/09/index.php?action_kouhyou_detail_004_kani=true&JigyosyoCd=0970900072-00&ServiceCd=430&Type=search" }, "geometry": { "type": "Point", "coordinates": [ 140.011922654165318, 36.451600686795643 ] } },
{ "type": "Feature", "properties": { "内容": "ニチイケアセンター真岡【居宅介護支援】栃木県真岡市東光寺1-16-5", "url2": "https://www.kaigokensaku.mhlw.go.jp/09/index.php?action_kouhyou_detail_004_kani=true&JigyosyoCd=0970900106-00&ServiceCd=430&Type=search" }, "geometry": { "type": "Point", "coordinates": [ 140.023152355772368, 36.441609441085149 ] } },
{ "type": "Feature", "properties": { "内容": "有限会社ケアワーカー出野居宅介護支援【居宅介護支援】栃木県真岡市荒町四丁目２２番地４", "url2": "https://www.kaigokensaku.mhlw.go.jp/09/index.php?action_kouhyou_detail_004_kani=true&JigyosyoCd=0970900296-00&ServiceCd=430&Type=search" }, "geometry": { "type": "Point", "coordinates": [ 140.01671060000001, 36.4473238 ] } },
{ "type": "Feature", "properties": { "内容": "社会福祉法人　三起デイサービスセンター【居宅介護支援】栃木県真岡市西郷１１８－２", "url2": "https://www.kaigokensaku.mhlw.go.jp/09/index.php?action_kouhyou_detail_004_kani=true&JigyosyoCd=0970900353-00&ServiceCd=430&Type=search" }, "geometry": { "type": "Point", "coordinates": [ 139.999742500000025, 36.453067 ] } },
{ "type": "Feature", "properties": { "内容": "ふれんど真岡居宅介護支援センター【居宅介護支援】栃木県真岡市八木岡377-6", "url2": "https://www.kaigokensaku.mhlw.go.jp/09/index.php?action_kouhyou_detail_004_kani=true&JigyosyoCd=0970900742-00&ServiceCd=430&Type=search" }, "geometry": { "type": "Point", "coordinates": [ 139.995149199999986, 36.426599600000017 ] } },
{ "type": "Feature", "properties": { "内容": "マストク【居宅介護支援】栃木県真岡市田町1606番地13", "url2": "https://www.kaigokensaku.mhlw.go.jp/09/index.php?action_kouhyou_detail_004_kani=true&JigyosyoCd=0970900825-00&ServiceCd=430&Type=search" }, "geometry": { "type": "Point", "coordinates": [ 140.0132714, 36.434648 ] } },
{ "type": "Feature", "properties": { "内容": "介護の相談処となりの【居宅介護支援】栃木県真岡市熊倉２丁目9-2磯貝住宅B号", "url2": "https://www.kaigokensaku.mhlw.go.jp/09/index.php?action_kouhyou_detail_004_kani=true&JigyosyoCd=0970900882-00&ServiceCd=430&Type=search" }, "geometry": { "type": "Point", "coordinates": [ 139.993846666270457, 36.445900228555033 ] } },
{ "type": "Feature", "properties": { "内容": "喜望荘介護センター【居宅介護支援】栃木県真岡市石島463", "url2": "https://www.kaigokensaku.mhlw.go.jp/09/index.php?action_kouhyou_detail_004_kani=true&JigyosyoCd=0972700025-00&ServiceCd=430&Type=search" }, "geometry": { "type": "Point", "coordinates": [ 139.974328642327919, 36.39385102442283 ] } },
{ "type": "Feature", "properties": { "内容": "特別養護老人ホーム　居宅介護支援事業所　桜の華【居宅介護支援】栃木県真岡市久下田712-8", "url2": "https://www.kaigokensaku.mhlw.go.jp/09/index.php?action_kouhyou_detail_004_kani=true&JigyosyoCd=0972700702-00&ServiceCd=430&Type=search" }, "geometry": { "type": "Point", "coordinates": [ 139.967836693254071, 36.374314334987709 ] } },
{ "type": "Feature", "properties": { "内容": "二宮中央クリニック居宅介護支援センター【居宅介護支援】栃木県真岡市久下田　712-2", "url2": "https://www.kaigokensaku.mhlw.go.jp/09/index.php?action_kouhyou_detail_004_kani=true&JigyosyoCd=0972700884-00&ServiceCd=430&Type=search" }, "geometry": { "type": "Point", "coordinates": [ 139.96842330000004, 36.3743964 ] } },
{ "type": "Feature", "properties": { "内容": "居宅介護支援事業所　椿寿園【居宅介護支援】栃木県真岡市亀山350-20", "url2": "https://www.kaigokensaku.mhlw.go.jp/09/index.php?action_kouhyou_detail_004_kani=true&JigyosyoCd=0970900114-00&ServiceCd=430&Type=search" }, "geometry": { "type": "Point", "coordinates": [ 139.988915499999962, 36.459577 ] } },
{ "type": "Feature", "properties": { "内容": "在宅ケアいちごの会【居宅介護支援】西田井番外8番地9", "url2": "https://www.kaigokensaku.mhlw.go.jp/09/index.php?action_kouhyou_detail_004_kani=true&JigyosyoCd=0970900965-00&ServiceCd=430&Type=search" }, "geometry": { "type": "Point", "coordinates": [ 140.057276699999989, 36.4548013 ] } },
{ "type": "Feature", "properties": { "内容": "まつや薬局【居宅介護支援】栃木県大田原市新富町１－５－２４", "url2": "https://www.kaigokensaku.mhlw.go.jp/09/index.php?action_kouhyou_detail_004_kani=true&JigyosyoCd=0941050163-00&ServiceCd=430&Type=search" }, "geometry": { "type": "Point", "coordinates": [ 140.028590428697299, 36.864896292105719 ] } },
{ "type": "Feature", "properties": { "内容": "在宅介護支援センター晴風園【居宅介護支援】栃木県大田原市下石上１２５８", "url2": "https://www.kaigokensaku.mhlw.go.jp/09/index.php?action_kouhyou_detail_004_kani=true&JigyosyoCd=0971000021-00&ServiceCd=430&Type=search" }, "geometry": { "type": "Point", "coordinates": [ 139.945966264418104, 36.851921525452447 ] } },
{ "type": "Feature", "properties": { "内容": "在宅介護支援センター　藍【居宅介護支援】栃木県大田原市小滝１７－２２", "url2": "https://www.kaigokensaku.mhlw.go.jp/09/index.php?action_kouhyou_detail_004_kani=true&JigyosyoCd=0971000047-00&ServiceCd=430&Type=search" }, "geometry": { "type": "Point", "coordinates": [ 140.079016200000069, 36.8965225 ] } },
{ "type": "Feature", "properties": { "内容": "ケアプランセターひまわり（平成22年度新規指定事業所）【居宅介護支援】栃木県大田原市佐良土1392", "url2": "https://www.kaigokensaku.mhlw.go.jp/09/index.php?action_kouhyou_detail_004_kani=true&JigyosyoCd=0971000864-00&ServiceCd=430&Type=search" }, "geometry": { "type": "Point", "coordinates": [ 140.124171700000034, 36.7933345 ] } },
{ "type": "Feature", "properties": { "内容": "那須赤十字訪問看護ステーション【居宅介護支援】栃木県大田原市中田原1081-9", "url2": "https://www.kaigokensaku.mhlw.go.jp/09/index.php?action_kouhyou_detail_004_kani=true&JigyosyoCd=0965190028-00&ServiceCd=430&Type=search" }, "geometry": { "type": "Point", "coordinates": [ 140.036975, 36.8821816 ] } },
{ "type": "Feature", "properties": { "内容": "大田原市在宅介護支援センター椿寿荘【居宅介護支援】栃木県大田原市末広１丁目２番５号", "url2": "https://www.kaigokensaku.mhlw.go.jp/09/index.php?action_kouhyou_detail_004_kani=true&JigyosyoCd=0971000054-00&ServiceCd=430&Type=search" }, "geometry": { "type": "Point", "coordinates": [ 140.020618900000045, 36.8605882 ] } },
{ "type": "Feature", "properties": { "内容": "在宅介護支援センター　やすらぎ舎【居宅介護支援】栃木県大田原市北大和久１番地３", "url2": "https://www.kaigokensaku.mhlw.go.jp/09/index.php?action_kouhyou_detail_004_kani=true&JigyosyoCd=0971000070-00&ServiceCd=430&Type=search" }, "geometry": { "type": "Point", "coordinates": [ 140.051470699999982, 36.8451681 ] } },
{ "type": "Feature", "properties": { "内容": "ケアプラン那須中央病院【居宅介護支援】栃木県大田原市下石上１４５３", "url2": "https://www.kaigokensaku.mhlw.go.jp/09/index.php?action_kouhyou_detail_004_kani=true&JigyosyoCd=0971000096-00&ServiceCd=430&Type=search" }, "geometry": { "type": "Point", "coordinates": [ 139.94841502275392, 36.85583809240736 ] } },
{ "type": "Feature", "properties": { "内容": "ニチイケアセンター大田原中央【居宅介護支援】大田原市城山１丁目5-23", "url2": "https://www.kaigokensaku.mhlw.go.jp/09/index.php?action_kouhyou_detail_004_kani=true&JigyosyoCd=0971000427-00&ServiceCd=430&Type=search" }, "geometry": { "type": "Point", "coordinates": [ 140.030334700000026, 36.8645407 ] } },
{ "type": "Feature", "properties": { "内容": "おおたわら総合在宅ケアセンター居宅介護支援事業所【居宅介護支援】栃木県大田原市北金丸2600番地10", "url2": "https://www.kaigokensaku.mhlw.go.jp/09/index.php?action_kouhyou_detail_004_kani=true&JigyosyoCd=0971000435-00&ServiceCd=430&Type=search" }, "geometry": { "type": "Point", "coordinates": [ 140.069995699999936, 36.8724578 ] } },
{ "type": "Feature", "properties": { "内容": "だいな若草居宅介護支援センター【居宅介護支援】栃木県大田原市紫塚3-2633-10だいなデイセンター1階", "url2": "https://www.kaigokensaku.mhlw.go.jp/09/index.php?action_kouhyou_detail_004_kani=true&JigyosyoCd=0971000757-00&ServiceCd=430&Type=search" }, "geometry": { "type": "Point", "coordinates": [ 140.021733724041923, 36.877486218779275 ] } },
{ "type": "Feature", "properties": { "内容": "だいな紫塚居宅介護支援センタ－【居宅介護支援】栃木県大田原市紫塚3丁目2633番地10号だいなデイセンター2階", "url2": "https://www.kaigokensaku.mhlw.go.jp/09/index.php?action_kouhyou_detail_004_kani=true&JigyosyoCd=0971000765-00&ServiceCd=430&Type=search" }, "geometry": { "type": "Point", "coordinates": [ 140.021712400000069, 36.8774753 ] } },
{ "type": "Feature", "properties": { "内容": "居宅介護支援事業所　桃の実【居宅介護支援】栃木県大田原市若草1-719-1越沼ビル1F", "url2": "https://www.kaigokensaku.mhlw.go.jp/09/index.php?action_kouhyou_detail_004_kani=true&JigyosyoCd=0971001169-00&ServiceCd=430&Type=search" }, "geometry": { "type": "Point", "coordinates": [ 140.030893399999968, 36.8573527 ] } },
{ "type": "Feature", "properties": { "内容": "居宅介護支援事業所にちにちそう【居宅介護支援】栃木県大田原市加治屋83-81", "url2": "https://www.kaigokensaku.mhlw.go.jp/09/index.php?action_kouhyou_detail_004_kani=true&JigyosyoCd=0971001243-00&ServiceCd=430&Type=search" }, "geometry": { "type": "Point", "coordinates": [ 139.99890457608484, 36.856753433956115 ] } },
{ "type": "Feature", "properties": { "内容": "ケアプラン　和【居宅介護支援】栃木県大田原市本町二丁目2829番地91", "url2": "https://www.kaigokensaku.mhlw.go.jp/09/index.php?action_kouhyou_detail_004_kani=true&JigyosyoCd=0971001359-00&ServiceCd=430&Type=search" }, "geometry": { "type": "Point", "coordinates": [ 140.011946464931924, 36.868976363083647 ] } },
{ "type": "Feature", "properties": { "内容": "在宅介護支援センター　ほのぼの園【居宅介護支援】栃木県大田原市湯津上5-989", "url2": "https://www.kaigokensaku.mhlw.go.jp/09/index.php?action_kouhyou_detail_004_kani=true&JigyosyoCd=0972500102-00&ServiceCd=430&Type=search" }, "geometry": { "type": "Point", "coordinates": [ 140.105483400000054, 36.8252085 ] } },
{ "type": "Feature", "properties": { "内容": "マロン介護サービス【居宅介護支援】栃木県大田原市町島２９６番地１", "url2": "https://www.kaigokensaku.mhlw.go.jp/09/index.php?action_kouhyou_detail_004_kani=true&JigyosyoCd=0971001011-00&ServiceCd=430&Type=search" }, "geometry": { "type": "Point", "coordinates": [ 140.036797500000034, 36.8831336 ] } },
{ "type": "Feature", "properties": { "内容": "在宅介護支援センター山百合荘【居宅介護支援】栃木県大田原市久野又８０４番地", "url2": "https://www.kaigokensaku.mhlw.go.jp/09/index.php?action_kouhyou_detail_004_kani=true&JigyosyoCd=0972500250-00&ServiceCd=430&Type=search" }, "geometry": { "type": "Point", "coordinates": [ 140.138453839950586, 36.890093172345971 ] } },
{ "type": "Feature", "properties": { "内容": "相談支援センターナイスケアリング【居宅介護支援】栃木県大田原市本町1丁目2714番地ビルラポール１F-B", "url2": "https://www.kaigokensaku.mhlw.go.jp/09/index.php?action_kouhyou_detail_004_kani=true&JigyosyoCd=0971001342-00&ServiceCd=430&Type=search" }, "geometry": { "type": "Point", "coordinates": [ 140.0159739, 36.8695498 ] } },
{ "type": "Feature", "properties": { "内容": "あずみ苑グランデ矢板【居宅介護支援】栃木県矢板市東町8番37号", "url2": "https://www.kaigokensaku.mhlw.go.jp/09/index.php?action_kouhyou_detail_004_kani=true&JigyosyoCd=0971100292-00&ServiceCd=430&Type=search" }, "geometry": { "type": "Point", "coordinates": [ 139.942311, 36.8002792 ] } },
{ "type": "Feature", "properties": { "内容": "マイホームコリーナ【居宅介護支援】栃木県矢板市大槻2318-68　コリーナ矢板Ｃ812", "url2": "https://www.kaigokensaku.mhlw.go.jp/09/index.php?action_kouhyou_detail_004_kani=true&JigyosyoCd=0971100193-00&ServiceCd=430&Type=search" }, "geometry": { "type": "Point", "coordinates": [ 139.915060499999981, 36.747593 ] } },
{ "type": "Feature", "properties": { "内容": "矢板市在宅介護支援センターアゼリア【居宅介護支援】栃木県矢板市中2011番地4ケアプラザ矢板", "url2": "https://www.kaigokensaku.mhlw.go.jp/09/index.php?action_kouhyou_detail_004_kani=true&JigyosyoCd=0971100011-00&ServiceCd=430&Type=search" }, "geometry": { "type": "Point", "coordinates": [ 139.940577272431767, 36.805377331661717 ] } },
{ "type": "Feature", "properties": { "内容": "社会福祉法人厚生会特別養護老人ホーム　八汐苑【居宅介護支援】栃木県矢板市平野１３６２－１２", "url2": "https://www.kaigokensaku.mhlw.go.jp/09/index.php?action_kouhyou_detail_004_kani=true&JigyosyoCd=0971100045-00&ServiceCd=430&Type=search" }, "geometry": { "type": "Point", "coordinates": [ 139.886294600000042, 36.866358500000011 ] } },
{ "type": "Feature", "properties": { "内容": "居宅介護支援事業所ひだまりの里【居宅介護支援】栃木県矢板市木幡1551-3", "url2": "https://www.kaigokensaku.mhlw.go.jp/09/index.php?action_kouhyou_detail_004_kani=true&JigyosyoCd=0971100482-00&ServiceCd=430&Type=search" }, "geometry": { "type": "Point", "coordinates": [ 139.9258796, 36.7941183 ] } },
{ "type": "Feature", "properties": { "内容": "居宅介護支援センターつつじ苑【居宅介護支援】栃木県矢板市東町１２００番地１６", "url2": "https://www.kaigokensaku.mhlw.go.jp/09/index.php?action_kouhyou_detail_004_kani=true&JigyosyoCd=0971100532-00&ServiceCd=430&Type=search" }, "geometry": { "type": "Point", "coordinates": [ 139.943145108598259, 36.797631577956224 ] } },
{ "type": "Feature", "properties": { "内容": "居宅介護支援事業所しおや【居宅介護支援】栃木県矢板市富田７７番地", "url2": "https://www.kaigokensaku.mhlw.go.jp/09/index.php?action_kouhyou_detail_004_kani=true&JigyosyoCd=0971100367-00&ServiceCd=430&Type=search" }, "geometry": { "type": "Point", "coordinates": [ 139.925348799999938, 36.7981734 ] } },
{ "type": "Feature", "properties": { "内容": "居宅介護支援事業所　自在の里【居宅介護支援】栃木県那須塩原市埼玉６番地１３７８", "url2": "https://www.kaigokensaku.mhlw.go.jp/09/index.php?action_kouhyou_detail_004_kani=true&JigyosyoCd=0971300835-00&ServiceCd=430&Type=search" }, "geometry": { "type": "Point", "coordinates": [ 140.019329400000061, 36.9807479 ] } },
{ "type": "Feature", "properties": { "内容": "居宅介護支援事業所　つばきハウス【居宅介護支援】木綿畑５２９番地２", "url2": "https://www.kaigokensaku.mhlw.go.jp/09/index.php?action_kouhyou_detail_004_kani=true&JigyosyoCd=0971301296-00&ServiceCd=430&Type=search" }, "geometry": { "type": "Point", "coordinates": [ 139.933403399999946, 36.990247 ] } },
{ "type": "Feature", "properties": { "内容": "ケアプラザ　はつはる【居宅介護支援】栃木県那須塩原市鍋掛1130", "url2": "https://www.kaigokensaku.mhlw.go.jp/09/index.php?action_kouhyou_detail_004_kani=true&JigyosyoCd=0971200480-00&ServiceCd=430&Type=search" }, "geometry": { "type": "Point", "coordinates": [ 140.068606100000011, 36.9598708 ] } },
{ "type": "Feature", "properties": { "内容": "居宅介護支援事業所　永寿庵【居宅介護支援】栃木県那須塩原市石林８３７番地３６", "url2": "https://www.kaigokensaku.mhlw.go.jp/09/index.php?action_kouhyou_detail_004_kani=true&JigyosyoCd=0971300850-00&ServiceCd=430&Type=search" }, "geometry": { "type": "Point", "coordinates": [ 140.011129899999986, 36.8879544 ] } },
{ "type": "Feature", "properties": { "内容": "ヘルスアンドウェルフェアサポートセンター【居宅介護支援】栃木県那須塩原市豊浦中町100-50レヂデンス岡野201号", "url2": "https://www.kaigokensaku.mhlw.go.jp/09/index.php?action_kouhyou_detail_004_kani=true&JigyosyoCd=0971301635-00&ServiceCd=430&Type=search" }, "geometry": { "type": "Point", "coordinates": [ 140.0420096, 36.9665541 ] } },
{ "type": "Feature", "properties": { "内容": "指定居宅介護支援事業所さちの森【居宅介護支援】栃木県那須塩原市野間４５３番地２３", "url2": "https://www.kaigokensaku.mhlw.go.jp/09/index.php?action_kouhyou_detail_004_kani=true&JigyosyoCd=0971300215-00&ServiceCd=430&Type=search" }, "geometry": { "type": "Point", "coordinates": [ 140.080967399999963, 36.931849100000015 ] } },
{ "type": "Feature", "properties": { "内容": "ひなた居宅介護支援事業所【居宅介護支援】栃木県那須塩原市鍋掛1091-43わかまつテナント201号", "url2": "https://www.kaigokensaku.mhlw.go.jp/09/index.php?action_kouhyou_detail_004_kani=true&JigyosyoCd=0971301718-00&ServiceCd=430&Type=search" }, "geometry": { "type": "Point", "coordinates": [ 140.0639184, 36.9617011 ] } },
{ "type": "Feature", "properties": { "内容": "居宅介護支援事業所　秋桜の家【居宅介護支援】栃木県那須塩原市大原間83", "url2": "https://www.kaigokensaku.mhlw.go.jp/09/index.php?action_kouhyou_detail_004_kani=true&JigyosyoCd=0971200076-00&ServiceCd=430&Type=search" }, "geometry": { "type": "Point", "coordinates": [ 140.0205277, 36.9254425 ] } },
{ "type": "Feature", "properties": { "内容": "菅間記念病院【居宅介護支援】栃木県那須塩原市大黒町2番5号", "url2": "https://www.kaigokensaku.mhlw.go.jp/09/index.php?action_kouhyou_detail_004_kani=true&JigyosyoCd=0911210060-00&ServiceCd=430&Type=search" }, "geometry": { "type": "Point", "coordinates": [ 140.0494099, 36.9714777 ] } },
{ "type": "Feature", "properties": { "内容": "あじさい苑指定居宅介護支援事業所【居宅介護支援】栃木県那須塩原市東原166番地", "url2": "https://www.kaigokensaku.mhlw.go.jp/09/index.php?action_kouhyou_detail_004_kani=true&JigyosyoCd=0971200027-00&ServiceCd=430&Type=search" }, "geometry": { "type": "Point", "coordinates": [ 140.021164588455207, 37.001942432149939 ] } },
{ "type": "Feature", "properties": { "内容": "居宅介護支援事業所　寿山荘【居宅介護支援】栃木県那須塩原市住吉町5番10号", "url2": "https://www.kaigokensaku.mhlw.go.jp/09/index.php?action_kouhyou_detail_004_kani=true&JigyosyoCd=0971200035-00&ServiceCd=430&Type=search" }, "geometry": { "type": "Point", "coordinates": [ 140.049396200000047, 36.9653006 ] } },
{ "type": "Feature", "properties": { "内容": "みつい指定居宅介護支援事業所【居宅介護支援】栃木県那須塩原市井口1176-37", "url2": "https://www.kaigokensaku.mhlw.go.jp/09/index.php?action_kouhyou_detail_004_kani=true&JigyosyoCd=0971300306-00&ServiceCd=430&Type=search" }, "geometry": { "type": "Point", "coordinates": [ 139.976237657581351, 36.916458682904562 ] } },
{ "type": "Feature", "properties": { "内容": "居宅介護支援事業者介護老人保健施設マロニエ苑【居宅介護支援】栃木県那須塩原市井口５３３－１１にしなすの総合在宅ケアセンター", "url2": "https://www.kaigokensaku.mhlw.go.jp/09/index.php?action_kouhyou_detail_004_kani=true&JigyosyoCd=0971300371-00&ServiceCd=430&Type=search" }, "geometry": { "type": "Point", "coordinates": [ 139.971905099999958, 36.9117919 ] } },
{ "type": "Feature", "properties": { "内容": "那須塩原市社会福祉協議会居宅介護支援事業所【居宅介護支援】栃木県那須塩原市南郷屋5-163", "url2": "https://www.kaigokensaku.mhlw.go.jp/09/index.php?action_kouhyou_detail_004_kani=true&JigyosyoCd=0971300421-00&ServiceCd=430&Type=search" }, "geometry": { "type": "Point", "coordinates": [ 139.990412099999958, 36.8958997 ] } },
{ "type": "Feature", "properties": { "内容": "合同会社きらきらり【居宅介護支援】栃木県那須塩原市沓掛１－７－１４", "url2": "https://www.kaigokensaku.mhlw.go.jp/09/index.php?action_kouhyou_detail_004_kani=true&JigyosyoCd=0971301080-00&ServiceCd=430&Type=search" }, "geometry": { "type": "Point", "coordinates": [ 140.021960700000022, 36.9341165 ] } },
{ "type": "Feature", "properties": { "内容": "居宅介護支援事業所リアン【居宅介護支援】栃木県那須塩原市橋本町8-50", "url2": "https://www.kaigokensaku.mhlw.go.jp/09/index.php?action_kouhyou_detail_004_kani=true&JigyosyoCd=0971301270-00&ServiceCd=430&Type=search" }, "geometry": { "type": "Point", "coordinates": [ 140.055748, 36.977079 ] } },
{ "type": "Feature", "properties": { "内容": "なすのケアプランセンター【居宅介護支援】栃木県那須塩原市緑1丁目8番43号坂本事務所1", "url2": "https://www.kaigokensaku.mhlw.go.jp/09/index.php?action_kouhyou_detail_004_kani=true&JigyosyoCd=0971301338-00&ServiceCd=430&Type=search" }, "geometry": { "type": "Point", "coordinates": [ 140.006560608489963, 36.869611592236765 ] } },
{ "type": "Feature", "properties": { "内容": "協和苑居宅支援センター【居宅介護支援】栃木県那須塩原市埼玉２０１－２グレートシティ那須", "url2": "https://www.kaigokensaku.mhlw.go.jp/09/index.php?action_kouhyou_detail_004_kani=true&JigyosyoCd=0971301817-00&ServiceCd=430&Type=search" }, "geometry": { "type": "Point", "coordinates": [ 140.0114269, 36.9691223 ] } },
{ "type": "Feature", "properties": { "内容": "居宅介護支援事業所　栃の実荘【居宅介護支援】栃木県那須塩原市井口533-20", "url2": "https://www.kaigokensaku.mhlw.go.jp/09/index.php?action_kouhyou_detail_004_kani=true&JigyosyoCd=0972500136-00&ServiceCd=430&Type=search" }, "geometry": { "type": "Point", "coordinates": [ 139.97408926594332, 36.910637167480878 ] } },
{ "type": "Feature", "properties": { "内容": "生きいきの里居宅介護支援事業所【居宅介護支援】栃木県那須塩原市塩原８１４番地", "url2": "https://www.kaigokensaku.mhlw.go.jp/09/index.php?action_kouhyou_detail_004_kani=true&JigyosyoCd=0972500151-00&ServiceCd=430&Type=search" }, "geometry": { "type": "Point", "coordinates": [ 139.817664, 36.9728787 ] } },
{ "type": "Feature", "properties": { "内容": "那須順天荘指定居宅介護支援事業所【居宅介護支援】栃木県那須塩原市上赤田238番地658", "url2": "https://www.kaigokensaku.mhlw.go.jp/09/index.php?action_kouhyou_detail_004_kani=true&JigyosyoCd=0972500169-00&ServiceCd=430&Type=search" }, "geometry": { "type": "Point", "coordinates": [ 139.9475026, 36.9076555 ] } },
{ "type": "Feature", "properties": { "内容": "くろいそケアセンターそよ風【居宅介護支援】那須塩原市豊浦南町83-120", "url2": "https://www.kaigokensaku.mhlw.go.jp/09/index.php?action_kouhyou_detail_004_kani=true&JigyosyoCd=0971200340-00&ServiceCd=430&Type=search" }, "geometry": { "type": "Point", "coordinates": [ 140.038798, 36.96266 ] } },
{ "type": "Feature", "properties": { "内容": "わかくさデイサービス支援センター【居宅介護支援】那須塩原市百村3042番地31", "url2": "https://www.kaigokensaku.mhlw.go.jp/09/index.php?action_kouhyou_detail_004_kani=true&JigyosyoCd=0971300033-00&ServiceCd=430&Type=search" }, "geometry": { "type": "Point", "coordinates": [ 139.9391458, 37.0471015 ] } },
{ "type": "Feature", "properties": { "内容": "ケアマネジメント那須居宅介護支援事業所【居宅介護支援】栃木県那須塩原市清住町91-18", "url2": "https://www.kaigokensaku.mhlw.go.jp/09/index.php?action_kouhyou_detail_004_kani=true&JigyosyoCd=0971301627-00&ServiceCd=430&Type=search" }, "geometry": { "type": "Point", "coordinates": [ 140.041391620937617, 36.968131156239565 ] } },
{ "type": "Feature", "properties": { "内容": "ほっと乃木ケアセンター【居宅介護支援】栃木県那須塩原市新南163番地280", "url2": "https://www.kaigokensaku.mhlw.go.jp/09/index.php?action_kouhyou_detail_004_kani=true&JigyosyoCd=0971300157-00&ServiceCd=430&Type=search" }, "geometry": { "type": "Point", "coordinates": [ 139.997828700000014, 36.8833543 ] } },
{ "type": "Feature", "properties": { "内容": "ケアプランインマイライフ【居宅介護支援】栃木県さくら市氏家3205-1", "url2": "https://www.kaigokensaku.mhlw.go.jp/09/index.php?action_kouhyou_detail_004_kani=true&JigyosyoCd=0972600233-00&ServiceCd=430&Type=search" }, "geometry": { "type": "Point", "coordinates": [ 139.964511, 36.6804243 ] } },
{ "type": "Feature", "properties": { "内容": "ケアプランまもる【居宅介護支援】さくら市氏家3260-12", "url2": "https://www.kaigokensaku.mhlw.go.jp/09/index.php?action_kouhyou_detail_004_kani=true&JigyosyoCd=0971400031-00&ServiceCd=430&Type=search" }, "geometry": { "type": "Point", "coordinates": [ 139.963067700000011, 36.704753600000011 ] } },
{ "type": "Feature", "properties": { "内容": "居宅介護支援事業所上野【居宅介護支援】栃木県さくら市上野２０５番地２", "url2": "https://www.kaigokensaku.mhlw.go.jp/09/index.php?action_kouhyou_detail_004_kani=true&JigyosyoCd=0971400429-00&ServiceCd=430&Type=search" }, "geometry": { "type": "Point", "coordinates": [ 139.9871866, 36.6912725 ] } },
{ "type": "Feature", "properties": { "内容": "訪問看護ステーション卯の郷　居宅介護支援事業所【居宅介護支援】栃木県さくら市氏家2650", "url2": "https://www.kaigokensaku.mhlw.go.jp/09/index.php?action_kouhyou_detail_004_kani=true&JigyosyoCd=0962690012-00&ServiceCd=430&Type=search" }, "geometry": { "type": "Point", "coordinates": [ 139.968174699999963, 36.67968 ] } },
{ "type": "Feature", "properties": { "内容": "ハートピアさくらの郷【居宅介護支援】栃木県さくら市喜連川５６３３", "url2": "https://www.kaigokensaku.mhlw.go.jp/09/index.php?action_kouhyou_detail_004_kani=true&JigyosyoCd=0971400163-00&ServiceCd=430&Type=search" }, "geometry": { "type": "Point", "coordinates": [ 140.033301518385343, 36.724698487286609 ] } },
{ "type": "Feature", "properties": { "内容": "居宅介護支援事業所　野いちご【居宅介護支援】栃木県さくら市鷲宿3292", "url2": "https://www.kaigokensaku.mhlw.go.jp/09/index.php?action_kouhyou_detail_004_kani=true&JigyosyoCd=0971400213-00&ServiceCd=430&Type=search" }, "geometry": { "type": "Point", "coordinates": [ 139.973913403040996, 36.749367337103294 ] } },
{ "type": "Feature", "properties": { "内容": "ケアプランはる【居宅介護支援】栃木県さくら市フィオーレ喜連川5-1-11", "url2": "https://www.kaigokensaku.mhlw.go.jp/09/index.php?action_kouhyou_detail_004_kani=true&JigyosyoCd=0971400262-00&ServiceCd=430&Type=search" }, "geometry": { "type": "Point", "coordinates": [ 140.029735207604375, 36.740157076075398 ] } },
{ "type": "Feature", "properties": { "内容": "在宅介護支援センター　にこん【居宅介護支援】栃木県さくら市下河戸　1942番地2", "url2": "https://www.kaigokensaku.mhlw.go.jp/09/index.php?action_kouhyou_detail_004_kani=true&JigyosyoCd=0972600043-00&ServiceCd=430&Type=search" }, "geometry": { "type": "Point", "coordinates": [ 140.018445700000029, 36.7722645 ] } },
{ "type": "Feature", "properties": { "内容": "ケアセンターさくら【居宅介護支援】栃木県さくら市氏家３４５２番地１７", "url2": "https://www.kaigokensaku.mhlw.go.jp/09/index.php?action_kouhyou_detail_004_kani=true&JigyosyoCd=0972600423-00&ServiceCd=430&Type=search" }, "geometry": { "type": "Point", "coordinates": [ 139.958841099999972, 36.7060595 ] } },
{ "type": "Feature", "properties": { "内容": "居宅介護支援事業所エリム【居宅介護支援】栃木県さくら市鍛冶ケ澤５７番地1", "url2": "https://www.kaigokensaku.mhlw.go.jp/09/index.php?action_kouhyou_detail_004_kani=true&JigyosyoCd=0972600068-00&ServiceCd=430&Type=search" }, "geometry": { "type": "Point", "coordinates": [ 140.026393900000016, 36.6847529 ] } },
{ "type": "Feature", "properties": { "内容": "居宅介護支援事業所　うのはな【居宅介護支援】栃木県さくら市氏家3245番地22", "url2": "https://www.kaigokensaku.mhlw.go.jp/09/index.php?action_kouhyou_detail_004_kani=true&JigyosyoCd=0971400023-00&ServiceCd=430&Type=search" }, "geometry": { "type": "Point", "coordinates": [ 139.9681071, 36.7015964 ] } },
{ "type": "Feature", "properties": { "内容": "居宅介護支援事業所　ふるさと（平成22年度新規指定事業所）【居宅介護支援】栃木県さくら市喜連川３１０７番地７", "url2": "https://www.kaigokensaku.mhlw.go.jp/09/index.php?action_kouhyou_detail_004_kani=true&JigyosyoCd=0971400106-00&ServiceCd=430&Type=search" }, "geometry": { "type": "Point", "coordinates": [ 140.010465899999986, 36.7275503 ] } },
{ "type": "Feature", "properties": { "内容": "ケアプラン　たいよう【居宅介護支援】栃木県さくら市馬場254番地5", "url2": "https://www.kaigokensaku.mhlw.go.jp/09/index.php?action_kouhyou_detail_004_kani=true&JigyosyoCd=0971400346-00&ServiceCd=430&Type=search" }, "geometry": { "type": "Point", "coordinates": [ 139.955125978492276, 36.687909987133843 ] } },
{ "type": "Feature", "properties": { "内容": "有限会社リビータス【居宅介護支援】栃木県那須烏山市田野倉371-1", "url2": "https://www.kaigokensaku.mhlw.go.jp/09/index.php?action_kouhyou_detail_004_kani=true&JigyosyoCd=0971500087-00&ServiceCd=430&Type=search" }, "geometry": { "type": "Point", "coordinates": [ 140.087223, 36.6577333 ] } },
{ "type": "Feature", "properties": { "内容": "居宅介護支援事業所　春の陽【居宅介護支援】栃木県那須烏山市野上1161-21国際ハイツ2-101", "url2": "https://www.kaigokensaku.mhlw.go.jp/09/index.php?action_kouhyou_detail_004_kani=true&JigyosyoCd=0971500228-00&ServiceCd=430&Type=search" }, "geometry": { "type": "Point", "coordinates": [ 140.1528386, 36.6445356 ] } },
{ "type": "Feature", "properties": { "内容": "敬愛荘ケアプランセンター【居宅介護支援】栃木県那須烏山市初音12-14", "url2": "https://www.kaigokensaku.mhlw.go.jp/09/index.php?action_kouhyou_detail_004_kani=true&JigyosyoCd=0972500060-00&ServiceCd=430&Type=search" }, "geometry": { "type": "Point", "coordinates": [ 140.156365750690185, 36.649629038415682 ] } },
{ "type": "Feature", "properties": { "内容": "ほっとからすやまケアサポートセンター【居宅介護支援】栃木県那須烏山市野上１６２３－１", "url2": "https://www.kaigokensaku.mhlw.go.jp/09/index.php?action_kouhyou_detail_004_kani=true&JigyosyoCd=0972500912-00&ServiceCd=430&Type=search" }, "geometry": { "type": "Point", "coordinates": [ 140.159603899999979, 36.6369904 ] } },
{ "type": "Feature", "properties": { "内容": "介護老人保健施設　富士山苑【居宅介護支援】栃木県那須烏山市滝田1868-28", "url2": "https://www.kaigokensaku.mhlw.go.jp/09/index.php?action_kouhyou_detail_004_kani=true&JigyosyoCd=0952580025-00&ServiceCd=430&Type=search" }, "geometry": { "type": "Point", "coordinates": [ 140.145636100000047, 36.6803487 ] } },
{ "type": "Feature", "properties": { "内容": "那須烏山市社会福祉協議会【居宅介護支援】栃木県那須烏山市中央2-17-13あすなろ", "url2": "https://www.kaigokensaku.mhlw.go.jp/09/index.php?action_kouhyou_detail_004_kani=true&JigyosyoCd=0971500020-00&ServiceCd=430&Type=search" }, "geometry": { "type": "Point", "coordinates": [ 140.15572755956191, 36.65968954670516 ] } },
{ "type": "Feature", "properties": { "内容": "居宅介護支援事業所あい【居宅介護支援】神長422‐1", "url2": "https://www.kaigokensaku.mhlw.go.jp/09/index.php?action_kouhyou_detail_004_kani=true&JigyosyoCd=0971500194-00&ServiceCd=430&Type=search" }, "geometry": { "type": "Point", "coordinates": [ 140.132731044274919, 36.665838781238087 ] } },
{ "type": "Feature", "properties": { "内容": "特別養護老人ホーム　愛和苑【居宅介護支援】栃木県那須烏山市三箇183-1", "url2": "https://www.kaigokensaku.mhlw.go.jp/09/index.php?action_kouhyou_detail_004_kani=true&JigyosyoCd=0972500045-00&ServiceCd=430&Type=search" }, "geometry": { "type": "Point", "coordinates": [ 140.0742361, 36.6912674 ] } },
{ "type": "Feature", "properties": { "内容": "烏山ケアステージとちの木【居宅介護支援】栃木県那須烏山市田野倉13番地5", "url2": "https://www.kaigokensaku.mhlw.go.jp/09/index.php?action_kouhyou_detail_004_kani=true&JigyosyoCd=0971500137-00&ServiceCd=430&Type=search" }, "geometry": { "type": "Point", "coordinates": [ 140.094622100000038, 36.6622773 ] } },
{ "type": "Feature", "properties": { "内容": "居宅介護支援センター　にらがわの郷【居宅介護支援】栃木県下野市仁良川1651-1", "url2": "https://www.kaigokensaku.mhlw.go.jp/09/index.php?action_kouhyou_detail_004_kani=true&JigyosyoCd=0971600366-00&ServiceCd=430&Type=search" }, "geometry": { "type": "Point", "coordinates": [ 139.874871, 36.3720924 ] } },
{ "type": "Feature", "properties": { "内容": "居宅支援事業者つばさ【居宅介護支援】栃木県下野市駅東3-5-7", "url2": "https://www.kaigokensaku.mhlw.go.jp/09/index.php?action_kouhyou_detail_004_kani=true&JigyosyoCd=0971600234-00&ServiceCd=430&Type=search" }, "geometry": { "type": "Point", "coordinates": [ 139.845847336554044, 36.375391395542529 ] } },
{ "type": "Feature", "properties": { "内容": "都丸居宅介護支援事業所【居宅介護支援】栃木県下野市文教１丁目１１－７", "url2": "https://www.kaigokensaku.mhlw.go.jp/09/index.php?action_kouhyou_detail_004_kani=true&JigyosyoCd=0971600408-00&ServiceCd=430&Type=search" }, "geometry": { "type": "Point", "coordinates": [ 139.860438599999952, 36.4412523 ] } },
{ "type": "Feature", "properties": { "内容": "居宅介護支援事業所　智光薬湯【居宅介護支援】栃木県下野市上古山字明内７０８－１３９", "url2": "https://www.kaigokensaku.mhlw.go.jp/09/index.php?action_kouhyou_detail_004_kani=true&JigyosyoCd=0971600671-00&ServiceCd=430&Type=search" }, "geometry": { "type": "Point", "coordinates": [ 139.86033139999995, 36.4729464 ] } },
{ "type": "Feature", "properties": { "内容": "医療法人社団　望星会　居宅介護支援事業所　ひだまりの家【居宅介護支援】栃木県下野市祇園二丁目３番地２号", "url2": "https://www.kaigokensaku.mhlw.go.jp/09/index.php?action_kouhyou_detail_004_kani=true&JigyosyoCd=0971600630-00&ServiceCd=430&Type=search" }, "geometry": { "type": "Point", "coordinates": [ 139.858957299999929, 36.3942524 ] } },
{ "type": "Feature", "properties": { "内容": "ケアプランセンター下野市社協【居宅介護支援】栃木県下野市小金井７８９番地", "url2": "https://www.kaigokensaku.mhlw.go.jp/09/index.php?action_kouhyou_detail_004_kani=true&JigyosyoCd=0971600051-00&ServiceCd=430&Type=search" }, "geometry": { "type": "Point", "coordinates": [ 139.837673, 36.3852754 ] } },
{ "type": "Feature", "properties": { "内容": "介護老人保健施設　お達者倶楽部【居宅介護支援】栃木県下野市薬師寺2472番地5", "url2": "https://www.kaigokensaku.mhlw.go.jp/09/index.php?action_kouhyou_detail_004_kani=true&JigyosyoCd=0952180024-00&ServiceCd=430&Type=search" }, "geometry": { "type": "Point", "coordinates": [ 139.865510840136722, 36.391942479210861 ] } },
{ "type": "Feature", "properties": { "内容": "在宅介護支援センター石橋【居宅介護支援】栃木県下野市下古山1丁目15-4", "url2": "https://www.kaigokensaku.mhlw.go.jp/09/index.php?action_kouhyou_detail_004_kani=true&JigyosyoCd=0971600382-00&ServiceCd=430&Type=search" }, "geometry": { "type": "Point", "coordinates": [ 139.855126483436578, 36.44212038113384 ] } },
{ "type": "Feature", "properties": { "内容": "ケアサポートすずの木【居宅介護支援】栃木県下野市上古山2139番地3塩谷コーポ201", "url2": "https://www.kaigokensaku.mhlw.go.jp/09/index.php?action_kouhyou_detail_004_kani=true&JigyosyoCd=0971600432-00&ServiceCd=430&Type=search" }, "geometry": { "type": "Point", "coordinates": [ 139.861634, 36.4758821 ] } },
{ "type": "Feature", "properties": { "内容": "居宅介護支援事業所　天寿荘【居宅介護支援】栃木県下野市薬師寺1131番地10", "url2": "https://www.kaigokensaku.mhlw.go.jp/09/index.php?action_kouhyou_detail_004_kani=true&JigyosyoCd=0971600663-00&ServiceCd=430&Type=search" }, "geometry": { "type": "Point", "coordinates": [ 139.864665800000012, 36.3833959 ] } },
{ "type": "Feature", "properties": { "内容": "居宅介護支援ぬくもり【居宅介護支援】栃木県下野市小金井1丁目14番3", "url2": "https://www.kaigokensaku.mhlw.go.jp/09/index.php?action_kouhyou_detail_004_kani=true&JigyosyoCd=0971600739-00&ServiceCd=430&Type=search" }, "geometry": { "type": "Point", "coordinates": [ 139.841625999424423, 36.384823908788171 ] } },
{ "type": "Feature", "properties": { "内容": "ふれんど下野居宅介護支援センター【居宅介護支援】栃木県下野市薬師寺3181-6", "url2": "https://www.kaigokensaku.mhlw.go.jp/09/index.php?action_kouhyou_detail_004_kani=true&JigyosyoCd=0971600861-00&ServiceCd=430&Type=search" }, "geometry": { "type": "Point", "coordinates": [ 139.865501600000016, 36.3945445 ] } },
{ "type": "Feature", "properties": { "内容": "老人介護支援センターいしばし【居宅介護支援】栃木県下野市下古山1174番地", "url2": "https://www.kaigokensaku.mhlw.go.jp/09/index.php?action_kouhyou_detail_004_kani=true&JigyosyoCd=0972300081-00&ServiceCd=430&Type=search" }, "geometry": { "type": "Point", "coordinates": [ 139.844825600000036, 36.4450737 ] } },
{ "type": "Feature", "properties": { "内容": "居宅介護支援事業所えびはら【居宅介護支援】栃木県下野市仁良川1443", "url2": "https://www.kaigokensaku.mhlw.go.jp/09/index.php?action_kouhyou_detail_004_kani=true&JigyosyoCd=0972300701-00&ServiceCd=430&Type=search" }, "geometry": { "type": "Point", "coordinates": [ 139.877747239839209, 36.374970833111831 ] } },
{ "type": "Feature", "properties": { "内容": "在宅介護支援センター友愛苑【居宅介護支援】栃木県河内郡上三川町大字上三川１６３５－１", "url2": "https://www.kaigokensaku.mhlw.go.jp/09/index.php?action_kouhyou_detail_004_kani=true&JigyosyoCd=0972100184-00&ServiceCd=430&Type=search" }, "geometry": { "type": "Point", "coordinates": [ 139.929220330671711, 36.43368873403648 ] } },
{ "type": "Feature", "properties": { "内容": "居宅介護支援事業所夕顔【居宅介護支援】栃木県河内郡上三川町しらさぎ一丁目41-17", "url2": "https://www.kaigokensaku.mhlw.go.jp/09/index.php?action_kouhyou_detail_004_kani=true&JigyosyoCd=0972100440-00&ServiceCd=430&Type=search" }, "geometry": { "type": "Point", "coordinates": [ 139.913906376196337, 36.440237286331474 ] } },
{ "type": "Feature", "properties": { "内容": "在宅介護支援センタートータスホーム【居宅介護支援】栃木県河内郡上三川町下神主229-6", "url2": "https://www.kaigokensaku.mhlw.go.jp/09/index.php?action_kouhyou_detail_004_kani=true&JigyosyoCd=0972100010-00&ServiceCd=430&Type=search" }, "geometry": { "type": "Point", "coordinates": [ 139.881703, 36.4524571 ] } },
{ "type": "Feature", "properties": { "内容": "ポプラ【居宅介護支援】栃木県河内郡上三川町大字石田1231番地3", "url2": "https://www.kaigokensaku.mhlw.go.jp/09/index.php?action_kouhyou_detail_004_kani=true&JigyosyoCd=0972100341-00&ServiceCd=430&Type=search" }, "geometry": { "type": "Point", "coordinates": [ 139.899823173155283, 36.468759673774166 ] } },
{ "type": "Feature", "properties": { "内容": "三本木居宅介護支援センター【居宅介護支援】栃木県河内郡上三川町三本木411-4", "url2": "https://www.kaigokensaku.mhlw.go.jp/09/index.php?action_kouhyou_detail_004_kani=true&JigyosyoCd=0972100416-00&ServiceCd=430&Type=search" }, "geometry": { "type": "Point", "coordinates": [ 139.923983899999939, 36.4104466 ] } },
{ "type": "Feature", "properties": { "内容": "居宅介護支援事業所　ふれあい【居宅介護支援】栃木県河内郡上三川町西汗1553-13", "url2": "https://www.kaigokensaku.mhlw.go.jp/09/index.php?action_kouhyou_detail_004_kani=true&JigyosyoCd=0972100523-00&ServiceCd=430&Type=search" }, "geometry": { "type": "Point", "coordinates": [ 139.924259500000062, 36.4755277 ] } },
{ "type": "Feature", "properties": { "内容": "居宅介護支援事業所　ふじやまの里【居宅介護支援】栃木県河内郡上三川町上三川3950番地1", "url2": "https://www.kaigokensaku.mhlw.go.jp/09/index.php?action_kouhyou_detail_004_kani=true&JigyosyoCd=0972100606-00&ServiceCd=430&Type=search" }, "geometry": { "type": "Point", "coordinates": [ 139.909176600000023, 36.4240473 ] } },
{ "type": "Feature", "properties": { "内容": "居宅介護支援事業所　にじみる【居宅介護支援】栃木県河内郡上三川町しらさぎ２丁目３２－１９", "url2": "https://www.kaigokensaku.mhlw.go.jp/09/index.php?action_kouhyou_detail_004_kani=true&JigyosyoCd=0972100689-00&ServiceCd=430&Type=search" }, "geometry": { "type": "Point", "coordinates": [ 139.91230461349187, 36.442204344926175 ] } },
{ "type": "Feature", "properties": { "内容": "在宅支援センターリライフトータス【居宅介護支援】栃木県河内郡上三川町下神主249-1", "url2": "https://www.kaigokensaku.mhlw.go.jp/09/index.php?action_kouhyou_detail_004_kani=true&JigyosyoCd=0972100713-00&ServiceCd=430&Type=search" }, "geometry": { "type": "Point", "coordinates": [ 139.886730199999988, 36.4512972 ] } },
{ "type": "Feature", "properties": { "内容": "益子町社会福祉協議会　とまとサービス【居宅介護支援】栃木県芳賀郡益子町大字益子1532-5益子町福祉センター内", "url2": "https://www.kaigokensaku.mhlw.go.jp/09/index.php?action_kouhyou_detail_004_kani=true&JigyosyoCd=0972700058-00&ServiceCd=430&Type=search" }, "geometry": { "type": "Point", "coordinates": [ 140.088773, 36.4627397 ] } },
{ "type": "Feature", "properties": { "内容": "まろん・ど・おおはた【居宅介護支援】栃木県芳賀郡益子町大字益子2660-6", "url2": "https://www.kaigokensaku.mhlw.go.jp/09/index.php?action_kouhyou_detail_004_kani=true&JigyosyoCd=0972700462-00&ServiceCd=430&Type=search" }, "geometry": { "type": "Point", "coordinates": [ 140.09738870000001, 36.4704471 ] } },
{ "type": "Feature", "properties": { "内容": "ケアプラン　おおはた【居宅介護支援】栃木県芳賀郡益子町益子2053", "url2": "https://www.kaigokensaku.mhlw.go.jp/09/index.php?action_kouhyou_detail_004_kani=true&JigyosyoCd=0972700975-00&ServiceCd=430&Type=search" }, "geometry": { "type": "Point", "coordinates": [ 140.09229098836056, 36.466226612844494 ] } },
{ "type": "Feature", "properties": { "内容": "ケアプランたの【居宅介護支援】栃木県芳賀郡益子町長堤１０８６番地１", "url2": "https://www.kaigokensaku.mhlw.go.jp/09/index.php?action_kouhyou_detail_004_kani=true&JigyosyoCd=0972701098-00&ServiceCd=430&Type=search" }, "geometry": { "type": "Point", "coordinates": [ 140.084427399999981, 36.4300685 ] } },
{ "type": "Feature", "properties": { "内容": "益子町在宅介護支援センター金蓮坊【居宅介護支援】栃木県芳賀郡益子町益子４４９２番地２", "url2": "https://www.kaigokensaku.mhlw.go.jp/09/index.php?action_kouhyou_detail_004_kani=true&JigyosyoCd=0972700181-00&ServiceCd=430&Type=search" }, "geometry": { "type": "Point", "coordinates": [ 140.114154500000041, 36.4495918 ] } },
{ "type": "Feature", "properties": { "内容": "ケアプランセンターcraftplanもてぎ【居宅介護支援】栃木県芳賀郡茂木町茂木139", "url2": "https://www.kaigokensaku.mhlw.go.jp/09/index.php?action_kouhyou_detail_004_kani=true&JigyosyoCd=0972701148-00&ServiceCd=430&Type=search" }, "geometry": { "type": "Point", "coordinates": [ 140.186358255155938, 36.532200802578309 ] } },
{ "type": "Feature", "properties": { "内容": "在宅介護支援センターききょうの里【居宅介護支援】栃木県芳賀郡茂木町大字飯１６９４", "url2": "https://www.kaigokensaku.mhlw.go.jp/09/index.php?action_kouhyou_detail_004_kani=true&JigyosyoCd=0972700017-00&ServiceCd=430&Type=search" }, "geometry": { "type": "Point", "coordinates": [ 140.170607, 36.474662 ] } },
{ "type": "Feature", "properties": { "内容": "在宅介護支援センターもてぎの森【居宅介護支援】栃木県芳賀郡茂木町大字烏生田330番地", "url2": "https://www.kaigokensaku.mhlw.go.jp/09/index.php?action_kouhyou_detail_004_kani=true&JigyosyoCd=0972700512-00&ServiceCd=430&Type=search" }, "geometry": { "type": "Point", "coordinates": [ 140.179537799999906, 36.5797257 ] } },
{ "type": "Feature", "properties": { "内容": "居宅介護支援事業所　あきやま【居宅介護支援】栃木県芳賀郡茂木町茂木１３７１－１", "url2": "https://www.kaigokensaku.mhlw.go.jp/09/index.php?action_kouhyou_detail_004_kani=true&JigyosyoCd=0972701031-00&ServiceCd=430&Type=search" }, "geometry": { "type": "Point", "coordinates": [ 140.179994106854224, 36.527368750112849 ] } },
{ "type": "Feature", "properties": { "内容": "アットホームたたら【居宅介護支援】栃木県芳賀郡市貝町多田羅７３６－１", "url2": "https://www.kaigokensaku.mhlw.go.jp/09/index.php?action_kouhyou_detail_004_kani=true&JigyosyoCd=0972700785-00&ServiceCd=430&Type=search" }, "geometry": { "type": "Point", "coordinates": [ 140.089528800000039, 36.5143252 ] } },
{ "type": "Feature", "properties": { "内容": "あかばねケアプラン【居宅介護支援】栃木県芳賀郡市貝町赤羽2632-119", "url2": "https://www.kaigokensaku.mhlw.go.jp/09/index.php?action_kouhyou_detail_004_kani=true&JigyosyoCd=0972700991-00&ServiceCd=430&Type=search" }, "geometry": { "type": "Point", "coordinates": [ 140.067374800000039, 36.5186157 ] } },
{ "type": "Feature", "properties": { "内容": "居宅介護支援事業所　杉の樹園【居宅介護支援】栃木県芳賀郡市貝町続谷736", "url2": "https://www.kaigokensaku.mhlw.go.jp/09/index.php?action_kouhyou_detail_004_kani=true&JigyosyoCd=0972700082-00&ServiceCd=430&Type=search" }, "geometry": { "type": "Point", "coordinates": [ 140.125922100000025, 36.5956009 ] } },
{ "type": "Feature", "properties": { "内容": "デイサービスセンターなごみ【居宅介護支援】栃木県芳賀郡市貝町椎谷219-3", "url2": "https://www.kaigokensaku.mhlw.go.jp/09/index.php?action_kouhyou_detail_004_kani=true&JigyosyoCd=0972700843-00&ServiceCd=430&Type=search" }, "geometry": { "type": "Point", "coordinates": [ 140.0863157, 36.5622722 ] } },
{ "type": "Feature", "properties": { "内容": "ライフプラン　三心【居宅介護支援】栃木県芳賀郡市貝町市塙227", "url2": "https://www.kaigokensaku.mhlw.go.jp/09/index.php?action_kouhyou_detail_004_kani=true&JigyosyoCd=0972600670-00&ServiceCd=430&Type=search" }, "geometry": { "type": "Point", "coordinates": [ 140.091865447866098, 36.533256340982355 ] } },
{ "type": "Feature", "properties": { "内容": "在宅介護支援センター　而今荘【居宅介護支援】栃木県芳賀郡芳賀町大字稲毛田1887-4", "url2": "https://www.kaigokensaku.mhlw.go.jp/09/index.php?action_kouhyou_detail_004_kani=true&JigyosyoCd=0972700041-00&ServiceCd=430&Type=search" }, "geometry": { "type": "Point", "coordinates": [ 140.071831300000014, 36.5506206 ] } },
{ "type": "Feature", "properties": { "内容": "芳賀ケアセンターそよ風【居宅介護支援】栃木県芳賀郡芳賀町祖母井812番地1", "url2": "https://www.kaigokensaku.mhlw.go.jp/09/index.php?action_kouhyou_detail_004_kani=true&JigyosyoCd=0972700819-00&ServiceCd=430&Type=search" }, "geometry": { "type": "Point", "coordinates": [ 140.060179299999959, 36.5544033 ] } },
{ "type": "Feature", "properties": { "内容": "芳賀町社会福祉協議会【居宅介護支援】栃木県芳賀郡芳賀町祖母井南1－6－1", "url2": "https://www.kaigokensaku.mhlw.go.jp/09/index.php?action_kouhyou_detail_004_kani=true&JigyosyoCd=0972700033-00&ServiceCd=430&Type=search" }, "geometry": { "type": "Point", "coordinates": [ 140.0596296, 36.5471179 ] } },
{ "type": "Feature", "properties": { "内容": "居宅介護支援事業所　はが【居宅介護支援】栃木県芳賀郡芳賀町東水沼1163-3", "url2": "https://www.kaigokensaku.mhlw.go.jp/09/index.php?action_kouhyou_detail_004_kani=true&JigyosyoCd=0972701064-00&ServiceCd=430&Type=search" }, "geometry": { "type": "Point", "coordinates": [ 140.027451700000029, 36.5509977 ] } },
{ "type": "Feature", "properties": { "内容": "老人介護支援センターみなと荘【居宅介護支援】栃木県下都賀郡壬生町大字北小林815番地", "url2": "https://www.kaigokensaku.mhlw.go.jp/09/index.php?action_kouhyou_detail_004_kani=true&JigyosyoCd=0972300016-00&ServiceCd=430&Type=search" }, "geometry": { "type": "Point", "coordinates": [ 139.820687499999963, 36.4751034 ] } },
{ "type": "Feature", "properties": { "内容": "在宅介護支援センター元気【居宅介護支援】下都賀郡壬生町大字壬生甲2342-3", "url2": "https://www.kaigokensaku.mhlw.go.jp/09/index.php?action_kouhyou_detail_004_kani=true&JigyosyoCd=0972300370-00&ServiceCd=430&Type=search" }, "geometry": { "type": "Point", "coordinates": [ 139.793771800000059, 36.4311847 ] } },
{ "type": "Feature", "properties": { "内容": "有限会社　あゆむ【居宅介護支援】栃木県下都賀郡壬生町壬生丁232-1", "url2": "https://www.kaigokensaku.mhlw.go.jp/09/index.php?action_kouhyou_detail_004_kani=true&JigyosyoCd=0972300248-00&ServiceCd=430&Type=search" }, "geometry": { "type": "Point", "coordinates": [ 139.837681, 36.4595222 ] } },
{ "type": "Feature", "properties": { "内容": "居宅介護支援事業所　みぶ【居宅介護支援】栃木県下都賀郡壬生町落合１－１８－１２", "url2": "https://www.kaigokensaku.mhlw.go.jp/09/index.php?action_kouhyou_detail_004_kani=true&JigyosyoCd=0972300354-00&ServiceCd=430&Type=search" }, "geometry": { "type": "Point", "coordinates": [ 139.81896340000003, 36.448692 ] } },
{ "type": "Feature", "properties": { "内容": "えがお【居宅介護支援】栃木県下都賀郡壬生町大字安塚字拓生3344-10", "url2": "https://www.kaigokensaku.mhlw.go.jp/09/index.php?action_kouhyou_detail_004_kani=true&JigyosyoCd=0972301014-00&ServiceCd=430&Type=search" }, "geometry": { "type": "Point", "coordinates": [ 139.845201693085642, 36.461813345445378 ] } },
{ "type": "Feature", "properties": { "内容": "あいケアステーション壬生【居宅介護支援】栃木県下都賀郡壬生町中央町11-24あいケアステーション", "url2": "https://www.kaigokensaku.mhlw.go.jp/09/index.php?action_kouhyou_detail_004_kani=true&JigyosyoCd=0972301287-00&ServiceCd=430&Type=search" }, "geometry": { "type": "Point", "coordinates": [ 139.801463578568843, 36.423560067684576 ] } },
{ "type": "Feature", "properties": { "内容": "しもつけ荘居宅介護支援事業所【居宅介護支援】栃木県下都賀郡壬生町北小林812番地", "url2": "https://www.kaigokensaku.mhlw.go.jp/09/index.php?action_kouhyou_detail_004_kani=true&JigyosyoCd=0972301295-00&ServiceCd=430&Type=search" }, "geometry": { "type": "Point", "coordinates": [ 139.820687499999963, 36.4751034 ] } },
{ "type": "Feature", "properties": { "内容": "星風会居宅介護支援事業所みぶ例幣使【居宅介護支援】栃木県下都賀郡壬生町大字壬生甲2620番地", "url2": "https://www.kaigokensaku.mhlw.go.jp/09/index.php?action_kouhyou_detail_004_kani=true&JigyosyoCd=0972301394-00&ServiceCd=430&Type=search" }, "geometry": { "type": "Point", "coordinates": [ 139.787122678143305, 36.440608863877642 ] } },
{ "type": "Feature", "properties": { "内容": "株式会社　光星電機　みぶケアーズ【居宅介護支援】栃木県下都賀郡壬生町大字安塚888", "url2": "https://www.kaigokensaku.mhlw.go.jp/09/index.php?action_kouhyou_detail_004_kani=true&JigyosyoCd=0972300958-00&ServiceCd=430&Type=search" }, "geometry": { "type": "Point", "coordinates": [ 139.828217, 36.4856774 ] } },
{ "type": "Feature", "properties": { "内容": "さくらさく【居宅介護支援】栃木県下都賀郡壬生町安塚875-10", "url2": "https://www.kaigokensaku.mhlw.go.jp/09/index.php?action_kouhyou_detail_004_kani=true&JigyosyoCd=0972301683-00&ServiceCd=430&Type=search" }, "geometry": { "type": "Point", "coordinates": [ 139.8305923, 36.4832643 ] } },
{ "type": "Feature", "properties": { "内容": "たんぽぽ居宅介護支援事業所【居宅介護支援】栃木県下都賀郡野木町友沼5119-12", "url2": "https://www.kaigokensaku.mhlw.go.jp/09/index.php?action_kouhyou_detail_004_kani=true&JigyosyoCd=0972301238-00&ServiceCd=430&Type=search" }, "geometry": { "type": "Point", "coordinates": [ 139.728620800000044, 36.2292458 ] } },
{ "type": "Feature", "properties": { "内容": "社会福祉法人野木町社会福祉協議会【居宅介護支援】栃木県下都賀郡野木町大字友沼5840-7野木町老人福祉センター（ホープ館）内", "url2": "https://www.kaigokensaku.mhlw.go.jp/09/index.php?action_kouhyou_detail_004_kani=true&JigyosyoCd=0972300024-00&ServiceCd=430&Type=search" }, "geometry": { "type": "Point", "coordinates": [ 139.728346200000061, 36.2206302 ] } },
{ "type": "Feature", "properties": { "内容": "ひまわり荘居宅介護支援事業所【居宅介護支援】栃木県下都賀郡野木町南赤塚1218-1", "url2": "https://www.kaigokensaku.mhlw.go.jp/09/index.php?action_kouhyou_detail_004_kani=true&JigyosyoCd=0972300156-00&ServiceCd=430&Type=search" }, "geometry": { "type": "Point", "coordinates": [ 139.747914199999968, 36.2189643 ] } },
{ "type": "Feature", "properties": { "内容": "さわやか居宅介護支援センター【居宅介護支援】栃木県下都賀郡野木町大字南赤塚１１４５－１", "url2": "https://www.kaigokensaku.mhlw.go.jp/09/index.php?action_kouhyou_detail_004_kani=true&JigyosyoCd=0972300826-00&ServiceCd=430&Type=search" }, "geometry": { "type": "Point", "coordinates": [ 139.749961399999961, 36.2168091 ] } },
{ "type": "Feature", "properties": { "内容": "花の舎居宅介護支援事業所【居宅介護支援】栃木県下都賀郡野木町南赤塚1196-1", "url2": "https://www.kaigokensaku.mhlw.go.jp/09/index.php?action_kouhyou_detail_004_kani=true&JigyosyoCd=0972301550-00&ServiceCd=430&Type=search" }, "geometry": { "type": "Point", "coordinates": [ 139.748998035368714, 36.218886473757038 ] } },
{ "type": "Feature", "properties": { "内容": "令和ケアプランセンター【居宅介護支援】栃木県下都賀郡野木町丸林670-2", "url2": "https://www.kaigokensaku.mhlw.go.jp/09/index.php?action_kouhyou_detail_004_kani=true&JigyosyoCd=0972301592-00&ServiceCd=430&Type=search" }, "geometry": { "type": "Point", "coordinates": [ 139.735144600000012, 36.2255568 ] } },
{ "type": "Feature", "properties": { "内容": "老人デイサービスセンター　こすもす【居宅介護支援】栃木県塩谷郡塩谷町玉生　３９５", "url2": "https://www.kaigokensaku.mhlw.go.jp/09/index.php?action_kouhyou_detail_004_kani=true&JigyosyoCd=0972600118-00&ServiceCd=430&Type=search" }, "geometry": { "type": "Point", "coordinates": [ 139.8528225, 36.7771351 ] } },
{ "type": "Feature", "properties": { "内容": "居宅介護支援事業所　湯ったりしおや【居宅介護支援】栃木県塩谷郡塩谷町大字玉生915サービス付高齢者向け住宅内", "url2": "https://www.kaigokensaku.mhlw.go.jp/09/index.php?action_kouhyou_detail_004_kani=true&JigyosyoCd=0972600720-00&ServiceCd=430&Type=search" }, "geometry": { "type": "Point", "coordinates": [ 139.860672, 36.7750243 ] } },
{ "type": "Feature", "properties": { "内容": "ケアプランいちえ【居宅介護支援】栃木県塩谷郡塩谷町大字熊ノ木１４３２番地３７", "url2": "https://www.kaigokensaku.mhlw.go.jp/09/index.php?action_kouhyou_detail_004_kani=true&JigyosyoCd=0971100417-00&ServiceCd=430&Type=search" }, "geometry": { "type": "Point", "coordinates": [ 139.937342599999965, 36.7874944 ] } },
{ "type": "Feature", "properties": { "内容": "支援センター　せせらぎ【居宅介護支援】栃木県塩谷郡塩谷町大字上沢968番地", "url2": "https://www.kaigokensaku.mhlw.go.jp/09/index.php?action_kouhyou_detail_004_kani=true&JigyosyoCd=0972600449-00&ServiceCd=430&Type=search" }, "geometry": { "type": "Point", "coordinates": [ 139.8173124, 36.7567678 ] } },
{ "type": "Feature", "properties": { "内容": "支援センターかわむら【居宅介護支援】栃木県塩谷郡塩谷町大字船生3844-46", "url2": "https://www.kaigokensaku.mhlw.go.jp/09/index.php?action_kouhyou_detail_004_kani=true&JigyosyoCd=0972600761-00&ServiceCd=430&Type=search" }, "geometry": { "type": "Point", "coordinates": [ 139.790128699999968, 36.7605332 ] } },
{ "type": "Feature", "properties": { "内容": "居宅介護支援事業所秋翠【居宅介護支援】栃木県塩谷郡塩谷町大字玉生915サービス付き高齢者向け住宅アグリケアガーデンしおや内", "url2": "https://www.kaigokensaku.mhlw.go.jp/09/index.php?action_kouhyou_detail_004_kani=true&JigyosyoCd=0972600910-00&ServiceCd=430&Type=search" }, "geometry": { "type": "Point", "coordinates": [ 139.847048300000012, 36.7750138 ] } },
{ "type": "Feature", "properties": { "内容": "在宅介護支援センターフローラ【居宅介護支援】栃木県塩谷郡高根沢町上柏崎551-1", "url2": "https://www.kaigokensaku.mhlw.go.jp/09/index.php?action_kouhyou_detail_004_kani=true&JigyosyoCd=0972600027-00&ServiceCd=430&Type=search" }, "geometry": { "type": "Point", "coordinates": [ 140.053785699999906, 36.6348607 ] } },
{ "type": "Feature", "properties": { "内容": "グループたすけあいエプロン【居宅介護支援】栃木県塩谷郡高根沢町花岡1503-3", "url2": "https://www.kaigokensaku.mhlw.go.jp/09/index.php?action_kouhyou_detail_004_kani=true&JigyosyoCd=0972600035-00&ServiceCd=430&Type=search" }, "geometry": { "type": "Point", "coordinates": [ 140.02520370000002, 36.655379 ] } },
{ "type": "Feature", "properties": { "内容": "居宅介護支援事業所　たかねざわ【居宅介護支援】栃木県塩谷郡高根沢町光陽台３丁目１５－１", "url2": "https://www.kaigokensaku.mhlw.go.jp/09/index.php?action_kouhyou_detail_004_kani=true&JigyosyoCd=0972600159-00&ServiceCd=430&Type=search" }, "geometry": { "type": "Point", "coordinates": [ 139.986892, 36.626137500000013 ] } },
{ "type": "Feature", "properties": { "内容": "老人介護支援センターのぞみ【居宅介護支援】栃木県塩谷郡高根沢町大字花岡２１５８－１０", "url2": "https://www.kaigokensaku.mhlw.go.jp/09/index.php?action_kouhyou_detail_004_kani=true&JigyosyoCd=0972600191-00&ServiceCd=430&Type=search" }, "geometry": { "type": "Point", "coordinates": [ 140.005520299999944, 36.6408251 ] } },
{ "type": "Feature", "properties": { "内容": "株式会社ケア・プランつかさ【居宅介護支援】栃木県塩谷郡高根沢町宝積寺2321－33", "url2": "https://www.kaigokensaku.mhlw.go.jp/09/index.php?action_kouhyou_detail_004_kani=true&JigyosyoCd=0972600589-00&ServiceCd=430&Type=search" }, "geometry": { "type": "Point", "coordinates": [ 139.987528, 36.6270819 ] } },
{ "type": "Feature", "properties": { "内容": "居宅介護支援事業所ここら（心楽）【居宅介護支援】栃木県塩谷郡高根沢町大字宝積寺2388番地5中津川循環器科内科クリニック内（2階）", "url2": "https://www.kaigokensaku.mhlw.go.jp/09/index.php?action_kouhyou_detail_004_kani=true&JigyosyoCd=0972600621-00&ServiceCd=430&Type=search" }, "geometry": { "type": "Point", "coordinates": [ 139.98205889999997, 36.6306341 ] } },
{ "type": "Feature", "properties": { "内容": "ケアプラン　照和【居宅介護支援】栃木県塩谷郡高根沢町光陽台1丁目-1-2　高根沢サンヒルシティ", "url2": "https://www.kaigokensaku.mhlw.go.jp/09/index.php?action_kouhyou_detail_004_kani=true&JigyosyoCd=0972600688-00&ServiceCd=430&Type=search" }, "geometry": { "type": "Point", "coordinates": [ 139.991855506357041, 36.623337057056638 ] } },
{ "type": "Feature", "properties": { "内容": "居宅介護支援事業所　彩葉【居宅介護支援】栃木県塩谷郡高根沢町宝積寺2261-51", "url2": "https://www.kaigokensaku.mhlw.go.jp/09/index.php?action_kouhyou_detail_004_kani=true&JigyosyoCd=0972600886-00&ServiceCd=430&Type=search" }, "geometry": { "type": "Point", "coordinates": [ 139.9819819, 36.6239198 ] } },
{ "type": "Feature", "properties": { "内容": "愛燦燦ケアステーション【居宅介護支援】栃木県那須郡那須町大字富岡778-87", "url2": "https://www.kaigokensaku.mhlw.go.jp/09/index.php?action_kouhyou_detail_004_kani=true&JigyosyoCd=0972501423-00&ServiceCd=430&Type=search" }, "geometry": { "type": "Point", "coordinates": [ 140.148741553442392, 37.019209868271673 ] } },
{ "type": "Feature", "properties": { "内容": "居宅介護支援事業所　リライの丘【居宅介護支援】高久丙２５３８－９１", "url2": "https://www.kaigokensaku.mhlw.go.jp/09/index.php?action_kouhyou_detail_004_kani=true&JigyosyoCd=0972501449-00&ServiceCd=430&Type=search" }, "geometry": { "type": "Point", "coordinates": [ 140.066640607409681, 37.087449952070642 ] } },
{ "type": "Feature", "properties": { "内容": "ひとやすみ居宅介護支援事業所（平成22年度新規指定事業所）【居宅介護支援】那須町高久丙４８１７番地", "url2": "https://www.kaigokensaku.mhlw.go.jp/09/index.php?action_kouhyou_detail_004_kani=true&JigyosyoCd=0972501258-00&ServiceCd=430&Type=search" }, "geometry": { "type": "Point", "coordinates": [ 140.067332299999947, 37.0711659 ] } },
{ "type": "Feature", "properties": { "内容": "那須ケアサービスセンター【居宅介護支援】栃木県那須郡那須町大字寺子乙3912-5那須ケアサービスセンター", "url2": "https://www.kaigokensaku.mhlw.go.jp/09/index.php?action_kouhyou_detail_004_kani=true&JigyosyoCd=0972501399-00&ServiceCd=430&Type=search" }, "geometry": { "type": "Point", "coordinates": [ 140.125395367629039, 37.009688968856928 ] } },
{ "type": "Feature", "properties": { "内容": "総合相談支援事業所　ケアサプライ【居宅介護支援】栃木県那須郡那須町大字漆塚字大島道東762番地102", "url2": "https://www.kaigokensaku.mhlw.go.jp/09/index.php?action_kouhyou_detail_004_kani=true&JigyosyoCd=0972501571-00&ServiceCd=430&Type=search" }, "geometry": { "type": "Point", "coordinates": [ 140.092289516532929, 37.041101230216682 ] } },
{ "type": "Feature", "properties": { "内容": "ケアプランゐろは【居宅介護支援】栃木県那須郡那須町大字髙久甲１６４８番地１２号", "url2": "https://www.kaigokensaku.mhlw.go.jp/09/index.php?action_kouhyou_detail_004_kani=true&JigyosyoCd=0972501589-00&ServiceCd=430&Type=search" }, "geometry": { "type": "Point", "coordinates": [ 140.08452090000003, 36.9949473 ] } },
{ "type": "Feature", "properties": { "内容": "社会福祉法人那須町社会福祉協議会【居宅介護支援】栃木県那須郡那須町大字寺子乙2566-1", "url2": "https://www.kaigokensaku.mhlw.go.jp/09/index.php?action_kouhyou_detail_004_kani=true&JigyosyoCd=0972500037-00&ServiceCd=430&Type=search" }, "geometry": { "type": "Point", "coordinates": [ 140.109356899999966, 37.016476 ] } },
{ "type": "Feature", "properties": { "内容": "居宅介護支援事業所ふきのとう【居宅介護支援】栃木県那須郡那珂川町馬頭１５６０－１", "url2": "https://www.kaigokensaku.mhlw.go.jp/09/index.php?action_kouhyou_detail_004_kani=true&JigyosyoCd=0972501324-00&ServiceCd=430&Type=search" }, "geometry": { "type": "Point", "coordinates": [ 140.171334600000023, 36.7322344 ] } },
{ "type": "Feature", "properties": { "内容": "八溝の里老人介護支援センター【居宅介護支援】那須郡那珂川町久那瀬５４４－１", "url2": "https://www.kaigokensaku.mhlw.go.jp/09/index.php?action_kouhyou_detail_004_kani=true&JigyosyoCd=0972500128-00&ServiceCd=430&Type=search" }, "geometry": { "type": "Point", "coordinates": [ 140.1514029, 36.7262544 ] } },
{ "type": "Feature", "properties": { "内容": "在宅介護支援センター　リヴレット【居宅介護支援】栃木県那須郡那珂川町芳井８４０－４", "url2": "https://www.kaigokensaku.mhlw.go.jp/09/index.php?action_kouhyou_detail_004_kani=true&JigyosyoCd=0972500078-00&ServiceCd=430&Type=search" }, "geometry": { "type": "Point", "coordinates": [ 140.070107600000028, 36.77546 ] } },
{ "type": "Feature", "properties": { "内容": "那須南農業協同組合【居宅介護支援】栃木県那須郡那珂川町白久１０番地", "url2": "https://www.kaigokensaku.mhlw.go.jp/09/index.php?action_kouhyou_detail_004_kani=true&JigyosyoCd=0972500201-00&ServiceCd=430&Type=search" }, "geometry": { "type": "Point", "coordinates": [ 140.147439500000019, 36.7227908 ] } },
{ "type": "Feature", "properties": { "内容": "那珂川町社協介護サービス事業所【居宅介護支援】栃木県那須郡那珂川町馬頭５６０－１那珂川町馬頭総合福祉センター", "url2": "https://www.kaigokensaku.mhlw.go.jp/09/index.php?action_kouhyou_detail_004_kani=true&JigyosyoCd=0972501076-00&ServiceCd=430&Type=search" }, "geometry": { "type": "Point", "coordinates": [ 140.173623200000065, 36.73617560000001 ] } },
{ "type": "Feature", "properties": { "内容": "居宅介護支援事業所　かたくりの郷【居宅介護支援】栃木県那須郡那珂川町小川2958-2", "url2": "https://www.kaigokensaku.mhlw.go.jp/09/index.php?action_kouhyou_detail_004_kani=true&JigyosyoCd=0972501134-00&ServiceCd=430&Type=search" }, "geometry": { "type": "Point", "coordinates": [ 140.119761899999958, 36.7607799 ] } },
{ "type": "Feature", "properties": { "内容": "居宅介護支援事業所　桃の実　那珂川町事業所【居宅介護支援】栃木県那須郡那珂川町馬頭1885", "url2": "https://www.kaigokensaku.mhlw.go.jp/09/index.php?action_kouhyou_detail_004_kani=true&JigyosyoCd=0972501654-00&ServiceCd=430&Type=search" }, "geometry": { "type": "Point", "coordinates": [ 140.165617, 36.733339 ] } }
]
}
